VariationID,SCV,code,base,verdict,n_codes_in_clause,clause,GeneSymbol,bucket,in_cohort
6821,SCV000616382.4,PS2_Verystrong,PS2,APPLIED_BARE,1,The c.4A>G (p.Ser2Gly) variant in SHOC2 has been reported as a confirmed de novo occurrence in multiple patients with clinical features of a RASopathy (PS2_VeryStrong;,SHOC2,P/LP,True
6821,SCV000616382.4,PS4,PS4,APPLIED_BARE,1,The p.Ser2Gly variant has been identified in at least 5 independent occurrences in patients with clinical features of a RASopathy (PS4;,SHOC2,P/LP,True
6821,SCV000616382.4,PS3,PS3,APPLIED_BARE,1,In vitro functional studies provide some evidence that the p.Ser2Gly variant may impact protein function (PS3;,SHOC2,P/LP,True
6821,SCV000616382.4,PM2,PM2,APPLIED_BARE,1,This variant was absent from large population studies (PM2;,SHOC2,P/LP,True
6821,SCV000616382.4,PP2,PP2,APPLIED_BARE,1,"The variant is located in the SHOC2 gene, which has been defined by the ClinGen RASopathy Expert Panel as a gene with a low rate of benign missense variants and pathogenic missense variants are common (PP2;",SHOC2,P/LP,True
6821,SCV000616382.4,PS2_Verystrong,PS2,APPLIED,5,"Rasopathy-specific ACMG/AMP criteria applied (PMID:29493581): PS2_VeryStrong, PS3, PS4, PM2, PP2.",SHOC2,P/LP,True
6821,SCV000616382.4,PS3,PS3,APPLIED,5,"Rasopathy-specific ACMG/AMP criteria applied (PMID:29493581): PS2_VeryStrong, PS3, PS4, PM2, PP2.",SHOC2,P/LP,True
6821,SCV000616382.4,PS4,PS4,APPLIED,5,"Rasopathy-specific ACMG/AMP criteria applied (PMID:29493581): PS2_VeryStrong, PS3, PS4, PM2, PP2.",SHOC2,P/LP,True
6821,SCV000616382.4,PM2,PM2,APPLIED,5,"Rasopathy-specific ACMG/AMP criteria applied (PMID:29493581): PS2_VeryStrong, PS3, PS4, PM2, PP2.",SHOC2,P/LP,True
6821,SCV000616382.4,PP2,PP2,APPLIED,5,"Rasopathy-specific ACMG/AMP criteria applied (PMID:29493581): PS2_VeryStrong, PS3, PS4, PM2, PP2.",SHOC2,P/LP,True
8272,SCV000616538.5,PM2_Supporting,PM2,APPLIED_BARE,1,This variant is absent from gnomAD v2.1.1 (PM2_Supporting).,MAP2K2,P/LP,True
8272,SCV000616538.5,PP3,PP3,APPLIED_BARE,1,"The computational predictor REVEL gives a score of 0.959, predicting a damaging impact on protein function (PP3).",MAP2K2,P/LP,True
8272,SCV000616538.5,PM1,PM1,APPLIED_BARE,1,"This variant is in a location that has been defined by the ClinGen RASopathy Expert Panel to be a critical functional domain of MAP2K2 (PM1, AA 47-65).",MAP2K2,P/LP,True
8272,SCV000616538.5,PM5,PM5,APPLIED_BARE,1,"Furthermore, other pathogenic missense variants has been previously identified at this codon of MAP2K2 (Phe57Val, Phe57Ile, Phe57Leu) and in nearby residues in association with CFC syndrome, which may indicate that this residue is critical to the function of the protein (PM5).",MAP2K2,P/LP,True
8272,SCV000616538.5,PS4_Moderate,PS4,APPLIED_BARE,2,"This variant has been identified in at least 4 patients with RASopathy, of which 1 was an unconfirmed de novo occurrence (PS4_Moderate, PM6;",MAP2K2,P/LP,True
8272,SCV000616538.5,PM6,PM6,APPLIED_BARE,2,"This variant has been identified in at least 4 patients with RASopathy, of which 1 was an unconfirmed de novo occurrence (PS4_Moderate, PM6;",MAP2K2,P/LP,True
8272,SCV000616538.5,PS3_Supporting,PS3,APPLIED_BARE,1,ERK phosphorylation assays showed that this variant led to increased phosphorylation compared to wild-type (PS3_Supporting;,MAP2K2,P/LP,True
8272,SCV000616538.5,PS4_Moderate,PS4,APPLIED,7,"In summary, this variant meets criteria to be classified as pathogenic for autosomal dominant RASopathies based on the ACMG/AMP criteria applied, as specified by the ClinGen RASopathy Variant Curation Expert Panel: PS4_Moderate, PM1, PM5, PM6, PS3_Supporting, PM2_Supporting, PP3 (Specification Versi",MAP2K2,P/LP,True
8272,SCV000616538.5,PM1,PM1,APPLIED,7,"In summary, this variant meets criteria to be classified as pathogenic for autosomal dominant RASopathies based on the ACMG/AMP criteria applied, as specified by the ClinGen RASopathy Variant Curation Expert Panel: PS4_Moderate, PM1, PM5, PM6, PS3_Supporting, PM2_Supporting, PP3 (Specification Versi",MAP2K2,P/LP,True
8272,SCV000616538.5,PM5,PM5,APPLIED,7,"In summary, this variant meets criteria to be classified as pathogenic for autosomal dominant RASopathies based on the ACMG/AMP criteria applied, as specified by the ClinGen RASopathy Variant Curation Expert Panel: PS4_Moderate, PM1, PM5, PM6, PS3_Supporting, PM2_Supporting, PP3 (Specification Versi",MAP2K2,P/LP,True
8272,SCV000616538.5,PM6,PM6,APPLIED,7,"In summary, this variant meets criteria to be classified as pathogenic for autosomal dominant RASopathies based on the ACMG/AMP criteria applied, as specified by the ClinGen RASopathy Variant Curation Expert Panel: PS4_Moderate, PM1, PM5, PM6, PS3_Supporting, PM2_Supporting, PP3 (Specification Versi",MAP2K2,P/LP,True
8272,SCV000616538.5,PS3_Supporting,PS3,APPLIED,7,"In summary, this variant meets criteria to be classified as pathogenic for autosomal dominant RASopathies based on the ACMG/AMP criteria applied, as specified by the ClinGen RASopathy Variant Curation Expert Panel: PS4_Moderate, PM1, PM5, PM6, PS3_Supporting, PM2_Supporting, PP3 (Specification Versi",MAP2K2,P/LP,True
8272,SCV000616538.5,PM2_Supporting,PM2,APPLIED,7,"In summary, this variant meets criteria to be classified as pathogenic for autosomal dominant RASopathies based on the ACMG/AMP criteria applied, as specified by the ClinGen RASopathy Variant Curation Expert Panel: PS4_Moderate, PM1, PM5, PM6, PS3_Supporting, PM2_Supporting, PP3 (Specification Versi",MAP2K2,P/LP,True
8272,SCV000616538.5,PP3,PP3,APPLIED,7,"In summary, this variant meets criteria to be classified as pathogenic for autosomal dominant RASopathies based on the ACMG/AMP criteria applied, as specified by the ClinGen RASopathy Variant Curation Expert Panel: PS4_Moderate, PM1, PM5, PM6, PS3_Supporting, PM2_Supporting, PP3 (Specification Versi",MAP2K2,P/LP,True
8273,SCV000616539.3,PS2_Verystrong,PS2,APPLIED_BARE,1,The c.169T>G (p.Phe57Val) variant in MAP2K2 has been reported as a confirmed de novo occurrence in at least 2 patients with clinical features of a RASopathy (PS2_VeryStrong;,MAP2K2,P/LP,True
8273,SCV000616539.3,PM1,PM1,APPLIED_BARE,1,The variant is in a location that has been defined by the ClinGen RASopathy Expert Panel to be a mutational hotspot or domain of MAP2K2 (PM1;,MAP2K2,P/LP,True
8273,SCV000616539.3,PM2,PM2,APPLIED_BARE,1,This variant was absent from large population studies (PM2;,MAP2K2,P/LP,True
8273,SCV000616539.3,PP2,PP2,APPLIED_BARE,1,"The variant is located in the MAP2K2 gene, which has been defined by the ClinGen RASopathy Expert Panel as a gene with a low rate of benign missense variants and pathogenic missense variants are common (PP2;",MAP2K2,P/LP,True
8273,SCV000616539.3,PP3,PP3,APPLIED_BARE,1,Computational prediction tools and conservation analysis suggest that the p.Phe57Val variant may impact the protein (PP3).,MAP2K2,P/LP,True
8273,SCV000616539.3,PS2_Verystrong,PS2,APPLIED,5,"Rasopathy-specific ACMG/AMP criteria applied (PMID:29493581): PS2_VeryStrong, PM1, PM2, PP2, PP3.",MAP2K2,P/LP,True
8273,SCV000616539.3,PM1,PM1,APPLIED,5,"Rasopathy-specific ACMG/AMP criteria applied (PMID:29493581): PS2_VeryStrong, PM1, PM2, PP2, PP3.",MAP2K2,P/LP,True
8273,SCV000616539.3,PM2,PM2,APPLIED,5,"Rasopathy-specific ACMG/AMP criteria applied (PMID:29493581): PS2_VeryStrong, PM1, PM2, PP2, PP3.",MAP2K2,P/LP,True
8273,SCV000616539.3,PP2,PP2,APPLIED,5,"Rasopathy-specific ACMG/AMP criteria applied (PMID:29493581): PS2_VeryStrong, PM1, PM2, PP2, PP3.",MAP2K2,P/LP,True
8273,SCV000616539.3,PP3,PP3,APPLIED,5,"Rasopathy-specific ACMG/AMP criteria applied (PMID:29493581): PS2_VeryStrong, PM1, PM2, PP2, PP3.",MAP2K2,P/LP,True
8274,SCV000616545.5,PM2_Supporting,PM2,APPLIED_BARE,1,This variant is absent from gnomAD v2.1.1 (PM2_Supporting).,MAP2K2,P/LP,True
8274,SCV000616545.5,PP3,PP3,APPLIED_BARE,1,"The computational predictor REVEL gives a score of 0.917, predicting a damaging impact on protein function (PP3).",MAP2K2,P/LP,True
8274,SCV000616545.5,PM1,PM1,APPLIED_BARE,1,"This variant is in a location that has been defined by the ClinGen RASopathy Expert Panel to be a critical functional domain of MAP2K2 (PM1, AA 128-138).",MAP2K2,P/LP,True
8274,SCV000616545.5,PM5,PM5,APPLIED_BARE,1,"Furthermore, a different pathogenic variant at this residue (Tyr134Cys) has been identified in several patients with RASopathies (PM5).",MAP2K2,P/LP,True
8274,SCV000616545.5,PS4,PS4,APPLIED_BARE,2,"This variant has been identified in at least 6 patients with a RASopathy, of which 2 were unconfirmed de novo cases (PS4, PM6_Strong;",MAP2K2,P/LP,True
8274,SCV000616545.5,PM6_Strong,PM6,APPLIED_BARE,2,"This variant has been identified in at least 6 patients with a RASopathy, of which 2 were unconfirmed de novo cases (PS4, PM6_Strong;",MAP2K2,P/LP,True
8274,SCV000616545.5,PS3_Supporting,PS3,NOT_MET,1,"Western blot assay in Ba/F3 cells showed that the variant activated ERK signaling while the wildtype did not (PS3_Supporting, PMID: 30867592).",MAP2K2,P/LP,True
8274,SCV000616545.5,PS4,PS4,APPLIED,6,"In summary, this variant meets criteria to be classified as pathogenic for autosomal dominant RASopathies based on the ACMG/AMP criteria applied, as specified by the ClinGen RASopathy Variant Curation Expert Panel: PS4, PM6_Strong, PM1, PM5, PS3_Supprting, PM2_Supporting, PP3 (Specification Version ",MAP2K2,P/LP,True
8274,SCV000616545.5,PM6_Strong,PM6,APPLIED,6,"In summary, this variant meets criteria to be classified as pathogenic for autosomal dominant RASopathies based on the ACMG/AMP criteria applied, as specified by the ClinGen RASopathy Variant Curation Expert Panel: PS4, PM6_Strong, PM1, PM5, PS3_Supprting, PM2_Supporting, PP3 (Specification Version ",MAP2K2,P/LP,True
8274,SCV000616545.5,PM1,PM1,APPLIED,6,"In summary, this variant meets criteria to be classified as pathogenic for autosomal dominant RASopathies based on the ACMG/AMP criteria applied, as specified by the ClinGen RASopathy Variant Curation Expert Panel: PS4, PM6_Strong, PM1, PM5, PS3_Supprting, PM2_Supporting, PP3 (Specification Version ",MAP2K2,P/LP,True
8274,SCV000616545.5,PM5,PM5,APPLIED,6,"In summary, this variant meets criteria to be classified as pathogenic for autosomal dominant RASopathies based on the ACMG/AMP criteria applied, as specified by the ClinGen RASopathy Variant Curation Expert Panel: PS4, PM6_Strong, PM1, PM5, PS3_Supprting, PM2_Supporting, PP3 (Specification Version ",MAP2K2,P/LP,True
8274,SCV000616545.5,PM2_Supporting,PM2,APPLIED,6,"In summary, this variant meets criteria to be classified as pathogenic for autosomal dominant RASopathies based on the ACMG/AMP criteria applied, as specified by the ClinGen RASopathy Variant Curation Expert Panel: PS4, PM6_Strong, PM1, PM5, PS3_Supprting, PM2_Supporting, PP3 (Specification Version ",MAP2K2,P/LP,True
8274,SCV000616545.5,PP3,PP3,APPLIED,6,"In summary, this variant meets criteria to be classified as pathogenic for autosomal dominant RASopathies based on the ACMG/AMP criteria applied, as specified by the ClinGen RASopathy Variant Curation Expert Panel: PS4, PM6_Strong, PM1, PM5, PS3_Supprting, PM2_Supporting, PP3 (Specification Version ",MAP2K2,P/LP,True
8275,SCV000616540.5,PM2_Supporting,PM2,APPLIED_BARE,1,This variant is absent from gnomAD v4.1.0 (PM2_Supporting).,MAP2K2,P/LP,True
8275,SCV000616540.5,PP3,PP3,APPLIED_BARE,1,The computational predictor REVEL gives a score of 0.928 (PP3).,MAP2K2,P/LP,True
8275,SCV000616540.5,PM1,PM1,APPLIED_BARE,1,This variant is located in a functional domain supporting pathogenicity (PM1).,MAP2K2,P/LP,True
8275,SCV000616540.5,PS4_Supporting,PS4,APPLIED_BARE,2,"This variant has been reported to segregate with clinical features of a RASopathy in at least 7 family members of the proband (PS4_Supporting, PP1_Strong;",MAP2K2,P/LP,True
8275,SCV000616540.5,PP1_Strong,PP1,APPLIED_BARE,2,"This variant has been reported to segregate with clinical features of a RASopathy in at least 7 family members of the proband (PS4_Supporting, PP1_Strong;",MAP2K2,P/LP,True
8275,SCV000616540.5,PP1_Strong,PP1,APPLIED,6,"In summary, this variant meets criteria to be classified as pathogenic for autosomal dominant RASopathies based on the ACMG/AMP criteria applied, as specified by the ClinGen RASopathy Variant Curation Expert Panel: PP1_Strong, PM1, PS3_Supporting, PS4_Supporting, PM2_Supporting, PP3 (Specification V",MAP2K2,P/LP,True
8275,SCV000616540.5,PM1,PM1,APPLIED,6,"In summary, this variant meets criteria to be classified as pathogenic for autosomal dominant RASopathies based on the ACMG/AMP criteria applied, as specified by the ClinGen RASopathy Variant Curation Expert Panel: PP1_Strong, PM1, PS3_Supporting, PS4_Supporting, PM2_Supporting, PP3 (Specification V",MAP2K2,P/LP,True
8275,SCV000616540.5,PS3_Supporting,PS3,APPLIED,6,"In summary, this variant meets criteria to be classified as pathogenic for autosomal dominant RASopathies based on the ACMG/AMP criteria applied, as specified by the ClinGen RASopathy Variant Curation Expert Panel: PP1_Strong, PM1, PS3_Supporting, PS4_Supporting, PM2_Supporting, PP3 (Specification V",MAP2K2,P/LP,True
8275,SCV000616540.5,PS4_Supporting,PS4,APPLIED,6,"In summary, this variant meets criteria to be classified as pathogenic for autosomal dominant RASopathies based on the ACMG/AMP criteria applied, as specified by the ClinGen RASopathy Variant Curation Expert Panel: PP1_Strong, PM1, PS3_Supporting, PS4_Supporting, PM2_Supporting, PP3 (Specification V",MAP2K2,P/LP,True
8275,SCV000616540.5,PM2_Supporting,PM2,APPLIED,6,"In summary, this variant meets criteria to be classified as pathogenic for autosomal dominant RASopathies based on the ACMG/AMP criteria applied, as specified by the ClinGen RASopathy Variant Curation Expert Panel: PP1_Strong, PM1, PS3_Supporting, PS4_Supporting, PM2_Supporting, PP3 (Specification V",MAP2K2,P/LP,True
8275,SCV000616540.5,PP3,PP3,APPLIED,6,"In summary, this variant meets criteria to be classified as pathogenic for autosomal dominant RASopathies based on the ACMG/AMP criteria applied, as specified by the ClinGen RASopathy Variant Curation Expert Panel: PP1_Strong, PM1, PS3_Supporting, PS4_Supporting, PM2_Supporting, PP3 (Specification V",MAP2K2,P/LP,True
9447,SCV005367985.1,PM2_Supporting,PM2,APPLIED_BARE,1,This variant is absent from gnomAD v2.1.1 (PM2_Supporting).,RRAS2,P/LP,True
9447,SCV005367985.1,PP3,PP3,APPLIED_BARE,1,"The computational predictor REVEL gives a score of 0.918, which is above the threshold of 0.7, evidence that correlates with impact to RRAS2 function (PP3).",RRAS2,P/LP,True
9447,SCV005367985.1,PM1,PM1,APPLIED_BARE,1,This variant resides within the Switch II domain (amino acids 68 – 75) of RRAS2 that is defined as a critical functional domain by the ClinGen RASopathy VCEP (PM1).,RRAS2,P/LP,True
9447,SCV005367985.1,PS4_Supporting,PS4,APPLIED_BARE,1,This variant has been reported in 2 probands with features of RASopathy (PS4_Supporting;,RRAS2,P/LP,True
9447,SCV005367985.1,PS2_Verystrong,PS2,APPLIED_BARE,1,This variant has been identified as a de novo occurrence with confirmed parental relationships in 2 individuals with features of RASopathy (PS2_VeryStrong;,RRAS2,P/LP,True
9447,SCV005367985.1,PS3_Moderate,PS3,APPLIED_BARE,1,"Additionally, Zebrafish embryos injected with variant mRNA showed significantly increased ceratohyal angles compared to the uninjected controls (PMID:31130285)(PS3_Moderate).",RRAS2,P/LP,True
9447,SCV005367985.1,PS2_Verystrong,PS2,APPLIED,6,"In summary, this variant meets the criteria to be classified as pathogenic for autosomal dominant RASopathy based on the ACMG/AMP criteria applied, as specified by the ClinGen RASopathy VCEP: PS2_VeryStrong, PS3_Moderate, PM1, PS4_Supporting, PM2_Supporting, PP3.",RRAS2,P/LP,True
9447,SCV005367985.1,PS3_Moderate,PS3,APPLIED,6,"In summary, this variant meets the criteria to be classified as pathogenic for autosomal dominant RASopathy based on the ACMG/AMP criteria applied, as specified by the ClinGen RASopathy VCEP: PS2_VeryStrong, PS3_Moderate, PM1, PS4_Supporting, PM2_Supporting, PP3.",RRAS2,P/LP,True
9447,SCV005367985.1,PM1,PM1,APPLIED,6,"In summary, this variant meets the criteria to be classified as pathogenic for autosomal dominant RASopathy based on the ACMG/AMP criteria applied, as specified by the ClinGen RASopathy VCEP: PS2_VeryStrong, PS3_Moderate, PM1, PS4_Supporting, PM2_Supporting, PP3.",RRAS2,P/LP,True
9447,SCV005367985.1,PS4_Supporting,PS4,APPLIED,6,"In summary, this variant meets the criteria to be classified as pathogenic for autosomal dominant RASopathy based on the ACMG/AMP criteria applied, as specified by the ClinGen RASopathy VCEP: PS2_VeryStrong, PS3_Moderate, PM1, PS4_Supporting, PM2_Supporting, PP3.",RRAS2,P/LP,True
9447,SCV005367985.1,PM2_Supporting,PM2,APPLIED,6,"In summary, this variant meets the criteria to be classified as pathogenic for autosomal dominant RASopathy based on the ACMG/AMP criteria applied, as specified by the ClinGen RASopathy VCEP: PS2_VeryStrong, PS3_Moderate, PM1, PS4_Supporting, PM2_Supporting, PP3.",RRAS2,P/LP,True
9447,SCV005367985.1,PP3,PP3,APPLIED,6,"In summary, this variant meets the criteria to be classified as pathogenic for autosomal dominant RASopathy based on the ACMG/AMP criteria applied, as specified by the ClinGen RASopathy VCEP: PS2_VeryStrong, PS3_Moderate, PM1, PS4_Supporting, PM2_Supporting, PP3.",RRAS2,P/LP,True
12586,SCV000616370.4,PM6_Strong,PM6,APPLIED_BARE,1,The c.178G>C (p.Gly60Arg) variant in KRAS has been reported in the literature as a de novo occurrence in 2 patients with clinical features of a RASopathy (PM6_Strong;,KRAS,P/LP,True
12586,SCV000616370.4,PS3,PS3,APPLIED_BARE,1,In vitro functional studies provide some evidence that the p.Gly60Arg variant may impact protein function (PS3;,KRAS,P/LP,True
12586,SCV000616370.4,PM2,PM2,APPLIED_BARE,1,This variant was absent from large population studies (PM2;,KRAS,P/LP,True
12586,SCV000616370.4,PP2,PP2,APPLIED_BARE,1,"The variant is in KRAS, which has been defined by the ClinGen RASopathy Expert Panel as a gene with low rate of benign missense with missense variants commonly being pathogenic (PP2;",KRAS,P/LP,True
12586,SCV000616370.4,PM1,PM1,APPLIED_BARE,1,"Furthermore, the variant is in a location that has been defined by the ClinGen RASopathy Expert Panel to be a mutational hotspot or domain of KRAS (PM1;",KRAS,P/LP,True
12586,SCV000616370.4,PP3,PP3,APPLIED_BARE,1,Computational prediction tools and conservation analysis suggest that the p.Gly60Arg variant may impact the protein (PP3).,KRAS,P/LP,True
12586,SCV000616370.4,PM6_Strong,PM6,APPLIED,6,"ACMG/AMP criteria applied: PM6_Strong, PS3, PM2, PM1, PP3, PP2.",KRAS,P/LP,True
12586,SCV000616370.4,PS3,PS3,APPLIED,6,"ACMG/AMP criteria applied: PM6_Strong, PS3, PM2, PM1, PP3, PP2.",KRAS,P/LP,True
12586,SCV000616370.4,PM2,PM2,APPLIED,6,"ACMG/AMP criteria applied: PM6_Strong, PS3, PM2, PM1, PP3, PP2.",KRAS,P/LP,True
12586,SCV000616370.4,PM1,PM1,APPLIED,6,"ACMG/AMP criteria applied: PM6_Strong, PS3, PM2, PM1, PP3, PP2.",KRAS,P/LP,True
12586,SCV000616370.4,PP3,PP3,APPLIED,6,"ACMG/AMP criteria applied: PM6_Strong, PS3, PM2, PM1, PP3, PP2.",KRAS,P/LP,True
12586,SCV000616370.4,PP2,PP2,APPLIED,6,"ACMG/AMP criteria applied: PM6_Strong, PS3, PM2, PM1, PP3, PP2.",KRAS,P/LP,True
12587,SCV000616371.5,PM2_Supporting,PM2,APPLIED_BARE,1,This variant is absent from gnomAD v2.1.1 (PM2_Supporting).,KRAS,P/LP,True
12587,SCV000616371.5,PP3,PP3,APPLIED_BARE,1,The computational predictor REVEL gives a score of 0.791 supporting a deleterious impact to KRAS function (PP3).,KRAS,P/LP,True
12587,SCV000616371.5,PP2,PP2,APPLIED_BARE,1,"The variant is located in the KRAS gene, which has been defined by the ClinGen RASopathy Expert Panel as a gene with a low rate of benign missense variants and pathogenic missense variants are common (PP2).",KRAS,P/LP,True
12587,SCV000616371.5,PS4,PS4,APPLIED_BARE,2,"This variant has been reported in at least 6 individuals with four confirmed de novo occurrences with clinical features of a RASopathy (PS4, PS2_VeryStrong;",KRAS,P/LP,True
12587,SCV000616371.5,PS2_Verystrong,PS2,APPLIED_BARE,2,"This variant has been reported in at least 6 individuals with four confirmed de novo occurrences with clinical features of a RASopathy (PS4, PS2_VeryStrong;",KRAS,P/LP,True
12587,SCV000616371.5,PS3_Moderate,PS3,APPLIED_BARE,1,In vitro functional studies showed that this variant enhanced RAS/MEK/ERK activation (PS3_Moderate;,KRAS,P/LP,True
12587,SCV000616371.5,PS2_Verystrong,PS2,APPLIED,6,"In summary, this variant meets criteria to be classified as pathogenic for autosomal dominant RASopathies based on the ACMG/AMP criteria applied, as specified by the ClinGen RASopathy Variant Curation Expert Panel: PS2_VeryStrong, PS4, PS3_Moderate, PM2_Supporting, PP2, PP3 (Specification Version 2.",KRAS,P/LP,True
12587,SCV000616371.5,PS4,PS4,APPLIED,6,"In summary, this variant meets criteria to be classified as pathogenic for autosomal dominant RASopathies based on the ACMG/AMP criteria applied, as specified by the ClinGen RASopathy Variant Curation Expert Panel: PS2_VeryStrong, PS4, PS3_Moderate, PM2_Supporting, PP2, PP3 (Specification Version 2.",KRAS,P/LP,True
12587,SCV000616371.5,PS3_Moderate,PS3,APPLIED,6,"In summary, this variant meets criteria to be classified as pathogenic for autosomal dominant RASopathies based on the ACMG/AMP criteria applied, as specified by the ClinGen RASopathy Variant Curation Expert Panel: PS2_VeryStrong, PS4, PS3_Moderate, PM2_Supporting, PP2, PP3 (Specification Version 2.",KRAS,P/LP,True
12587,SCV000616371.5,PM2_Supporting,PM2,APPLIED,6,"In summary, this variant meets criteria to be classified as pathogenic for autosomal dominant RASopathies based on the ACMG/AMP criteria applied, as specified by the ClinGen RASopathy Variant Curation Expert Panel: PS2_VeryStrong, PS4, PS3_Moderate, PM2_Supporting, PP2, PP3 (Specification Version 2.",KRAS,P/LP,True
12587,SCV000616371.5,PP2,PP2,APPLIED,6,"In summary, this variant meets criteria to be classified as pathogenic for autosomal dominant RASopathies based on the ACMG/AMP criteria applied, as specified by the ClinGen RASopathy Variant Curation Expert Panel: PS2_VeryStrong, PS4, PS3_Moderate, PM2_Supporting, PP2, PP3 (Specification Version 2.",KRAS,P/LP,True
12587,SCV000616371.5,PP3,PP3,APPLIED,6,"In summary, this variant meets criteria to be classified as pathogenic for autosomal dominant RASopathies based on the ACMG/AMP criteria applied, as specified by the ClinGen RASopathy Variant Curation Expert Panel: PS2_VeryStrong, PS4, PS3_Moderate, PM2_Supporting, PP2, PP3 (Specification Version 2.",KRAS,P/LP,True
12588,SCV000616369.4,PM6_Strong,PM6,APPLIED_BARE,1,The c.173C>T (p.Thr58Ile) variant in KRAS has been reported in the literature as an unconfirmed de novo occurrence in a patient with clinical features of a RASopathy (PM6_Strong;,KRAS,P/LP,True
12588,SCV000616369.4,PM2,PM2,APPLIED_BARE,1,This variant was absent from large population studies (PM2;,KRAS,P/LP,True
12588,SCV000616369.4,PS3,PS3,APPLIED_BARE,1,In vitro functional studies provide some evidence that the p.Thr58Ile variant may impact protein function (PS3;,KRAS,P/LP,True
12588,SCV000616369.4,PM1,PM1,APPLIED_BARE,1,"Furthermore, the variant is in a location that has been defined by the ClinGen RASopathy Expert Panel to be a mutational hotspot or domain of KRAS (PM1;",KRAS,P/LP,True
12588,SCV000616369.4,PP2,PP2,APPLIED_BARE,1,"The variant is located in the KRAS gene, which has been defined by the ClinGen RASopathy Expert Panel as a gene with a low rate of benign missense variants and pathogenic missense variants are common (PP2;",KRAS,P/LP,True
12588,SCV000616369.4,PP3,PP3,APPLIED_BARE,1,Computational prediction tools and conservation analysis suggest that the p.Thr58Ile variant may impact the protein (PP3).,KRAS,P/LP,True
12588,SCV000616369.4,PM6_Strong,PM6,APPLIED,6,"Rasopathy-specific ACMG/AMP criteria applied (PMID:29493581): PM6_Strong, PS3, PM2, PM1, PP2, PP3.",KRAS,P/LP,True
12588,SCV000616369.4,PS3,PS3,APPLIED,6,"Rasopathy-specific ACMG/AMP criteria applied (PMID:29493581): PM6_Strong, PS3, PM2, PM1, PP2, PP3.",KRAS,P/LP,True
12588,SCV000616369.4,PM2,PM2,APPLIED,6,"Rasopathy-specific ACMG/AMP criteria applied (PMID:29493581): PM6_Strong, PS3, PM2, PM1, PP2, PP3.",KRAS,P/LP,True
12588,SCV000616369.4,PM1,PM1,APPLIED,6,"Rasopathy-specific ACMG/AMP criteria applied (PMID:29493581): PM6_Strong, PS3, PM2, PM1, PP2, PP3.",KRAS,P/LP,True
12588,SCV000616369.4,PP2,PP2,APPLIED,6,"Rasopathy-specific ACMG/AMP criteria applied (PMID:29493581): PM6_Strong, PS3, PM2, PM1, PP2, PP3.",KRAS,P/LP,True
12588,SCV000616369.4,PP3,PP3,APPLIED,6,"Rasopathy-specific ACMG/AMP criteria applied (PMID:29493581): PM6_Strong, PS3, PM2, PM1, PP2, PP3.",KRAS,P/LP,True
12589,SCV000616367.5,PM2_Supporting,PM2,APPLIED_BARE,1,This variant is absent from gnomAD v2.1.1 (PM2_Supporting).,KRAS,P/LP,True
12589,SCV000616367.5,PP3,PP3,APPLIED_BARE,1,The computational predictor REVEL gives a score of 0.803 supporting a deleterious impact to KRAS function (PP3).,KRAS,P/LP,True
12589,SCV000616367.5,PP2,PP2,APPLIED_BARE,1,"The variant is located in the KRAS gene, which has been defined by the ClinGen RASopathy Expert Panel as a gene with a low rate of benign missense variants and pathogenic missense variants are common (PP2).",KRAS,P/LP,True
12589,SCV000616367.5,PM1,PM1,APPLIED_BARE,1,This variant resides within a region (amino acids 10-17) of KRAS that is defined as a critical functional domain by the ClinGen RASopathy VCEP (PM1).,KRAS,P/LP,True
12589,SCV000616367.5,PS4,PS4,APPLIED_BARE,2,"This variant has been reported in 6 individuals with two confirmed de novo occurrences with clinical features of a RASopathy (PS4, PS2_VeryStrong;",KRAS,P/LP,True
12589,SCV000616367.5,PS2_Verystrong,PS2,APPLIED_BARE,2,"This variant has been reported in 6 individuals with two confirmed de novo occurrences with clinical features of a RASopathy (PS4, PS2_VeryStrong;",KRAS,P/LP,True
12589,SCV000616367.5,PS3_Moderate,PS3,APPLIED_BARE,1,In vitro functional studies showed that the p.Val14Ile variant enhanced RAS/MEK/ERK activation (PS3_Moderate;,KRAS,P/LP,True
12589,SCV000616367.5,PS2_Verystrong,PS2,APPLIED,7,"In summary, this variant meets criteria to be classified as pathogenic for autosomal dominant RASopathies based on the ACMG/AMP criteria applied, as specified by the ClinGen RASopathy Variant Curation Expert Panel: PS2_VeryStrong, PS4, PS3_Moderate, PM1, PM2_Supporting, PP2, PP3 (Specification Versi",KRAS,P/LP,True
12589,SCV000616367.5,PS4,PS4,APPLIED,7,"In summary, this variant meets criteria to be classified as pathogenic for autosomal dominant RASopathies based on the ACMG/AMP criteria applied, as specified by the ClinGen RASopathy Variant Curation Expert Panel: PS2_VeryStrong, PS4, PS3_Moderate, PM1, PM2_Supporting, PP2, PP3 (Specification Versi",KRAS,P/LP,True
12589,SCV000616367.5,PS3_Moderate,PS3,APPLIED,7,"In summary, this variant meets criteria to be classified as pathogenic for autosomal dominant RASopathies based on the ACMG/AMP criteria applied, as specified by the ClinGen RASopathy Variant Curation Expert Panel: PS2_VeryStrong, PS4, PS3_Moderate, PM1, PM2_Supporting, PP2, PP3 (Specification Versi",KRAS,P/LP,True
12589,SCV000616367.5,PM1,PM1,APPLIED,7,"In summary, this variant meets criteria to be classified as pathogenic for autosomal dominant RASopathies based on the ACMG/AMP criteria applied, as specified by the ClinGen RASopathy Variant Curation Expert Panel: PS2_VeryStrong, PS4, PS3_Moderate, PM1, PM2_Supporting, PP2, PP3 (Specification Versi",KRAS,P/LP,True
12589,SCV000616367.5,PM2_Supporting,PM2,APPLIED,7,"In summary, this variant meets criteria to be classified as pathogenic for autosomal dominant RASopathies based on the ACMG/AMP criteria applied, as specified by the ClinGen RASopathy Variant Curation Expert Panel: PS2_VeryStrong, PS4, PS3_Moderate, PM1, PM2_Supporting, PP2, PP3 (Specification Versi",KRAS,P/LP,True
12589,SCV000616367.5,PP2,PP2,APPLIED,7,"In summary, this variant meets criteria to be classified as pathogenic for autosomal dominant RASopathies based on the ACMG/AMP criteria applied, as specified by the ClinGen RASopathy Variant Curation Expert Panel: PS2_VeryStrong, PS4, PS3_Moderate, PM1, PM2_Supporting, PP2, PP3 (Specification Versi",KRAS,P/LP,True
12589,SCV000616367.5,PP3,PP3,APPLIED,7,"In summary, this variant meets criteria to be classified as pathogenic for autosomal dominant RASopathies based on the ACMG/AMP criteria applied, as specified by the ClinGen RASopathy Variant Curation Expert Panel: PS2_VeryStrong, PS4, PS3_Moderate, PM1, PM2_Supporting, PP2, PP3 (Specification Versi",KRAS,P/LP,True
12594,SCV000616404.5,PM2_Supporting,PM2,APPLIED_BARE,1,This variant is absent from gnomAD v2.1.1 (PM2_Supporting).,KRAS,P/LP,True
12594,SCV000616404.5,PP3,PP3,APPLIED_BARE,1,The computational predictor REVEL gives a score of 0.764 supporting a deleterious impact to KRAS function (PP3).,KRAS,P/LP,True
12594,SCV000616404.5,PP2,PP2,APPLIED_BARE,1,"The variant is located in the KRAS gene, which has been defined by the ClinGen RASopathy Expert Panel as a gene with a low rate of benign missense variants and pathogenic missense variants are common (PP2).",KRAS,P/LP,True
12594,SCV000616404.5,PS4,PS4,APPLIED_BARE,2,"This variant has been reported in at least 5 individuals with clinical features of a RASopathy, in 2 confirmed de novo occurrences (PS4, PS2_VeryStrong;",KRAS,P/LP,True
12594,SCV000616404.5,PS2_Verystrong,PS2,APPLIED_BARE,2,"This variant has been reported in at least 5 individuals with clinical features of a RASopathy, in 2 confirmed de novo occurrences (PS4, PS2_VeryStrong;",KRAS,P/LP,True
12594,SCV000616404.5,PS3_Supporting,PS3,APPLIED_BARE,1,In vitro functional studies showed that the p.Val14Ile variant enhanced MEK activation (PS3_Supporting;,KRAS,P/LP,True
12594,SCV000616404.5,PS2_Verystrong,PS2,APPLIED,6,"In summary, this variant meets criteria to be classified as pathogenic for autosomal dominant RASopathies based on the ACMG/AMP criteria applied, as specified by the ClinGen RASopathy Variant Curation Expert Panel: PS2_VeryStrong, PS4, PS3_Supporting, PM2_Supporting, PP2, PP3 (Specification Version ",KRAS,P/LP,True
12594,SCV000616404.5,PS4,PS4,APPLIED,6,"In summary, this variant meets criteria to be classified as pathogenic for autosomal dominant RASopathies based on the ACMG/AMP criteria applied, as specified by the ClinGen RASopathy Variant Curation Expert Panel: PS2_VeryStrong, PS4, PS3_Supporting, PM2_Supporting, PP2, PP3 (Specification Version ",KRAS,P/LP,True
12594,SCV000616404.5,PS3_Supporting,PS3,APPLIED,6,"In summary, this variant meets criteria to be classified as pathogenic for autosomal dominant RASopathies based on the ACMG/AMP criteria applied, as specified by the ClinGen RASopathy Variant Curation Expert Panel: PS2_VeryStrong, PS4, PS3_Supporting, PM2_Supporting, PP2, PP3 (Specification Version ",KRAS,P/LP,True
12594,SCV000616404.5,PM2_Supporting,PM2,APPLIED,6,"In summary, this variant meets criteria to be classified as pathogenic for autosomal dominant RASopathies based on the ACMG/AMP criteria applied, as specified by the ClinGen RASopathy Variant Curation Expert Panel: PS2_VeryStrong, PS4, PS3_Supporting, PM2_Supporting, PP2, PP3 (Specification Version ",KRAS,P/LP,True
12594,SCV000616404.5,PP2,PP2,APPLIED,6,"In summary, this variant meets criteria to be classified as pathogenic for autosomal dominant RASopathies based on the ACMG/AMP criteria applied, as specified by the ClinGen RASopathy Variant Curation Expert Panel: PS2_VeryStrong, PS4, PS3_Supporting, PM2_Supporting, PP2, PP3 (Specification Version ",KRAS,P/LP,True
12594,SCV000616404.5,PP3,PP3,APPLIED,6,"In summary, this variant meets criteria to be classified as pathogenic for autosomal dominant RASopathies based on the ACMG/AMP criteria applied, as specified by the ClinGen RASopathy Variant Curation Expert Panel: PS2_VeryStrong, PS4, PS3_Supporting, PM2_Supporting, PP2, PP3 (Specification Version ",KRAS,P/LP,True
12602,SCV000616364.4,PS2_Verystrong,PS2,APPLIED_BARE,1,The c.34G>A (p.Gly12Ser) variant in HRAS has been reported as a confirmed de novo occurrence in at least 2 patients with clinical features of a RASopathy (PS2_VeryStrong;,HRAS,P/LP,True
12602,SCV000616364.4,PS4,PS4,APPLIED_BARE,1,The p.Gly12Ser variant has been identified in >5 independent occurrences in patients with clinical features of a RASopathy (PS4;,HRAS,P/LP,True
12602,SCV000616364.4,PS3,PS3,APPLIED_BARE,1,In vitro functional studies provide some evidence that the p.Gly12Ser variant may impact protein function (PS3;,HRAS,P/LP,True
12602,SCV000616364.4,PP3,PP3,APPLIED_BARE,1,Computational prediction tools and conservation analysis suggest that the p.Gly12Ser variant may impact the protein (PP3).,HRAS,P/LP,True
12602,SCV000616364.4,PM1,PM1,APPLIED_BARE,1,"Furthermore, the variant is in a location that has been defined by the ClinGen RASopathy Expert Panel to be a mutational hotspot or domain of HRAS (PM1;",HRAS,P/LP,True
12602,SCV000616364.4,PM2,PM2,APPLIED_BARE,1,This variant was absent from large population studies (PM2;,HRAS,P/LP,True
12602,SCV000616364.4,PP2,PP2,APPLIED_BARE,1,"The variant is located in the HRAS gene, which has been defined by the ClinGen RASopathy Expert Panel as a gene with a low rate of benign missense variants and pathogenic missense variants are common (PP2;",HRAS,P/LP,True
12602,SCV000616364.4,PS2_Verystrong,PS2,APPLIED,7,"Rasopathy-specific ACMG/AMP criteria applied (PMID:29493581): PS2_VeryStrong, PS4, PS3, PM1, PM2, PP2, PP3.",HRAS,P/LP,True
12602,SCV000616364.4,PS4,PS4,APPLIED,7,"Rasopathy-specific ACMG/AMP criteria applied (PMID:29493581): PS2_VeryStrong, PS4, PS3, PM1, PM2, PP2, PP3.",HRAS,P/LP,True
12602,SCV000616364.4,PS3,PS3,APPLIED,7,"Rasopathy-specific ACMG/AMP criteria applied (PMID:29493581): PS2_VeryStrong, PS4, PS3, PM1, PM2, PP2, PP3.",HRAS,P/LP,True
12602,SCV000616364.4,PM1,PM1,APPLIED,7,"Rasopathy-specific ACMG/AMP criteria applied (PMID:29493581): PS2_VeryStrong, PS4, PS3, PM1, PM2, PP2, PP3.",HRAS,P/LP,True
12602,SCV000616364.4,PM2,PM2,APPLIED,7,"Rasopathy-specific ACMG/AMP criteria applied (PMID:29493581): PS2_VeryStrong, PS4, PS3, PM1, PM2, PP2, PP3.",HRAS,P/LP,True
12602,SCV000616364.4,PP2,PP2,APPLIED,7,"Rasopathy-specific ACMG/AMP criteria applied (PMID:29493581): PS2_VeryStrong, PS4, PS3, PM1, PM2, PP2, PP3.",HRAS,P/LP,True
12602,SCV000616364.4,PP3,PP3,APPLIED,7,"Rasopathy-specific ACMG/AMP criteria applied (PMID:29493581): PS2_VeryStrong, PS4, PS3, PM1, PM2, PP2, PP3.",HRAS,P/LP,True
12605,SCV000616366.5,PM2_Supporting,PM2,APPLIED_BARE,1,This variant is absent from gnomAD v2.1.1 (PM2_Supporting).,HRAS,P/LP,True
12605,SCV000616366.5,PP3,PP3,APPLIED_BARE,1,"The computational predictor REVEL gives a score of 0.916, which is above the threshold of 0.7, evidence that correlates with impact to HRAS function (PP3).",HRAS,P/LP,True
12605,SCV000616366.5,PS2_Verystrong,PS2,APPLIED_BARE,2,"At least 4 independent occurrences of this variant have been detected in patients with a RASopathy, of which 3 were reported as confirmed de novo cases while 1 was an unconfirmed de novo occurrence (PS2_VeryStrong, PS4_Moderate;",HRAS,P/LP,True
12605,SCV000616366.5,PS4_Moderate,PS4,APPLIED_BARE,2,"At least 4 independent occurrences of this variant have been detected in patients with a RASopathy, of which 3 were reported as confirmed de novo cases while 1 was an unconfirmed de novo occurrence (PS2_VeryStrong, PS4_Moderate;",HRAS,P/LP,True
12605,SCV000616366.5,PS3_Moderate,PS3,APPLIED_BARE,1,In vitro functional assays showed that the variant increased RAS/MEK/ERK activation compared to wildtype (PS3_Moderate;,HRAS,P/LP,True
12605,SCV000616366.5,PS2_Verystrong,PS2,APPLIED,4,"In summary, this variant meets criteria to be classified as pathogenic for autosomal dominant RASopathies based on the ACMG/AMP criteria applied, as specified by the ClinGen RASopathy Variant Curation Expert Panel: PS2_VeryStrong, PS4_Moderate, PS3_Modertae, PM2_Supporting, PP3 (Specification Versio",HRAS,P/LP,True
12605,SCV000616366.5,PS4_Moderate,PS4,APPLIED,4,"In summary, this variant meets criteria to be classified as pathogenic for autosomal dominant RASopathies based on the ACMG/AMP criteria applied, as specified by the ClinGen RASopathy Variant Curation Expert Panel: PS2_VeryStrong, PS4_Moderate, PS3_Modertae, PM2_Supporting, PP3 (Specification Versio",HRAS,P/LP,True
12605,SCV000616366.5,PM2_Supporting,PM2,APPLIED,4,"In summary, this variant meets criteria to be classified as pathogenic for autosomal dominant RASopathies based on the ACMG/AMP criteria applied, as specified by the ClinGen RASopathy Variant Curation Expert Panel: PS2_VeryStrong, PS4_Moderate, PS3_Modertae, PM2_Supporting, PP3 (Specification Versio",HRAS,P/LP,True
12605,SCV000616366.5,PP3,PP3,APPLIED,4,"In summary, this variant meets criteria to be classified as pathogenic for autosomal dominant RASopathies based on the ACMG/AMP criteria applied, as specified by the ClinGen RASopathy Variant Curation Expert Panel: PS2_VeryStrong, PS4_Moderate, PS3_Modertae, PM2_Supporting, PP3 (Specification Versio",HRAS,P/LP,True
12606,SCV000616363.4,PS2_Verystrong,PS2,APPLIED_BARE,1,The c.37G>T (p.Gly13Cys) variant in HRAS has been reported as a confirmed de novo occurrence in at least 2 patients with clinical features of a RASopathy (PS2_VeryStrong;,HRAS,P/LP,True
12606,SCV000616363.4,PS4_Moderate,PS4,APPLIED_BARE,1,The p.Gly13Cys variant has been identified in at least 3 other independent occurrence in patients with clinical features of a RASopathy (PS4_Moderate;,HRAS,P/LP,True
12606,SCV000616363.4,PM2,PM2,APPLIED_BARE,1,This variant was absent from large population studies (PM2;,HRAS,P/LP,True
12606,SCV000616363.4,PP2,PP2,APPLIED_BARE,1,"The variant is located in the HRAS gene, which has been defined by the ClinGen RASopathy Expert Panel as a gene with a low rate of benign missense variants and pathogenic missense variants are common (PP2;",HRAS,P/LP,True
12606,SCV000616363.4,PP3,PP3,APPLIED_BARE,1,Computational prediction tools and conservation analysis suggest that the p.Gly13Cys variant may impact the protein (PP3).,HRAS,P/LP,True
12606,SCV000616363.4,PM1,PM1,APPLIED_BARE,1,"Furthermore, the variant is in a location that has been defined by the ClinGen RASopathy Expert Panel to be a mutational hotspot or domain of HRAS (PM1;",HRAS,P/LP,True
12606,SCV000616363.4,PP2,PP2,APPLIED,6,"Rasopathy-specific ACMG/AMP criteria applied (PMID: 29493581): PP2, PP3, PM1, PM2, PS4_Moderate, PS2_VeryStrong.",HRAS,P/LP,True
12606,SCV000616363.4,PP3,PP3,APPLIED,6,"Rasopathy-specific ACMG/AMP criteria applied (PMID: 29493581): PP2, PP3, PM1, PM2, PS4_Moderate, PS2_VeryStrong.",HRAS,P/LP,True
12606,SCV000616363.4,PM1,PM1,APPLIED,6,"Rasopathy-specific ACMG/AMP criteria applied (PMID: 29493581): PP2, PP3, PM1, PM2, PS4_Moderate, PS2_VeryStrong.",HRAS,P/LP,True
12606,SCV000616363.4,PM2,PM2,APPLIED,6,"Rasopathy-specific ACMG/AMP criteria applied (PMID: 29493581): PP2, PP3, PM1, PM2, PS4_Moderate, PS2_VeryStrong.",HRAS,P/LP,True
12606,SCV000616363.4,PS4_Moderate,PS4,APPLIED,6,"Rasopathy-specific ACMG/AMP criteria applied (PMID: 29493581): PP2, PP3, PM1, PM2, PS4_Moderate, PS2_VeryStrong.",HRAS,P/LP,True
12606,SCV000616363.4,PS2_Verystrong,PS2,APPLIED,6,"Rasopathy-specific ACMG/AMP criteria applied (PMID: 29493581): PP2, PP3, PM1, PM2, PS4_Moderate, PS2_VeryStrong.",HRAS,P/LP,True
12610,SCV000616365.5,PM2_Supporting,PM2,APPLIED_BARE,1,This variant is absent from gnomAD v2.1.1 (PM2_Supporting).,HRAS,P/LP,True
12610,SCV000616365.5,PP3,PP3,APPLIED_BARE,1,"The computational predictor REVEL gives a score of 0.777, which is above the threshold of 0.7, evidence that correlates with impact to HRAS function (PP3).",HRAS,P/LP,True
12610,SCV000616365.5,PM1,PM1,APPLIED_BARE,1,"This variant resides within a region (amino acids 57 – 64), of HRAS that is defined as a critical functional domain by the ClinGen RASopathy VCEP (PM1).",HRAS,P/LP,True
12610,SCV000616365.5,PS1,PS1,APPLIED_BARE,1,The p.Thr58Ile variant in HRAS is analogous to the same previously established amino acid change in the KRAS gene and the ClinGen RASopathy Expert Panel has defined that the pathogenicity of analogous variants in the HRAS and KRAS genes are correlated based on the assumption that a known functional ,HRAS,P/LP,True
12610,SCV000616365.5,PS2,PS2,APPLIED_BARE,2,"At least 4 independent occurrences of this variant have been detected in patients with a RASopathy, of which 1 was reported as a de novo occurrence (PS2, PS4_Moderate;",HRAS,P/LP,True
12610,SCV000616365.5,PS4_Moderate,PS4,APPLIED_BARE,2,"At least 4 independent occurrences of this variant have been detected in patients with a RASopathy, of which 1 was reported as a de novo occurrence (PS2, PS4_Moderate;",HRAS,P/LP,True
12610,SCV000616365.5,PS1,PS1,APPLIED,6,"In summary, this variant meets criteria to be classified as pathogenic for autosomal dominant RASopathies based on the ACMG/AMP criteria applied, as specified by the ClinGen RASopathy Variant Curation Expert Panel: PS1, PS2, PS4_Moderate, PM1, PM2_Supporting, PP3 (Specification Version 2.3, 12/3/202",HRAS,P/LP,True
12610,SCV000616365.5,PS2,PS2,APPLIED,6,"In summary, this variant meets criteria to be classified as pathogenic for autosomal dominant RASopathies based on the ACMG/AMP criteria applied, as specified by the ClinGen RASopathy Variant Curation Expert Panel: PS1, PS2, PS4_Moderate, PM1, PM2_Supporting, PP3 (Specification Version 2.3, 12/3/202",HRAS,P/LP,True
12610,SCV000616365.5,PS4_Moderate,PS4,APPLIED,6,"In summary, this variant meets criteria to be classified as pathogenic for autosomal dominant RASopathies based on the ACMG/AMP criteria applied, as specified by the ClinGen RASopathy Variant Curation Expert Panel: PS1, PS2, PS4_Moderate, PM1, PM2_Supporting, PP3 (Specification Version 2.3, 12/3/202",HRAS,P/LP,True
12610,SCV000616365.5,PM1,PM1,APPLIED,6,"In summary, this variant meets criteria to be classified as pathogenic for autosomal dominant RASopathies based on the ACMG/AMP criteria applied, as specified by the ClinGen RASopathy Variant Curation Expert Panel: PS1, PS2, PS4_Moderate, PM1, PM2_Supporting, PP3 (Specification Version 2.3, 12/3/202",HRAS,P/LP,True
12610,SCV000616365.5,PM2_Supporting,PM2,APPLIED,6,"In summary, this variant meets criteria to be classified as pathogenic for autosomal dominant RASopathies based on the ACMG/AMP criteria applied, as specified by the ClinGen RASopathy Variant Curation Expert Panel: PS1, PS2, PS4_Moderate, PM1, PM2_Supporting, PP3 (Specification Version 2.3, 12/3/202",HRAS,P/LP,True
12610,SCV000616365.5,PP3,PP3,APPLIED,6,"In summary, this variant meets criteria to be classified as pathogenic for autosomal dominant RASopathies based on the ACMG/AMP criteria applied, as specified by the ClinGen RASopathy Variant Curation Expert Panel: PS1, PS2, PS4_Moderate, PM1, PM2_Supporting, PP3 (Specification Version 2.3, 12/3/202",HRAS,P/LP,True
12871,SCV000616386.4,PS2_Verystrong,PS2,APPLIED_BARE,1,The c.1654A>G (p.Arg552Gly) variant in SOS1 has been reported as a confirmed de novo occurrence in at least 2 patients with clinical features of a RASopathy (PS2_VeryStrong;,SOS1,P/LP,True
12871,SCV000616386.4,PM2,PM2,APPLIED_BARE,1,This variant was absent from large population studies (PM2;,SOS1,P/LP,True
12871,SCV000616386.4,PS3,PS3,APPLIED_BARE,1,In vitro functional studies provide some evidence that the p.Arg552Gly variant may impact protein function (PS3;,SOS1,P/LP,True
12871,SCV000616386.4,PP2,PP2,APPLIED_BARE,1,"The variant is located in the SOS1 gene, which has been defined by the ClinGen RASopathy Expert Panel as a gene with a low rate of benign missense variants and pathogenic missense variants are common (PP2;",SOS1,P/LP,True
12871,SCV000616386.4,PM1,PM1,APPLIED_BARE,1,"Furthermore, the variant is in a location that has been defined by the ClinGen RASopathy Expert Panel to be a mutational hotspot or domain of SOS1 (PM1;",SOS1,P/LP,True
12871,SCV000616386.4,PP3,PP3,APPLIED_BARE,1,Computational prediction tools and conservation analysis suggest that the p.Arg552Gly variant may impact the protein (PP3).,SOS1,P/LP,True
12871,SCV000616386.4,PP2,PP2,APPLIED,6,"Rasopathy-specific ACMG/AMP criteria applied (PMID:29493581): PP2, PP3, PM1, PM2, PS3, PS2_VeryStrong.",SOS1,P/LP,True
12871,SCV000616386.4,PP3,PP3,APPLIED,6,"Rasopathy-specific ACMG/AMP criteria applied (PMID:29493581): PP2, PP3, PM1, PM2, PS3, PS2_VeryStrong.",SOS1,P/LP,True
12871,SCV000616386.4,PM1,PM1,APPLIED,6,"Rasopathy-specific ACMG/AMP criteria applied (PMID:29493581): PP2, PP3, PM1, PM2, PS3, PS2_VeryStrong.",SOS1,P/LP,True
12871,SCV000616386.4,PM2,PM2,APPLIED,6,"Rasopathy-specific ACMG/AMP criteria applied (PMID:29493581): PP2, PP3, PM1, PM2, PS3, PS2_VeryStrong.",SOS1,P/LP,True
12871,SCV000616386.4,PS3,PS3,APPLIED,6,"Rasopathy-specific ACMG/AMP criteria applied (PMID:29493581): PP2, PP3, PM1, PM2, PS3, PS2_VeryStrong.",SOS1,P/LP,True
12871,SCV000616386.4,PS2_Verystrong,PS2,APPLIED,6,"Rasopathy-specific ACMG/AMP criteria applied (PMID:29493581): PP2, PP3, PM1, PM2, PS3, PS2_VeryStrong.",SOS1,P/LP,True
12872,SCV000927029.2,PM2_Supporting,PM2,APPLIED_BARE,1,This variant was absent from gnomAD v2.1.1 (PM2_Supporting).,SOS1,P/LP,True
12872,SCV000927029.2,PP3,PP3,APPLIED_BARE,1,"The computational prediction tool REVEL gives a score of 0.863, suggesting that the p.Arg552Ser variant may impact protein function (PP3).",SOS1,P/LP,True
12872,SCV000927029.2,PM5_Strong,PM5,APPLIED_BARE,1,"Five different (likely) pathogenic variants at this residue (Arg552Gly, Arg552Lys, Arg552Met, Arg552Thr, Arg552Trp) have been identified in several patients with RASopathies (PM5_Strong).",SOS1,P/LP,True
12872,SCV000927029.2,PS4,PS4,APPLIED_BARE,2,"This variant has been reported in at least 8 patients with clinical features of a RASopathy, of which 2 were reported as confirmed de novo occurrences and 1 was assumed to be de novo (PS4, PS2_VeryStrong;",SOS1,P/LP,True
12872,SCV000927029.2,PS2_Verystrong,PS2,APPLIED_BARE,2,"This variant has been reported in at least 8 patients with clinical features of a RASopathy, of which 2 were reported as confirmed de novo occurrences and 1 was assumed to be de novo (PS4, PS2_VeryStrong;",SOS1,P/LP,True
12872,SCV000927029.2,PS3_Supporting,PS3,APPLIED_BARE,1,In vitro functional studies showed that the p.Arg552Ser variant led to increased ERK1/2 phosphorylation (PS3_Supporting;,SOS1,P/LP,True
12872,SCV000927029.2,PS2_Verystrong,PS2,APPLIED,6,"In summary, this variant meets criteria to be classified as pathogenic for autosomal dominant RASopathy based on the ACMG/AMP criteria as specified by the ClinGen RASopathy Variant Curation Expert Panel: PS2_VeryStrong, PS4, PM5_Strong, PS3_Supporting PM2_Supporting, PP3 (Specification Version 2.3, ",SOS1,P/LP,True
12872,SCV000927029.2,PS4,PS4,APPLIED,6,"In summary, this variant meets criteria to be classified as pathogenic for autosomal dominant RASopathy based on the ACMG/AMP criteria as specified by the ClinGen RASopathy Variant Curation Expert Panel: PS2_VeryStrong, PS4, PM5_Strong, PS3_Supporting PM2_Supporting, PP3 (Specification Version 2.3, ",SOS1,P/LP,True
12872,SCV000927029.2,PM5_Strong,PM5,APPLIED,6,"In summary, this variant meets criteria to be classified as pathogenic for autosomal dominant RASopathy based on the ACMG/AMP criteria as specified by the ClinGen RASopathy Variant Curation Expert Panel: PS2_VeryStrong, PS4, PM5_Strong, PS3_Supporting PM2_Supporting, PP3 (Specification Version 2.3, ",SOS1,P/LP,True
12872,SCV000927029.2,PS3_Supporting,PS3,APPLIED,6,"In summary, this variant meets criteria to be classified as pathogenic for autosomal dominant RASopathy based on the ACMG/AMP criteria as specified by the ClinGen RASopathy Variant Curation Expert Panel: PS2_VeryStrong, PS4, PM5_Strong, PS3_Supporting PM2_Supporting, PP3 (Specification Version 2.3, ",SOS1,P/LP,True
12872,SCV000927029.2,PM2_Supporting,PM2,APPLIED,6,"In summary, this variant meets criteria to be classified as pathogenic for autosomal dominant RASopathy based on the ACMG/AMP criteria as specified by the ClinGen RASopathy Variant Curation Expert Panel: PS2_VeryStrong, PS4, PM5_Strong, PS3_Supporting PM2_Supporting, PP3 (Specification Version 2.3, ",SOS1,P/LP,True
12872,SCV000927029.2,PP3,PP3,APPLIED,6,"In summary, this variant meets criteria to be classified as pathogenic for autosomal dominant RASopathy based on the ACMG/AMP criteria as specified by the ClinGen RASopathy Variant Curation Expert Panel: PS2_VeryStrong, PS4, PM5_Strong, PS3_Supporting PM2_Supporting, PP3 (Specification Version 2.3, ",SOS1,P/LP,True
13326,SCV000616374.4,PS2_Verystrong,PS2,APPLIED_BARE,1,The c.922A>G (p.Asn308Asp) variant in PTPN11 has been reported in the literature as a confirmed and unconfirmed de novo occurrence in 2 patients with clinical features of a RASopathy (PS2_VeryStrong;,PTPN11,P/LP,True
13326,SCV000616374.4,PP1_Strong,PP1,APPLIED_BARE,1,The variant has co-segregated with disease in more than 7 family members (PP1_Strong;,PTPN11,P/LP,True
13326,SCV000616374.4,PM2,PM2,APPLIED_BARE,1,This variant was absent from large population studies (PM2;,PTPN11,P/LP,True
13326,SCV000616374.4,PP2,PP2,APPLIED_BARE,1,"The variant is located in the PTPN11 gene, which has been defined by the ClinGen RASopathy Expert Panel as a gene with a low rate of benign missense variants and pathogenic missense variants are common (PP2;",PTPN11,P/LP,True
13326,SCV000616374.4,PP3,PP3,APPLIED_BARE,1,Computational prediction tools and conservation analysis suggest that the p.Asn308Asp variant may impact the protein (PP3).,PTPN11,P/LP,True
13326,SCV000616374.4,PS3,PS3,APPLIED_BARE,1,"Additionally, at least 2 functional studies have been concordant in showing that this variant may be deleterious to the protein (PS3;",PTPN11,P/LP,True
13326,SCV000616374.4,PP2,PP2,APPLIED,6,"Rasopathy-specific ACMG/AMP criteria applied (PMID:29493581): PP2, PP3, PM2, PP1_Strong, PS2_VeryStrong, PS3.",PTPN11,P/LP,True
13326,SCV000616374.4,PP3,PP3,APPLIED,6,"Rasopathy-specific ACMG/AMP criteria applied (PMID:29493581): PP2, PP3, PM2, PP1_Strong, PS2_VeryStrong, PS3.",PTPN11,P/LP,True
13326,SCV000616374.4,PM2,PM2,APPLIED,6,"Rasopathy-specific ACMG/AMP criteria applied (PMID:29493581): PP2, PP3, PM2, PP1_Strong, PS2_VeryStrong, PS3.",PTPN11,P/LP,True
13326,SCV000616374.4,PP1_Strong,PP1,APPLIED,6,"Rasopathy-specific ACMG/AMP criteria applied (PMID:29493581): PP2, PP3, PM2, PP1_Strong, PS2_VeryStrong, PS3.",PTPN11,P/LP,True
13326,SCV000616374.4,PS2_Verystrong,PS2,APPLIED,6,"Rasopathy-specific ACMG/AMP criteria applied (PMID:29493581): PP2, PP3, PM2, PP1_Strong, PS2_VeryStrong, PS3.",PTPN11,P/LP,True
13326,SCV000616374.4,PS3,PS3,APPLIED,6,"Rasopathy-specific ACMG/AMP criteria applied (PMID:29493581): PP2, PP3, PM2, PP1_Strong, PS2_VeryStrong, PS3.",PTPN11,P/LP,True
13328,SCV006336784.1,PM2_Supporting,PM2,APPLIED_BARE,1,This variant is absent from gnomAD v2.1.1 (PM2_supporting).,PTPN11,P/LP,True
13328,SCV006336784.1,PP3,PP3,APPLIED_BARE,1,"The computational predictor REVEL gives a score of 0.973, which is above the RASopathy VCEP threshold of 0.7, evidence that correlates with impact to PTPN11 function (PP3).",PTPN11,P/LP,True
13328,SCV006336784.1,PP2,PP2,APPLIED_BARE,1,The Z-score for missense variants in PTPN11 in gnomAD v4.1.0 is 4.95 (PP2;,PTPN11,P/LP,True
13328,SCV006336784.1,PM1,PM1,APPLIED_BARE,1,This variant resides in a region (amino acids 278-281) of PTPN11 that is defined as a mutational hotspot and/or critical functional domain by the ClinGen RASopathy VCEP (PM1;,PTPN11,P/LP,True
13328,SCV006336784.1,PS4,PS4,APPLIED_BARE,1,"This variant has been observed in 10 probands with clinical features of Noonan Syndrome with multiple lentigines (PS4, 7.0 pts.;",PTPN11,P/LP,True
13328,SCV006336784.1,PM6,PM6,APPLIED_BARE,1,"The variant was identified as a de novo occurrence with unconfirmed parental relationships in the father of an affected family (PM6, 1.0 pts.;",PTPN11,P/LP,True
13328,SCV006336784.1,PP1,PP1,APPLIED_BARE,1,The variant segregated with disease in his 4 affected children (PP1).,PTPN11,P/LP,True
13328,SCV006336784.1,PM2_Supporting,PM2,APPLIED,7,"In summary, this variant meets the criteria to be classified as pathogenic for autosomal dominant RASopathy based on the ACMG/AMP criteria applied, as specified by the ClinGen RASopathy VCEP: PM2_supporting, PP3, PP2, PM1, PS4, PM6, PP1 (Specifications Version 2.3.0;",PTPN11,P/LP,True
13328,SCV006336784.1,PP3,PP3,APPLIED,7,"In summary, this variant meets the criteria to be classified as pathogenic for autosomal dominant RASopathy based on the ACMG/AMP criteria applied, as specified by the ClinGen RASopathy VCEP: PM2_supporting, PP3, PP2, PM1, PS4, PM6, PP1 (Specifications Version 2.3.0;",PTPN11,P/LP,True
13328,SCV006336784.1,PP2,PP2,APPLIED,7,"In summary, this variant meets the criteria to be classified as pathogenic for autosomal dominant RASopathy based on the ACMG/AMP criteria applied, as specified by the ClinGen RASopathy VCEP: PM2_supporting, PP3, PP2, PM1, PS4, PM6, PP1 (Specifications Version 2.3.0;",PTPN11,P/LP,True
13328,SCV006336784.1,PM1,PM1,APPLIED,7,"In summary, this variant meets the criteria to be classified as pathogenic for autosomal dominant RASopathy based on the ACMG/AMP criteria applied, as specified by the ClinGen RASopathy VCEP: PM2_supporting, PP3, PP2, PM1, PS4, PM6, PP1 (Specifications Version 2.3.0;",PTPN11,P/LP,True
13328,SCV006336784.1,PS4,PS4,APPLIED,7,"In summary, this variant meets the criteria to be classified as pathogenic for autosomal dominant RASopathy based on the ACMG/AMP criteria applied, as specified by the ClinGen RASopathy VCEP: PM2_supporting, PP3, PP2, PM1, PS4, PM6, PP1 (Specifications Version 2.3.0;",PTPN11,P/LP,True
13328,SCV006336784.1,PM6,PM6,APPLIED,7,"In summary, this variant meets the criteria to be classified as pathogenic for autosomal dominant RASopathy based on the ACMG/AMP criteria applied, as specified by the ClinGen RASopathy VCEP: PM2_supporting, PP3, PP2, PM1, PS4, PM6, PP1 (Specifications Version 2.3.0;",PTPN11,P/LP,True
13328,SCV006336784.1,PP1,PP1,APPLIED,7,"In summary, this variant meets the criteria to be classified as pathogenic for autosomal dominant RASopathy based on the ACMG/AMP criteria applied, as specified by the ClinGen RASopathy VCEP: PM2_supporting, PP3, PP2, PM1, PS4, PM6, PP1 (Specifications Version 2.3.0;",PTPN11,P/LP,True
13329,SCV001335317.1,PM2,PM2,APPLIED_BARE,1,The c.184T>G (p.Tyr62Asp) variant in PTPN11 is absent from gnomAD (PM2).,PTPN11,P/LP,True
13329,SCV001335317.1,PS4,PS4,APPLIED_BARE,1,This variant has been observed in multiple individuals with Noonan syndrome (PS4;,PTPN11,P/LP,True
13329,SCV001335317.1,PM6,PM6,APPLIED_BARE,1,It has also been reported in the literature as an unconfirmed de novo occurrence in a patient with clinical features of a RASopathy (PM6;,PTPN11,P/LP,True
13329,SCV001335317.1,PS3,PS3,APPLIED_BARE,1,In vitro functional studies provide some evidence that the p.Tyr62Asp variant may impact protein function (PS3;,PTPN11,P/LP,True
13329,SCV001335317.1,PM1,PM1,APPLIED_BARE,1,"Furthermore, the variant is in a location that has been defined by the ClinGen RASopathy Expert Panel to be a mutational hotspot or domain of PTPN11 (PM1;",PTPN11,P/LP,True
13329,SCV001335317.1,PP3,PP3,APPLIED_BARE,1,Computational prediction tools and conservation analysis suggest the variant may impact the protein (PP3).,PTPN11,P/LP,True
13329,SCV001335317.1,PP2,PP2,APPLIED_BARE,1,"Additionally, the p.Tyr62Asp variant is located in the PTPN11 gene, which has been defined by the ClinGen RASopathy Expert Panel as a gene with a low rate of benign missense variants and pathogenic missense variants are common (PP2;",PTPN11,P/LP,True
13329,SCV001335317.1,PM2,PM2,APPLIED,7,"Rasopathy-specific ACMG/AMP criteria applied (PMID: 29493581): PM2, PS4, PM6, PS3, PM1, PP3, PP2.",PTPN11,P/LP,True
13329,SCV001335317.1,PS4,PS4,APPLIED,7,"Rasopathy-specific ACMG/AMP criteria applied (PMID: 29493581): PM2, PS4, PM6, PS3, PM1, PP3, PP2.",PTPN11,P/LP,True
13329,SCV001335317.1,PM6,PM6,APPLIED,7,"Rasopathy-specific ACMG/AMP criteria applied (PMID: 29493581): PM2, PS4, PM6, PS3, PM1, PP3, PP2.",PTPN11,P/LP,True
13329,SCV001335317.1,PS3,PS3,APPLIED,7,"Rasopathy-specific ACMG/AMP criteria applied (PMID: 29493581): PM2, PS4, PM6, PS3, PM1, PP3, PP2.",PTPN11,P/LP,True
13329,SCV001335317.1,PM1,PM1,APPLIED,7,"Rasopathy-specific ACMG/AMP criteria applied (PMID: 29493581): PM2, PS4, PM6, PS3, PM1, PP3, PP2.",PTPN11,P/LP,True
13329,SCV001335317.1,PP3,PP3,APPLIED,7,"Rasopathy-specific ACMG/AMP criteria applied (PMID: 29493581): PM2, PS4, PM6, PS3, PM1, PP3, PP2.",PTPN11,P/LP,True
13329,SCV001335317.1,PP2,PP2,APPLIED,7,"Rasopathy-specific ACMG/AMP criteria applied (PMID: 29493581): PM2, PS4, PM6, PS3, PM1, PP3, PP2.",PTPN11,P/LP,True
13331,SCV000616375.3,PM6_Strong,PM6,APPLIED_BARE,2,"The c.1403C>T (p.Thr468Met) variant in PTPN11 has been reported in the literature in at least 2 unconfirmed de novo occurrences as well as more than 5 other independent occurances of patients with clinical features of a RASopathy (PM6_Strong, PS4;",PTPN11,P/LP,True
13331,SCV000616375.3,PS4,PS4,APPLIED_BARE,2,"The c.1403C>T (p.Thr468Met) variant in PTPN11 has been reported in the literature in at least 2 unconfirmed de novo occurrences as well as more than 5 other independent occurances of patients with clinical features of a RASopathy (PM6_Strong, PS4;",PTPN11,P/LP,True
13331,SCV000616375.3,PP1_Strong,PP1,APPLIED_BARE,1,The c.1403C>T (p.Thr468Met) variant in PTPN11 has been reported in the literature to segregate with clinical features of a RASopathy in at least 7 family members (PP1_Strong;,PTPN11,P/LP,True
13331,SCV000616375.3,PS3,PS3,APPLIED_BARE,1,In vitro functional studies provide some evidence that the p.Thr468Met variant may impact protein function (PS3;,PTPN11,P/LP,True
13331,SCV000616375.3,PM1,PM1,APPLIED_BARE,1,The variant is in a location that has been defined by the ClinGen RASopathy Expert Panel to be a mutational hotspot or domain of PTNP11 (PM1;,PTPN11,P/LP,True
13331,SCV000616375.3,PP2,PP2,APPLIED_BARE,1,"The variant is located in the PTPN11 gene, which has been defined by the ClinGen RASopathy Expert Panel as a gene with a low rate of benign missense variants and pathogenic missense variants are common (PP2;",PTPN11,P/LP,True
13331,SCV000616375.3,PP3,PP3,APPLIED_BARE,1,Computational prediction tools and conservation analysis suggest that the p.Thr468Met variant may impact the protein (PP3).,PTPN11,P/LP,True
13331,SCV000616375.3,PM6_Strong,PM6,APPLIED,7,"Rasopathy-specific ACMG/AMP criteria applied (PMID:29493581): PM6_Strong, PS4, PP1_Strong, PS3, PM1, PP2, PP3.",PTPN11,P/LP,True
13331,SCV000616375.3,PS4,PS4,APPLIED,7,"Rasopathy-specific ACMG/AMP criteria applied (PMID:29493581): PM6_Strong, PS4, PP1_Strong, PS3, PM1, PP2, PP3.",PTPN11,P/LP,True
13331,SCV000616375.3,PP1_Strong,PP1,APPLIED,7,"Rasopathy-specific ACMG/AMP criteria applied (PMID:29493581): PM6_Strong, PS4, PP1_Strong, PS3, PM1, PP2, PP3.",PTPN11,P/LP,True
13331,SCV000616375.3,PS3,PS3,APPLIED,7,"Rasopathy-specific ACMG/AMP criteria applied (PMID:29493581): PM6_Strong, PS4, PP1_Strong, PS3, PM1, PP2, PP3.",PTPN11,P/LP,True
13331,SCV000616375.3,PM1,PM1,APPLIED,7,"Rasopathy-specific ACMG/AMP criteria applied (PMID:29493581): PM6_Strong, PS4, PP1_Strong, PS3, PM1, PP2, PP3.",PTPN11,P/LP,True
13331,SCV000616375.3,PP2,PP2,APPLIED,7,"Rasopathy-specific ACMG/AMP criteria applied (PMID:29493581): PM6_Strong, PS4, PP1_Strong, PS3, PM1, PP2, PP3.",PTPN11,P/LP,True
13331,SCV000616375.3,PP3,PP3,APPLIED,7,"Rasopathy-specific ACMG/AMP criteria applied (PMID:29493581): PM6_Strong, PS4, PP1_Strong, PS3, PM1, PP2, PP3.",PTPN11,P/LP,True
13333,SCV000616372.4,PS4,PS4,APPLIED_BARE,2,"The c.188A>G (p.Tyr63Cys) variant in PTPN11 (NM_002834.5(PTPN11):c.188A>G (p.Tyr63Cys)) has been reported in the literature in at least 6 unrelated individuals and has been found to segregate with clinical features of a RASopathy in at least 15 family members (PS4, PP1_Strong;",PTPN11,P/LP,True
13333,SCV000616372.4,PP1_Strong,PP1,APPLIED_BARE,2,"The c.188A>G (p.Tyr63Cys) variant in PTPN11 (NM_002834.5(PTPN11):c.188A>G (p.Tyr63Cys)) has been reported in the literature in at least 6 unrelated individuals and has been found to segregate with clinical features of a RASopathy in at least 15 family members (PS4, PP1_Strong;",PTPN11,P/LP,True
13333,SCV000616372.4,PS3,PS3,APPLIED_BARE,1,In-vitro functional studies provide some evidence that the p.Tyr63Cys variant may impact protein function (PS3;,PTPN11,P/LP,True
13333,SCV000616372.4,PP2,PP2,APPLIED_BARE,1,"The variant is located in the PTPN11 gene, which has been defined by the ClinGen RASopathy Expert Panel as a gene with a low rate of benign missense variants and pathogenic missense variants are common (PP2;",PTPN11,P/LP,True
13333,SCV000616372.4,PP3,PP3,APPLIED_BARE,1,Computational prediction tools and conservation analysis suggest that the p.Tyr63Cys variant may impact the protein (PP3).,PTPN11,P/LP,True
13333,SCV000616372.4,PM1,PM1,APPLIED_BARE,1,"Furthermore, the variant is in a location that has been defined by the ClinGen RASopathy Expert Panel to be a mutational hotspot or domain of PTPN11 (PM1;",PTPN11,P/LP,True
13333,SCV000616372.4,PP1_Strong,PP1,APPLIED,6,"Rasopathy-specific ACMG/AMP criteria applied: PP1_Strong, PS4, PS3, PM1, PP2, PP3 (Version 2.1;",PTPN11,P/LP,True
13333,SCV000616372.4,PS4,PS4,APPLIED,6,"Rasopathy-specific ACMG/AMP criteria applied: PP1_Strong, PS4, PS3, PM1, PP2, PP3 (Version 2.1;",PTPN11,P/LP,True
13333,SCV000616372.4,PS3,PS3,APPLIED,6,"Rasopathy-specific ACMG/AMP criteria applied: PP1_Strong, PS4, PS3, PM1, PP2, PP3 (Version 2.1;",PTPN11,P/LP,True
13333,SCV000616372.4,PM1,PM1,APPLIED,6,"Rasopathy-specific ACMG/AMP criteria applied: PP1_Strong, PS4, PS3, PM1, PP2, PP3 (Version 2.1;",PTPN11,P/LP,True
13333,SCV000616372.4,PP2,PP2,APPLIED,6,"Rasopathy-specific ACMG/AMP criteria applied: PP1_Strong, PS4, PS3, PM1, PP2, PP3 (Version 2.1;",PTPN11,P/LP,True
13333,SCV000616372.4,PP3,PP3,APPLIED,6,"Rasopathy-specific ACMG/AMP criteria applied: PP1_Strong, PS4, PS3, PM1, PP2, PP3 (Version 2.1;",PTPN11,P/LP,True
13341,SCV001192880.1,PP2,PP2,APPLIED_BARE,1,"The variant is located in the PTPN11 gene, which has been defined by the ClinGen RASopathy Expert Panel as a gene with a low rate of benign missense variants and pathogenic missense variants are common (PP2;",PTPN11,VUS,True
13341,SCV001192880.1,PP2,PP2,APPLIED,1,RASopathy-specific ACMG/AMP criteria applied (PMID:29493581): PP2.,PTPN11,VUS,True
13342,SCV007537822.1,PM2_Supporting,PM2,APPLIED_BARE,1,This variant is absent from gnomAD v2.1.1 (PM2_Supporting).,PTPN11,P/LP,True
13342,SCV007537822.1,PP3,PP3,APPLIED_BARE,1,"The computational predictor REVEL gives a score of 0.977, which is above the threshold of 0.7, evidence that correlates with impact to PTPN11 function (PP3).",PTPN11,P/LP,True
13342,SCV007537822.1,PP2,PP2,APPLIED_BARE,1,"The variant is located in the PTPN11 gene, which has been defined by the ClinGen RASopathy Expert Panel as a gene with a low rate of benign missense variants and pathogenic missense variants are common (PP2).",PTPN11,P/LP,True
13342,SCV007537822.1,PM5,PM5,UNCLEAR,1,"However, these variants have not yet met the criteria to be classified as pathogenic or likely pathogenic by the ClinGen RASopathy VCEP (PM5 not met).",PTPN11,P/LP,True
13342,SCV007537822.1,PS4,PS4,APPLIED_BARE,2,"The p.Ala461Thr variant has been identified in seven probands with RASopathies, of which three were reported to be de novo occurrences with unconfirmed parentage (PS4, PM6_Strong;",PTPN11,P/LP,True
13342,SCV007537822.1,PM6_Strong,PM6,APPLIED_BARE,2,"The p.Ala461Thr variant has been identified in seven probands with RASopathies, of which three were reported to be de novo occurrences with unconfirmed parentage (PS4, PM6_Strong;",PTPN11,P/LP,True
13342,SCV007537822.1,PS3_Moderate,PS3,APPLIED_BARE,1,"In vitro functional studies, Shp2 phosphatase assay and phospho-ERK assay, showed decreased EGF-stimulated Shp2 activity and increased ERK1/2 phosphorylation respectively for the p.Ala461Thr mutant compared to wild-type (PS3_moderate;",PTPN11,P/LP,True
13342,SCV007537822.1,PS4,PS4,APPLIED,6,"In summary, this variant meets the criteria to be classified as pathogenic for autosomal dominant RASopathy based on the ACMG/AMP criteria applied, as specified by the ClinGen RASopathy VCEP: PS4, PM6_Strong, PS3_Moderate, PM2_Supporting, PP2, PP3 (VCEP specifications version 2.3.0).",PTPN11,P/LP,True
13342,SCV007537822.1,PM6_Strong,PM6,APPLIED,6,"In summary, this variant meets the criteria to be classified as pathogenic for autosomal dominant RASopathy based on the ACMG/AMP criteria applied, as specified by the ClinGen RASopathy VCEP: PS4, PM6_Strong, PS3_Moderate, PM2_Supporting, PP2, PP3 (VCEP specifications version 2.3.0).",PTPN11,P/LP,True
13342,SCV007537822.1,PS3_Moderate,PS3,APPLIED,6,"In summary, this variant meets the criteria to be classified as pathogenic for autosomal dominant RASopathy based on the ACMG/AMP criteria applied, as specified by the ClinGen RASopathy VCEP: PS4, PM6_Strong, PS3_Moderate, PM2_Supporting, PP2, PP3 (VCEP specifications version 2.3.0).",PTPN11,P/LP,True
13342,SCV007537822.1,PM2_Supporting,PM2,APPLIED,6,"In summary, this variant meets the criteria to be classified as pathogenic for autosomal dominant RASopathy based on the ACMG/AMP criteria applied, as specified by the ClinGen RASopathy VCEP: PS4, PM6_Strong, PS3_Moderate, PM2_Supporting, PP2, PP3 (VCEP specifications version 2.3.0).",PTPN11,P/LP,True
13342,SCV007537822.1,PP2,PP2,APPLIED,6,"In summary, this variant meets the criteria to be classified as pathogenic for autosomal dominant RASopathy based on the ACMG/AMP criteria applied, as specified by the ClinGen RASopathy VCEP: PS4, PM6_Strong, PS3_Moderate, PM2_Supporting, PP2, PP3 (VCEP specifications version 2.3.0).",PTPN11,P/LP,True
13342,SCV007537822.1,PP3,PP3,APPLIED,6,"In summary, this variant meets the criteria to be classified as pathogenic for autosomal dominant RASopathy based on the ACMG/AMP criteria applied, as specified by the ClinGen RASopathy VCEP: PS4, PM6_Strong, PS3_Moderate, PM2_Supporting, PP2, PP3 (VCEP specifications version 2.3.0).",PTPN11,P/LP,True
13343,SCV007537823.1,PM2_Supporting,PM2,APPLIED_BARE,1,This variant is absent from gnomAD v2.1.1 (PM2_Supporting).,PTPN11,P/LP,True
13343,SCV007537823.1,PP3,PP3,APPLIED_BARE,1,"The computational predictor REVEL gives a score of 0.985, which is above the threshold of 0.7, evidence that correlates with impact to PTPN11 function (PP3).",PTPN11,P/LP,True
13343,SCV007537823.1,PP2,PP2,APPLIED_BARE,1,"The variant is located in the PTPN11 gene, which has been defined by the ClinGen RASopathy Expert Panel as a gene with a low rate of benign missense variants and pathogenic missense variants are common (PP2).",PTPN11,P/LP,True
13343,SCV007537823.1,PS4,PS4,APPLIED_BARE,2,"The p.Gly464Ala variant has been identified in five probands with RASopathies, of which two were reported to be de novo occurrences with confirmed parentage and one with unconfirmed parentage (PS4, PS2_VeryStrong;",PTPN11,P/LP,True
13343,SCV007537823.1,PS2_Verystrong,PS2,APPLIED_BARE,2,"The p.Gly464Ala variant has been identified in five probands with RASopathies, of which two were reported to be de novo occurrences with confirmed parentage and one with unconfirmed parentage (PS4, PS2_VeryStrong;",PTPN11,P/LP,True
13343,SCV007537823.1,PS3_Moderate,PS3,APPLIED_BARE,1,Shp2 phosphatase assay and phospho-ERK assay showed decreased EGF-stimulated Shp2 activity and increased ERK1/2 phosphorylation for the p.Gly464Ala mutant compared to wild-type (PS3_moderate;,PTPN11,P/LP,True
13343,SCV007537823.1,PS2_Verystrong,PS2,APPLIED,6,"In summary, this variant meets the criteria to be classified as pathogenic for autosomal dominant RASopathy based on the ACMG/AMP criteria applied, as specified by the ClinGen RASopathy VCEP: PS2_VeryStrong, PS4, PS3_Moderate, PM2_Supporting, PP2, PP3 (VCEP specifications version 2.3.0).",PTPN11,P/LP,True
13343,SCV007537823.1,PS4,PS4,APPLIED,6,"In summary, this variant meets the criteria to be classified as pathogenic for autosomal dominant RASopathy based on the ACMG/AMP criteria applied, as specified by the ClinGen RASopathy VCEP: PS2_VeryStrong, PS4, PS3_Moderate, PM2_Supporting, PP2, PP3 (VCEP specifications version 2.3.0).",PTPN11,P/LP,True
13343,SCV007537823.1,PS3_Moderate,PS3,APPLIED,6,"In summary, this variant meets the criteria to be classified as pathogenic for autosomal dominant RASopathy based on the ACMG/AMP criteria applied, as specified by the ClinGen RASopathy VCEP: PS2_VeryStrong, PS4, PS3_Moderate, PM2_Supporting, PP2, PP3 (VCEP specifications version 2.3.0).",PTPN11,P/LP,True
13343,SCV007537823.1,PM2_Supporting,PM2,APPLIED,6,"In summary, this variant meets the criteria to be classified as pathogenic for autosomal dominant RASopathy based on the ACMG/AMP criteria applied, as specified by the ClinGen RASopathy VCEP: PS2_VeryStrong, PS4, PS3_Moderate, PM2_Supporting, PP2, PP3 (VCEP specifications version 2.3.0).",PTPN11,P/LP,True
13343,SCV007537823.1,PP2,PP2,APPLIED,6,"In summary, this variant meets the criteria to be classified as pathogenic for autosomal dominant RASopathy based on the ACMG/AMP criteria applied, as specified by the ClinGen RASopathy VCEP: PS2_VeryStrong, PS4, PS3_Moderate, PM2_Supporting, PP2, PP3 (VCEP specifications version 2.3.0).",PTPN11,P/LP,True
13343,SCV007537823.1,PP3,PP3,APPLIED,6,"In summary, this variant meets the criteria to be classified as pathogenic for autosomal dominant RASopathy based on the ACMG/AMP criteria applied, as specified by the ClinGen RASopathy VCEP: PS2_VeryStrong, PS4, PS3_Moderate, PM2_Supporting, PP2, PP3 (VCEP specifications version 2.3.0).",PTPN11,P/LP,True
13344,SCV000616410.4,PS2_Verystrong,PS2,APPLIED_BARE,1,The c.1529A>C (p.Gln510Pro) variant in PTPN11 has been reported as a confirmed de novo occurrence in at least 2 patients with clinical features of a RASopathy (PS2_VeryStrong;,PTPN11,P/LP,True
13344,SCV000616410.4,PP1_Moderate,PP1,APPLIED_BARE,1,The p.Gln510Pro variant in PTPN11 has been reported in the literature to segregate with clinical features of a RASopathy in at least 4 family members (PP1_Moderate;,PTPN11,P/LP,True
13344,SCV000616410.4,PS4_Supporting,PS4,APPLIED_BARE,1,The variant has also been identified in at least 2 independent occurrences in patients with clinical features of a RASopathy (PS4_Supporting;,PTPN11,P/LP,True
13344,SCV000616410.4,PM2,PM2,APPLIED_BARE,1,This variant was absent from large population studies (PM2;,PTPN11,P/LP,True
13344,SCV000616410.4,PP2,PP2,APPLIED_BARE,1,"The variant is in PTPN11, which has been defined by the ClinGen RASopathy Expert Panel as a gene with low rate of benign missense with missense variants commonly being pathogenic (PP2;",PTPN11,P/LP,True
13344,SCV000616410.4,PP3,PP3,APPLIED_BARE,1,Computational prediction tools and conservation analysis suggest that the p.Gln510Pro variant may impact the protein (PP3).,PTPN11,P/LP,True
13344,SCV000616410.4,PS2_Verystrong,PS2,APPLIED,6,"ACMG/AMP criteria applied: PS2_VeryStrong, PP1_Moderate, PM2, PP2, PP3, PS4_Supporting.",PTPN11,P/LP,True
13344,SCV000616410.4,PP1_Moderate,PP1,APPLIED,6,"ACMG/AMP criteria applied: PS2_VeryStrong, PP1_Moderate, PM2, PP2, PP3, PS4_Supporting.",PTPN11,P/LP,True
13344,SCV000616410.4,PM2,PM2,APPLIED,6,"ACMG/AMP criteria applied: PS2_VeryStrong, PP1_Moderate, PM2, PP2, PP3, PS4_Supporting.",PTPN11,P/LP,True
13344,SCV000616410.4,PP2,PP2,APPLIED,6,"ACMG/AMP criteria applied: PS2_VeryStrong, PP1_Moderate, PM2, PP2, PP3, PS4_Supporting.",PTPN11,P/LP,True
13344,SCV000616410.4,PP3,PP3,APPLIED,6,"ACMG/AMP criteria applied: PS2_VeryStrong, PP1_Moderate, PM2, PP2, PP3, PS4_Supporting.",PTPN11,P/LP,True
13344,SCV000616410.4,PS4_Supporting,PS4,APPLIED,6,"ACMG/AMP criteria applied: PS2_VeryStrong, PP1_Moderate, PM2, PP2, PP3, PS4_Supporting.",PTPN11,P/LP,True
13350,SCV000616530.5,PM2_Supporting,PM2,APPLIED_BARE,1,This variant is absent from gnomAD v4.1.0 (PM2_Supporting).,MAP2K1,P/LP,True
13350,SCV000616530.5,PP3,PP3,APPLIED_BARE,1,The computational predictor REVEL gives a score of 0.938 (PP3).,MAP2K1,P/LP,True
13350,SCV000616530.5,PP2,PP2,APPLIED_BARE,1,"The variant is located in the MAP2K1 gene, which has been defined by the ClinGen RASopathy Expert Panel as a gene with a low rate of benign missense variants and pathogenic missense variants are common (PP2).",MAP2K1,P/LP,True
13350,SCV000616530.5,PM1,PM1,APPLIED_BARE,1,"Furthermore, the variant is in a location, analogous to MEK2 F57 residue, that has been defined by the ClinGen RASopathy Expert Panel functional domain of MAP2K1 (PM1).",MAP2K1,P/LP,True
13350,SCV000616530.5,PS4_Moderate,PS4,APPLIED_BARE,2,"This variant has been reported in the literature in 4 individuals with clinical features of RASopathy with 1 unconfirmed de novo occurrence (PS4_Moderate, PM6_Supporting;",MAP2K1,P/LP,True
13350,SCV000616530.5,PM6_Supporting,PM6,APPLIED_BARE,2,"This variant has been reported in the literature in 4 individuals with clinical features of RASopathy with 1 unconfirmed de novo occurrence (PS4_Moderate, PM6_Supporting;",MAP2K1,P/LP,True
13350,SCV000616530.5,PS3_Moderate,PS3,APPLIED_BARE,1,ERK/MAPK phosphorylation assays showed that this variant led to significantly increased phosphorylation compared to wildtype (PS3_Moderate;,MAP2K1,P/LP,True
13350,SCV000616530.5,PS3_Moderate,PS3,APPLIED,7,"In summary, this variant meets criteria to be classified as likely pathogenic for autosomal dominant RASopathies based on ACMG/AMP criteria applied, as specified by the ClinGen RASopathy Variant Curation Expert Panel: PS3_Moderate, PS4_Moderate, PM1, PM2_Supporting, PM6_Supporting, PP2, PP3 (Specifi",MAP2K1,P/LP,True
13350,SCV000616530.5,PS4_Moderate,PS4,APPLIED,7,"In summary, this variant meets criteria to be classified as likely pathogenic for autosomal dominant RASopathies based on ACMG/AMP criteria applied, as specified by the ClinGen RASopathy Variant Curation Expert Panel: PS3_Moderate, PS4_Moderate, PM1, PM2_Supporting, PM6_Supporting, PP2, PP3 (Specifi",MAP2K1,P/LP,True
13350,SCV000616530.5,PM1,PM1,APPLIED,7,"In summary, this variant meets criteria to be classified as likely pathogenic for autosomal dominant RASopathies based on ACMG/AMP criteria applied, as specified by the ClinGen RASopathy Variant Curation Expert Panel: PS3_Moderate, PS4_Moderate, PM1, PM2_Supporting, PM6_Supporting, PP2, PP3 (Specifi",MAP2K1,P/LP,True
13350,SCV000616530.5,PM2_Supporting,PM2,APPLIED,7,"In summary, this variant meets criteria to be classified as likely pathogenic for autosomal dominant RASopathies based on ACMG/AMP criteria applied, as specified by the ClinGen RASopathy Variant Curation Expert Panel: PS3_Moderate, PS4_Moderate, PM1, PM2_Supporting, PM6_Supporting, PP2, PP3 (Specifi",MAP2K1,P/LP,True
13350,SCV000616530.5,PM6_Supporting,PM6,APPLIED,7,"In summary, this variant meets criteria to be classified as likely pathogenic for autosomal dominant RASopathies based on ACMG/AMP criteria applied, as specified by the ClinGen RASopathy Variant Curation Expert Panel: PS3_Moderate, PS4_Moderate, PM1, PM2_Supporting, PM6_Supporting, PP2, PP3 (Specifi",MAP2K1,P/LP,True
13350,SCV000616530.5,PP2,PP2,APPLIED,7,"In summary, this variant meets criteria to be classified as likely pathogenic for autosomal dominant RASopathies based on ACMG/AMP criteria applied, as specified by the ClinGen RASopathy Variant Curation Expert Panel: PS3_Moderate, PS4_Moderate, PM1, PM2_Supporting, PM6_Supporting, PP2, PP3 (Specifi",MAP2K1,P/LP,True
13350,SCV000616530.5,PP3,PP3,APPLIED,7,"In summary, this variant meets criteria to be classified as likely pathogenic for autosomal dominant RASopathies based on ACMG/AMP criteria applied, as specified by the ClinGen RASopathy Variant Curation Expert Panel: PS3_Moderate, PS4_Moderate, PM1, PM2_Supporting, PM6_Supporting, PP2, PP3 (Specifi",MAP2K1,P/LP,True
13351,SCV000616532.4,PS3,PS3,APPLIED_BARE,1,In vitro functional studies provide some evidence that the p.Tyr130Cys variant may impact protein function (PS3;,MAP2K1,P/LP,True
13351,SCV000616532.4,PM2,PM2,APPLIED_BARE,1,This variant was absent from large population studies (PM2;,MAP2K1,P/LP,True
13351,SCV000616532.4,PP2,PP2,APPLIED_BARE,1,"The variant is located in the MAP2K1 gene, which has been defined by the ClinGen RASopathy Expert Panel as a gene with a low rate of benign missense variants and pathogenic missense variants are common (PP2;",MAP2K1,P/LP,True
13351,SCV000616532.4,PM1,PM1,APPLIED_BARE,1,"Furthermore, the variant is in a location that has been defined by the ClinGen RASopathy Expert Panel to be a mutational hotspot or domain of MAP2K1 (PM1;",MAP2K1,P/LP,True
13351,SCV000616532.4,PP3,PP3,APPLIED_BARE,1,Computational prediction tools and conservation analysis suggest that the p.Tyr130Cys variant may impact the protein (PP3).,MAP2K1,P/LP,True
13351,SCV000616532.4,PS2_Verystrong,PS2,APPLIED,6,"Rasopathy-specific ACMG/AMP criteria applied (PMID:29493581): PS2_VeryStrong, PP3, PS3, PM2, PP2, PM1.",MAP2K1,P/LP,True
13351,SCV000616532.4,PP3,PP3,APPLIED,6,"Rasopathy-specific ACMG/AMP criteria applied (PMID:29493581): PS2_VeryStrong, PP3, PS3, PM2, PP2, PM1.",MAP2K1,P/LP,True
13351,SCV000616532.4,PS3,PS3,APPLIED,6,"Rasopathy-specific ACMG/AMP criteria applied (PMID:29493581): PS2_VeryStrong, PP3, PS3, PM2, PP2, PM1.",MAP2K1,P/LP,True
13351,SCV000616532.4,PM2,PM2,APPLIED,6,"Rasopathy-specific ACMG/AMP criteria applied (PMID:29493581): PS2_VeryStrong, PP3, PS3, PM2, PP2, PM1.",MAP2K1,P/LP,True
13351,SCV000616532.4,PP2,PP2,APPLIED,6,"Rasopathy-specific ACMG/AMP criteria applied (PMID:29493581): PS2_VeryStrong, PP3, PS3, PM2, PP2, PM1.",MAP2K1,P/LP,True
13351,SCV000616532.4,PM1,PM1,APPLIED,6,"Rasopathy-specific ACMG/AMP criteria applied (PMID:29493581): PS2_VeryStrong, PP3, PS3, PM2, PP2, PM1.",MAP2K1,P/LP,True
13902,SCV005367865.1,PM2_Supporting,PM2,APPLIED_BARE,1,This variant is absent from gnomAD v2.1.1 (PM2_Supporting).,NRAS,P/LP,True
13902,SCV005367865.1,PS4,PS4,APPLIED_BARE,1,This variant has been reported in over 6 probands with features of RASopathy (PS4;,NRAS,P/LP,True
13902,SCV005367865.1,PM6_Verystrong,PM6,APPLIED_BARE,1,This variant has been identified as a de novo occurrence with unconfirmed parental relationships in 4 individuals with autosomal dominant RASopathy (PM6_VeryStrong;,NRAS,P/LP,True
13902,SCV005367865.1,PS3_Moderate,PS3,APPLIED_BARE,1,MEK and ERK activation assays in COS-7 cells showed enhanced phosphorylation of MEK and ERK in the presence of serum or after EGF stimulation indicating that this variant impacts protein function (PMID: 19966803)(PS3_Moderate).,NRAS,P/LP,True
13902,SCV005367865.1,PM6_Verystrong,PM6,APPLIED,4,"In summary, this variant meets the criteria to be classified as pathogenic for autosomal dominant RASopathy based on the ACMG/AMP criteria applied, as specified by the ClinGen RASopathy VCEP: PM6_VeryStrong, PS4, PS3_Moderate, PM2_Supporting.",NRAS,P/LP,True
13902,SCV005367865.1,PS4,PS4,APPLIED,4,"In summary, this variant meets the criteria to be classified as pathogenic for autosomal dominant RASopathy based on the ACMG/AMP criteria applied, as specified by the ClinGen RASopathy VCEP: PM6_VeryStrong, PS4, PS3_Moderate, PM2_Supporting.",NRAS,P/LP,True
13902,SCV005367865.1,PS3_Moderate,PS3,APPLIED,4,"In summary, this variant meets the criteria to be classified as pathogenic for autosomal dominant RASopathy based on the ACMG/AMP criteria applied, as specified by the ClinGen RASopathy VCEP: PM6_VeryStrong, PS4, PS3_Moderate, PM2_Supporting.",NRAS,P/LP,True
13902,SCV005367865.1,PM2_Supporting,PM2,APPLIED,4,"In summary, this variant meets the criteria to be classified as pathogenic for autosomal dominant RASopathy based on the ACMG/AMP criteria applied, as specified by the ClinGen RASopathy VCEP: PM6_VeryStrong, PS4, PS3_Moderate, PM2_Supporting.",NRAS,P/LP,True
13903,SCV005903308.1,PM2_Supporting,PM2,UNCLEAR,3,"The highest population minor allele frequency in gnomAD v2.1.1 is 0.00006482 (1/15428 alleles) in the European (non-Finnish) population (PM2_Supporting, BS1, and BA1 are not met).",NRAS,P/LP,True
13903,SCV005903308.1,BS1,BS1,UNCLEAR,3,"The highest population minor allele frequency in gnomAD v2.1.1 is 0.00006482 (1/15428 alleles) in the European (non-Finnish) population (PM2_Supporting, BS1, and BA1 are not met).",NRAS,P/LP,True
13903,SCV005903308.1,BA1,BA1,UNCLEAR,3,"The highest population minor allele frequency in gnomAD v2.1.1 is 0.00006482 (1/15428 alleles) in the European (non-Finnish) population (PM2_Supporting, BS1, and BA1 are not met).",NRAS,P/LP,True
13903,SCV005903308.1,PP3,PP3,APPLIED_BARE,1,"The computational predictor REVEL gives a score of 0.958, which is above the threshold of 0.7, evidence that correlates with impact to NRAS function (PP3).",NRAS,P/LP,True
13903,SCV005903308.1,PS4,PS4,APPLIED_BARE,1,This variant has been reported in 13 probands with RASopathy (PS4;,NRAS,P/LP,True
13903,SCV005903308.1,PS2_Verystrong,PS2,APPLIED_BARE,1,This variant has been identified as a de novo occurrence with confirmed parental relationships in 4 individuals and as a de novo occurrence with unconfirmed parental relationships in 2 individuals with RASopathy (PS2_VeryStrong;,NRAS,P/LP,True
13903,SCV005903308.1,PP1,PP1,APPLIED_BARE,1,The variant has been reported to segregate with RASopathy in 5 affected family members from 3 family(ies (PP1;,NRAS,P/LP,True
13903,SCV005903308.1,PS3_Moderate,PS3,APPLIED_BARE,1,MEK and ERK activation in COS-7 cells showed increased phophorylation indicating that this variant impacts protein function (PMID: 19966803)(PS3_Moderate).,NRAS,P/LP,True
13903,SCV005903308.1,PS2_Verystrong,PS2,APPLIED,6,"In summary, this variant meets the criteria to be classified as pathogenic for autosomal dominant RASopathy based on the ACMG/AMP criteria applied, as specified by the ClinGen RASopathy VCEP: PS2_VeryStrong, PS4, PS3_Moderate, PM2_Supporting, PP1, PP3.",NRAS,P/LP,True
13903,SCV005903308.1,PS4,PS4,APPLIED,6,"In summary, this variant meets the criteria to be classified as pathogenic for autosomal dominant RASopathy based on the ACMG/AMP criteria applied, as specified by the ClinGen RASopathy VCEP: PS2_VeryStrong, PS4, PS3_Moderate, PM2_Supporting, PP1, PP3.",NRAS,P/LP,True
13903,SCV005903308.1,PS3_Moderate,PS3,APPLIED,6,"In summary, this variant meets the criteria to be classified as pathogenic for autosomal dominant RASopathy based on the ACMG/AMP criteria applied, as specified by the ClinGen RASopathy VCEP: PS2_VeryStrong, PS4, PS3_Moderate, PM2_Supporting, PP1, PP3.",NRAS,P/LP,True
13903,SCV005903308.1,PM2_Supporting,PM2,APPLIED,6,"In summary, this variant meets the criteria to be classified as pathogenic for autosomal dominant RASopathy based on the ACMG/AMP criteria applied, as specified by the ClinGen RASopathy VCEP: PS2_VeryStrong, PS4, PS3_Moderate, PM2_Supporting, PP1, PP3.",NRAS,P/LP,True
13903,SCV005903308.1,PP1,PP1,APPLIED,6,"In summary, this variant meets the criteria to be classified as pathogenic for autosomal dominant RASopathy based on the ACMG/AMP criteria applied, as specified by the ClinGen RASopathy VCEP: PS2_VeryStrong, PS4, PS3_Moderate, PM2_Supporting, PP1, PP3.",NRAS,P/LP,True
13903,SCV005903308.1,PP3,PP3,APPLIED,6,"In summary, this variant meets the criteria to be classified as pathogenic for autosomal dominant RASopathy based on the ACMG/AMP criteria applied, as specified by the ClinGen RASopathy VCEP: PS2_VeryStrong, PS4, PS3_Moderate, PM2_Supporting, PP1, PP3.",NRAS,P/LP,True
13957,SCV000616378.4,PM6_Strong,PM6,APPLIED_BARE,1,The c.770C>T (p.Ser257Leu) variant in RAF1 has been reported in the literature in at least 2 unconfirmed de novo occurrences in patients with clinical features of a RASopathy (PM6_Strong;,RAF1,P/LP,True
13957,SCV000616378.4,PS3,PS3,APPLIED_BARE,1,In vitro functional studies provide some evidence that the p.Ser257Leu variant may impact protein function (PS3;,RAF1,P/LP,True
13957,SCV000616378.4,PM2,PM2,APPLIED_BARE,1,This variant was absent from large population studies (PM2;,RAF1,P/LP,True
13957,SCV000616378.4,PP2,PP2,APPLIED_BARE,1,"The variant is located in the RAF1 gene, which has been defined by the ClinGen RASopathy Expert Panel as a gene with a low rate of benign missense variants and pathogenic missense variants are common (PP2;",RAF1,P/LP,True
13957,SCV000616378.4,PM1,PM1,APPLIED_BARE,1,"Furthermore, the variant is in a location that has been defined by the ClinGen RASopathy Expert Panel to be a mutational hotspot or domain of RAF1 (PM1;",RAF1,P/LP,True
13957,SCV000616378.4,PP2,PP2,APPLIED,5,"ACMG/AMP criteria applied: PP2, PM1, PM2, PS3, PM6_Strong.",RAF1,P/LP,True
13957,SCV000616378.4,PM1,PM1,APPLIED,5,"ACMG/AMP criteria applied: PP2, PM1, PM2, PS3, PM6_Strong.",RAF1,P/LP,True
13957,SCV000616378.4,PM2,PM2,APPLIED,5,"ACMG/AMP criteria applied: PP2, PM1, PM2, PS3, PM6_Strong.",RAF1,P/LP,True
13957,SCV000616378.4,PS3,PS3,APPLIED,5,"ACMG/AMP criteria applied: PP2, PM1, PM2, PS3, PM6_Strong.",RAF1,P/LP,True
13957,SCV000616378.4,PM6_Strong,PM6,APPLIED,5,"ACMG/AMP criteria applied: PP2, PM1, PM2, PS3, PM6_Strong.",RAF1,P/LP,True
13958,SCV000616379.4,PM6_Strong,PM6,APPLIED_BARE,1,The c.781C>T (p.Pro261Ser) variant in RAF1 has been reported in the literature in at least 2 unconfirmed de novo occurrences in patients with clinical features of a RASopathy (PM6_Strong;,RAF1,P/LP,True
13958,SCV000616379.4,PS3,PS3,APPLIED_BARE,1,In vitro functional studies provide some evidence that the p.Pro261Leu variant may impact protein function (PS3;,RAF1,P/LP,True
13958,SCV000616379.4,PM1,PM1,APPLIED_BARE,1,"Furthermore, the variant is in a location that has been defined by the ClinGen RASopathy Expert Panel to be a mutational hotspot or domain of RAF1 (PM1;",RAF1,P/LP,True
13958,SCV000616379.4,PM2,PM2,APPLIED_BARE,1,This variant was absent from large population studies (PM2;,RAF1,P/LP,True
13958,SCV000616379.4,PP2,PP2,APPLIED_BARE,1,"The variant is located in the RAF1 gene, which has been defined by the ClinGen RASopathy Expert Panel as a gene with a low rate of benign missense variants and pathogenic missense variants are common (PP2;",RAF1,P/LP,True
13958,SCV000616379.4,PP2,PP2,APPLIED,5,"ACMG/AMP criteria applied: PP2, PM1, PM2, PS3, PM6_Strong.",RAF1,P/LP,True
13958,SCV000616379.4,PM1,PM1,APPLIED,5,"ACMG/AMP criteria applied: PP2, PM1, PM2, PS3, PM6_Strong.",RAF1,P/LP,True
13958,SCV000616379.4,PM2,PM2,APPLIED,5,"ACMG/AMP criteria applied: PP2, PM1, PM2, PS3, PM6_Strong.",RAF1,P/LP,True
13958,SCV000616379.4,PS3,PS3,APPLIED,5,"ACMG/AMP criteria applied: PP2, PM1, PM2, PS3, PM6_Strong.",RAF1,P/LP,True
13958,SCV000616379.4,PM6_Strong,PM6,APPLIED,5,"ACMG/AMP criteria applied: PP2, PM1, PM2, PS3, PM6_Strong.",RAF1,P/LP,True
13960,SCV000616381.5,PM2_Supporting,PM2,APPLIED_BARE,1,This variant is absent from gnomAD v2 (PM2_Supporting).,RAF1,P/LP,True
13960,SCV000616381.5,PS2_Verystrong,PS2,APPLIED_BARE,1,The variant has been reported in at least one confirmed de novo case in an individual with clinical features of a RASopathy (PS2_VeryStrong;,RAF1,P/LP,True
13960,SCV000616381.5,PS4,PS4,APPLIED_BARE,1,"PMID:17603483), and its prevalence in affecteds is statistically increased over controls (PS4).",RAF1,P/LP,True
13960,SCV000616381.5,PS3,PS3,APPLIED_BARE,1,In vitro functional studies also provide some evidence that the p.Leu613Val variant may impact protein function (PS3;,RAF1,P/LP,True
13960,SCV000616381.5,PS2_Verystrong,PS2,APPLIED,4,"In summary, this variant meets criteria to be classified as pathogenic for autosomal dominant RASopathies based on ACMG/AMP criteria applied, as specified by the ClinGen RASopathy Variant Curation Expert Panel: PS2_VeryStrong, PS4, PS3_Moderate, PM2_Supporting.",RAF1,P/LP,True
13960,SCV000616381.5,PS4,PS4,APPLIED,4,"In summary, this variant meets criteria to be classified as pathogenic for autosomal dominant RASopathies based on ACMG/AMP criteria applied, as specified by the ClinGen RASopathy Variant Curation Expert Panel: PS2_VeryStrong, PS4, PS3_Moderate, PM2_Supporting.",RAF1,P/LP,True
13960,SCV000616381.5,PS3_Moderate,PS3,APPLIED,4,"In summary, this variant meets criteria to be classified as pathogenic for autosomal dominant RASopathies based on ACMG/AMP criteria applied, as specified by the ClinGen RASopathy Variant Curation Expert Panel: PS2_VeryStrong, PS4, PS3_Moderate, PM2_Supporting.",RAF1,P/LP,True
13960,SCV000616381.5,PM2_Supporting,PM2,APPLIED,4,"In summary, this variant meets criteria to be classified as pathogenic for autosomal dominant RASopathies based on ACMG/AMP criteria applied, as specified by the ClinGen RASopathy Variant Curation Expert Panel: PS2_VeryStrong, PS4, PS3_Moderate, PM2_Supporting.",RAF1,P/LP,True
13964,SCV001335316.1,PS4_Supporting,PS4,APPLIED_BARE,1,The c.1391G>A (p.Gly464Glu) variant in BRAF has been observed in 2 probands with phenotypes consistent with cardiofaciocutaneous syndrome (PS4_Supporting;,BRAF,P/LP,True
13964,SCV001335316.1,PS2,PS2,APPLIED_BARE,2,"One of these cases was de novo with maternity and paternity confirmed, while the other was de novo without confirmation of maternity or paternity (PS2, PM6).",BRAF,P/LP,True
13964,SCV001335316.1,PM6,PM6,APPLIED_BARE,2,"One of these cases was de novo with maternity and paternity confirmed, while the other was de novo without confirmation of maternity or paternity (PS2, PM6).",BRAF,P/LP,True
13964,SCV001335316.1,PM2,PM2,APPLIED_BARE,1,The p.Gly464Glu variant was absent from large population studies (PM2;,BRAF,P/LP,True
13964,SCV001335316.1,PS3,PS3,APPLIED_BARE,1,In vitro functional assays indicate that this variant may impact protein function (PS3;,BRAF,P/LP,True
13964,SCV001335316.1,PM1,PM1,APPLIED_BARE,1,"It occurs in the P-loop domain of the protein, which has been identified as an important region for protein function (PM1;",BRAF,P/LP,True
13964,SCV001335316.1,PP3,PP3,APPLIED_BARE,1,Computational prediction tools and conservation analyses also suggest that this variant may impact the protein (PP3).,BRAF,P/LP,True
13964,SCV001335316.1,PP2,PP2,APPLIED_BARE,1,"The variant is located in the BRAF gene, which has been defined by the ClinGen RASopathy Expert Panel as a gene with a low rate of benign missense variants and pathogenic variants are common (PP2;",BRAF,P/LP,True
13964,SCV001335316.1,PS2,PS2,APPLIED,8,"RASopathy-specific ACMG/AMP criteria applied: PS2, PS3, PS4_Supporting, PM1, PM2, PM6, PP2, PP3.",BRAF,P/LP,True
13964,SCV001335316.1,PS3,PS3,APPLIED,8,"RASopathy-specific ACMG/AMP criteria applied: PS2, PS3, PS4_Supporting, PM1, PM2, PM6, PP2, PP3.",BRAF,P/LP,True
13964,SCV001335316.1,PS4_Supporting,PS4,APPLIED,8,"RASopathy-specific ACMG/AMP criteria applied: PS2, PS3, PS4_Supporting, PM1, PM2, PM6, PP2, PP3.",BRAF,P/LP,True
13964,SCV001335316.1,PM1,PM1,APPLIED,8,"RASopathy-specific ACMG/AMP criteria applied: PS2, PS3, PS4_Supporting, PM1, PM2, PM6, PP2, PP3.",BRAF,P/LP,True
13964,SCV001335316.1,PM2,PM2,APPLIED,8,"RASopathy-specific ACMG/AMP criteria applied: PS2, PS3, PS4_Supporting, PM1, PM2, PM6, PP2, PP3.",BRAF,P/LP,True
13964,SCV001335316.1,PM6,PM6,APPLIED,8,"RASopathy-specific ACMG/AMP criteria applied: PS2, PS3, PS4_Supporting, PM1, PM2, PM6, PP2, PP3.",BRAF,P/LP,True
13964,SCV001335316.1,PP2,PP2,APPLIED,8,"RASopathy-specific ACMG/AMP criteria applied: PS2, PS3, PS4_Supporting, PM1, PM2, PM6, PP2, PP3.",BRAF,P/LP,True
13964,SCV001335316.1,PP3,PP3,APPLIED,8,"RASopathy-specific ACMG/AMP criteria applied: PS2, PS3, PS4_Supporting, PM1, PM2, PM6, PP2, PP3.",BRAF,P/LP,True
13965,SCV000616359.4,PM6,PM6,APPLIED_BARE,2,The c.736G>C (p.Ala246Pro) variant in BRAF has been reported in the literature as a de novo occurrence in at least 2 patients with clinical features of a RASopathy (PM6 and PS2;,BRAF,P/LP,True
13965,SCV000616359.4,PS2,PS2,APPLIED_BARE,2,The c.736G>C (p.Ala246Pro) variant in BRAF has been reported in the literature as a de novo occurrence in at least 2 patients with clinical features of a RASopathy (PM6 and PS2;,BRAF,P/LP,True
13965,SCV000616359.4,PS3,PS3,APPLIED_BARE,1,In vitro functional studies provide some evidence that the p.Ala246Pro variant may impact protein function (PS3;,BRAF,P/LP,True
13965,SCV000616359.4,PM2,PM2,APPLIED_BARE,1,This variant was absent from large population studies (PM2;,BRAF,P/LP,True
13965,SCV000616359.4,PP2,PP2,APPLIED_BARE,1,"The variant is located in the BRAF gene, which has been defined by the ClinGen RASopathy Expert Panel as a gene with a low rate of benign missense variants and pathogenic missense variants are common (PP2;",BRAF,P/LP,True
13965,SCV000616359.4,PM1,PM1,APPLIED_BARE,1,This variant is in a location which has been defined by the ClinGen RASopathy Expert Panel to be a mutational hotspot or domain of BRAF (PM1;,BRAF,P/LP,True
13965,SCV000616359.4,PP3,PP3,APPLIED_BARE,1,Computational prediction tools and conservation analysis suggest that the p.Ala246Pro variant may impact the protein (PP3).,BRAF,P/LP,True
13965,SCV000616359.4,PP2,PP2,APPLIED,7,"Rasopathy-specific ACMG/AMP criteria applied (PMID:29493581): PP2, PP3, PM1, PM2, PM6, PS2, PS3.",BRAF,P/LP,True
13965,SCV000616359.4,PP3,PP3,APPLIED,7,"Rasopathy-specific ACMG/AMP criteria applied (PMID:29493581): PP2, PP3, PM1, PM2, PM6, PS2, PS3.",BRAF,P/LP,True
13965,SCV000616359.4,PM1,PM1,APPLIED,7,"Rasopathy-specific ACMG/AMP criteria applied (PMID:29493581): PP2, PP3, PM1, PM2, PM6, PS2, PS3.",BRAF,P/LP,True
13965,SCV000616359.4,PM2,PM2,APPLIED,7,"Rasopathy-specific ACMG/AMP criteria applied (PMID:29493581): PP2, PP3, PM1, PM2, PM6, PS2, PS3.",BRAF,P/LP,True
13965,SCV000616359.4,PM6,PM6,APPLIED,7,"Rasopathy-specific ACMG/AMP criteria applied (PMID:29493581): PP2, PP3, PM1, PM2, PM6, PS2, PS3.",BRAF,P/LP,True
13965,SCV000616359.4,PS2,PS2,APPLIED,7,"Rasopathy-specific ACMG/AMP criteria applied (PMID:29493581): PP2, PP3, PM1, PM2, PM6, PS2, PS3.",BRAF,P/LP,True
13965,SCV000616359.4,PS3,PS3,APPLIED,7,"Rasopathy-specific ACMG/AMP criteria applied (PMID:29493581): PP2, PP3, PM1, PM2, PM6, PS2, PS3.",BRAF,P/LP,True
13973,SCV000616360.4,PS2_Verystrong,PS2,APPLIED_BARE,1,The c.770A>G (p.Gln257Arg) variant in BRAF has been reported in the literature as a confirmed de novo occurrence in at least 2 patients with clinical features of a RASopathy (PS2_VeryStrong;,BRAF,P/LP,True
13973,SCV000616360.4,PS3,PS3,APPLIED_BARE,1,In vitro functional studies provide some evidence that the p.Q257R variant may impact protein function (PS3;,BRAF,P/LP,True
13973,SCV000616360.4,PM2,PM2,APPLIED_BARE,1,This variant was absent from large population studies (PM2;,BRAF,P/LP,True
13973,SCV000616360.4,PP2,PP2,APPLIED_BARE,1,"The variant is located in the BRAF gene, which has been defined by the ClinGen RASopathy Expert Panel as a gene with a low rate of benign missense variants and pathogenic missense variants are common (PP2;",BRAF,P/LP,True
13973,SCV000616360.4,PM1,PM1,APPLIED_BARE,1,"Furthermore, this variant is located in exon 6, which has been defined by the ClinGen RASopathy Expert Panel to be a mutational hotspot or domain of BRAF (PM1;",BRAF,P/LP,True
13973,SCV000616360.4,PP3,PP3,APPLIED_BARE,1,Computational prediction tools and conservation analysis suggest that the p.Q257R variant may impact the protein (PP3).,BRAF,P/LP,True
13973,SCV000616360.4,PP2,PP2,APPLIED,6,"Rasopathy-specific ACMG/AMP criteria applied (PMID:29493581): PP2, PP3, PM1, PM2, PS3, PS2_VeryStrong.",BRAF,P/LP,True
13973,SCV000616360.4,PP3,PP3,APPLIED,6,"Rasopathy-specific ACMG/AMP criteria applied (PMID:29493581): PP2, PP3, PM1, PM2, PS3, PS2_VeryStrong.",BRAF,P/LP,True
13973,SCV000616360.4,PM1,PM1,APPLIED,6,"Rasopathy-specific ACMG/AMP criteria applied (PMID:29493581): PP2, PP3, PM1, PM2, PS3, PS2_VeryStrong.",BRAF,P/LP,True
13973,SCV000616360.4,PM2,PM2,APPLIED,6,"Rasopathy-specific ACMG/AMP criteria applied (PMID:29493581): PP2, PP3, PM1, PM2, PS3, PS2_VeryStrong.",BRAF,P/LP,True
13973,SCV000616360.4,PS3,PS3,APPLIED,6,"Rasopathy-specific ACMG/AMP criteria applied (PMID:29493581): PP2, PP3, PM1, PM2, PS3, PS2_VeryStrong.",BRAF,P/LP,True
13973,SCV000616360.4,PS2_Verystrong,PS2,APPLIED,6,"Rasopathy-specific ACMG/AMP criteria applied (PMID:29493581): PP2, PP3, PM1, PM2, PS3, PS2_VeryStrong.",BRAF,P/LP,True
13974,SCV000616361.5,PM2_Supporting,PM2,APPLIED_BARE,1,This variant is absent from gnomAD v4 (PM2_Supporting).,BRAF,P/LP,True
13974,SCV000616361.5,PP2,PP2,APPLIED_BARE,1,"The variant is located in the BRAF gene, which has been defined by the ClinGen RASopathy Expert Panel as a gene with a low rate of benign missense variants and pathogenic missense variants are common (PP2).",BRAF,P/LP,True
13974,SCV000616361.5,PP3,PP3,APPLIED_BARE,2,"The REVEL computational prediction analysis tool produced a score of 0.921, which is above the threshold necessary to apply PP3 (PP3).",BRAF,P/LP,True
13974,SCV000616361.5,PP3,PP3,APPLIED_BARE,2,"The REVEL computational prediction analysis tool produced a score of 0.921, which is above the threshold necessary to apply PP3 (PP3).",BRAF,P/LP,True
13974,SCV000616361.5,PM1,PM1,APPLIED_BARE,1,"Furthermore, this variant is in a location which has been defined by the ClinGen RASopathy Expert Panel functional domain of BRAF (PM1).",BRAF,P/LP,True
13974,SCV000616361.5,PS4,PS4,APPLIED_BARE,2,"This variant has been reported in the literature in at least 12 patients with clinical features of RASopathy (PS4, PMIDs: 18042262, 16474404, 30141192, 29907801, 35418823), out of which 3 patients were reported as a confirmed de novo occurrence (PS2_VeryStrong;",BRAF,P/LP,True
13974,SCV000616361.5,PS2_Verystrong,PS2,APPLIED_BARE,2,"This variant has been reported in the literature in at least 12 patients with clinical features of RASopathy (PS4, PMIDs: 18042262, 16474404, 30141192, 29907801, 35418823), out of which 3 patients were reported as a confirmed de novo occurrence (PS2_VeryStrong;",BRAF,P/LP,True
13974,SCV000616361.5,PS3_Supporting,PS3,NOT_MET,1,Luciferase assays showed that p.Gly469Glu did not enhance ELK-dependent transcription indicating that this variant impacts protein function (PS3_Supporting;,BRAF,P/LP,True
13974,SCV000616361.5,PS2_Verystrong,PS2,APPLIED,7,"In summary, this variant meets criteria to be classified as pathogenic for autosomal dominant RASopathies based on the ACMG/AMP criteria applied, as specified by the ClinGen RASopathy Variant Curation Expert Panel: PS2_VeryStrong, PS4, PM1, PS3_Supporting, PM2_Supporting, PP2, PP3 (Specification Ver",BRAF,P/LP,True
13974,SCV000616361.5,PS4,PS4,APPLIED,7,"In summary, this variant meets criteria to be classified as pathogenic for autosomal dominant RASopathies based on the ACMG/AMP criteria applied, as specified by the ClinGen RASopathy Variant Curation Expert Panel: PS2_VeryStrong, PS4, PM1, PS3_Supporting, PM2_Supporting, PP2, PP3 (Specification Ver",BRAF,P/LP,True
13974,SCV000616361.5,PM1,PM1,APPLIED,7,"In summary, this variant meets criteria to be classified as pathogenic for autosomal dominant RASopathies based on the ACMG/AMP criteria applied, as specified by the ClinGen RASopathy Variant Curation Expert Panel: PS2_VeryStrong, PS4, PM1, PS3_Supporting, PM2_Supporting, PP2, PP3 (Specification Ver",BRAF,P/LP,True
13974,SCV000616361.5,PS3_Supporting,PS3,APPLIED,7,"In summary, this variant meets criteria to be classified as pathogenic for autosomal dominant RASopathies based on the ACMG/AMP criteria applied, as specified by the ClinGen RASopathy Variant Curation Expert Panel: PS2_VeryStrong, PS4, PM1, PS3_Supporting, PM2_Supporting, PP2, PP3 (Specification Ver",BRAF,P/LP,True
13974,SCV000616361.5,PM2_Supporting,PM2,APPLIED,7,"In summary, this variant meets criteria to be classified as pathogenic for autosomal dominant RASopathies based on the ACMG/AMP criteria applied, as specified by the ClinGen RASopathy Variant Curation Expert Panel: PS2_VeryStrong, PS4, PM1, PS3_Supporting, PM2_Supporting, PP2, PP3 (Specification Ver",BRAF,P/LP,True
13974,SCV000616361.5,PP2,PP2,APPLIED,7,"In summary, this variant meets criteria to be classified as pathogenic for autosomal dominant RASopathies based on the ACMG/AMP criteria applied, as specified by the ClinGen RASopathy Variant Curation Expert Panel: PS2_VeryStrong, PS4, PM1, PS3_Supporting, PM2_Supporting, PP2, PP3 (Specification Ver",BRAF,P/LP,True
13974,SCV000616361.5,PP3,PP3,APPLIED,7,"In summary, this variant meets criteria to be classified as pathogenic for autosomal dominant RASopathies based on the ACMG/AMP criteria applied, as specified by the ClinGen RASopathy Variant Curation Expert Panel: PS2_VeryStrong, PS4, PM1, PS3_Supporting, PM2_Supporting, PP2, PP3 (Specification Ver",BRAF,P/LP,True
13975,SCV001335323.1,PM2,PM2,APPLIED_BARE,1,The c.1455G>C (p.Leu485Phe) variant in BRAF is absent from gnomAD (PM2).,BRAF,P/LP,True
13975,SCV001335323.1,PS4_Moderate,PS4,APPLIED_BARE,1,"It has been detected in at least 4 patients with clinical features of a RASopathy, 1 of which was reported as a de novo case with parentage confirmation (PS4_Moderate;",BRAF,P/LP,True
13975,SCV001335323.1,PS2,PS2,APPLIED_BARE,1,PS2;,BRAF,P/LP,True
13975,SCV001335323.1,PS3,PS3,APPLIED_BARE,1,In vitro functional studies provide some evidence that the p.L485F variant may impact protein function (PS3;,BRAF,P/LP,True
13975,SCV001335323.1,PP2,PP2,APPLIED_BARE,1,"The variant is located in the BRAF gene, which has been defined by the ClinGen RASopathy Expert Panel as a gene with a low rate of benign missense variants and pathogenic missense variants are common (PP2;",BRAF,P/LP,True
13975,SCV001335323.1,PP3,PP3,APPLIED_BARE,1,"Additionally, computational prediction tools and conservation analysis suggest that this variant may affect the protein (PP3).",BRAF,P/LP,True
13975,SCV001335323.1,PS4_Moderate,PS4,APPLIED,6,"Rasopathy-specific ACMG/AMP criteria applied (PMID:29493581): PS4_Moderate, PS2, PS3, PM2, PP2, PP3.",BRAF,P/LP,True
13975,SCV001335323.1,PS2,PS2,APPLIED,6,"Rasopathy-specific ACMG/AMP criteria applied (PMID:29493581): PS4_Moderate, PS2, PS3, PM2, PP2, PP3.",BRAF,P/LP,True
13975,SCV001335323.1,PS3,PS3,APPLIED,6,"Rasopathy-specific ACMG/AMP criteria applied (PMID:29493581): PS4_Moderate, PS2, PS3, PM2, PP2, PP3.",BRAF,P/LP,True
13975,SCV001335323.1,PM2,PM2,APPLIED,6,"Rasopathy-specific ACMG/AMP criteria applied (PMID:29493581): PS4_Moderate, PS2, PS3, PM2, PP2, PP3.",BRAF,P/LP,True
13975,SCV001335323.1,PP2,PP2,APPLIED,6,"Rasopathy-specific ACMG/AMP criteria applied (PMID:29493581): PS4_Moderate, PS2, PS3, PM2, PP2, PP3.",BRAF,P/LP,True
13975,SCV001335323.1,PP3,PP3,APPLIED,6,"Rasopathy-specific ACMG/AMP criteria applied (PMID:29493581): PS4_Moderate, PS2, PS3, PM2, PP2, PP3.",BRAF,P/LP,True
13979,SCV000616362.4,PM6_Strong,PM6,APPLIED_BARE,1,The c.1741A>G (p.Asn581Asp) variant in BRAF has been reported in the literature as a non-maternity/paternity confirmed de novo occurrence in at least 2 patients with clinical features of a RASopathy (PM6_Strong;,BRAF,P/LP,True
13979,SCV000616362.4,PS3,PS3,APPLIED_BARE,1,In vitro functional studies provide some evidence that the p.Asn581Asp variant may impact protein function (PS3;,BRAF,P/LP,True
13979,SCV000616362.4,PM2,PM2,APPLIED_BARE,1,This variant was absent from large population studies (PM2;,BRAF,P/LP,True
13979,SCV000616362.4,PP2,PP2,APPLIED_BARE,1,"The variant is located in the BRAF gene, which has been defined by the ClinGen RASopathy Expert Panel as a gene with a low rate of benign missense variants and pathogenic missense variants are common (PP2;",BRAF,P/LP,True
13979,SCV000616362.4,PM1,PM1,APPLIED_BARE,1,"Furthermore, this variant is located in the catalytic loop of BRAF (PM1;",BRAF,P/LP,True
13979,SCV000616362.4,PP3,PP3,APPLIED_BARE,1,Computational prediction tools and conservation analysis suggest that the p.Asn581Asp variant may impact the protein (PP3).,BRAF,P/LP,True
13979,SCV000616362.4,PP2,PP2,APPLIED,6,"Rasopathy-specific ACMG/AMP criteria applied (PMID:29493581): PP2, PP3, PM1, PM2, PM6_Strong, PS3.",BRAF,P/LP,True
13979,SCV000616362.4,PP3,PP3,APPLIED,6,"Rasopathy-specific ACMG/AMP criteria applied (PMID:29493581): PP2, PP3, PM1, PM2, PM6_Strong, PS3.",BRAF,P/LP,True
13979,SCV000616362.4,PM1,PM1,APPLIED,6,"Rasopathy-specific ACMG/AMP criteria applied (PMID:29493581): PP2, PP3, PM1, PM2, PM6_Strong, PS3.",BRAF,P/LP,True
13979,SCV000616362.4,PM2,PM2,APPLIED,6,"Rasopathy-specific ACMG/AMP criteria applied (PMID:29493581): PP2, PP3, PM1, PM2, PM6_Strong, PS3.",BRAF,P/LP,True
13979,SCV000616362.4,PM6_Strong,PM6,APPLIED,6,"Rasopathy-specific ACMG/AMP criteria applied (PMID:29493581): PP2, PP3, PM1, PM2, PM6_Strong, PS3.",BRAF,P/LP,True
13979,SCV000616362.4,PS3,PS3,APPLIED,6,"Rasopathy-specific ACMG/AMP criteria applied (PMID:29493581): PP2, PP3, PM1, PM2, PM6_Strong, PS3.",BRAF,P/LP,True
21342,SCV000616380.5,PM2_Supporting,PM2,APPLIED_BARE,1,This variant is absent from gnomAD v2 (PM2_Supporting).,RAF1,P/LP,True
21342,SCV000616380.5,PP3,PP3,APPLIED_BARE,1,Computational prediction tools and conservation analysis suggest that the p.Thr491Ile variant may impact the RAF1 protein (PP3).,RAF1,P/LP,True
21342,SCV000616380.5,PS3_Moderate,PS3,APPLIED_BARE,1,In vitro functional studies provide some evidence that the p.Thr491Ile variant may impact protein function (PS3_Moderate;,RAF1,P/LP,True
21342,SCV000616380.5,PM1,PM1,APPLIED_BARE,1,"Furthermore, the variant is in a location that has been defined by the ClinGen RASopathy Expert Panel to be a mutational hotspot or domain of RAF1 (PM1;",RAF1,P/LP,True
21342,SCV000616380.5,PS2,PS2,APPLIED_BARE,2,"The variant has also been identified as a de novo occurrence with confirmed parental relationships in an individual with features of RASopathy (PS2), and the prevalence of the variant in affected individuals is significantly increased compared with the prevalence in controls (PS4).",RAF1,P/LP,True
21342,SCV000616380.5,PS4,PS4,APPLIED_BARE,2,"The variant has also been identified as a de novo occurrence with confirmed parental relationships in an individual with features of RASopathy (PS2), and the prevalence of the variant in affected individuals is significantly increased compared with the prevalence in controls (PS4).",RAF1,P/LP,True
21342,SCV000616380.5,PS2,PS2,APPLIED,6,"In summary, this variant meets criteria to be classified as pathogenic for autosomal dominant RASopathies based on ACMG/AMP criteria applied, as specified by the ClinGen RASopathy Variant Curation Expert Panel: PS2, PS4, PM1, PS3_Moderate, PP3, PM2_Supporting.",RAF1,P/LP,True
21342,SCV000616380.5,PS4,PS4,APPLIED,6,"In summary, this variant meets criteria to be classified as pathogenic for autosomal dominant RASopathies based on ACMG/AMP criteria applied, as specified by the ClinGen RASopathy Variant Curation Expert Panel: PS2, PS4, PM1, PS3_Moderate, PP3, PM2_Supporting.",RAF1,P/LP,True
21342,SCV000616380.5,PM1,PM1,APPLIED,6,"In summary, this variant meets criteria to be classified as pathogenic for autosomal dominant RASopathies based on ACMG/AMP criteria applied, as specified by the ClinGen RASopathy Variant Curation Expert Panel: PS2, PS4, PM1, PS3_Moderate, PP3, PM2_Supporting.",RAF1,P/LP,True
21342,SCV000616380.5,PS3_Moderate,PS3,APPLIED,6,"In summary, this variant meets criteria to be classified as pathogenic for autosomal dominant RASopathies based on ACMG/AMP criteria applied, as specified by the ClinGen RASopathy Variant Curation Expert Panel: PS2, PS4, PM1, PS3_Moderate, PP3, PM2_Supporting.",RAF1,P/LP,True
21342,SCV000616380.5,PP3,PP3,APPLIED,6,"In summary, this variant meets criteria to be classified as pathogenic for autosomal dominant RASopathies based on ACMG/AMP criteria applied, as specified by the ClinGen RASopathy Variant Curation Expert Panel: PS2, PS4, PM1, PS3_Moderate, PP3, PM2_Supporting.",RAF1,P/LP,True
21342,SCV000616380.5,PM2_Supporting,PM2,APPLIED,6,"In summary, this variant meets criteria to be classified as pathogenic for autosomal dominant RASopathies based on ACMG/AMP criteria applied, as specified by the ClinGen RASopathy Variant Curation Expert Panel: PS2, PS4, PM1, PS3_Moderate, PP3, PM2_Supporting.",RAF1,P/LP,True
36708,SCV000616443.4,BA1,BA1,APPLIED_BARE,1,"The filtering allele frequency of the c.255C>T (p.His85=) variant in the PTPN11 gene is 7.417% (818/10402) of African chromosomes by the Exome Aggregation Consortium, which is a high enough frequency to be classified as benign based on thresholds defined by the ClinGen RASopathy Expert Panel (BA1;",,,False
36709,SCV000616445.4,BA1,BA1,APPLIED_BARE,1,"The filtering allele frequency of the c.526-8C>A variant in the PTPN11 gene is 0.079% (65/66646) of European chromosomes by the Exome Aggregation Consortium, which is a high enough frequency to be classified as benign based on thresholds defined by the ClinGen RASopathy Expert Panel (BA1;",,,False
40333,SCV000616466.4,BA1,BA1,APPLIED_BARE,1,"The filtering allele frequency of the c.36G>A (p.Ala12=) variant in the BRAF gene is 0.116% (14/7290) of Latino chromosomes by the Exome Aggregation Consortium, which is a high enough frequency to be classified as benign based on thresholds defined by the ClinGen RASopathy Expert Panel (BA1;",,,False
40335,SCV000616392.4,BS2,BS2,NOT_MET,1,The variant c.64G>A (p.Asp22Asn) in BRAF was observed in a healthy adult individual who did not have clinical features of a RASopathy (BS2;,BRAF,B/LB,True
40335,SCV000616392.4,BP2_Strong,BP2,APPLIED_BARE,1,This variant has been observed in trans with a pathogenic variant for a fully penetrant dominant gene/disorder (BP2_Strong;,BRAF,B/LB,True
40335,SCV000616392.4,BS2,BS2,APPLIED,1,"RASopathy-specific ACMG/AMP criteria applied (PMID:29493581): BP2_S, BS2.",BRAF,B/LB,True
40346,SCV000616358.4,PM6,PM6,APPLIED_BARE,2,The c.730A>C (p.Thr244Pro) variant in BRAF has been reported in the literature as a de novo occurrence in at least 2 patients with clinical features of a RASopathy (PM6 and PS2;,BRAF,P/LP,True
40346,SCV000616358.4,PS2,PS2,APPLIED_BARE,2,The c.730A>C (p.Thr244Pro) variant in BRAF has been reported in the literature as a de novo occurrence in at least 2 patients with clinical features of a RASopathy (PM6 and PS2;,BRAF,P/LP,True
40346,SCV000616358.4,PM2,PM2,APPLIED_BARE,1,This variant was absent from large population studies (PM2;,BRAF,P/LP,True
40346,SCV000616358.4,PP2,PP2,APPLIED_BARE,1,"The variant is located in the BRAF gene, which has been defined by the ClinGen RASopathy Expert Panel as a gene with a low rate of benign missense variants and pathogenic missense variants are common (PP2;",BRAF,P/LP,True
40346,SCV000616358.4,PM1,PM1,APPLIED_BARE,1,This variant is in a location which has been defined by the ClinGen RASopathy Expert Panel to be a mutational hotspot or domain of BRAF (PM1;,BRAF,P/LP,True
40346,SCV000616358.4,PP3,PP3,APPLIED_BARE,1,Computational prediction tools and conservation analysis suggest that the p.Thr244Pro variant may impact the protein (PP3).,BRAF,P/LP,True
40346,SCV000616358.4,PP2,PP2,APPLIED,6,"Rasopathy-specific ACMG/AMP criteria applied (PMID:29493581): PP2, PP3, PM1, PM2, PM6, PS2.",BRAF,P/LP,True
40346,SCV000616358.4,PP3,PP3,APPLIED,6,"Rasopathy-specific ACMG/AMP criteria applied (PMID:29493581): PP2, PP3, PM1, PM2, PM6, PS2.",BRAF,P/LP,True
40346,SCV000616358.4,PM1,PM1,APPLIED,6,"Rasopathy-specific ACMG/AMP criteria applied (PMID:29493581): PP2, PP3, PM1, PM2, PM6, PS2.",BRAF,P/LP,True
40346,SCV000616358.4,PM2,PM2,APPLIED,6,"Rasopathy-specific ACMG/AMP criteria applied (PMID:29493581): PP2, PP3, PM1, PM2, PM6, PS2.",BRAF,P/LP,True
40346,SCV000616358.4,PM6,PM6,APPLIED,6,"Rasopathy-specific ACMG/AMP criteria applied (PMID:29493581): PP2, PP3, PM1, PM2, PM6, PS2.",BRAF,P/LP,True
40346,SCV000616358.4,PS2,PS2,APPLIED,6,"Rasopathy-specific ACMG/AMP criteria applied (PMID:29493581): PP2, PP3, PM1, PM2, PM6, PS2.",BRAF,P/LP,True
40347,SCV000927045.1,PS2_Verystrong,PS2,APPLIED_BARE,1,"The c.735A>C (p.Leu245Phe) variant in BRAF has been reported as a a de novo occurrence, one of which was confirmed in at least 4 patients with clinical features of a RASopathy (PS2_VeryStrong;",BRAF,P/LP,True
40347,SCV000927045.1,PM2,PM2,APPLIED_BARE,1,This variant was absent from large population studies (PM2;,BRAF,P/LP,True
40347,SCV000927045.1,PP3,PP3,APPLIED_BARE,1,Computational prediction tools and conservation analysis suggest that the p.Leu245Phe variant may impact the protein (PP3).,BRAF,P/LP,True
40347,SCV000927045.1,PP2,PP2,APPLIED_BARE,1,"The variant is located in the BRAF gene, which has been defined by the ClinGen RASopathy Expert Panel as a gene with a low rate of benign missense variants and pathogenic missense variants are common (PP2;",BRAF,P/LP,True
40347,SCV000927045.1,PM1,PM1,APPLIED_BARE,1,"Furthermore, the variant is in a location that has been defined by the ClinGen RASopathy Expert Panel to be a mutational hotspot or domain of BRAF (PM1;",BRAF,P/LP,True
40347,SCV000927045.1,PS2_Verystrong,PS2,APPLIED,6,"Rasopathy-specific ACMG/AMP criteria applied (PMID:29493581): PS2_VeryStrong, PM2, PM1, PP2, PP3, PS4_Supporting.",BRAF,P/LP,True
40347,SCV000927045.1,PM2,PM2,APPLIED,6,"Rasopathy-specific ACMG/AMP criteria applied (PMID:29493581): PS2_VeryStrong, PM2, PM1, PP2, PP3, PS4_Supporting.",BRAF,P/LP,True
40347,SCV000927045.1,PM1,PM1,APPLIED,6,"Rasopathy-specific ACMG/AMP criteria applied (PMID:29493581): PS2_VeryStrong, PM2, PM1, PP2, PP3, PS4_Supporting.",BRAF,P/LP,True
40347,SCV000927045.1,PP2,PP2,APPLIED,6,"Rasopathy-specific ACMG/AMP criteria applied (PMID:29493581): PS2_VeryStrong, PM2, PM1, PP2, PP3, PS4_Supporting.",BRAF,P/LP,True
40347,SCV000927045.1,PP3,PP3,APPLIED,6,"Rasopathy-specific ACMG/AMP criteria applied (PMID:29493581): PS2_VeryStrong, PM2, PM1, PP2, PP3, PS4_Supporting.",BRAF,P/LP,True
40347,SCV000927045.1,PS4_Supporting,PS4,APPLIED,6,"Rasopathy-specific ACMG/AMP criteria applied (PMID:29493581): PS2_VeryStrong, PM2, PM1, PP2, PP3, PS4_Supporting.",BRAF,P/LP,True
40348,SCV000927044.1,PM6,PM6,APPLIED_BARE,2,"The c.735A>T p.Leu245Phe variant in BRAF has been identified in at least 2 independent occurrences, one of which was de novo, in patients with clinical features of a RASopathy (PM6, PS4_Supporting;",BRAF,P/LP,True
40348,SCV000927044.1,PS4_Supporting,PS4,APPLIED_BARE,2,"The c.735A>T p.Leu245Phe variant in BRAF has been identified in at least 2 independent occurrences, one of which was de novo, in patients with clinical features of a RASopathy (PM6, PS4_Supporting;",BRAF,P/LP,True
40348,SCV000927044.1,PM2,PM2,APPLIED_BARE,1,This variant was absent from large population studies (PM2;,BRAF,P/LP,True
40348,SCV000927044.1,PP3,PP3,APPLIED_BARE,1,Computational prediction tools and conservation analysis suggest that the p.Leu245Phe variant may impact the protein (PP3).,BRAF,P/LP,True
40348,SCV000927044.1,PP2,PP2,APPLIED_BARE,1,"The variant is located in the BRAF gene, which has been defined by the ClinGen RASopathy Expert Panel as a gene with a low rate of benign missense variants and pathogenic missense variants are common (PP2;",BRAF,P/LP,True
40348,SCV000927044.1,PS1,PS1,APPLIED,1,"Of note, the p.Leu245Phe change has also been reported as a consequence of the c.735A>C variant in BRAF, which has been classified as pathogenic and therefore supports that this residue may be critical to protein function (PS1;",BRAF,P/LP,True
40348,SCV000927044.1,PM1,PM1,APPLIED_BARE,1,"Furthermore, the variant is in a location that has been defined by the ClinGen RASopathy Expert Panel to be a mutational hotspot or domain of BRAF (PM1;",BRAF,P/LP,True
40348,SCV000927044.1,PS4_Supporting,PS4,APPLIED,7,"Rasopathy-specific ACMG/AMP criteria applied (PMID:29493581): PS4_Supporting, PM6, PM1, PM2, PS1, PP2, PP3.",BRAF,P/LP,True
40348,SCV000927044.1,PM6,PM6,APPLIED,7,"Rasopathy-specific ACMG/AMP criteria applied (PMID:29493581): PS4_Supporting, PM6, PM1, PM2, PS1, PP2, PP3.",BRAF,P/LP,True
40348,SCV000927044.1,PM1,PM1,APPLIED,7,"Rasopathy-specific ACMG/AMP criteria applied (PMID:29493581): PS4_Supporting, PM6, PM1, PM2, PS1, PP2, PP3.",BRAF,P/LP,True
40348,SCV000927044.1,PM2,PM2,APPLIED,7,"Rasopathy-specific ACMG/AMP criteria applied (PMID:29493581): PS4_Supporting, PM6, PM1, PM2, PS1, PP2, PP3.",BRAF,P/LP,True
40348,SCV000927044.1,PS1,PS1,APPLIED,7,"Rasopathy-specific ACMG/AMP criteria applied (PMID:29493581): PS4_Supporting, PM6, PM1, PM2, PS1, PP2, PP3.",BRAF,P/LP,True
40348,SCV000927044.1,PP2,PP2,APPLIED,7,"Rasopathy-specific ACMG/AMP criteria applied (PMID:29493581): PS4_Supporting, PM6, PM1, PM2, PS1, PP2, PP3.",BRAF,P/LP,True
40348,SCV000927044.1,PP3,PP3,APPLIED,7,"Rasopathy-specific ACMG/AMP criteria applied (PMID:29493581): PS4_Supporting, PM6, PM1, PM2, PS1, PP2, PP3.",BRAF,P/LP,True
40349,SCV000927043.1,PM6,PM6,APPLIED_BARE,2,"The c.740T>C (p.Phe247Ser) variant in BRAF has been reported in the literature as an unconfirmed de novo occurrence in a patient with clinical features of a RASopathy (PM6, PS4_Supporting;",BRAF,P/LP,True
40349,SCV000927043.1,PS4_Supporting,PS4,APPLIED_BARE,2,"The c.740T>C (p.Phe247Ser) variant in BRAF has been reported in the literature as an unconfirmed de novo occurrence in a patient with clinical features of a RASopathy (PM6, PS4_Supporting;",BRAF,P/LP,True
40349,SCV000927043.1,PM5,PM5,UNCLEAR,2,A different pathogenic missense variant has been previously identified at this codon of BRAF which may indicate that this residue is critical to the function of the protein (PM5 not applied due to PM1 application;,BRAF,P/LP,True
40349,SCV000927043.1,PM1,PM1,UNCLEAR,2,A different pathogenic missense variant has been previously identified at this codon of BRAF which may indicate that this residue is critical to the function of the protein (PM5 not applied due to PM1 application;,BRAF,P/LP,True
40349,SCV000927043.1,PM2,PM2,APPLIED_BARE,1,This variant was absent from large population studies (PM2;,BRAF,P/LP,True
40349,SCV000927043.1,PM1,PM1,APPLIED_BARE,1,"Furthermore, the variant is in a location that has been defined by the ClinGen RASopathy Expert Panel to be a mutational hotspot or domain of BRAF (PM1;",BRAF,P/LP,True
40349,SCV000927043.1,PP2,PP2,APPLIED_BARE,1,"The variant is located in the BRAF gene, which has been defined by the ClinGen RASopathy Expert Panel as a gene with a low rate of benign missense variants and pathogenic missense variants are common (PP2;",BRAF,P/LP,True
40349,SCV000927043.1,PP3,PP3,APPLIED_BARE,1,Computational prediction tools and conservation analysis suggest that the p.Phe247Ser variant may impact the protein (PP3).,BRAF,P/LP,True
40349,SCV000927043.1,PM6,PM6,APPLIED,6,"RASopathy-specific ACMG/AMP criteria applied (PMID:29493581): PM6, PS4_Supporting, PM2, PM1, PP2, PP3.",BRAF,P/LP,True
40349,SCV000927043.1,PS4_Supporting,PS4,APPLIED,6,"RASopathy-specific ACMG/AMP criteria applied (PMID:29493581): PM6, PS4_Supporting, PM2, PM1, PP2, PP3.",BRAF,P/LP,True
40349,SCV000927043.1,PM2,PM2,APPLIED,6,"RASopathy-specific ACMG/AMP criteria applied (PMID:29493581): PM6, PS4_Supporting, PM2, PM1, PP2, PP3.",BRAF,P/LP,True
40349,SCV000927043.1,PM1,PM1,APPLIED,6,"RASopathy-specific ACMG/AMP criteria applied (PMID:29493581): PM6, PS4_Supporting, PM2, PM1, PP2, PP3.",BRAF,P/LP,True
40349,SCV000927043.1,PP2,PP2,APPLIED,6,"RASopathy-specific ACMG/AMP criteria applied (PMID:29493581): PM6, PS4_Supporting, PM2, PM1, PP2, PP3.",BRAF,P/LP,True
40349,SCV000927043.1,PP3,PP3,APPLIED,6,"RASopathy-specific ACMG/AMP criteria applied (PMID:29493581): PM6, PS4_Supporting, PM2, PM1, PP2, PP3.",BRAF,P/LP,True
40360,SCV000616391.4,BA1,BA1,APPLIED_BARE,1,"The filtering allele frequency of the c.1227A>G (p.Ser409=) variant in the BRAF gene is 0.313% for European (Non-Finnish) chromosomes by the Exome Aggregation Consortium (233/66620 with 95% CI), which is a high enough frequency to be classified as benign based on thresholds defined by the ClinGen RA",,,False
40360,SCV000616391.4,BP7,BP7,APPLIED_BARE,1,"Additionally, this variant is a synonymous (silent) variant at a nucleotide that is not highly conserved and is not predicted to impact splicing (BP7).",,,False
40360,SCV000616391.4,BP5,BP5,APPLIED_BARE,1,The p.Ser409= variant has been identified in a patient with an alternate molecular basis for disease (BP5;,,,False
40360,SCV000616391.4,BP4,BP4,NOT_MET,1,Computational prediction tools and conservation analysis suggest that the p.Ser409= variant does not impact the protein (BP4).,,,False
40360,SCV000616391.4,BA1,BA1,APPLIED,4,"ACMG/AMP criteria applied: BA1, BP7, BP5, BP4.",,,False
40360,SCV000616391.4,BP7,BP7,APPLIED,4,"ACMG/AMP criteria applied: BA1, BP7, BP5, BP4.",,,False
40360,SCV000616391.4,BP5,BP5,APPLIED,4,"ACMG/AMP criteria applied: BA1, BP7, BP5, BP4.",,,False
40360,SCV000616391.4,BP4,BP4,APPLIED,4,"ACMG/AMP criteria applied: BA1, BP7, BP5, BP4.",,,False
40362,SCV000616458.4,BA1,BA1,APPLIED_BARE,1,"The filtering allele frequency of the c.1332G>A (p.Arg444=) variant in the BRAF gene is 0.077% (64/66708) of European chromosomes by the Exome Aggregation Consortium, which is a high enough frequency to be classified as benign based on thresholds defined by the ClinGen RASopathy Expert Panel (BA1;",,,False
40363,SCV000616457.4,BA1,BA1,APPLIED_BARE,1,"The filtering allele frequency of the c.1383A>G (p.Gln461=) variant in the BRAF gene is 0.986% (120/10404) of African chromosomes by the Exome Aggregation Consortium, which is a high enough frequency to be classified as benign based on thresholds defined by the ClinGen RASopathy Expert Panel (BA1;",,,False
40370,SCV001335322.1,PM2,PM2,APPLIED_BARE,1,The c.1454T>C (p.Leu485Ser) variant in BRAF is absent from gnomAD (PM2).,BRAF,P/LP,True
40370,SCV001335322.1,PS4_Moderate,PS4,APPLIED_BARE,1,It has been identified in at least 4 patients clinically diagnosed with Cardiofaciocutaneous syndrome (CFC) (PS4_Moderate;,BRAF,P/LP,True
40370,SCV001335322.1,PP2,PP2,APPLIED_BARE,1,"The variant is located in the BRAF gene, which has been defined by the ClinGen RASopathy Expert Panel as a gene with a low rate of benign missense variants and pathogenic missense variants are common (PP2;",BRAF,P/LP,True
40370,SCV001335322.1,PP3,PP3,APPLIED_BARE,1,"Additionally, computational prediction tools and conservation analysis suggest that p.Leu485Ser may affect the protein (PP3).",BRAF,P/LP,True
40370,SCV001335322.1,PM5,PM5,APPLIED_BARE,1,"Two different pathogenic missense variants have been previously identified at this codon of BRAF, each resulting in p.Leu485Phe, which supports that this residue may be critical to the function of the protein (PM5;",BRAF,P/LP,True
40370,SCV001335322.1,PS3,PS3,APPLIED_BARE,1,"A functional assay has been performed on this variant, but given that it is not currently an approved assay outlined by the RASopathy VCEP, it has not been assessed for PS3 at this time (PMID:16474404).",BRAF,P/LP,True
40370,SCV001335322.1,PM2,PM2,APPLIED,5,"RASopathy-specific ACMG/AMP criteria applied (PMID:29493581): PM2, PS4_Moderate, PP2, PP3, PM5.",BRAF,P/LP,True
40370,SCV001335322.1,PS4_Moderate,PS4,APPLIED,5,"RASopathy-specific ACMG/AMP criteria applied (PMID:29493581): PM2, PS4_Moderate, PP2, PP3, PM5.",BRAF,P/LP,True
40370,SCV001335322.1,PP2,PP2,APPLIED,5,"RASopathy-specific ACMG/AMP criteria applied (PMID:29493581): PM2, PS4_Moderate, PP2, PP3, PM5.",BRAF,P/LP,True
40370,SCV001335322.1,PP3,PP3,APPLIED,5,"RASopathy-specific ACMG/AMP criteria applied (PMID:29493581): PM2, PS4_Moderate, PP2, PP3, PM5.",BRAF,P/LP,True
40370,SCV001335322.1,PM5,PM5,APPLIED,5,"RASopathy-specific ACMG/AMP criteria applied (PMID:29493581): PM2, PS4_Moderate, PP2, PP3, PM5.",BRAF,P/LP,True
40380,SCV000616393.4,PM6,PM6,APPLIED_BARE,1,The c.1595G>A (p.Cys532Tyr) variant in BRAF has been reported in the literature as an unconfirmed de novo occurrence in a patient with clinical features of a RASopathy (PM6;,BRAF,P/LP,True
40380,SCV000616393.4,PM2,PM2,APPLIED_BARE,1,This variant was absent from large population studies (PM2;,BRAF,P/LP,True
40380,SCV000616393.4,PP2,PP2,APPLIED_BARE,1,"The variant is located in the BRAF gene, which has been defined by the ClinGen RASopathy Expert Panel as a gene with a low rate of benign missense variants and pathogenic missense variants are common (PP2;",BRAF,P/LP,True
40380,SCV000616393.4,PP3,PP3,APPLIED_BARE,1,Computational prediction tools and conservation analysis suggest that the p.Cys532Tyr variant may impact the protein (PP3).,BRAF,P/LP,True
40380,SCV000616393.4,PM6,PM6,APPLIED,4,"Rasopathy-specific ACMG/AMP criteria applied (PMID:29493581): PM6, PM2, PP2, PP3.",BRAF,P/LP,True
40380,SCV000616393.4,PM2,PM2,APPLIED,4,"Rasopathy-specific ACMG/AMP criteria applied (PMID:29493581): PM6, PM2, PP2, PP3.",BRAF,P/LP,True
40380,SCV000616393.4,PP2,PP2,APPLIED,4,"Rasopathy-specific ACMG/AMP criteria applied (PMID:29493581): PM6, PM2, PP2, PP3.",BRAF,P/LP,True
40380,SCV000616393.4,PP3,PP3,APPLIED,4,"Rasopathy-specific ACMG/AMP criteria applied (PMID:29493581): PM6, PM2, PP2, PP3.",BRAF,P/LP,True
40387,SCV000616388.4,PM6_Strong,PM6,APPLIED_BARE,1,The c.1787G>T (p.Gly596Val) variant in BRAF has been reported in the literature in at least 2 unconfirmed de novo occurrences in patients with clinical features of a RASopathy (PM6_Strong;,BRAF,P/LP,True
40387,SCV000616388.4,PS3,PS3,APPLIED_BARE,1,In vitro functional studies provide some evidence that the p.Gly596Val variant may impact protein function (PS3;,BRAF,P/LP,True
40387,SCV000616388.4,PM2,PM2,APPLIED_BARE,1,This variant was absent from large population studies (PM2;,BRAF,P/LP,True
40387,SCV000616388.4,PP2,PP2,APPLIED_BARE,1,"The variant is located in the BRAF gene, which has been defined by the ClinGen RASopathy Expert Panel as a gene with a low rate of benign missense variants and pathogenic missense variants are common (PP2;",BRAF,P/LP,True
40387,SCV000616388.4,PP3,PP3,APPLIED_BARE,1,Computational prediction tools and conservation analysis suggest that the p.Gly596Val variant may impact the protein (PP3).,BRAF,P/LP,True
40387,SCV000616388.4,PM1,PM1,APPLIED_BARE,1,"Furthermore, the variant is in a location that has been defined by the ClinGen RASopathy Expert Panel to be a mutational hotspot or domain of BRAF (PM1;",BRAF,P/LP,True
40387,SCV000616388.4,PM6_Strong,PM6,APPLIED,6,"Rasopathy-specific ACMG/AMP criteria applied (PMID:29493581): PM6_Strong, PS3, PM2, PP2, PP3, PM1.",BRAF,P/LP,True
40387,SCV000616388.4,PS3,PS3,APPLIED,6,"Rasopathy-specific ACMG/AMP criteria applied (PMID:29493581): PM6_Strong, PS3, PM2, PP2, PP3, PM1.",BRAF,P/LP,True
40387,SCV000616388.4,PM2,PM2,APPLIED,6,"Rasopathy-specific ACMG/AMP criteria applied (PMID:29493581): PM6_Strong, PS3, PM2, PP2, PP3, PM1.",BRAF,P/LP,True
40387,SCV000616388.4,PP2,PP2,APPLIED,6,"Rasopathy-specific ACMG/AMP criteria applied (PMID:29493581): PM6_Strong, PS3, PM2, PP2, PP3, PM1.",BRAF,P/LP,True
40387,SCV000616388.4,PP3,PP3,APPLIED,6,"Rasopathy-specific ACMG/AMP criteria applied (PMID:29493581): PM6_Strong, PS3, PM2, PP2, PP3, PM1.",BRAF,P/LP,True
40387,SCV000616388.4,PM1,PM1,APPLIED,6,"Rasopathy-specific ACMG/AMP criteria applied (PMID:29493581): PM6_Strong, PS3, PM2, PP2, PP3, PM1.",BRAF,P/LP,True
40388,SCV001335313.1,PM2,PM2,APPLIED_BARE,1,The c.1796C>T (p.Thr599Ille) variant in BRAF was absent from large population studies (PM2;,BRAF,P/LP,True
40388,SCV001335313.1,PS2,PS2,APPLIED_BARE,2,"It has been reported as a de novo occurrence with parentage confirmed in 1 proband diagnosed with cardiofaciocutaneous syndrome (PS2, PS4_Supporting;",BRAF,P/LP,True
40388,SCV001335313.1,PS4_Supporting,PS4,APPLIED_BARE,2,"It has been reported as a de novo occurrence with parentage confirmed in 1 proband diagnosed with cardiofaciocutaneous syndrome (PS2, PS4_Supporting;",BRAF,P/LP,True
40388,SCV001335313.1,PM6,PM6,APPLIED_BARE,1,This variant was also observed as a de novo occurrence without parentage confirmed in proband with phenotypic features of a RASopathy but no clinical diagnosis (PM6;,BRAF,P/LP,True
40388,SCV001335313.1,PM1,PM1,APPLIED_BARE,1,"The variant occurs in the CR3 activation domain of BRAF, which has been defined by the ClinGen RASopathy Expert Panel as a region important for protein function (PM1;",BRAF,P/LP,True
40388,SCV001335313.1,PP3,PP3,APPLIED_BARE,1,Computational prediction tools and conservation analysis suggest that the p.Thr599Ile variant may impact the protein (PP3).,BRAF,P/LP,True
40388,SCV001335313.1,PP2,PP2,APPLIED_BARE,1,"The variant is located in the BRAF gene, which has been defined by the ClinGen RASopathy Expert Panel as a gene with a low rate of benign missense variants and pathogenic missense variants are common (PP2;",BRAF,P/LP,True
40388,SCV001335313.1,PS2,PS2,APPLIED,7,"In summary, this variant meets criteria to be classified as pathogenic for autosomal dominant RASopathy based on RASopathy-specific ACMG/AMP criteria applied (PMID:29493581): PS2, PS4_Supporting, PM1, PM2, PM6, PP2, PP3.",BRAF,P/LP,True
40388,SCV001335313.1,PS4_Supporting,PS4,APPLIED,7,"In summary, this variant meets criteria to be classified as pathogenic for autosomal dominant RASopathy based on RASopathy-specific ACMG/AMP criteria applied (PMID:29493581): PS2, PS4_Supporting, PM1, PM2, PM6, PP2, PP3.",BRAF,P/LP,True
40388,SCV001335313.1,PM1,PM1,APPLIED,7,"In summary, this variant meets criteria to be classified as pathogenic for autosomal dominant RASopathy based on RASopathy-specific ACMG/AMP criteria applied (PMID:29493581): PS2, PS4_Supporting, PM1, PM2, PM6, PP2, PP3.",BRAF,P/LP,True
40388,SCV001335313.1,PM2,PM2,APPLIED,7,"In summary, this variant meets criteria to be classified as pathogenic for autosomal dominant RASopathy based on RASopathy-specific ACMG/AMP criteria applied (PMID:29493581): PS2, PS4_Supporting, PM1, PM2, PM6, PP2, PP3.",BRAF,P/LP,True
40388,SCV001335313.1,PM6,PM6,APPLIED,7,"In summary, this variant meets criteria to be classified as pathogenic for autosomal dominant RASopathy based on RASopathy-specific ACMG/AMP criteria applied (PMID:29493581): PS2, PS4_Supporting, PM1, PM2, PM6, PP2, PP3.",BRAF,P/LP,True
40388,SCV001335313.1,PP2,PP2,APPLIED,7,"In summary, this variant meets criteria to be classified as pathogenic for autosomal dominant RASopathy based on RASopathy-specific ACMG/AMP criteria applied (PMID:29493581): PS2, PS4_Supporting, PM1, PM2, PM6, PP2, PP3.",BRAF,P/LP,True
40388,SCV001335313.1,PP3,PP3,APPLIED,7,"In summary, this variant meets criteria to be classified as pathogenic for autosomal dominant RASopathy based on RASopathy-specific ACMG/AMP criteria applied (PMID:29493581): PS2, PS4_Supporting, PM1, PM2, PM6, PP2, PP3.",BRAF,P/LP,True
40389,SCV001424737.1,PM2,PM2,APPLIED_BARE,1,The c.1799T>G (p.Val600Gly) variant in BRAF is absent from gnomAD (PM2).,BRAF,P/LP,True
40389,SCV001424737.1,PS4_Supporting,PS4,APPLIED_BARE,1,It has been identified in one individual with Cardiofaciocutaneous syndrome (PS4_Supporting;,BRAF,P/LP,True
40389,SCV001424737.1,PM6,PM6,APPLIED_BARE,1,It has also been reported in the literature as an unconfirmed de novo occurrence (PM6;,BRAF,P/LP,True
40389,SCV001424737.1,PS3,PS3,APPLIED_BARE,1,In vitro functional studies provide some evidence that the p.Val600Gly variant may impact protein function (PS3;,BRAF,P/LP,True
40389,SCV001424737.1,PM1,PM1,APPLIED_BARE,1,"Furthermore, the variant is in a location that has been defined by the ClinGen RASopathy Expert Panel to be a mutational hotspot or domain of BRAF (PM1;",BRAF,P/LP,True
40389,SCV001424737.1,PP3,PP3,APPLIED_BARE,1,Computational prediction tools and conservation analysis suggest that the p.Val600Gly variant may impact the protein (PP3).,BRAF,P/LP,True
40389,SCV001424737.1,PP2,PP2,APPLIED_BARE,1,"Finally, the variant is located in BRAF, which has been defined by the ClinGen RASopathy Expert Panel as a gene with a low rate of benign missense variants and pathogenic missense variants are common (PP2;",BRAF,P/LP,True
40389,SCV001424737.1,PS3,PS3,APPLIED,7,"Rasopathy-specific ACMG/AMP criteria applied (PMID:29493581): PS3, PM1, PM2, PM6, PS4_Supporting, PP3, PP2.",BRAF,P/LP,True
40389,SCV001424737.1,PM1,PM1,APPLIED,7,"Rasopathy-specific ACMG/AMP criteria applied (PMID:29493581): PS3, PM1, PM2, PM6, PS4_Supporting, PP3, PP2.",BRAF,P/LP,True
40389,SCV001424737.1,PM2,PM2,APPLIED,7,"Rasopathy-specific ACMG/AMP criteria applied (PMID:29493581): PS3, PM1, PM2, PM6, PS4_Supporting, PP3, PP2.",BRAF,P/LP,True
40389,SCV001424737.1,PM6,PM6,APPLIED,7,"Rasopathy-specific ACMG/AMP criteria applied (PMID:29493581): PS3, PM1, PM2, PM6, PS4_Supporting, PP3, PP2.",BRAF,P/LP,True
40389,SCV001424737.1,PS4_Supporting,PS4,APPLIED,7,"Rasopathy-specific ACMG/AMP criteria applied (PMID:29493581): PS3, PM1, PM2, PM6, PS4_Supporting, PP3, PP2.",BRAF,P/LP,True
40389,SCV001424737.1,PP3,PP3,APPLIED,7,"Rasopathy-specific ACMG/AMP criteria applied (PMID:29493581): PS3, PM1, PM2, PM6, PS4_Supporting, PP3, PP2.",BRAF,P/LP,True
40389,SCV001424737.1,PP2,PP2,APPLIED,7,"Rasopathy-specific ACMG/AMP criteria applied (PMID:29493581): PS3, PM1, PM2, PM6, PS4_Supporting, PP3, PP2.",BRAF,P/LP,True
40391,SCV000616456.4,BA1,BA1,APPLIED_BARE,1,"The filtering allele frequency of the c.1929A>G (p.Gly643=) variant in the BRAF gene is 66.117% (6984/10356) of African chromosomes by the Exome Aggregation Consortium, which is a high enough frequency to be classified as benign based on thresholds defined by the ClinGen RASopathy Expert Panel (BA1;",,,False
40399,SCV000616453.4,BA1,BA1,APPLIED_BARE,1,"The filtering allele frequency of the c.2235A>G (p.Leu745=) variant in the BRAF gene is 1.11% (113/8654) of East Asian chromosomes by the Exome Aggregation Consortium, which is a high enough frequency to be classified as benign based on thresholds defined by the ClinGen RASopathy Expert Panel (BA1;",,,False
40431,SCV000616397.4,BA1,BA1,APPLIED_BARE,1,"The filtering allele frequency of the c.81T>C (p.His27=) variant in the HRAS gene is 36.7% for African chromosomes by the Exome Aggregation Consortium (3874/10274 with 95% CI), which is a high enough frequency to be classified as benign based on thresholds defined by the ClinGen RASopathy Expert pan",,,False
40435,SCV000616399.5,PM2_Supporting,PM2,APPLIED_BARE,1,This variant was absent from gnomAD v4.1.0 (PM2_Supporting).,HRAS,P/LP,True
40435,SCV000616399.5,PP3,PP3,APPLIED_BARE,1,The computational predictor REVEL gives a score of 0.755 supporting deleterious impact to HRAS function (PP3).,HRAS,P/LP,True
40435,SCV000616399.5,PM1,PM1,APPLIED_BARE,1,"This variant resides within a region (amino acids 57 – 64), of HRAS that is defined as a critical functional domain by the ClinGen RASopathy VCEP (PM1).",HRAS,P/LP,True
40435,SCV000616399.5,PS4_Moderate,PS4,APPLIED_BARE,1,The c.175G>A (p.Ala59Thr) variant has been identified in at least 3 independent occurrences in patients with a RASopathy (PS4_Moderate;,HRAS,P/LP,True
40435,SCV000616399.5,PP1,PP1,APPLIED_BARE,1,"Moreover, this variant has been reported to segregate with clinical features of a RASopathy in at least 3 family members (PP1;",HRAS,P/LP,True
40435,SCV000616399.5,PS4_Moderate,PS4,APPLIED,5,"In summary, this variant meets criteria to be classified as likely pathogenic for autosomal dominant RASopathies based on the ACMG/AMP criteria applied, as specified by the ClinGen RASopathy Variant Curation Expert Panel: PS4_Moderate, PM1, PM2_Supporting, PP1, PP3 (Specification Version 2.1, 09/17/",HRAS,P/LP,True
40435,SCV000616399.5,PM1,PM1,APPLIED,5,"In summary, this variant meets criteria to be classified as likely pathogenic for autosomal dominant RASopathies based on the ACMG/AMP criteria applied, as specified by the ClinGen RASopathy Variant Curation Expert Panel: PS4_Moderate, PM1, PM2_Supporting, PP1, PP3 (Specification Version 2.1, 09/17/",HRAS,P/LP,True
40435,SCV000616399.5,PM2_Supporting,PM2,APPLIED,5,"In summary, this variant meets criteria to be classified as likely pathogenic for autosomal dominant RASopathies based on the ACMG/AMP criteria applied, as specified by the ClinGen RASopathy Variant Curation Expert Panel: PS4_Moderate, PM1, PM2_Supporting, PP1, PP3 (Specification Version 2.1, 09/17/",HRAS,P/LP,True
40435,SCV000616399.5,PP1,PP1,APPLIED,5,"In summary, this variant meets criteria to be classified as likely pathogenic for autosomal dominant RASopathies based on the ACMG/AMP criteria applied, as specified by the ClinGen RASopathy Variant Curation Expert Panel: PS4_Moderate, PM1, PM2_Supporting, PP1, PP3 (Specification Version 2.1, 09/17/",HRAS,P/LP,True
40435,SCV000616399.5,PP3,PP3,APPLIED,5,"In summary, this variant meets criteria to be classified as likely pathogenic for autosomal dominant RASopathies based on the ACMG/AMP criteria applied, as specified by the ClinGen RASopathy Variant Curation Expert Panel: PS4_Moderate, PM1, PM2_Supporting, PP1, PP3 (Specification Version 2.1, 09/17/",HRAS,P/LP,True
40437,SCV000616398.5,BA1,BA1,APPLIED,2,"The filtering allele frequency in gnomAD v2.1.1 is 0.0006669 (22/24924 alleles) in the Latino/Admixed American population, which is higher than the ClinGen RASopathy VCEP threshold (>0.0005) for BA1, and therefore meets this criterion (BA1).",HRAS,B/LB,True
40437,SCV000616398.5,BA1,BA1,APPLIED,2,"The filtering allele frequency in gnomAD v2.1.1 is 0.0006669 (22/24924 alleles) in the Latino/Admixed American population, which is higher than the ClinGen RASopathy VCEP threshold (>0.0005) for BA1, and therefore meets this criterion (BA1).",HRAS,B/LB,True
40437,SCV000616398.5,BP5,BP5,APPLIED_BARE,1,This variant has been identified in a patient with an alternate molecular basis for disease (BP5;,HRAS,B/LB,True
40437,SCV000616398.5,BA1,BA1,APPLIED,2,"In summary, this variant meets criteria to be classified as benign for autosomal dominant RASopathies based on the ACMG/AMP criteria applied, as specified by the ClinGen RASopathy Variant Curation Expert Panel: BA1, BP5 (Specification Version 2.3, 12/3/2024) |",HRAS,B/LB,True
40437,SCV000616398.5,BP5,BP5,APPLIED,2,"In summary, this variant meets criteria to be classified as benign for autosomal dominant RASopathies based on the ACMG/AMP criteria applied, as specified by the ClinGen RASopathy Variant Curation Expert Panel: BA1, BP5 (Specification Version 2.3, 12/3/2024) |",HRAS,B/LB,True
40439,SCV000616400.5,PM2_Supporting,PM2,UNCLEAR,3,The highest population minor allele frequency in gnomAD v4.1.0 is 0.0002053% (2/63238 alleles) in the European (Finnish) population (PM2_Supporting/BS1/BA1 are not met).,HRAS,VUS,True
40439,SCV000616400.5,BS1,BS1,UNCLEAR,3,The highest population minor allele frequency in gnomAD v4.1.0 is 0.0002053% (2/63238 alleles) in the European (Finnish) population (PM2_Supporting/BS1/BA1 are not met).,HRAS,VUS,True
40439,SCV000616400.5,BA1,BA1,UNCLEAR,3,The highest population minor allele frequency in gnomAD v4.1.0 is 0.0002053% (2/63238 alleles) in the European (Finnish) population (PM2_Supporting/BS1/BA1 are not met).,HRAS,VUS,True
40439,SCV000616400.5,BP4,BP4,NOT_MET,1,The computational predictor REVEL gives a score of 0.141 and does not predict a damaging effect on HRAS function (BP4).,HRAS,VUS,True
40439,SCV000616400.5,PS4_Supporting,PS4,UNCLEAR,2,"The c.277A>G (p.Ile93Val) variant has been identified in 1 patient with a features of a RASopathy, however an additional proband inherited this variant from an asymptomatic parent (PS4_Supporting not met, BS2 not met;",HRAS,VUS,True
40439,SCV000616400.5,BS2,BS2,UNCLEAR,2,"The c.277A>G (p.Ile93Val) variant has been identified in 1 patient with a features of a RASopathy, however an additional proband inherited this variant from an asymptomatic parent (PS4_Supporting not met, BS2 not met;",HRAS,VUS,True
40439,SCV000616400.5,BP4,BP4,APPLIED,1,"In summary, this variant meets criteria to be classified as variant of uncertain significance for autosomal dominant RASopathies based on the ACMG/AMP criteria applied, as specified by the ClinGen RASopathy Variant Curation Expert Panel: BP4 (Specification Version 2.1, 09/17/2024) |",HRAS,VUS,True
40440,SCV000616472.4,BA1,BA1,APPLIED_BARE,1,"The filtering allele frequency of the c.309G>A (p.Val103=) variant in the HRAS gene is 0.063% (10/8640) of East Asian chromosomes by the Exome Aggregation Consortium, which is a high enough frequency to be classified as benign based on thresholds defined by the ClinGen RASopathy Expert Panel (BA1;",,,False
40441,SCV000616471.4,BA1,BA1,APPLIED_BARE,1,"The filtering allele frequency of the c.357C>T (p.Asp119=) variant in the HRAS gene is 0.129% (102/66416) of European chromosomes by the Exome Aggregation Consortium, which is a high enough frequency to be classified as benign based on thresholds defined by the ClinGen RASopathy Expert Panel (BA1;",,,False
40442,SCV000616469.4,BA1,BA1,APPLIED_BARE,1,"The filtering allele frequency of the c.378A>G (p.Glu126=) variant in the HRAS gene is 0.095% (23/16510) of South Asian chromosomes by the Exome Aggregation Consortium, which is a high enough frequency to be classified as benign based on thresholds defined by the ClinGen RASopathy Expert Panel (BA1;",,,False
40446,SCV000616468.4,BA1,BA1,APPLIED_BARE,1,"The filtering allele frequency of the c.477G>A (p.Leu159=) variant in the HRAS gene is 0.185% (140/65296) of European chromosomes by the Exome Aggregation Consortium, which is a high enough frequency to be classified as benign based on thresholds defined by the ClinGen RASopathy Expert Panel (BA1;",,,False
40447,SCV000927031.1,BS4,BS4,APPLIED_BARE,1,"The c.508A>T (p.Lys170Ter) variant in the HRAS gene has been identified in patients with cancer and individuals who underwent testing for RASopathies, however it was also identified in an unaffected parent (BS4;",,,False
40447,SCV000927031.1,BA1,BA1,UNCLEAR,2,"The filtering allele frequency of the p.Lys170Ter variant is 0.0034% for European (non-Finnish) chromosomes by the gnomAD aggregation database (8/249358 with 95% CI), which is not a high enough frequency to meet thresholds defined by the ClinGen RASopahty Expert panel for autosomal dominant RASopath",,,False
40447,SCV000927031.1,BS1,BS1,UNCLEAR,2,"The filtering allele frequency of the p.Lys170Ter variant is 0.0034% for European (non-Finnish) chromosomes by the gnomAD aggregation database (8/249358 with 95% CI), which is not a high enough frequency to meet thresholds defined by the ClinGen RASopahty Expert panel for autosomal dominant RASopath",,,False
40447,SCV000927031.1,PVS1,PVS1,UNCLEAR,1,"Furthermore, LOF and/or haploinsufficiency has not been clearly identified as disease mechanisms for these genes relative to the RASopathy spectrum phenotype, therefore the PVS1 rule is not applicable.",,,False
40447,SCV000927031.1,BS4,BS4,APPLIED,1,RASopathy-specific ACMG/AMP criteria applied (PMID:29493581): BS4.,,,False
40448,SCV000616467.4,BA1,BA1,APPLIED_BARE,1,"The filtering allele frequency of the c.520C>T (p.Pro174Ser) variant in the HRAS gene is 0.115% (20/11482) of Latino chromosomes by the Exome Aggregation Consortium, which is a high enough frequency to be classified as benign based on thresholds defined by the ClinGen RASopathy Expert Panel (BA1;",HRAS,B/LB,True
40452,SCV000616405.5,PM2_Supporting,PM2,APPLIED_BARE,1,This variant is absent from gnomAD v2.1.1 (PM2_Supporting).,KRAS,P/LP,True
40452,SCV000616405.5,PP3,PP3,APPLIED_BARE,1,The computational predictor REVEL gives a score of 0.749 supporting a deleterious impact to KRAS function (PP3).,KRAS,P/LP,True
40452,SCV000616405.5,PP2,PP2,APPLIED_BARE,1,"The variant is located in the KRAS gene, which has been defined by the ClinGen RASopathy Expert Panel as a gene with a low rate of benign missense variants and pathogenic missense variants are common (PP2).",KRAS,P/LP,True
40452,SCV000616405.5,PS4,PS4,APPLIED_BARE,2,"This variant has been reported in several individuals with clinical features of a RASopathy, with 2 unconfirmed de novo occurrences (PS4, PM6_VeryStrong;",KRAS,P/LP,True
40452,SCV000616405.5,PM6_Verystrong,PM6,APPLIED_BARE,2,"This variant has been reported in several individuals with clinical features of a RASopathy, with 2 unconfirmed de novo occurrences (PS4, PM6_VeryStrong;",KRAS,P/LP,True
40452,SCV000616405.5,PS3_Supporting,PS3,APPLIED_BARE,1,In vitro functional studies showed that this variant enhanced ERK activation (PS3_Supporting;,KRAS,P/LP,True
40452,SCV000616405.5,PM6_Verystrong,PM6,APPLIED,6,"In summary, this variant meets criteria to be classified as pathogenic for autosomal dominant RASopathies based on the ACMG/AMP criteria applied, as specified by the ClinGen RASopathy Variant Curation Expert Panel: PM6_VeryStrong, PS4, PS3_Supporting, PM2_Supporting, PP2, PP3 (Specification Version ",KRAS,P/LP,True
40452,SCV000616405.5,PS4,PS4,APPLIED,6,"In summary, this variant meets criteria to be classified as pathogenic for autosomal dominant RASopathies based on the ACMG/AMP criteria applied, as specified by the ClinGen RASopathy Variant Curation Expert Panel: PM6_VeryStrong, PS4, PS3_Supporting, PM2_Supporting, PP2, PP3 (Specification Version ",KRAS,P/LP,True
40452,SCV000616405.5,PS3_Supporting,PS3,APPLIED,6,"In summary, this variant meets criteria to be classified as pathogenic for autosomal dominant RASopathies based on the ACMG/AMP criteria applied, as specified by the ClinGen RASopathy Variant Curation Expert Panel: PM6_VeryStrong, PS4, PS3_Supporting, PM2_Supporting, PP2, PP3 (Specification Version ",KRAS,P/LP,True
40452,SCV000616405.5,PM2_Supporting,PM2,APPLIED,6,"In summary, this variant meets criteria to be classified as pathogenic for autosomal dominant RASopathies based on the ACMG/AMP criteria applied, as specified by the ClinGen RASopathy Variant Curation Expert Panel: PM6_VeryStrong, PS4, PS3_Supporting, PM2_Supporting, PP2, PP3 (Specification Version ",KRAS,P/LP,True
40452,SCV000616405.5,PP2,PP2,APPLIED,6,"In summary, this variant meets criteria to be classified as pathogenic for autosomal dominant RASopathies based on the ACMG/AMP criteria applied, as specified by the ClinGen RASopathy Variant Curation Expert Panel: PM6_VeryStrong, PS4, PS3_Supporting, PM2_Supporting, PP2, PP3 (Specification Version ",KRAS,P/LP,True
40452,SCV000616405.5,PP3,PP3,APPLIED,6,"In summary, this variant meets criteria to be classified as pathogenic for autosomal dominant RASopathies based on the ACMG/AMP criteria applied, as specified by the ClinGen RASopathy Variant Curation Expert Panel: PM6_VeryStrong, PS4, PS3_Supporting, PM2_Supporting, PP2, PP3 (Specification Version ",KRAS,P/LP,True
40454,SCV000616368.5,PM2_Supporting,PM2,APPLIED_BARE,1,This variant is absent from gnomAD v4.1.0 (PM2_Supporting).,KRAS,P/LP,True
40454,SCV000616368.5,PP3,PP3,APPLIED_BARE,1,The computational predictor REVEL gives a score of 0.867 supporting a deleterious impact to KRAS function (PP3).,KRAS,P/LP,True
40454,SCV000616368.5,PP2,PP2,APPLIED_BARE,1,"The variant is located in the KRAS gene, which has been defined by the ClinGen RASopathy Expert Panel as a gene with a low rate of benign missense variants and pathogenic missense variants are common (PP2).",KRAS,P/LP,True
40454,SCV000616368.5,PM5,PM5,APPLIED_BARE,1,A different pathogenic missense variant has been previously identified at this codon of KRAS (c.101C>G (p.Pro34Arg)) which may indicate that this residue is critical to the function of the protein (PM5;,KRAS,P/LP,True
40454,SCV000616368.5,PS4_Moderate,PS4,APPLIED_BARE,2,"This variant has been reported in 3 individuals as two confirmed de novo occurrences and one unconfirmed de novo occurrence with clinical features of a RASopathy (PS4_Moderate, PS2_VeryStrong;",KRAS,P/LP,True
40454,SCV000616368.5,PS2_Verystrong,PS2,APPLIED_BARE,2,"This variant has been reported in 3 individuals as two confirmed de novo occurrences and one unconfirmed de novo occurrence with clinical features of a RASopathy (PS4_Moderate, PS2_VeryStrong;",KRAS,P/LP,True
40454,SCV000616368.5,PS3_Supporting,PS3,APPLIED_BARE,1,A RAS activation assay showed that this variant led to increased RAS activation (PS3_Supporting;,KRAS,P/LP,True
40454,SCV000616368.5,PS2_Verystrong,PS2,APPLIED,7,"In summary, this variant meets criteria to be classified as pathogenic for autosomal dominant RASopathies based on the ACMG/AMP criteria applied, as specified by the ClinGen RASopathy Variant Curation Expert Panel: PS2_VeryStrong, PS4_Moderate, PM5, PS3_Supporting, PM2_Supporting, PP2, PP3 (Specific",KRAS,P/LP,True
40454,SCV000616368.5,PS4_Moderate,PS4,APPLIED,7,"In summary, this variant meets criteria to be classified as pathogenic for autosomal dominant RASopathies based on the ACMG/AMP criteria applied, as specified by the ClinGen RASopathy Variant Curation Expert Panel: PS2_VeryStrong, PS4_Moderate, PM5, PS3_Supporting, PM2_Supporting, PP2, PP3 (Specific",KRAS,P/LP,True
40454,SCV000616368.5,PM5,PM5,APPLIED,7,"In summary, this variant meets criteria to be classified as pathogenic for autosomal dominant RASopathies based on the ACMG/AMP criteria applied, as specified by the ClinGen RASopathy Variant Curation Expert Panel: PS2_VeryStrong, PS4_Moderate, PM5, PS3_Supporting, PM2_Supporting, PP2, PP3 (Specific",KRAS,P/LP,True
40454,SCV000616368.5,PS3_Supporting,PS3,APPLIED,7,"In summary, this variant meets criteria to be classified as pathogenic for autosomal dominant RASopathies based on the ACMG/AMP criteria applied, as specified by the ClinGen RASopathy Variant Curation Expert Panel: PS2_VeryStrong, PS4_Moderate, PM5, PS3_Supporting, PM2_Supporting, PP2, PP3 (Specific",KRAS,P/LP,True
40454,SCV000616368.5,PM2_Supporting,PM2,APPLIED,7,"In summary, this variant meets criteria to be classified as pathogenic for autosomal dominant RASopathies based on the ACMG/AMP criteria applied, as specified by the ClinGen RASopathy Variant Curation Expert Panel: PS2_VeryStrong, PS4_Moderate, PM5, PS3_Supporting, PM2_Supporting, PP2, PP3 (Specific",KRAS,P/LP,True
40454,SCV000616368.5,PP2,PP2,APPLIED,7,"In summary, this variant meets criteria to be classified as pathogenic for autosomal dominant RASopathies based on the ACMG/AMP criteria applied, as specified by the ClinGen RASopathy Variant Curation Expert Panel: PS2_VeryStrong, PS4_Moderate, PM5, PS3_Supporting, PM2_Supporting, PP2, PP3 (Specific",KRAS,P/LP,True
40454,SCV000616368.5,PP3,PP3,APPLIED,7,"In summary, this variant meets criteria to be classified as pathogenic for autosomal dominant RASopathies based on the ACMG/AMP criteria applied, as specified by the ClinGen RASopathy Variant Curation Expert Panel: PS2_VeryStrong, PS4_Moderate, PM5, PS3_Supporting, PM2_Supporting, PP2, PP3 (Specific",KRAS,P/LP,True
40476,SCV005903312.1,BP4,BP4,APPLIED_BARE,2,"In addition, it occurs at a nucleotide that is not conserved as shown by UCSC Genome Browser (BP4, BP7).",,,False
40476,SCV005903312.1,BP7,BP7,APPLIED_BARE,2,"In addition, it occurs at a nucleotide that is not conserved as shown by UCSC Genome Browser (BP4, BP7).",,,False
40476,SCV005903312.1,BS1,BS1,APPLIED,2,"The filtering allele frequency (the lower threshold of the 95% CI of 77/129188) of the c.360G>A variant in NRAS is 0.0004832 for European (non-Finnish) chromosomes by gnomAD v2.1.1, which is higher than the ClinGen RASopathy VCEP threshold (≥0.00025) for BS1, and therefore meets this criterion (BS1)",,,False
40476,SCV005903312.1,BS1,BS1,APPLIED,2,"The filtering allele frequency (the lower threshold of the 95% CI of 77/129188) of the c.360G>A variant in NRAS is 0.0004832 for European (non-Finnish) chromosomes by gnomAD v2.1.1, which is higher than the ClinGen RASopathy VCEP threshold (≥0.00025) for BS1, and therefore meets this criterion (BS1)",,,False
40476,SCV005903312.1,BS1,BS1,APPLIED,4,"In summary, this variant meets the criteria to be classified as likely benign for autosomal dominant RASopathy based on the ACMG/AMP criteria applied, as specified by the ClinGen RASopathy VCEP: BS1, BP4, BP5, BP7.",,,False
40476,SCV005903312.1,BP4,BP4,APPLIED,4,"In summary, this variant meets the criteria to be classified as likely benign for autosomal dominant RASopathy based on the ACMG/AMP criteria applied, as specified by the ClinGen RASopathy VCEP: BS1, BP4, BP5, BP7.",,,False
40476,SCV005903312.1,BP5,BP5,APPLIED,4,"In summary, this variant meets the criteria to be classified as likely benign for autosomal dominant RASopathy based on the ACMG/AMP criteria applied, as specified by the ClinGen RASopathy VCEP: BS1, BP4, BP5, BP7.",,,False
40476,SCV005903312.1,BP7,BP7,APPLIED,4,"In summary, this variant meets the criteria to be classified as likely benign for autosomal dominant RASopathy based on the ACMG/AMP criteria applied, as specified by the ClinGen RASopathy VCEP: BS1, BP4, BP5, BP7.",,,False
40484,SCV000616407.5,PM2_Supporting,PM2,APPLIED_BARE,1,This variant is absent from gnomAD v2.1.1 (PM2_supporting).,PTPN11,P/LP,True
40484,SCV000616407.5,PP3,PP3,APPLIED_BARE,1,"The computational predictor REVEL gives a score of 0.912, which is above the threshold of 0.7, evidence that correlates with impact to PTPN11 function (PP3).",PTPN11,P/LP,True
40484,SCV000616407.5,PP2,PP2,APPLIED_BARE,1,"The variant is located in the PTPN11 gene, which has been defined by the ClinGen RASopathy Expert Panel as a gene with a low rate of benign missense variants and pathogenic missense variants are a common mechanism of disease (PP2;",PTPN11,P/LP,True
40484,SCV000616407.5,PS4,PS4,APPLIED_BARE,1,"This variant has been reported in 11 probands from 9 families with features of Noonan Syndrome (PS4, 8.0 pts.;",PTPN11,P/LP,True
40484,SCV000616407.5,PS2,PS2,APPLIED_BARE,1,"This variant has been identified as a de novo occurrence with confirmed parental relationships in 1 individual with Noonan Syndrome (PS2, 2.0 pts.;",PTPN11,P/LP,True
40484,SCV000616407.5,PM2_Supporting,PM2,APPLIED,5,"In summary, this variant meets the criteria to be classified as pathogenic for autosomal dominant RASopathy based on the ACMG/AMP criteria applied, as specified by the ClinGen RASopathy VCEP: (PM2_supporting, PP3, PP2, PS4, PS2.",PTPN11,P/LP,True
40484,SCV000616407.5,PP3,PP3,APPLIED,5,"In summary, this variant meets the criteria to be classified as pathogenic for autosomal dominant RASopathy based on the ACMG/AMP criteria applied, as specified by the ClinGen RASopathy VCEP: (PM2_supporting, PP3, PP2, PS4, PS2.",PTPN11,P/LP,True
40484,SCV000616407.5,PP2,PP2,APPLIED,5,"In summary, this variant meets the criteria to be classified as pathogenic for autosomal dominant RASopathy based on the ACMG/AMP criteria applied, as specified by the ClinGen RASopathy VCEP: (PM2_supporting, PP3, PP2, PS4, PS2.",PTPN11,P/LP,True
40484,SCV000616407.5,PS4,PS4,APPLIED,5,"In summary, this variant meets the criteria to be classified as pathogenic for autosomal dominant RASopathy based on the ACMG/AMP criteria applied, as specified by the ClinGen RASopathy VCEP: (PM2_supporting, PP3, PP2, PS4, PS2.",PTPN11,P/LP,True
40484,SCV000616407.5,PS2,PS2,APPLIED,5,"In summary, this variant meets the criteria to be classified as pathogenic for autosomal dominant RASopathy based on the ACMG/AMP criteria applied, as specified by the ClinGen RASopathy VCEP: (PM2_supporting, PP3, PP2, PS4, PS2.",PTPN11,P/LP,True
40485,SCV000927038.1,PS2,PS2,APPLIED_BARE,1,The c.166A>G (p.Ile56Val) variant in PTPN11 has been reported as a confirmed de novo occurrence in a patient with clinical features of a RASopathy (PS2;,PTPN11,P/LP,True
40485,SCV000927038.1,PS4,PS4,APPLIED_BARE,1,The p.Ile56Val variant has been identified in at least 5 independent occurrences in patients with clinical features of a RASopathy (PS4;,PTPN11,P/LP,True
40485,SCV000927038.1,PM2,PM2,APPLIED_BARE,1,This variant was absent from large population studies (PM2;,PTPN11,P/LP,True
40485,SCV000927038.1,PP3,PP3,APPLIED_BARE,1,Computational prediction tools and conservation analysis suggest that the p.Ile56Val variant may impact the protein (PP3).,PTPN11,P/LP,True
40485,SCV000927038.1,PP2,PP2,APPLIED_BARE,1,"The variant is located in the PTPN11 gene, which has been defined by the ClinGen RASopathy Expert Panel as a gene with a low rate of benign missense variants and pathogenic missense variants are common (PP2;",PTPN11,P/LP,True
40485,SCV000927038.1,PS2,PS2,APPLIED,5,"Rasopathy-specific ACMG/AMP criteria applied (PMID:29493581): PS2, PS4, PM2, PP3, PP2.",PTPN11,P/LP,True
40485,SCV000927038.1,PS4,PS4,APPLIED,5,"Rasopathy-specific ACMG/AMP criteria applied (PMID:29493581): PS2, PS4, PM2, PP3, PP2.",PTPN11,P/LP,True
40485,SCV000927038.1,PM2,PM2,APPLIED,5,"Rasopathy-specific ACMG/AMP criteria applied (PMID:29493581): PS2, PS4, PM2, PP3, PP2.",PTPN11,P/LP,True
40485,SCV000927038.1,PP3,PP3,APPLIED,5,"Rasopathy-specific ACMG/AMP criteria applied (PMID:29493581): PS2, PS4, PM2, PP3, PP2.",PTPN11,P/LP,True
40485,SCV000927038.1,PP2,PP2,APPLIED,5,"Rasopathy-specific ACMG/AMP criteria applied (PMID:29493581): PS2, PS4, PM2, PP3, PP2.",PTPN11,P/LP,True
40498,SCV001192883.1,PS4,PS4,APPLIED_BARE,1,The c.205G>C (p.Glu69Gln) variant in PTPN11 has been observed in at least 25 probands diagnosed with autosomal dominant Noonan syndrome (NS) across 7 publications and 2 clinical labs (PS4;,PTPN11,P/LP,True
40498,SCV001192883.1,PP1,PP1,UNCLEAR,1,"This variant was identified as de novo in 6 cases and segregated with disease in 1 additional individual in 1 family (PM6_VS, PP1 not met;",PTPN11,P/LP,True
40498,SCV001192883.1,PM2,PM2,APPLIED_BARE,1,This variant was absent from large population databases (PM2;,PTPN11,P/LP,True
40498,SCV001192883.1,PM1,PM1,APPLIED_BARE,1,"It occurs in the N-SH2 domain of the protein, which has been identified as a region important for protein function (PM1;",PTPN11,P/LP,True
40498,SCV001192883.1,PP2,PP2,APPLIED_BARE,1,PTPN11 has been defined by the ClinGen RASopathy Expert Panel as a gene with a low rate of benign missense variants and pathogenic missense variants are common (PP2;,PTPN11,P/LP,True
40498,SCV001192883.1,PP3,PP3,APPLIED_BARE,1,Computational prediction tools and conservation analyses suggest that this variant may impact the protein (PP3).,PTPN11,P/LP,True
40498,SCV001192883.1,PS4,PS4,APPLIED,5,"ACMG/AMP criteria applied: PM6_VS, PS4, PM1, PM2, PP2, PP3.",PTPN11,P/LP,True
40498,SCV001192883.1,PM1,PM1,APPLIED,5,"ACMG/AMP criteria applied: PM6_VS, PS4, PM1, PM2, PP2, PP3.",PTPN11,P/LP,True
40498,SCV001192883.1,PM2,PM2,APPLIED,5,"ACMG/AMP criteria applied: PM6_VS, PS4, PM1, PM2, PP2, PP3.",PTPN11,P/LP,True
40498,SCV001192883.1,PP2,PP2,APPLIED,5,"ACMG/AMP criteria applied: PM6_VS, PS4, PM1, PM2, PP2, PP3.",PTPN11,P/LP,True
40498,SCV001192883.1,PP3,PP3,APPLIED,5,"ACMG/AMP criteria applied: PM6_VS, PS4, PM1, PM2, PP2, PP3.",PTPN11,P/LP,True
40504,SCV000616408.4,PS4,PS4,UNCLEAR,1,The c.244A>G p.Met82Val variant in PTPN11 has been identified in patients with clinical features of a RASopathy (PS4 not met;,PTPN11,VUS,True
40504,SCV000616408.4,BP5,BP5,APPLIED_BARE,1,This variant has been identified in a patient with an alternate molecular basis for disease (BP5;,PTPN11,VUS,True
40504,SCV000616408.4,PP2,PP2,APPLIED_BARE,1,"The variant is located in the PTPN11 gene, which has been defined by the ClinGen RASopathy Expert Panel as a gene with a low rate of benign missense variants and pathogenic missense variants are common (PP2;",PTPN11,VUS,True
40504,SCV000616408.4,BP5,BP5,APPLIED,2,"RASopathy-specific ACMG/AMP criteria applied (PMID:29493581): BP5, PP2.",PTPN11,VUS,True
40504,SCV000616408.4,PP2,PP2,APPLIED,2,"RASopathy-specific ACMG/AMP criteria applied (PMID:29493581): BP5, PP2.",PTPN11,VUS,True
40511,SCV000616444.4,BS1,BS1,APPLIED_BARE,1,"The filtering allele frequency of the c.333-3T>C variant in the PTPN11 gene is 0.0276% (6/9456) of African chromosomes by the Exome Aggregation Consortium, which is a high enough frequency to be classified as likely benign based on thresholds defined by the ClinGen RASopathy Expert Panel (BS1;",,,False
40513,SCV000616373.3,PS2_Verystrong,PS2,APPLIED_BARE,1,The c.417G>C (p.Glu139Asp) variant in PTPN11 has been reported as a confirmed de novo occurrence in at least 2 patients and at least 5 other independent occurrences in patients with clinical features of a RASopathy (PS2_VeryStrong;,PTPN11,P/LP,True
40513,SCV000616373.3,PS4,PS4,APPLIED_BARE,1,PS4;,PTPN11,P/LP,True
40513,SCV000616373.3,PM2,PM2,APPLIED_BARE,1,This variant was absent from large population studies (PM2;,PTPN11,P/LP,True
40513,SCV000616373.3,PS3,PS3,APPLIED_BARE,1,In vitro functional studies provide some evidence that the p.Glu139Asp variant may impact protein function (PS3;,PTPN11,P/LP,True
40513,SCV000616373.3,PP2,PP2,APPLIED_BARE,1,"The variant is located in the PTPN11 gene, which has been defined by the ClinGen RASopathy Expert Panel as a gene with a low rate of benign missense variants and pathogenic missense variants are common (PP2;",PTPN11,P/LP,True
40513,SCV000616373.3,PP3,PP3,APPLIED_BARE,1,Computational prediction tools and conservation analysis suggest that the c.417G>C (p.Glu139Asp) variant may impact the protein (PP3).,PTPN11,P/LP,True
40513,SCV000616373.3,PS2_Verystrong,PS2,APPLIED,6,"Rasopathy-specific ACMG/AMP criteria applied (PMID:29493581): PS2_VeryStrong, PS3, PS4, PM2, PP2, PP3.",PTPN11,P/LP,True
40513,SCV000616373.3,PS3,PS3,APPLIED,6,"Rasopathy-specific ACMG/AMP criteria applied (PMID:29493581): PS2_VeryStrong, PS3, PS4, PM2, PP2, PP3.",PTPN11,P/LP,True
40513,SCV000616373.3,PS4,PS4,APPLIED,6,"Rasopathy-specific ACMG/AMP criteria applied (PMID:29493581): PS2_VeryStrong, PS3, PS4, PM2, PP2, PP3.",PTPN11,P/LP,True
40513,SCV000616373.3,PM2,PM2,APPLIED,6,"Rasopathy-specific ACMG/AMP criteria applied (PMID:29493581): PS2_VeryStrong, PS3, PS4, PM2, PP2, PP3.",PTPN11,P/LP,True
40513,SCV000616373.3,PP2,PP2,APPLIED,6,"Rasopathy-specific ACMG/AMP criteria applied (PMID:29493581): PS2_VeryStrong, PS3, PS4, PM2, PP2, PP3.",PTPN11,P/LP,True
40513,SCV000616373.3,PP3,PP3,APPLIED,6,"Rasopathy-specific ACMG/AMP criteria applied (PMID:29493581): PS2_VeryStrong, PS3, PS4, PM2, PP2, PP3.",PTPN11,P/LP,True
40516,SCV000616411.4,BA1,BA1,APPLIED_BARE,1,"The filtering allele frequency of the c.525+12G>C variant in the PTPN11 gene is 1.4% for European (Non-Finnish) chromosomes by the Exome Aggregation Consortium (969/66644 with 95% CI), which is a high enough frequency to be classified as benign based on thresholds defined by the ClinGen RASopathy Ex",,,False
40520,SCV000616414.4,PM6_Strong,PM6,APPLIED_BARE,1,The c.781C>T (p.Leu261Phe) variant in PTPN11 has been reported in the literature in at least 2 unconfirmed de novo occurrences in patients with clinical features of a RASopathy (PM6_Strong;,PTPN11,P/LP,True
40520,SCV000616414.4,PS4_Moderate,PS4,APPLIED_BARE,1,The p.Leu261Phe variant has also been identified in at least 4 independent occurrences in patients with a RASopathy (PS4_Moderate;,PTPN11,P/LP,True
40520,SCV000616414.4,PM2,PM2,APPLIED_BARE,1,This variant was absent from large population studies (PM2;,PTPN11,P/LP,True
40520,SCV000616414.4,PM1,PM1,APPLIED_BARE,1,"Furthermore, the variant is in a location that has been defined by the ClinGen RASopathy Expert Panel to be a mutational hotspot or domain of PTPN11 (PM1;",PTPN11,P/LP,True
40520,SCV000616414.4,PP2,PP2,APPLIED_BARE,1,"The variant is located in the PTPN11 gene, which has been defined by the ClinGen RASopathy Expert Panel as a gene with a low rate of benign missense variants and pathogenic missense variants are common (PP2;",PTPN11,P/LP,True
40520,SCV000616414.4,PM6_Strong,PM6,APPLIED,5,"Rasopathy-specific ACMG/AMP criteria applied (PMID:29493581): PM6_Strong, PS4_Moderate, PM2, PM1, PP2.",PTPN11,P/LP,True
40520,SCV000616414.4,PS4_Moderate,PS4,APPLIED,5,"Rasopathy-specific ACMG/AMP criteria applied (PMID:29493581): PM6_Strong, PS4_Moderate, PM2, PM1, PP2.",PTPN11,P/LP,True
40520,SCV000616414.4,PM2,PM2,APPLIED,5,"Rasopathy-specific ACMG/AMP criteria applied (PMID:29493581): PM6_Strong, PS4_Moderate, PM2, PM1, PP2.",PTPN11,P/LP,True
40520,SCV000616414.4,PM1,PM1,APPLIED,5,"Rasopathy-specific ACMG/AMP criteria applied (PMID:29493581): PM6_Strong, PS4_Moderate, PM2, PM1, PP2.",PTPN11,P/LP,True
40520,SCV000616414.4,PP2,PP2,APPLIED,5,"Rasopathy-specific ACMG/AMP criteria applied (PMID:29493581): PM6_Strong, PS4_Moderate, PM2, PM1, PP2.",PTPN11,P/LP,True
40522,SCV000616412.5,PP3,PP3,APPLIED_BARE,1,"The computational predictor REVEL gives a score of 0.814, which is above the RASopathy VCEP threshold of 0.7, evidence that correlates with impact to PTPN11 function (PP3).",PTPN11,P/LP,True
40522,SCV000616412.5,PP2,PP2,APPLIED_BARE,1,The Z-score for missense variants in PTPN11 in gnomAD v4.1.0 is 4.95 (PP2;,PTPN11,P/LP,True
40522,SCV000616412.5,PM1,PM1,APPLIED_BARE,1,This variant resides at a residue (amino acid 265) of PTPN11 that is defined as a mutational hotspot and/or critical functional domain by the ClinGen RASopathy VCEP (PM1;,PTPN11,P/LP,True
40522,SCV000616412.5,PS4,PS4,APPLIED_BARE,1,"The p.Arg265Gln variant has been identified in 7 probands with clinical features of Noonan Syndrome included in this curation (PS4, 6.5 points.;",PTPN11,P/LP,True
40522,SCV000616412.5,PS2,PS2,APPLIED_BARE,1,"The c.794G>A p.Arg265Gln variant in PTPN11 has been reported as an unconfirmed de novo occurrence in 1 patient with clinical features of a RASopathy, and as a confirmed de novo case in 2 patients included in this curation (5.0 PS2 points;",PTPN11,P/LP,True
40522,SCV000616412.5,PS4,PS4,APPLIED,2,"Additional case level-data is available, but enough evidence to apply PS4 and PS2_VeryStrong, the maximum strengths of these codes, have already been met.",PTPN11,P/LP,True
40522,SCV000616412.5,PS2_Verystrong,PS2,APPLIED,2,"Additional case level-data is available, but enough evidence to apply PS4 and PS2_VeryStrong, the maximum strengths of these codes, have already been met.",PTPN11,P/LP,True
40522,SCV000616412.5,PS3_Moderate,PS3,APPLIED_BARE,1,"Two studies, an analysis in HEK293 cells and an in-vitro phosphatase assay, both showed significantly increased phosphatase activity for the p.Arg265Gln mutant compared to the wild-type (PS3_moderate;",PTPN11,P/LP,True
40522,SCV000616412.5,PP3,PP3,APPLIED,6,"In summary, this variant meets the criteria to be classified as pathogenic for autosomal dominant RASopathy based on the ACMG/AMP criteria applied, as specified by the ClinGen RASopathy VCEP: PP3, PP2, PM1, PS4, PS2_VeryStrong, PS3_moderate (VCEP specifications version 2.3.0;",PTPN11,P/LP,True
40522,SCV000616412.5,PP2,PP2,APPLIED,6,"In summary, this variant meets the criteria to be classified as pathogenic for autosomal dominant RASopathy based on the ACMG/AMP criteria applied, as specified by the ClinGen RASopathy VCEP: PP3, PP2, PM1, PS4, PS2_VeryStrong, PS3_moderate (VCEP specifications version 2.3.0;",PTPN11,P/LP,True
40522,SCV000616412.5,PM1,PM1,APPLIED,6,"In summary, this variant meets the criteria to be classified as pathogenic for autosomal dominant RASopathy based on the ACMG/AMP criteria applied, as specified by the ClinGen RASopathy VCEP: PP3, PP2, PM1, PS4, PS2_VeryStrong, PS3_moderate (VCEP specifications version 2.3.0;",PTPN11,P/LP,True
40522,SCV000616412.5,PS4,PS4,APPLIED,6,"In summary, this variant meets the criteria to be classified as pathogenic for autosomal dominant RASopathy based on the ACMG/AMP criteria applied, as specified by the ClinGen RASopathy VCEP: PP3, PP2, PM1, PS4, PS2_VeryStrong, PS3_moderate (VCEP specifications version 2.3.0;",PTPN11,P/LP,True
40522,SCV000616412.5,PS2_Verystrong,PS2,APPLIED,6,"In summary, this variant meets the criteria to be classified as pathogenic for autosomal dominant RASopathy based on the ACMG/AMP criteria applied, as specified by the ClinGen RASopathy VCEP: PP3, PP2, PM1, PS4, PS2_VeryStrong, PS3_moderate (VCEP specifications version 2.3.0;",PTPN11,P/LP,True
40522,SCV000616412.5,PS3_Moderate,PS3,APPLIED,6,"In summary, this variant meets the criteria to be classified as pathogenic for autosomal dominant RASopathy based on the ACMG/AMP criteria applied, as specified by the ClinGen RASopathy VCEP: PP3, PP2, PM1, PS4, PS2_VeryStrong, PS3_moderate (VCEP specifications version 2.3.0;",PTPN11,P/LP,True
40530,SCV000616413.4,BA1,BA1,APPLIED_BARE,1,"The filtering allele frequency of the c.854-32A>C variant in the PTPN11 gene is 15.2% for Latino chromosomes by the Exome Aggregation Consortium (1824/11514 with 95% CI), which is a high enough frequency to be classified as benign based on thresholds defined by the ClinGen RASopathy Expert panel for",,,False
40536,SCV000616415.4,BA1,BA1,APPLIED_BARE,1,"The filtering allele frequency of the c.925A>G (p.Ile309Val) variant in the PTPN11 gene is 0.04% for European (Non-Finnish) chromosomes by the Exome Aggregation Consortium (46/66736 with 95% CI), which is a high enough frequency to be classified as benign based on thresholds defined by the ClinGen R",PTPN11,B/LB,True
40541,SCV000616450.4,BA1,BA1,APPLIED_BARE,1,"The filtering allele frequency of the c.1052G>A (p.Arg351Gln) variant in the PTPN11 gene is 0.263% (55/16488) of South Asian chromosomes by the Exome Aggregation Consortium, which is a high enough frequency to be classified as benign based on thresholds defined by the ClinGen RASopathy Expert Panel ",PTPN11,B/LB,True
40562,SCV000616376.3,PM6_Strong,PM6,APPLIED_BARE,2,"The c.1510A>G (p.Met504Val) variant in PTPN11 has been reported in the literature in at least 2 unconfirmed de novo occurrences in patients and 3 independent occurrences in patients with clinical features of a RASopathy (PM6_Strong, PS4;",PTPN11,P/LP,True
40562,SCV000616376.3,PS4,PS4,APPLIED_BARE,2,"The c.1510A>G (p.Met504Val) variant in PTPN11 has been reported in the literature in at least 2 unconfirmed de novo occurrences in patients and 3 independent occurrences in patients with clinical features of a RASopathy (PM6_Strong, PS4;",PTPN11,P/LP,True
40562,SCV000616376.3,PS3,PS3,APPLIED_BARE,1,In vitro functional studies provide some evidence that the p.Met504Val variant may impact protein function (PS3;,PTPN11,P/LP,True
40562,SCV000616376.3,PP2,PP2,APPLIED_BARE,1,"The variant is located in the PTPN11 gene, which has been defined by the ClinGen RASopathy Expert Panel as a gene with a low rate of benign missense variants and pathogenic missense variants are common (PP2;",PTPN11,P/LP,True
40562,SCV000616376.3,PP3,PP3,APPLIED_BARE,1,Computational prediction tools and conservation analysis suggest that the p.Met504Val variant may impact the protein (PP3).,PTPN11,P/LP,True
40562,SCV000616376.3,PS3,PS3,APPLIED,5,"Rasopathy-specific ACMG/AMP criteria applied (PMID:29493581): PS3, PM6_Strong, PS4_Moderate, PP2, PP3.",PTPN11,P/LP,True
40562,SCV000616376.3,PM6_Strong,PM6,APPLIED,5,"Rasopathy-specific ACMG/AMP criteria applied (PMID:29493581): PS3, PM6_Strong, PS4_Moderate, PP2, PP3.",PTPN11,P/LP,True
40562,SCV000616376.3,PS4_Moderate,PS4,APPLIED,5,"Rasopathy-specific ACMG/AMP criteria applied (PMID:29493581): PS3, PM6_Strong, PS4_Moderate, PP2, PP3.",PTPN11,P/LP,True
40562,SCV000616376.3,PP2,PP2,APPLIED,5,"Rasopathy-specific ACMG/AMP criteria applied (PMID:29493581): PS3, PM6_Strong, PS4_Moderate, PP2, PP3.",PTPN11,P/LP,True
40562,SCV000616376.3,PP3,PP3,APPLIED,5,"Rasopathy-specific ACMG/AMP criteria applied (PMID:29493581): PS3, PM6_Strong, PS4_Moderate, PP2, PP3.",PTPN11,P/LP,True
40563,SCV006336785.1,PM2_Supporting,PM2,APPLIED_BARE,1,This variant is absent from gnomAD v2.1.1 (PM2_supporting).,PTPN11,P/LP,True
40563,SCV006336785.1,PP3,PP3,APPLIED_BARE,1,"The computational predictor REVEL gives a score of 0.9, which is above the RASopathy VCEP threshold of 0.7, evidence that correlates with impact to PTPN11 function (PP3).",PTPN11,P/LP,True
40563,SCV006336785.1,PP2,PP2,APPLIED_BARE,1,The Z-score for missense variants in PTPN11 in gnomAD v4.1.0 is 4.95 (PP2;,PTPN11,P/LP,True
40563,SCV006336785.1,PS4,PS4,APPLIED_BARE,1,This variant has been reported in 7 probands with clinical features of Noonan Syndrome with multiple lentigines (PS4;,PTPN11,P/LP,True
40563,SCV006336785.1,PS4,PS4,APPLIED,1,"More evidence is available in the literature, but the score to apply PS4 at full strength has already been met.",PTPN11,P/LP,True
40563,SCV006336785.1,PM6_Strong,PM6,APPLIED_BARE,1,"This variant has been identified as a de novo occurrence with unconfirmed parental relationships in 4 individuals with Noonan Syndrome with Multiple Lentigines (PM6_strong, 3.5 points;",PTPN11,P/LP,True
40563,SCV006336785.1,PS3_Moderate,PS3,APPLIED_BARE,1,Each of these three assays indicate that the variant impacts protein function (PS3_moderate;,PTPN11,P/LP,True
40563,SCV006336785.1,PM2_Supporting,PM2,APPLIED,6,"In summary, this variant meets the criteria to be classified as pathogenic for autosomal dominant RASopathy based on the ACMG/AMP criteria applied, as specified by the ClinGen RASopathy VCEP: PM2_supporting, PP3, PP2, PS4, PM6_strong, PS3 (Specifications Version 2.3.0;",PTPN11,P/LP,True
40563,SCV006336785.1,PP3,PP3,APPLIED,6,"In summary, this variant meets the criteria to be classified as pathogenic for autosomal dominant RASopathy based on the ACMG/AMP criteria applied, as specified by the ClinGen RASopathy VCEP: PM2_supporting, PP3, PP2, PS4, PM6_strong, PS3 (Specifications Version 2.3.0;",PTPN11,P/LP,True
40563,SCV006336785.1,PP2,PP2,APPLIED,6,"In summary, this variant meets the criteria to be classified as pathogenic for autosomal dominant RASopathy based on the ACMG/AMP criteria applied, as specified by the ClinGen RASopathy VCEP: PM2_supporting, PP3, PP2, PS4, PM6_strong, PS3 (Specifications Version 2.3.0;",PTPN11,P/LP,True
40563,SCV006336785.1,PS4,PS4,APPLIED,6,"In summary, this variant meets the criteria to be classified as pathogenic for autosomal dominant RASopathy based on the ACMG/AMP criteria applied, as specified by the ClinGen RASopathy VCEP: PM2_supporting, PP3, PP2, PS4, PM6_strong, PS3 (Specifications Version 2.3.0;",PTPN11,P/LP,True
40563,SCV006336785.1,PM6_Strong,PM6,APPLIED,6,"In summary, this variant meets the criteria to be classified as pathogenic for autosomal dominant RASopathy based on the ACMG/AMP criteria applied, as specified by the ClinGen RASopathy VCEP: PM2_supporting, PP3, PP2, PS4, PM6_strong, PS3 (Specifications Version 2.3.0;",PTPN11,P/LP,True
40563,SCV006336785.1,PS3,PS3,APPLIED,6,"In summary, this variant meets the criteria to be classified as pathogenic for autosomal dominant RASopathy based on the ACMG/AMP criteria applied, as specified by the ClinGen RASopathy VCEP: PM2_supporting, PP3, PP2, PS4, PM6_strong, PS3 (Specifications Version 2.3.0;",PTPN11,P/LP,True
40567,SCV000616416.4,PM6_Strong,PM6,APPLIED_BARE,1,The c.1530G>C (p.Gln510His) variant in PTPN11 has been reported in the literature in at least 2 unconfirmed de novo occurrences in patients with clinical features of a RASopathy (PM6_Strong;,PTPN11,P/LP,True
40567,SCV000616416.4,PM5_Strong,PM5,APPLIED_BARE,1,At least 2 other pathogenic missense variants have been previously identified at this codon of PTPN11 which may indicate that this residue is critical to the function of the protein (PM5_Strong;,PTPN11,P/LP,True
40567,SCV000616416.4,PM2,PM2,APPLIED_BARE,1,This variant was absent from large population studies (PM2;,PTPN11,P/LP,True
40567,SCV000616416.4,PP2,PP2,APPLIED_BARE,1,"The variant is located in the PTPN11 gene, which has been defined by the ClinGen RASopathy Expert Panel as a gene with a low rate of benign missense variants and pathogenic missense variants are common (PP2;",PTPN11,P/LP,True
40567,SCV000616416.4,PP3,PP3,APPLIED_BARE,1,Computational prediction tools and conservation analysis suggest that the p.Gln510His variant may impact the protein (PP3).,PTPN11,P/LP,True
40567,SCV000616416.4,PM6_Strong,PM6,APPLIED,5,"ACMG/AMP criteria applied: PM6_Strong, PM5_Strong, PM2, PP3, PP2.",PTPN11,P/LP,True
40567,SCV000616416.4,PM5_Strong,PM5,APPLIED,5,"ACMG/AMP criteria applied: PM6_Strong, PM5_Strong, PM2, PP3, PP2.",PTPN11,P/LP,True
40567,SCV000616416.4,PM2,PM2,APPLIED,5,"ACMG/AMP criteria applied: PM6_Strong, PM5_Strong, PM2, PP3, PP2.",PTPN11,P/LP,True
40567,SCV000616416.4,PP3,PP3,APPLIED,5,"ACMG/AMP criteria applied: PM6_Strong, PM5_Strong, PM2, PP3, PP2.",PTPN11,P/LP,True
40567,SCV000616416.4,PP2,PP2,APPLIED,5,"ACMG/AMP criteria applied: PM6_Strong, PM5_Strong, PM2, PP3, PP2.",PTPN11,P/LP,True
40570,SCV000616417.5,BA1,BA1,APPLIED_BARE,1,"The filtering allele frequency of the c.1658C>T (p.Thr553Met) variant in the PTPN11 gene (NM_002834.5(PTPN11):c.1658C>T (p.Thr553Met)) is 0.048% for European (Non-Finnish) chromosomes by the Exome Aggregation Consortium (49/66556 with 95% CI), which is a high enough frequency to be classified as ben",PTPN11,B/LB,True
40570,SCV000616417.5,BP4,BP4,NOT_MET,1,Computational prediction tools and conservation analysis suggest that the p.Thr553Met variant does not impact the protein (BP4).,PTPN11,B/LB,True
40570,SCV000616417.5,BA1,BA1,APPLIED,2,"RASopathy-specific ACMG/AMP criteria applied: BA1, BP4 (Version 2.1;",PTPN11,B/LB,True
40570,SCV000616417.5,BP4,BP4,APPLIED,2,"RASopathy-specific ACMG/AMP criteria applied: BA1, BP4 (Version 2.1;",PTPN11,B/LB,True
40573,SCV001192876.1,BA1,BA1,APPLIED_BARE,1,The c.-339_-338delAG variant in RAF1 is classified as benign because it has been identified in 0.33579% (95% CI of 63/15050) of non-Finnish European alleles in gnomAD (BA1;,,,False
40573,SCV001192876.1,BP4,BP4,APPLIED_BARE,2,"This variant is not located within the splice consensus sequence and computational splice site prediction tools do not predict an impact on splicing (BP4, BP7).",,,False
40573,SCV001192876.1,BP7,BP7,APPLIED_BARE,2,"This variant is not located within the splice consensus sequence and computational splice site prediction tools do not predict an impact on splicing (BP4, BP7).",,,False
40573,SCV001192876.1,BP5,BP5,APPLIED_BARE,1,This variant was identified in 4 individuals with Noonan syndrome who carried additional pathogenic variants in PTPN11 sufficient to explain their clinical presentations (BP5).,,,False
40573,SCV001192876.1,BA1,BA1,APPLIED,4,"ACMG/AMP Criteria applied: BA1, BP4, BP5, BP7.",,,False
40573,SCV001192876.1,BP4,BP4,APPLIED,4,"ACMG/AMP Criteria applied: BA1, BP4, BP5, BP7.",,,False
40573,SCV001192876.1,BP5,BP5,APPLIED,4,"ACMG/AMP Criteria applied: BA1, BP4, BP5, BP7.",,,False
40573,SCV001192876.1,BP7,BP7,APPLIED,4,"ACMG/AMP Criteria applied: BA1, BP4, BP5, BP7.",,,False
40575,SCV001192861.1,BA1,BA1,APPLIED_BARE,1,"The filtering allele frequency for the c.-267G>A is 6.32% for African chromosomes in gnomAD (68/8706 with 95% CI) (https://gnomad.broadinstitute.org/), which is a high enough frequency to be classified as benign based on thresholds defined by the ClinGen RASopathy Expert panel for autosomal dominant",,,False
40575,SCV001192861.1,BP5,BP5,APPLIED_BARE,1,The variant has also been identified in a patient with an alternate molecular basis for disease (BP5;,,,False
40575,SCV001192861.1,BA1,BA1,APPLIED,2,"RASopathy-specific ACMG/AMP criteria applied (PMID:29493581): BA1, BP5.",,,False
40575,SCV001192861.1,BP5,BP5,APPLIED,2,"RASopathy-specific ACMG/AMP criteria applied (PMID:29493581): BA1, BP5.",,,False
40576,SCV001192875.1,BA1,BA1,APPLIED_BARE,1,The c.-204G>C variant in RAF1 is classified as benign because it has been identified in 0.15126% (95% CI of 32/15402) of non-Finnish European chromosomes in gnomAD (BA1;,,,False
40576,SCV001192875.1,BP4,BP4,APPLIED_BARE,2,"This variant is not located within the splice consensus sequence and computational splice site prediction tools do not predict an impact on splicing (BP4, BP7).",,,False
40576,SCV001192875.1,BP7,BP7,APPLIED_BARE,2,"This variant is not located within the splice consensus sequence and computational splice site prediction tools do not predict an impact on splicing (BP4, BP7).",,,False
40576,SCV001192875.1,BA1,BA1,APPLIED,3,"ACMG/AMP Criteria applied: BA1, BP4, BP7.",,,False
40576,SCV001192875.1,BP4,BP4,APPLIED,3,"ACMG/AMP Criteria applied: BA1, BP4, BP7.",,,False
40576,SCV001192875.1,BP7,BP7,APPLIED,3,"ACMG/AMP Criteria applied: BA1, BP4, BP7.",,,False
40583,SCV000616418.4,BS4,BS4,NOT_MET,1,"The c.66T>G (p.Phe22Leu) variant has been identified in patients with clinical features of a RASopathy, however the variant did not segregate with disease in affected family members (BS4;",RAF1,B/LB,True
40583,SCV000616418.4,BP5,BP5,APPLIED_BARE,1,This variant has been identified in a patient with an alternate molecular basis for disease (BP5;,RAF1,B/LB,True
40583,SCV000616418.4,BS4,BS4,APPLIED,2,"RASopathy-specific ACMG/AMP criteria applied (PMID:29493581): BS4, BP5.",RAF1,B/LB,True
40583,SCV000616418.4,BP5,BP5,APPLIED,2,"RASopathy-specific ACMG/AMP criteria applied (PMID:29493581): BS4, BP5.",RAF1,B/LB,True
40584,SCV000927032.1,BS2,BS2,NOT_MET,2,"The c.94A>G (p.Ile32Val) variant in the RAF1 gene has been identified in patients who underwent testing for a RASopathy, however it has also been identified in multiple adults who did not have clinical features of a RASopathy (BS2, BP5;",RAF1,B/LB,True
40584,SCV000927032.1,BP5,BP5,NOT_MET,2,"The c.94A>G (p.Ile32Val) variant in the RAF1 gene has been identified in patients who underwent testing for a RASopathy, however it has also been identified in multiple adults who did not have clinical features of a RASopathy (BS2, BP5;",RAF1,B/LB,True
40584,SCV000927032.1,BS1,BS1,APPLIED_BARE,1,The filtering allele frequency of the p.Ile32Val variant is 0.017% for European (non-Finnish) genomes in the gnomAD database (8/31404 with 95% CI) which is a high enough frequency to be considered strong evidence that the variant is benign based on thresholds defined by the ClinGen RASopathy Expert ,RAF1,B/LB,True
40584,SCV000927032.1,BP4,BP4,NOT_MET,1,Computational prediction tools and conservation analysis suggest that the p.Ile32Val variant does not impact the protein (BP4).,RAF1,B/LB,True
40584,SCV000927032.1,BS2,BS2,APPLIED,4,"RASopathy-specific ACMG/AMP criteria applied (PMID:29493581): BS2, BP5, BS1, BP4.",RAF1,B/LB,True
40584,SCV000927032.1,BP5,BP5,APPLIED,4,"RASopathy-specific ACMG/AMP criteria applied (PMID:29493581): BS2, BP5, BS1, BP4.",RAF1,B/LB,True
40584,SCV000927032.1,BS1,BS1,APPLIED,4,"RASopathy-specific ACMG/AMP criteria applied (PMID:29493581): BS2, BP5, BS1, BP4.",RAF1,B/LB,True
40584,SCV000927032.1,BP4,BP4,APPLIED,4,"RASopathy-specific ACMG/AMP criteria applied (PMID:29493581): BS2, BP5, BS1, BP4.",RAF1,B/LB,True
40585,SCV000616419.5,BA1,BA1,APPLIED_BARE,1,"The filtering allele frequency of this variant is 0.5265% for Admixed American chromosomes in gnomAD v4, which is a high enough frequency to be classified as benign based on thresholds defined by the ClinGen RASopathy Expert panel for autosomal dominant RASopathy variants (BA1).",RAF1,B/LB,True
40585,SCV000616419.5,BP4,BP4,NOT_MET,1,"The computational predictor REVEL gives a score of 0.281, which is below the threshold of 0.3 and does not predict a damaging effect on RAF1 function (BP4).",RAF1,B/LB,True
40585,SCV000616419.5,BP5,BP5,NOT_MET,2,"This variant has been identified in a patient with an alternate molecular basis for disease and did not segregate with disease in affected family members (BP5, BS4;",RAF1,B/LB,True
40585,SCV000616419.5,BS4,BS4,NOT_MET,2,"This variant has been identified in a patient with an alternate molecular basis for disease and did not segregate with disease in affected family members (BP5, BS4;",RAF1,B/LB,True
40585,SCV000616419.5,BA1,BA1,APPLIED,5,"In summary, this variant meets criteria to be classified as benign for autosomal dominant RASopathies based on the ACMG/AMP criteria applied, as specified by the ClinGen RASopathy Variant Curation Expert Panel: BA1, BS4, BS2_supporting, BP4, BP5 (Specification Version 2.1, 9/17/2024) |",RAF1,B/LB,True
40585,SCV000616419.5,BS4,BS4,APPLIED,5,"In summary, this variant meets criteria to be classified as benign for autosomal dominant RASopathies based on the ACMG/AMP criteria applied, as specified by the ClinGen RASopathy Variant Curation Expert Panel: BA1, BS4, BS2_supporting, BP4, BP5 (Specification Version 2.1, 9/17/2024) |",RAF1,B/LB,True
40585,SCV000616419.5,BS2_Supporting,BS2,APPLIED,5,"In summary, this variant meets criteria to be classified as benign for autosomal dominant RASopathies based on the ACMG/AMP criteria applied, as specified by the ClinGen RASopathy Variant Curation Expert Panel: BA1, BS4, BS2_supporting, BP4, BP5 (Specification Version 2.1, 9/17/2024) |",RAF1,B/LB,True
40585,SCV000616419.5,BP4,BP4,APPLIED,5,"In summary, this variant meets criteria to be classified as benign for autosomal dominant RASopathies based on the ACMG/AMP criteria applied, as specified by the ClinGen RASopathy Variant Curation Expert Panel: BA1, BS4, BS2_supporting, BP4, BP5 (Specification Version 2.1, 9/17/2024) |",RAF1,B/LB,True
40585,SCV000616419.5,BP5,BP5,APPLIED,5,"In summary, this variant meets criteria to be classified as benign for autosomal dominant RASopathies based on the ACMG/AMP criteria applied, as specified by the ClinGen RASopathy Variant Curation Expert Panel: BA1, BS4, BS2_supporting, BP4, BP5 (Specification Version 2.1, 9/17/2024) |",RAF1,B/LB,True
40588,SCV000616420.4,BA1,BA1,APPLIED_BARE,1,"The filtering allele frequency of the c.212A>G (p.Asn71Ser) variant in the RAF1 gene is 0.14% for Latino chromosomes by the Exome Aggregation Consortium (24/11578 with 95% CI), which is a high enough frequency to be classified as benign based on thresholds defined by the ClinGen RASopathy Expert pan",RAF1,B/LB,True
40599,SCV000616377.6,PM2_Supporting,PM2,APPLIED_BARE,1,This variant is absent from gnomAD v2 (PM2_Supporting).,RAF1,P/LP,True
40599,SCV000616377.6,PP3,PP3,NOT_MET,2,"The computational predictor REVEL gives a score of 0.665, which does not meet PP3 or BP4.",RAF1,P/LP,True
40599,SCV000616377.6,BP4,BP4,NOT_MET,2,"The computational predictor REVEL gives a score of 0.665, which does not meet PP3 or BP4.",RAF1,P/LP,True
40599,SCV000616377.6,PM1,PM1,APPLIED_BARE,1,This variant is located in the CR2 critical functional domain as defined by the ClinGen RASopathy Expert Panel (PM1).,RAF1,P/LP,True
40599,SCV000616377.6,PS4_Moderate,PS4,APPLIED_BARE,1,"This variant has been reported in 3 individuals with clinical features of Noonan syndrome (PS4_Moderate, PMIDs: 17603483, 22190897, 31292302).",RAF1,P/LP,True
40599,SCV000616377.6,PS3_Supporting,PS3,APPLIED_BARE,1,ERK phosphorylation assay showed that the p.Arg256Ser variant led to significantly increased phosphorylation compared to wild-type (PS3_Supporting;,RAF1,P/LP,True
40599,SCV000616377.6,PS4_Moderate,PS4,APPLIED,4,"In summary, this variant meets criteria to be classified as likely pathogenic for autosomal dominant RASopathies based on ACMG/AMP criteria applied, as specified by the ClinGen RASopathy Variant Curation Expert Panel: PS4_Moderate, PM1, PS3_Supporting, PM2_Supporting (Specification Version 2.3, 12/3",RAF1,P/LP,True
40599,SCV000616377.6,PM1,PM1,APPLIED,4,"In summary, this variant meets criteria to be classified as likely pathogenic for autosomal dominant RASopathies based on ACMG/AMP criteria applied, as specified by the ClinGen RASopathy Variant Curation Expert Panel: PS4_Moderate, PM1, PS3_Supporting, PM2_Supporting (Specification Version 2.3, 12/3",RAF1,P/LP,True
40599,SCV000616377.6,PS3_Supporting,PS3,APPLIED,4,"In summary, this variant meets criteria to be classified as likely pathogenic for autosomal dominant RASopathies based on ACMG/AMP criteria applied, as specified by the ClinGen RASopathy Variant Curation Expert Panel: PS4_Moderate, PM1, PS3_Supporting, PM2_Supporting (Specification Version 2.3, 12/3",RAF1,P/LP,True
40599,SCV000616377.6,PM2_Supporting,PM2,APPLIED,4,"In summary, this variant meets criteria to be classified as likely pathogenic for autosomal dominant RASopathies based on ACMG/AMP criteria applied, as specified by the ClinGen RASopathy Variant Curation Expert Panel: PS4_Moderate, PM1, PS3_Supporting, PM2_Supporting (Specification Version 2.3, 12/3",RAF1,P/LP,True
40600,SCV000616421.4,PM6,PM6,APPLIED_BARE,1,The c.769T>C (p.Ser257Pro) variant in RAF1 has been reported in the literature as an unconfirmed de novo occurrence in a patient with clinical features of a RASopathy (PM6;,RAF1,P/LP,True
40600,SCV000616421.4,PM2,PM2,APPLIED_BARE,1,This variant was absent from large population studies (PM2;,RAF1,P/LP,True
40600,SCV000616421.4,PM5,PM5,APPLIED_BARE,1,A different pathogenic missense variant has been previously identified at this codon of RAF1 which may indicate that this residue is critical to the function of the protein (PM5;,RAF1,P/LP,True
40600,SCV000616421.4,PM1,PM1,APPLIED_BARE,1,"Furthermore, the variant is in a location that has been defined by the ClinGen RASopathy Expert Panel to be a mutational hotspot or domain of RAF1 (PM1;",RAF1,P/LP,True
40600,SCV000616421.4,PP3,PP3,APPLIED_BARE,1,Computational prediction tools and conservation analysis suggest that the p.Ser257Pro variant may impact the protein (PP3).,RAF1,P/LP,True
40600,SCV000616421.4,PM6,PM6,APPLIED,6,"RASopathy-specific ACMG/AMP criteria applied (PMID:29493581): PM6, PM2, PM5, PM1, PP2, PP3.",RAF1,P/LP,True
40600,SCV000616421.4,PM2,PM2,APPLIED,6,"RASopathy-specific ACMG/AMP criteria applied (PMID:29493581): PM6, PM2, PM5, PM1, PP2, PP3.",RAF1,P/LP,True
40600,SCV000616421.4,PM5,PM5,APPLIED,6,"RASopathy-specific ACMG/AMP criteria applied (PMID:29493581): PM6, PM2, PM5, PM1, PP2, PP3.",RAF1,P/LP,True
40600,SCV000616421.4,PM1,PM1,APPLIED,6,"RASopathy-specific ACMG/AMP criteria applied (PMID:29493581): PM6, PM2, PM5, PM1, PP2, PP3.",RAF1,P/LP,True
40600,SCV000616421.4,PP2,PP2,APPLIED,6,"RASopathy-specific ACMG/AMP criteria applied (PMID:29493581): PM6, PM2, PM5, PM1, PP2, PP3.",RAF1,P/LP,True
40600,SCV000616421.4,PP3,PP3,APPLIED,6,"RASopathy-specific ACMG/AMP criteria applied (PMID:29493581): PM6, PM2, PM5, PM1, PP2, PP3.",RAF1,P/LP,True
40601,SCV000616422.5,PM2_Supporting,PM2,APPLIED_BARE,1,This variant is absent from gnomAD v2 (PM2_Supporting).,RAF1,P/LP,True
40601,SCV000616422.5,PP3,PP3,APPLIED_BARE,1,"The computational predictor REVEL gives a score of 0.753, which is above the threshold of 0.7 and is evidence that correlates with impact to RAF1 function (PP3).",RAF1,P/LP,True
40601,SCV000616422.5,PP2,PP2,APPLIED_BARE,1,"The variant is located in the RAF1 gene, which has been defined by the ClinGen RASopathy Expert Panel as a gene with a low rate of benign missense variants and pathogenic missense variants are common (PP2;",RAF1,P/LP,True
40601,SCV000616422.5,PM1,PM1,APPLIED_BARE,1,The variant is also in a location that has been defined by the ClinGen RASopathy Expert Panel to be a mutational hotspot or domain of RAF1 (PM1;,RAF1,P/LP,True
40601,SCV000616422.5,PS4,PS4,APPLIED_BARE,1,The p.Ser259Thr variant has been identified in at least 8 independent occurrences in patients with a RASopathy (PS4;,RAF1,P/LP,True
40601,SCV000616422.5,PP1,PP1,APPLIED_BARE,1,The variant has also been reported to segregate with clinical features of a RASopathy in at least 3 family members (PP1;,RAF1,P/LP,True
40601,SCV000616422.5,PM6_Strong,PM6,APPLIED_BARE,1,"Additionally, it has been reported in the literature in at least 2 unconfirmed de novo occurrences in patients with clinical features of a RASopathy (PM6_Strong;",RAF1,P/LP,True
40601,SCV000616422.5,PM5_Strong,PM5,APPLIED_BARE,1,At least 2 other pathogenic missense variants have been previously identified at this codon of RAF1 which may indicate that this residue is critical to the function of the protein (PM5_Strong;,RAF1,P/LP,True
40601,SCV000616422.5,PS3_Supporting,PS3,APPLIED_BARE,1,In vitro functional studies also provide some evidence that the p.Ser259Thr variant may impact protein function (PS3_Supporting;,RAF1,P/LP,True
40601,SCV000616422.5,PM5_Strong,PM5,APPLIED,9,"In summary, this variant meets the criteria to be classified as pathogenic for autosomal dominant RASopathy based on the ACMG/AMP criteria applied, as specified by the ClinGen RASopathy VCEP: PM5_Strong, PM6_Strong, PS4, PM1, PP1, PP2, PP3, PM2_Supporting, PS3_Supporting.",RAF1,P/LP,True
40601,SCV000616422.5,PM6_Strong,PM6,APPLIED,9,"In summary, this variant meets the criteria to be classified as pathogenic for autosomal dominant RASopathy based on the ACMG/AMP criteria applied, as specified by the ClinGen RASopathy VCEP: PM5_Strong, PM6_Strong, PS4, PM1, PP1, PP2, PP3, PM2_Supporting, PS3_Supporting.",RAF1,P/LP,True
40601,SCV000616422.5,PS4,PS4,APPLIED,9,"In summary, this variant meets the criteria to be classified as pathogenic for autosomal dominant RASopathy based on the ACMG/AMP criteria applied, as specified by the ClinGen RASopathy VCEP: PM5_Strong, PM6_Strong, PS4, PM1, PP1, PP2, PP3, PM2_Supporting, PS3_Supporting.",RAF1,P/LP,True
40601,SCV000616422.5,PM1,PM1,APPLIED,9,"In summary, this variant meets the criteria to be classified as pathogenic for autosomal dominant RASopathy based on the ACMG/AMP criteria applied, as specified by the ClinGen RASopathy VCEP: PM5_Strong, PM6_Strong, PS4, PM1, PP1, PP2, PP3, PM2_Supporting, PS3_Supporting.",RAF1,P/LP,True
40601,SCV000616422.5,PP1,PP1,APPLIED,9,"In summary, this variant meets the criteria to be classified as pathogenic for autosomal dominant RASopathy based on the ACMG/AMP criteria applied, as specified by the ClinGen RASopathy VCEP: PM5_Strong, PM6_Strong, PS4, PM1, PP1, PP2, PP3, PM2_Supporting, PS3_Supporting.",RAF1,P/LP,True
40601,SCV000616422.5,PP2,PP2,APPLIED,9,"In summary, this variant meets the criteria to be classified as pathogenic for autosomal dominant RASopathy based on the ACMG/AMP criteria applied, as specified by the ClinGen RASopathy VCEP: PM5_Strong, PM6_Strong, PS4, PM1, PP1, PP2, PP3, PM2_Supporting, PS3_Supporting.",RAF1,P/LP,True
40601,SCV000616422.5,PP3,PP3,APPLIED,9,"In summary, this variant meets the criteria to be classified as pathogenic for autosomal dominant RASopathy based on the ACMG/AMP criteria applied, as specified by the ClinGen RASopathy VCEP: PM5_Strong, PM6_Strong, PS4, PM1, PP1, PP2, PP3, PM2_Supporting, PS3_Supporting.",RAF1,P/LP,True
40601,SCV000616422.5,PM2_Supporting,PM2,APPLIED,9,"In summary, this variant meets the criteria to be classified as pathogenic for autosomal dominant RASopathy based on the ACMG/AMP criteria applied, as specified by the ClinGen RASopathy VCEP: PM5_Strong, PM6_Strong, PS4, PM1, PP1, PP2, PP3, PM2_Supporting, PS3_Supporting.",RAF1,P/LP,True
40601,SCV000616422.5,PS3_Supporting,PS3,APPLIED,9,"In summary, this variant meets the criteria to be classified as pathogenic for autosomal dominant RASopathy based on the ACMG/AMP criteria applied, as specified by the ClinGen RASopathy VCEP: PM5_Strong, PM6_Strong, PS4, PM1, PP1, PP2, PP3, PM2_Supporting, PS3_Supporting.",RAF1,P/LP,True
40607,SCV000616423.4,PM6,PM6,APPLIED_BARE,1,The c.788T>G (p.Val263Gly) variant in RAF1 has been reported in the literature as an unconfirmed de novo occurrence in a patient with clinical features of a RASopathy (PM6;,RAF1,P/LP,True
40607,SCV000616423.4,PS4,PS4,UNCLEAR,1,The p.Val263Gly variant has been identified in 6 other independent occurrences in patients with a RASopathy (PS4 not met;,RAF1,P/LP,True
40607,SCV000616423.4,PM2,PM2,APPLIED_BARE,1,This variant was absent from large population studies (PM2;,RAF1,P/LP,True
40607,SCV000616423.4,PM5,PM5,APPLIED_BARE,1,A different pathogenic missense variant has been previously identified at this codon of RAF1 which may indicate that this residue is critical to the function of the protein (PM5;,RAF1,P/LP,True
40607,SCV000616423.4,PM1,PM1,APPLIED_BARE,1,"Furthermore, the variant is in a location that has been defined by the ClinGen RASopathy Expert Panel to be a mutational hotspot or domain of RAF1 (PM1;",RAF1,P/LP,True
40607,SCV000616423.4,PP2,PP2,APPLIED_BARE,1,"The variant is located in the RAF1 gene, which has been defined by the ClinGen RASopathy Expert Panel as a gene with a low rate of benign missense variants and pathogenic missense variants are common (PP2;",RAF1,P/LP,True
40607,SCV000616423.4,PP3,PP3,APPLIED_BARE,1,Computational prediction tools and conservation analysis suggest that the p.Val263Gly variant may impact the protein (PP3).,RAF1,P/LP,True
40607,SCV000616423.4,PM6,PM6,APPLIED,6,"RASopathy-specific ACMG/AMP criteria applied (PMID:29493581): PM6, PM5, PM2, PM1, PP3, PP2.",RAF1,P/LP,True
40607,SCV000616423.4,PM5,PM5,APPLIED,6,"RASopathy-specific ACMG/AMP criteria applied (PMID:29493581): PM6, PM5, PM2, PM1, PP3, PP2.",RAF1,P/LP,True
40607,SCV000616423.4,PM2,PM2,APPLIED,6,"RASopathy-specific ACMG/AMP criteria applied (PMID:29493581): PM6, PM5, PM2, PM1, PP3, PP2.",RAF1,P/LP,True
40607,SCV000616423.4,PM1,PM1,APPLIED,6,"RASopathy-specific ACMG/AMP criteria applied (PMID:29493581): PM6, PM5, PM2, PM1, PP3, PP2.",RAF1,P/LP,True
40607,SCV000616423.4,PP3,PP3,APPLIED,6,"RASopathy-specific ACMG/AMP criteria applied (PMID:29493581): PM6, PM5, PM2, PM1, PP3, PP2.",RAF1,P/LP,True
40607,SCV000616423.4,PP2,PP2,APPLIED,6,"RASopathy-specific ACMG/AMP criteria applied (PMID:29493581): PM6, PM5, PM2, PM1, PP3, PP2.",RAF1,P/LP,True
40609,SCV000616487.4,BS1,BS1,APPLIED_BARE,1,"The filtering allele frequency of the c.909A>C (p.Thr303=) variant in the RAF1 gene is 0.0285% (27/66658) of European chromosomes by the Exome Aggregation Consortium, which is a high enough frequency to be classified as likely benign based on thresholds defined by the ClinGen RASopathy Expert Panel ",,,False
40611,SCV000616486.4,BA1,BA1,APPLIED_BARE,1,"The filtering allele frequency of the c.923C>T (p.Pro308Leu) variant in the RAF1 gene is 1.516% (179/10394) of African chromosomes by the Exome Aggregation Consortium, which is a high enough frequency to be classified as benign based on thresholds defined by the ClinGen RASopathy Expert Panel (BA1;",RAF1,B/LB,True
40612,SCV000616424.5,BP4,BP4,NOT_MET,1,"The computational predictor REVEL gives a score of 0.174, which is below the threshold of 0.3 and does not predict a damaging effect on RAF1 function (BP4).",RAF1,B/LB,True
40612,SCV000616424.5,BP5,BP5,APPLIED_BARE,1,"Additionally, this variant was identified in a case with an alternate molecular basis for disease (BP5;",RAF1,B/LB,True
40612,SCV000616424.5,BP4,BP4,APPLIED,2,"In summary, this variant meets criteria to be classified as likely benign for autosomal dominant RASopathies based on the ACMG/AMP criteria applied, as specified by the ClinGen RASopathy Variant Curation Expert Panel: BP4, BP5.",RAF1,B/LB,True
40612,SCV000616424.5,BP5,BP5,APPLIED,2,"In summary, this variant meets criteria to be classified as likely benign for autosomal dominant RASopathies based on the ACMG/AMP criteria applied, as specified by the ClinGen RASopathy Variant Curation Expert Panel: BP4, BP5.",RAF1,B/LB,True
40613,SCV000616425.4,PM6_Strong,PM6,APPLIED_BARE,1,The c.1082G>C (p.Gly361Ala) variant in RAF1 has been reported in the literature in at least 2 unconfirmed de novo occurrences in patients with clinical features of a RASopathy (PM6_Strong;,RAF1,P/LP,True
40613,SCV000616425.4,PS4_Moderate,PS4,APPLIED_BARE,1,The p.Gly361Ala variant has been identified in at least 4 independent occurrences in patients with a RASopathy (PS4_Moderate;,RAF1,P/LP,True
40613,SCV000616425.4,PM2,PM2,APPLIED_BARE,1,This variant was absent from large population studies (PM2;,RAF1,P/LP,True
40613,SCV000616425.4,PP2,PP2,APPLIED_BARE,1,"The variant is located in the RAF1 gene, which has been defined by the ClinGen RASopathy Expert Panel as a gene with a low rate of benign missense variants and pathogenic missense variants are common (PP2;",RAF1,P/LP,True
40613,SCV000616425.4,PP3,PP3,APPLIED_BARE,1,Computational prediction tools and conservation analysis suggest that the p.Gly361Ala variant may impact the protein (PP3).,RAF1,P/LP,True
40613,SCV000616425.4,PM6_Strong,PM6,APPLIED,5,"RASopathy-specific ACMG/AMP criteria applied (PMID:29493581): PM6_Strong, PS4_Moderate, PM2, PP2, PP3.",RAF1,P/LP,True
40613,SCV000616425.4,PS4_Moderate,PS4,APPLIED,5,"RASopathy-specific ACMG/AMP criteria applied (PMID:29493581): PM6_Strong, PS4_Moderate, PM2, PP2, PP3.",RAF1,P/LP,True
40613,SCV000616425.4,PM2,PM2,APPLIED,5,"RASopathy-specific ACMG/AMP criteria applied (PMID:29493581): PM6_Strong, PS4_Moderate, PM2, PP2, PP3.",RAF1,P/LP,True
40613,SCV000616425.4,PP2,PP2,APPLIED,5,"RASopathy-specific ACMG/AMP criteria applied (PMID:29493581): PM6_Strong, PS4_Moderate, PM2, PP2, PP3.",RAF1,P/LP,True
40613,SCV000616425.4,PP3,PP3,APPLIED,5,"RASopathy-specific ACMG/AMP criteria applied (PMID:29493581): PM6_Strong, PS4_Moderate, PM2, PP2, PP3.",RAF1,P/LP,True
40614,SCV000616426.6,PM2_Supporting,PM2,APPLIED_BARE,1,This variant is absent from gnomAD v2 (PM2_Supporting).,RAF1,VUS,True
40614,SCV000616426.6,PP3,PP3,NOT_MET,1,"The variant is also entirely conserved in the UCSC database, and Alamut does not predict an impact to splicing (PP3).",RAF1,VUS,True
40614,SCV000616426.6,PS4,PS4,UNCLEAR,1,"This variant has been identified in at least 5 probands with variable phenotypic features, with two of them having a clinical suspicion of Noonan syndrome (PS4 not met;",RAF1,VUS,True
40614,SCV000616426.6,PM2_Supporting,PM2,APPLIED,2,"In summary, this variant meets criteria to be classified as a variant of uncertain significance for autosomal dominant RASopathies based on the ACMG/AMP criteria applied, as specified by the ClinGen RASopathy Variant Curation Expert Panel: PM2_Supporting, PP3.",RAF1,VUS,True
40614,SCV000616426.6,PP3,PP3,APPLIED,2,"In summary, this variant meets criteria to be classified as a variant of uncertain significance for autosomal dominant RASopathies based on the ACMG/AMP criteria applied, as specified by the ClinGen RASopathy Variant Curation Expert Panel: PM2_Supporting, PP3.",RAF1,VUS,True
40620,SCV000616484.4,BA1,BA1,APPLIED_BARE,1,"The filtering allele frequency of the c.1587G>A (p.Ser529=) variant in the RAF1 gene is 0.052% (10/10402) of African chromosomes by the Exome Aggregation Consortium, which is a high enough frequency to be classified as benign based on thresholds defined by the ClinGen RASopathy Expert Panel (BA1;",,,False
40621,SCV000616483.4,BA1,BA1,APPLIED_BARE,1,"The filtering allele frequency of the c.1629G>C (p.Thr543=) variant in the RAF1 gene is 0.054% (9/8654) of East Asian chromosomes by the Exome Aggregation Consortium, which is a high enough frequency to be classified as benign based on thresholds defined by the ClinGen RASopathy Expert Panel (BA1;",,,False
40626,SCV000616480.4,BA1,BA1,APPLIED_BARE,1,"The filtering allele frequency of the c.1755A>G (p.Val585=) variant in the RAF1 gene is 6.222% (690/10404) of African chromosomes by the Exome Aggregation Consortium, which is a high enough frequency to be classified as benign based on thresholds defined by the ClinGen RASopathy Expert Panel (BA1;",,,False
40627,SCV000616479.4,BA1,BA1,APPLIED_BARE,1,"The filtering allele frequency of the c.1830A>G (p.Gln610=) variant in the RAF1 gene is 0.11% (88/66740) of European chromosomes by the Exome Aggregation Consortium, which is a high enough frequency to be classified as benign based on thresholds defined by the ClinGen RASopathy Expert Panel (BA1;",,,False
40628,SCV000616478.4,BA1,BA1,APPLIED_BARE,1,"The filtering allele frequency of the c.1914G>A (p.Thr638=) variant in the RAF1 gene is 0.926% (174/16512) of South Asian chromosomes by the Exome Aggregation Consortium, which is a high enough frequency to be classified as benign based on thresholds defined by the ClinGen RASopathy Expert Panel (BA",,,False
40634,SCV000616428.5,PM2_Supporting,PM2,UNCLEAR,3,(PM2_Supporting/BS1/BA1 are not met).,,,False
40634,SCV000616428.5,BS1,BS1,UNCLEAR,3,(PM2_Supporting/BS1/BA1 are not met).,,,False
40634,SCV000616428.5,BA1,BA1,UNCLEAR,3,(PM2_Supporting/BS1/BA1 are not met).,,,False
40634,SCV000616428.5,PS4,PS4,UNCLEAR,1,This variant has been identified in 2 independent occurrences in patients with a clinical features of a RASopathy (PS4 not met;,,,False
40635,SCV000616429.5,BA1,BA1,APPLIED,1,The highest filtering allele frequency in gnomAD v4.1.0 is 0.2286% (124/59742 alleles) in the Admixed American population and therefore meets this criterion (BA1).,SHOC2,B/LB,True
40635,SCV000616429.5,BP4,BP4,NOT_MET,1,The computational predictor tool REVEL gives a score of 0.113 and does not predict a damaging effect on SHOC2 function (BP4).,SHOC2,B/LB,True
40635,SCV000616429.5,BP5,BP5,APPLIED_BARE,1,This variant has been identified in a patient with an alternate molecular basis for disease (BP5;,SHOC2,B/LB,True
40635,SCV000616429.5,BA1,BA1,APPLIED,3,"In summary, this variant meets criteria to be classified as benign for autosomal dominant RASopathies based on the ACMG/AMP criteria applied, as specified by the ClinGen RASopathy Variant Curation Expert Panel: BA1, BP4, BP5 (Specification Version 2.1, 09/17/2024) |",SHOC2,B/LB,True
40635,SCV000616429.5,BP4,BP4,APPLIED,3,"In summary, this variant meets criteria to be classified as benign for autosomal dominant RASopathies based on the ACMG/AMP criteria applied, as specified by the ClinGen RASopathy Variant Curation Expert Panel: BA1, BP4, BP5 (Specification Version 2.1, 09/17/2024) |",SHOC2,B/LB,True
40635,SCV000616429.5,BP5,BP5,APPLIED,3,"In summary, this variant meets criteria to be classified as benign for autosomal dominant RASopathies based on the ACMG/AMP criteria applied, as specified by the ClinGen RASopathy Variant Curation Expert Panel: BA1, BP4, BP5 (Specification Version 2.1, 09/17/2024) |",SHOC2,B/LB,True
40640,SCV000616436.4,BA1,BA1,APPLIED_BARE,1,"The filtering allele frequency of the c.73C>T (p.Pro25Ser) variant in the SOS1 gene is 0.23% for African chromosomes by the Exome Aggregation Consortium (21/6116 with 95% CI), which is a high enough frequency to be classified as benign based on thresholds defined by the ClinGen RASopathy Expert pane",SOS1,B/LB,True
40641,SCV000616432.4,BS4,BS4,NOT_MET,1,The c.109A>G (p.Thr37Ala) variant did not segregate with disease in affected family members (BS4;,SOS1,B/LB,True
40641,SCV000616432.4,BP5,BP5,APPLIED_BARE,1,This variant has been identified in a patient with an alternate molecular basis for disease (BP5;,SOS1,B/LB,True
40641,SCV000616432.4,BP4,BP4,NOT_MET,1,Computational prediction tools and conservation analysis suggest that the p.Thr37Ala variant does not impact the protein (BP4).,SOS1,B/LB,True
40641,SCV000616432.4,BS4,BS4,APPLIED,3,"RASopathy-specific ACMG/AMP criteria applied (PMID:29493581): BS4, BP5, BP4.",SOS1,B/LB,True
40641,SCV000616432.4,BP5,BP5,APPLIED,3,"RASopathy-specific ACMG/AMP criteria applied (PMID:29493581): BS4, BP5, BP4.",SOS1,B/LB,True
40641,SCV000616432.4,BP4,BP4,APPLIED,3,"RASopathy-specific ACMG/AMP criteria applied (PMID:29493581): BS4, BP5, BP4.",SOS1,B/LB,True
40643,SCV000616528.4,BA1,BA1,APPLIED_BARE,1,"The filtering allele frequency of the c.195A>C (p.Arg65=) variant in the SOS1 gene is 10.978% (1192/10346) of African chromosomes by the Exome Aggregation Consortium, which is a high enough frequency to be classified as benign based on thresholds defined by the ClinGen RASopathy Expert Panel (BA1;",,,False
40649,SCV000616437.4,PM6,PM6,APPLIED_BARE,2,The c.322G>A (p.Glu108Lys) variant in SOS1 has been reported as confirmed and unconfirmed occurrences in patients with clinical features of a RASopathy (PM6 and PS2;,SOS1,P/LP,True
40649,SCV000616437.4,PS2,PS2,APPLIED_BARE,2,The c.322G>A (p.Glu108Lys) variant in SOS1 has been reported as confirmed and unconfirmed occurrences in patients with clinical features of a RASopathy (PM6 and PS2;,SOS1,P/LP,True
40649,SCV000616437.4,PS4_Moderate,PS4,APPLIED_BARE,1,The p.Glu108Lys variant has been identified in several independent occurrences in patients with clinical features of a RASopathy (PS4_Moderate;,SOS1,P/LP,True
40649,SCV000616437.4,PS3,PS3,APPLIED_BARE,1,In vitro functional studies provide some evidence that the p.Glu108Lys variant may impact protein function (PS3;,SOS1,P/LP,True
40649,SCV000616437.4,PM2,PM2,APPLIED_BARE,1,This variant was absent from large population studies (PM2;,SOS1,P/LP,True
40649,SCV000616437.4,PP2,PP2,APPLIED_BARE,1,"The variant is located in the SOS1 gene, which has been defined by the ClinGen RASopathy Expert Panel as a gene with a low rate of benign missense variants and pathogenic missense variants are common (PP2;",SOS1,P/LP,True
40649,SCV000616437.4,PS2,PS2,APPLIED,6,"Rasopathy-specific ACMG/AMP criteria applied (PMID:29493581): PS2, PS3, PM6, PS4_Moderate, PM2, PP2.",SOS1,P/LP,True
40649,SCV000616437.4,PS3,PS3,APPLIED,6,"Rasopathy-specific ACMG/AMP criteria applied (PMID:29493581): PS2, PS3, PM6, PS4_Moderate, PM2, PP2.",SOS1,P/LP,True
40649,SCV000616437.4,PM6,PM6,APPLIED,6,"Rasopathy-specific ACMG/AMP criteria applied (PMID:29493581): PS2, PS3, PM6, PS4_Moderate, PM2, PP2.",SOS1,P/LP,True
40649,SCV000616437.4,PS4_Moderate,PS4,APPLIED,6,"Rasopathy-specific ACMG/AMP criteria applied (PMID:29493581): PS2, PS3, PM6, PS4_Moderate, PM2, PP2.",SOS1,P/LP,True
40649,SCV000616437.4,PM2,PM2,APPLIED,6,"Rasopathy-specific ACMG/AMP criteria applied (PMID:29493581): PS2, PS3, PM6, PS4_Moderate, PM2, PP2.",SOS1,P/LP,True
40649,SCV000616437.4,PP2,PP2,APPLIED,6,"Rasopathy-specific ACMG/AMP criteria applied (PMID:29493581): PS2, PS3, PM6, PS4_Moderate, PM2, PP2.",SOS1,P/LP,True
40651,SCV000616383.4,PM6,PM6,APPLIED_BARE,1,The c.508A>G (p.Lys170Glu) variant in SOS1 has been reported in the literature as an unconfirmed de novo occurrence in a patient with clinical features of a RASopathy (PM6;,SOS1,P/LP,True
40651,SCV000616383.4,PS3,PS3,APPLIED_BARE,1,In vitro functional studies provide some evidence that the p.Lys170Glu variant may impact protein function (PS3;,SOS1,P/LP,True
40651,SCV000616383.4,PM2,PM2,APPLIED_BARE,1,This variant was absent from large population studies (PM2;,SOS1,P/LP,True
40651,SCV000616383.4,PP2,PP2,APPLIED_BARE,1,"The variant is located in the SOS1 gene, which has been defined by the ClinGen RASopathy Expert Panel as a gene with a low rate of benign missense variants and pathogenic missense variants are common (PP2;",SOS1,P/LP,True
40651,SCV000616383.4,PM1,PM1,APPLIED_BARE,1,"Furthermore, the variant is in a location that has been defined by the ClinGen RASopathy Expert Panel to be a mutational hotspot or domain of SOS1 (PM1;",SOS1,P/LP,True
40651,SCV000616383.4,PP3,PP3,APPLIED_BARE,1,Computational prediction tools and conservation analysis suggest that the p.Lys170Glu variant may impact the protein (PP3).,SOS1,P/LP,True
40651,SCV000616383.4,PP2,PP2,APPLIED,6,"Rasopathy-specific ACMG/AMP criteria applied (PMID:29493581): PP2, PP3, PM1, PM2, PM6, PS3.",SOS1,P/LP,True
40651,SCV000616383.4,PP3,PP3,APPLIED,6,"Rasopathy-specific ACMG/AMP criteria applied (PMID:29493581): PP2, PP3, PM1, PM2, PM6, PS3.",SOS1,P/LP,True
40651,SCV000616383.4,PM1,PM1,APPLIED,6,"Rasopathy-specific ACMG/AMP criteria applied (PMID:29493581): PP2, PP3, PM1, PM2, PM6, PS3.",SOS1,P/LP,True
40651,SCV000616383.4,PM2,PM2,APPLIED,6,"Rasopathy-specific ACMG/AMP criteria applied (PMID:29493581): PP2, PP3, PM1, PM2, PM6, PS3.",SOS1,P/LP,True
40651,SCV000616383.4,PM6,PM6,APPLIED,6,"Rasopathy-specific ACMG/AMP criteria applied (PMID:29493581): PP2, PP3, PM1, PM2, PM6, PS3.",SOS1,P/LP,True
40651,SCV000616383.4,PS3,PS3,APPLIED,6,"Rasopathy-specific ACMG/AMP criteria applied (PMID:29493581): PP2, PP3, PM1, PM2, PM6, PS3.",SOS1,P/LP,True
40655,SCV000616523.4,BA1,BA1,APPLIED_BARE,1,"The filtering allele frequency of the c.570C>T (p.Asp190=) variant in the SOS1 gene is 0.314% (234/66628) of European chromosomes by the Exome Aggregation Consortium, which is a high enough frequency to be classified as benign based on thresholds defined by the ClinGen RASopathy Expert Panel (BA1;",,,False
40660,SCV000616434.4,BA1,BA1,APPLIED_BARE,1,"The filtering allele frequency of the c.749T>C (p.Val250Ala) variant in the SOS1 gene is 0.089% for African chromosomes by the Exome Aggregation Consortium (15/10392 with 95% CI), which is a high enough frequency to be classified as benign based on thresholds defined by the ClinGen RASopathy Expert ",SOS1,B/LB,True
40662,SCV000616384.4,PS2_Verystrong,PS2,APPLIED_BARE,1,The c.806T>C (p.Met269Thr) variant in SOS1 has been reported in the literature in at least 2 unconfirmed and 1 confirmed de novo occurrences in patients with clinical features of a RASopathy (PS2_VeryStrong;,SOS1,P/LP,True
40662,SCV000616384.4,PM2,PM2,APPLIED_BARE,1,This variant was absent from large population studies (PM2;,SOS1,P/LP,True
40662,SCV000616384.4,PP2,PP2,APPLIED_BARE,1,"The variant is in SOS1, which has been defined by the ClinGen RASopathy Expert Panel as a gene with low rate of benign missense with missense variants commonly being pathogenic (PP2;",SOS1,P/LP,True
40662,SCV000616384.4,PP3,PP3,APPLIED_BARE,1,Computational prediction tools and conservation analysis suggest that the p.Met269Thr variant may impact the protein (PP3).,SOS1,P/LP,True
40662,SCV000616384.4,PM1,PM1,APPLIED_BARE,1,"Furthermore, the variant is in a location that has been defined by the ClinGen RASopathy Expert Panel to be a mutational hotspot or domain of SOS1 (PM1;",SOS1,P/LP,True
40662,SCV000616384.4,PP2,PP2,APPLIED,5,"Rasopathy-specific ACMG/AMP criteria applied (PMID: 29493581): PP2, PP3, PM1, PM2, PS2_VeryStrong.",SOS1,P/LP,True
40662,SCV000616384.4,PP3,PP3,APPLIED,5,"Rasopathy-specific ACMG/AMP criteria applied (PMID: 29493581): PP2, PP3, PM1, PM2, PS2_VeryStrong.",SOS1,P/LP,True
40662,SCV000616384.4,PM1,PM1,APPLIED,5,"Rasopathy-specific ACMG/AMP criteria applied (PMID: 29493581): PP2, PP3, PM1, PM2, PS2_VeryStrong.",SOS1,P/LP,True
40662,SCV000616384.4,PM2,PM2,APPLIED,5,"Rasopathy-specific ACMG/AMP criteria applied (PMID: 29493581): PP2, PP3, PM1, PM2, PS2_VeryStrong.",SOS1,P/LP,True
40662,SCV000616384.4,PS2_Verystrong,PS2,APPLIED,5,"Rasopathy-specific ACMG/AMP criteria applied (PMID: 29493581): PP2, PP3, PM1, PM2, PS2_VeryStrong.",SOS1,P/LP,True
40664,SCV000927046.1,BS4,BS4,APPLIED_BARE,1,The c.1018C>T (p.Pro340Ser) variant in the SOS1 gene has been found not to segregate in a family member of a patient who underwent testing for RASopathies as well as another adult who was unaffected (BS4;,SOS1,B/LB,True
40664,SCV000927046.1,BP5,BP5,APPLIED_BARE,1,This variant has also been identified in a patient with an alternate molecular basis of disease (BP5;,SOS1,B/LB,True
40664,SCV000927046.1,BS1,BS1,APPLIED_BARE,1,"The filtering allele frequency of the p.Pro340Ser variant is 0.022% for East Asian exomes in the gnomAD database (20/251276 with 95% CI), which is high enough frequency to be considered strong evidence for the variant being benign by the ClinGen RASopathy Expert Panel (BS1).",SOS1,B/LB,True
40664,SCV000927046.1,BS4,BS4,APPLIED,3,"RASopathy-specific ACMG/AMP criteria applied (PMID:29493581): BS4, BP5, BS1.",SOS1,B/LB,True
40664,SCV000927046.1,BP5,BP5,APPLIED,3,"RASopathy-specific ACMG/AMP criteria applied (PMID:29493581): BS4, BP5, BS1.",SOS1,B/LB,True
40664,SCV000927046.1,BS1,BS1,APPLIED,3,"RASopathy-specific ACMG/AMP criteria applied (PMID:29493581): BS4, BP5, BS1.",SOS1,B/LB,True
40665,SCV000616438.5,BP4,BP4,APPLIED_BARE,2,"The c.1230G>A variant in the SOS1 gene is a synonymous (silent) variant (p.Gln410=) at a nucleotide that is not highly conserved and not predicted by SpliceAI to impact splicing (BP4, BP7).",,,False
40665,SCV000616438.5,BP7,BP7,APPLIED_BARE,2,"The c.1230G>A variant in the SOS1 gene is a synonymous (silent) variant (p.Gln410=) at a nucleotide that is not highly conserved and not predicted by SpliceAI to impact splicing (BP4, BP7).",,,False
40665,SCV000616438.5,BA1,BA1,APPLIED,1,"The filtering allele frequency in gnomAD v4.1.0 is 4.078% (2165/59926 alleles, 47 homozygotes) in the Admixed American population and therefore meets BA1.",,,False
40665,SCV000616438.5,BP5,BP5,APPLIED_BARE,1,This variant has been identified in patients with an alternate molecular basis for disease (BP5;,,,False
40665,SCV000616438.5,BA1,BA1,APPLIED,4,"In summary, this variant meets criteria to be classified as benign for autosomal dominant RASopathies based on the ACMG/AMP criteria applied, as specified by the ClinGen RASopathy Variant Curation Expert Panel: BA1, BP4, BP5, BP7 (Specification Version 2.1, 09/17/2024) |",,,False
40665,SCV000616438.5,BP4,BP4,APPLIED,4,"In summary, this variant meets criteria to be classified as benign for autosomal dominant RASopathies based on the ACMG/AMP criteria applied, as specified by the ClinGen RASopathy Variant Curation Expert Panel: BA1, BP4, BP5, BP7 (Specification Version 2.1, 09/17/2024) |",,,False
40665,SCV000616438.5,BP5,BP5,APPLIED,4,"In summary, this variant meets criteria to be classified as benign for autosomal dominant RASopathies based on the ACMG/AMP criteria applied, as specified by the ClinGen RASopathy Variant Curation Expert Panel: BA1, BP4, BP5, BP7 (Specification Version 2.1, 09/17/2024) |",,,False
40665,SCV000616438.5,BP7,BP7,APPLIED,4,"In summary, this variant meets criteria to be classified as benign for autosomal dominant RASopathies based on the ACMG/AMP criteria applied, as specified by the ClinGen RASopathy Variant Curation Expert Panel: BA1, BP4, BP5, BP7 (Specification Version 2.1, 09/17/2024) |",,,False
40678,SCV000616385.4,PS2_Verystrong,PS2,APPLIED_BARE,1,The c.1642A>C (p.Ser548Arg) variant in SOS1 has been reported as a confirmed de novo occurrence in a patient with clinical features of a RASopathy (PS2_VeryStrong;,SOS1,P/LP,True
40678,SCV000616385.4,PS3,PS3,APPLIED_BARE,1,In vitro functional studies provide some evidence that the p.Ser548Arg variant may impact protein function (PS3;,SOS1,P/LP,True
40678,SCV000616385.4,PM2,PM2,APPLIED_BARE,1,This variant was absent from large population studies (PM2;,SOS1,P/LP,True
40678,SCV000616385.4,PP2,PP2,APPLIED_BARE,1,"The variant is located in the SOS1 gene, which has been defined by the ClinGen RASopathy Expert Panel as a gene with a low rate of benign missense variants and pathogenic missense variants are common (PP2;",SOS1,P/LP,True
40678,SCV000616385.4,PM1,PM1,APPLIED_BARE,1,"Furthermore, the variant is in a location that has been defined by the ClinGen RASopathy Expert Panel to be a mutational hotspot or domain of SOS1 (PM1;",SOS1,P/LP,True
40678,SCV000616385.4,PP3,PP3,APPLIED_BARE,1,Computational prediction tools and conservation analysis suggest that the p.Ser548Arg variant may impact the protein (PP3).,SOS1,P/LP,True
40678,SCV000616385.4,PP2,PP2,APPLIED,6,"Rasopathy-specific ACMG/AMP criteria applied (PMID: 29493581): PP2, PP3, PM1, PM2, PS3 PS2_VeryStrong.",SOS1,P/LP,True
40678,SCV000616385.4,PP3,PP3,APPLIED,6,"Rasopathy-specific ACMG/AMP criteria applied (PMID: 29493581): PP2, PP3, PM1, PM2, PS3 PS2_VeryStrong.",SOS1,P/LP,True
40678,SCV000616385.4,PM1,PM1,APPLIED,6,"Rasopathy-specific ACMG/AMP criteria applied (PMID: 29493581): PP2, PP3, PM1, PM2, PS3 PS2_VeryStrong.",SOS1,P/LP,True
40678,SCV000616385.4,PM2,PM2,APPLIED,6,"Rasopathy-specific ACMG/AMP criteria applied (PMID: 29493581): PP2, PP3, PM1, PM2, PS3 PS2_VeryStrong.",SOS1,P/LP,True
40678,SCV000616385.4,PS3,PS3,APPLIED,6,"Rasopathy-specific ACMG/AMP criteria applied (PMID: 29493581): PP2, PP3, PM1, PM2, PS3 PS2_VeryStrong.",SOS1,P/LP,True
40678,SCV000616385.4,PS2_Verystrong,PS2,APPLIED,6,"Rasopathy-specific ACMG/AMP criteria applied (PMID: 29493581): PP2, PP3, PM1, PM2, PS3 PS2_VeryStrong.",SOS1,P/LP,True
40681,SCV000927025.1,PS4_Moderate,PS4,APPLIED_BARE,1,The c.1655G>T (p.Arg552Met) variant has been identified in at least 3 independent occurrences in patients with clinical features of a RASopathy (PS4_Moderate;,SOS1,P/LP,True
40681,SCV000927025.1,PM5_Strong,PM5,UNCLEAR,4,These variants would have received PM5_Strong but the RAS EP decided that PM1 and PM5 cannot be used simultaneously and therefore this rule has been upgraded with expert judgement (PM1_Strong).,SOS1,P/LP,True
40681,SCV000927025.1,PM1,PM1,UNCLEAR,4,These variants would have received PM5_Strong but the RAS EP decided that PM1 and PM5 cannot be used simultaneously and therefore this rule has been upgraded with expert judgement (PM1_Strong).,SOS1,P/LP,True
40681,SCV000927025.1,PM5,PM5,UNCLEAR,4,These variants would have received PM5_Strong but the RAS EP decided that PM1 and PM5 cannot be used simultaneously and therefore this rule has been upgraded with expert judgement (PM1_Strong).,SOS1,P/LP,True
40681,SCV000927025.1,PM1_Strong,PM1,UNCLEAR,4,These variants would have received PM5_Strong but the RAS EP decided that PM1 and PM5 cannot be used simultaneously and therefore this rule has been upgraded with expert judgement (PM1_Strong).,SOS1,P/LP,True
40681,SCV000927025.1,PP3,PP3,APPLIED_BARE,1,Computational prediction tools and conservation analysis suggest that the p.Arg552Met variant may impact the protein (PP3).,SOS1,P/LP,True
40681,SCV000927025.1,PP2,PP2,APPLIED_BARE,1,"The variant is located in the SOS1 gene, which has been defined by the ClinGen RASopathy Expert Panel as a gene with a low rate of benign missense variants and pathogenic missense variants are common (PP2;",SOS1,P/LP,True
40681,SCV000927025.1,PS4_Moderate,PS4,APPLIED,4,"RASopathy-specific ACMG/AMP criteria applied (PMID:29493581): PS4_Moderate, PM1_Strong, PP2, PP3.",SOS1,P/LP,True
40681,SCV000927025.1,PM1_Strong,PM1,APPLIED,4,"RASopathy-specific ACMG/AMP criteria applied (PMID:29493581): PS4_Moderate, PM1_Strong, PP2, PP3.",SOS1,P/LP,True
40681,SCV000927025.1,PP2,PP2,APPLIED,4,"RASopathy-specific ACMG/AMP criteria applied (PMID:29493581): PS4_Moderate, PM1_Strong, PP2, PP3.",SOS1,P/LP,True
40681,SCV000927025.1,PP3,PP3,APPLIED,4,"RASopathy-specific ACMG/AMP criteria applied (PMID:29493581): PS4_Moderate, PM1_Strong, PP2, PP3.",SOS1,P/LP,True
40682,SCV000927026.1,PS4_Moderate,PS4,APPLIED_BARE,1,"The c.1655G>C (p.Arg552Thr) variant in SOS1 has been identified in at least 4 independent occurrences in patients with clinical features of a RASopathy, one of which was de novo (PS4_Moderate;",SOS1,P/LP,True
40682,SCV000927026.1,PM2,PM2,APPLIED_BARE,1,This variant was absent from large population studies (PM2;,SOS1,P/LP,True
40682,SCV000927026.1,PM5_Strong,PM5,UNCLEAR,4,These variants would have received PM5_Strong but the RAS EP decided that PM1 and PM5 cannot be used simultaneously and therefore this rule has been upgraded with expert judgement (PM1_Strong).,SOS1,P/LP,True
40682,SCV000927026.1,PM1,PM1,UNCLEAR,4,These variants would have received PM5_Strong but the RAS EP decided that PM1 and PM5 cannot be used simultaneously and therefore this rule has been upgraded with expert judgement (PM1_Strong).,SOS1,P/LP,True
40682,SCV000927026.1,PM5,PM5,UNCLEAR,4,These variants would have received PM5_Strong but the RAS EP decided that PM1 and PM5 cannot be used simultaneously and therefore this rule has been upgraded with expert judgement (PM1_Strong).,SOS1,P/LP,True
40682,SCV000927026.1,PM1_Strong,PM1,UNCLEAR,4,These variants would have received PM5_Strong but the RAS EP decided that PM1 and PM5 cannot be used simultaneously and therefore this rule has been upgraded with expert judgement (PM1_Strong).,SOS1,P/LP,True
40682,SCV000927026.1,PP2,PP2,APPLIED_BARE,1,"The variant is located in the SOS1 gene, which has been defined by the ClinGen RASopathy Expert Panel as a gene with a low rate of benign missense variants and pathogenic missense variants are common (PP2;",SOS1,P/LP,True
40682,SCV000927026.1,PP3,PP3,APPLIED_BARE,1,Computational prediction tools and conservation analysis suggest that the p.Arg552Thr variant may impact the protein (PP3).,SOS1,P/LP,True
40682,SCV000927026.1,PS4_Moderate,PS4,APPLIED,6,"Rasopathy-specific ACMG/AMP criteria applied (PMID:29493581): PS4_Moderate, PM1_Strong, PM2, PM6, PP2, PP3.",SOS1,P/LP,True
40682,SCV000927026.1,PM1_Strong,PM1,APPLIED,6,"Rasopathy-specific ACMG/AMP criteria applied (PMID:29493581): PS4_Moderate, PM1_Strong, PM2, PM6, PP2, PP3.",SOS1,P/LP,True
40682,SCV000927026.1,PM2,PM2,APPLIED,6,"Rasopathy-specific ACMG/AMP criteria applied (PMID:29493581): PS4_Moderate, PM1_Strong, PM2, PM6, PP2, PP3.",SOS1,P/LP,True
40682,SCV000927026.1,PM6,PM6,APPLIED,6,"Rasopathy-specific ACMG/AMP criteria applied (PMID:29493581): PS4_Moderate, PM1_Strong, PM2, PM6, PP2, PP3.",SOS1,P/LP,True
40682,SCV000927026.1,PP2,PP2,APPLIED,6,"Rasopathy-specific ACMG/AMP criteria applied (PMID:29493581): PS4_Moderate, PM1_Strong, PM2, PM6, PP2, PP3.",SOS1,P/LP,True
40682,SCV000927026.1,PP3,PP3,APPLIED,6,"Rasopathy-specific ACMG/AMP criteria applied (PMID:29493581): PS4_Moderate, PM1_Strong, PM2, PM6, PP2, PP3.",SOS1,P/LP,True
40683,SCV000927028.1,PS2_Verystrong,PS2,APPLIED_BARE,1,The c.1655G>A (p.Arg552Lys) variant in SOS1 has been reported as a confirmed de novo occurrence in at least 2 patients with clinical features of a RASopathy (PS2_VeryStrong;,SOS1,P/LP,True
40683,SCV000927028.1,PS4,PS4,APPLIED_BARE,1,This variant has been detected in at least 7 independent occurrences with clinical features of a RASopathy (PS4;,SOS1,P/LP,True
40683,SCV000927028.1,PS3,PS3,APPLIED_BARE,1,In vitro functional studies provide some evidence that the p.Arg552Lys variant may impact protein function (PS3;,SOS1,P/LP,True
40683,SCV000927028.1,PM1,PM1,APPLIED_BARE,1,This residue has been defined as a PM1 hotspot by the RAS VCEP.,SOS1,P/LP,True
40683,SCV000927028.1,PM5_Strong,PM5,UNCLEAR,4,These variants would have received PM5_Strong but the RAS EP decided that PM1 and PM5 cannot be used simultaneously and therefore this rule has been upgraded with expert judgement (PM1_Strong).,SOS1,P/LP,True
40683,SCV000927028.1,PM1,PM1,UNCLEAR,4,These variants would have received PM5_Strong but the RAS EP decided that PM1 and PM5 cannot be used simultaneously and therefore this rule has been upgraded with expert judgement (PM1_Strong).,SOS1,P/LP,True
40683,SCV000927028.1,PM5,PM5,UNCLEAR,4,These variants would have received PM5_Strong but the RAS EP decided that PM1 and PM5 cannot be used simultaneously and therefore this rule has been upgraded with expert judgement (PM1_Strong).,SOS1,P/LP,True
40683,SCV000927028.1,PM1_Strong,PM1,UNCLEAR,4,These variants would have received PM5_Strong but the RAS EP decided that PM1 and PM5 cannot be used simultaneously and therefore this rule has been upgraded with expert judgement (PM1_Strong).,SOS1,P/LP,True
40683,SCV000927028.1,PM2,PM2,APPLIED_BARE,1,This variant was absent from large population studies (PM2;,SOS1,P/LP,True
40683,SCV000927028.1,PP3,PP3,APPLIED_BARE,1,Computational prediction tools and conservation analysis suggest that the p.Arg552Lys variant may impact the protein (PP3).,SOS1,P/LP,True
40683,SCV000927028.1,PP2,PP2,APPLIED_BARE,1,"The variant is located in the SOS1 gene, which has been defined by the ClinGen RASopathy Expert Panel as a gene with a low rate of benign missense variants and pathogenic missense variants are common (PP2;",SOS1,P/LP,True
40683,SCV000927028.1,PS2_Verystrong,PS2,APPLIED,7,"Rasopathy-specific ACMG/AMP criteria applied (PMID:29493581): PS2_VeryStrong, PS4, PS3, PM1_Strong, PM2, PP2, PP3.",SOS1,P/LP,True
40683,SCV000927028.1,PS4,PS4,APPLIED,7,"Rasopathy-specific ACMG/AMP criteria applied (PMID:29493581): PS2_VeryStrong, PS4, PS3, PM1_Strong, PM2, PP2, PP3.",SOS1,P/LP,True
40683,SCV000927028.1,PS3,PS3,APPLIED,7,"Rasopathy-specific ACMG/AMP criteria applied (PMID:29493581): PS2_VeryStrong, PS4, PS3, PM1_Strong, PM2, PP2, PP3.",SOS1,P/LP,True
40683,SCV000927028.1,PM1_Strong,PM1,APPLIED,7,"Rasopathy-specific ACMG/AMP criteria applied (PMID:29493581): PS2_VeryStrong, PS4, PS3, PM1_Strong, PM2, PP2, PP3.",SOS1,P/LP,True
40683,SCV000927028.1,PM2,PM2,APPLIED,7,"Rasopathy-specific ACMG/AMP criteria applied (PMID:29493581): PS2_VeryStrong, PS4, PS3, PM1_Strong, PM2, PP2, PP3.",SOS1,P/LP,True
40683,SCV000927028.1,PP2,PP2,APPLIED,7,"Rasopathy-specific ACMG/AMP criteria applied (PMID:29493581): PS2_VeryStrong, PS4, PS3, PM1_Strong, PM2, PP2, PP3.",SOS1,P/LP,True
40683,SCV000927028.1,PP3,PP3,APPLIED,7,"Rasopathy-specific ACMG/AMP criteria applied (PMID:29493581): PS2_VeryStrong, PS4, PS3, PM1_Strong, PM2, PP2, PP3.",SOS1,P/LP,True
40684,SCV000927027.1,PS2,PS2,APPLIED_BARE,2,"The c.1656G>T (p.Arg552Ser) variant in SOS1 has been reported as a confirmed de novo occurrence in one patient and 2 other probands with clinical features of a RASopathy (PS2, PS4_Moderate;",SOS1,P/LP,True
40684,SCV000927027.1,PS4_Moderate,PS4,APPLIED_BARE,2,"The c.1656G>T (p.Arg552Ser) variant in SOS1 has been reported as a confirmed de novo occurrence in one patient and 2 other probands with clinical features of a RASopathy (PS2, PS4_Moderate;",SOS1,P/LP,True
40684,SCV000927027.1,PP1,PP1,UNCLEAR,1,"Of note, one of these cases was an affected mother-child duo (PP1 not met;",SOS1,P/LP,True
40684,SCV000927027.1,PM2,PM2,APPLIED_BARE,1,This variant was absent from large population studies (PM2;,SOS1,P/LP,True
40684,SCV000927027.1,PM5_Strong,PM5,UNCLEAR,4,These variants would have received PM5_Strong but the RAS EP decided that PM1 and PM5 cannot be used simultaneously and therefore this rule has been upgraded with expert judgement (PM1_Strong).,SOS1,P/LP,True
40684,SCV000927027.1,PM1,PM1,UNCLEAR,4,These variants would have received PM5_Strong but the RAS EP decided that PM1 and PM5 cannot be used simultaneously and therefore this rule has been upgraded with expert judgement (PM1_Strong).,SOS1,P/LP,True
40684,SCV000927027.1,PM5,PM5,UNCLEAR,4,These variants would have received PM5_Strong but the RAS EP decided that PM1 and PM5 cannot be used simultaneously and therefore this rule has been upgraded with expert judgement (PM1_Strong).,SOS1,P/LP,True
40684,SCV000927027.1,PM1_Strong,PM1,UNCLEAR,4,These variants would have received PM5_Strong but the RAS EP decided that PM1 and PM5 cannot be used simultaneously and therefore this rule has been upgraded with expert judgement (PM1_Strong).,SOS1,P/LP,True
40684,SCV000927027.1,PS1,PS1,APPLIED_BARE,1,"Of note, the p.Arg552Ser variant in SOS1 has also been a consequence of the c.1656G>C nucleotide change which has been classified as pathogenic (PS1;",SOS1,P/LP,True
40684,SCV000927027.1,PP3,PP3,APPLIED_BARE,1,Computational prediction tools and conservation analysis suggest that the p.Arg552Ser variant may impact the protein (PP3).,SOS1,P/LP,True
40684,SCV000927027.1,PP2,PP2,APPLIED_BARE,1,"The variant is located in the SOS1 gene, which has been defined by the ClinGen RASopathy Expert Panel as a gene with a low rate of benign missense variants and pathogenic missense variants are common (PP2;",SOS1,P/LP,True
40684,SCV000927027.1,PS2,PS2,APPLIED,7,"Rasopathy-specific ACMG/AMP criteria applied (PMID:29493581): PS2, PS1, PM1_Strong, PM2, PS4_Moderate, PP2, PP3.",SOS1,P/LP,True
40684,SCV000927027.1,PS1,PS1,APPLIED,7,"Rasopathy-specific ACMG/AMP criteria applied (PMID:29493581): PS2, PS1, PM1_Strong, PM2, PS4_Moderate, PP2, PP3.",SOS1,P/LP,True
40684,SCV000927027.1,PM1_Strong,PM1,APPLIED,7,"Rasopathy-specific ACMG/AMP criteria applied (PMID:29493581): PS2, PS1, PM1_Strong, PM2, PS4_Moderate, PP2, PP3.",SOS1,P/LP,True
40684,SCV000927027.1,PM2,PM2,APPLIED,7,"Rasopathy-specific ACMG/AMP criteria applied (PMID:29493581): PS2, PS1, PM1_Strong, PM2, PS4_Moderate, PP2, PP3.",SOS1,P/LP,True
40684,SCV000927027.1,PS4_Moderate,PS4,APPLIED,7,"Rasopathy-specific ACMG/AMP criteria applied (PMID:29493581): PS2, PS1, PM1_Strong, PM2, PS4_Moderate, PP2, PP3.",SOS1,P/LP,True
40684,SCV000927027.1,PP2,PP2,APPLIED,7,"Rasopathy-specific ACMG/AMP criteria applied (PMID:29493581): PS2, PS1, PM1_Strong, PM2, PS4_Moderate, PP2, PP3.",SOS1,P/LP,True
40684,SCV000927027.1,PP3,PP3,APPLIED,7,"Rasopathy-specific ACMG/AMP criteria applied (PMID:29493581): PS2, PS1, PM1_Strong, PM2, PS4_Moderate, PP2, PP3.",SOS1,P/LP,True
40686,SCV000616519.4,BS1,BS1,APPLIED_BARE,1,"The filtering allele frequency of the c.1705C>G (p.Leu569Val) variant in the SOS1 gene is 0.0336% (31/66714) of European chromosomes by the Exome Aggregation Consortium, which is a high enough frequency to be classified as likely benign based on thresholds defined by the ClinGen RASopathy Expert Pan",SOS1,B/LB,True
40687,SCV000616518.4,BA1,BA1,APPLIED_BARE,1,"The filtering allele frequency of the c.1770G>A (p.Glu590=) variant in the SOS1 gene is 0.29% (34/8634) of East Asian chromosomes by the Exome Aggregation Consortium, which is a high enough frequency to be classified as benign based on thresholds defined by the ClinGen RASopathy Expert Panel (BA1;",,,False
40692,SCV000616516.4,BA1,BA1,APPLIED_BARE,1,"The filtering allele frequency of the c.1964C>T (p.Pro655Leu) variant in the SOS1 gene is 1.153% (803/65674) of European chromosomes by the Exome Aggregation Consortium, which is a high enough frequency to be classified as benign based on thresholds defined by the ClinGen RASopathy Expert Panel (BA1",SOS1,B/LB,True
40697,SCV000616435.4,BA1,BA1,APPLIED_BARE,1,"The filtering allele frequency of the c.2122G>A (p.Ala708Thr) variant in the SOS1 gene is 5.13% for Latino chromosomes by the Exome Aggregation Consortium (633/11554 with 95% CI), which is a high enough frequency to be classified as benign based on thresholds defined by the ClinGen RASopathy Expert ",SOS1,B/LB,True
40698,SCV000616514.4,BS1,BS1,APPLIED_BARE,1,"The filtering allele frequency of the c.2156G>C (p.Gly719Ala) variant in the SOS1 gene is 0.0414% (37/66598) of European chromosomes by the Exome Aggregation Consortium, which is a high enough frequency to be classified as likely benign based on thresholds defined by the ClinGen RASopathy Expert Pan",SOS1,B/LB,True
40702,SCV000616439.4,BA1,BA1,APPLIED_BARE,1,"The filtering allele frequency of the c.2371C>A (p.Leu791Ile) variant in the SOS1 gene is 0.081% for European (Non-Finnish) chromosomes by the Exome Aggregation Consortium (67/66688 with 95% CI), which is a high enough frequency to be classified as benign based on thresholds defined by the ClinGen R",SOS1,B/LB,True
40706,SCV000616387.4,PM6,PM6,APPLIED_BARE,1,The c.2536G>A (p.Glu846Lys) variant in SOS1 has been reported in the literature as an unconfirmed de novo occurrence in a patient with clinical features of a RASopathy (PM6;,SOS1,P/LP,True
40706,SCV000616387.4,PS3,PS3,APPLIED_BARE,1,In vitro functional studies provide some evidence that the p.Glu846Lys variant may impact protein function (PS3;,SOS1,P/LP,True
40706,SCV000616387.4,PM2,PM2,APPLIED_BARE,1,This variant was absent from large population studies (PM2;,SOS1,P/LP,True
40706,SCV000616387.4,PP3,PP3,APPLIED_BARE,1,Computational prediction tools and conservation analysis suggest that the p.Glu846Lys variant may impact the protein (PP3).,SOS1,P/LP,True
40706,SCV000616387.4,PP2,PP2,APPLIED_BARE,1,"The variant is located in the SOS1 gene, which has been defined by the ClinGen RASopathy Expert Panel as a gene with a low rate of benign missense variants and pathogenic missense variants are common (PP2;",SOS1,P/LP,True
40706,SCV000616387.4,PM1,PM1,APPLIED_BARE,1,"Furthermore, the variant is in a location that has been defined to be a mutational hotspot or domain of SOS1 (PM1;",SOS1,P/LP,True
40706,SCV000616387.4,PP2,PP2,APPLIED,6,"Rasopathy-specific ACMG/AMP criteria applied (PMID:29493581): PP2, PP3, PM1, PM2, PM6, PS3.",SOS1,P/LP,True
40706,SCV000616387.4,PP3,PP3,APPLIED,6,"Rasopathy-specific ACMG/AMP criteria applied (PMID:29493581): PP2, PP3, PM1, PM2, PM6, PS3.",SOS1,P/LP,True
40706,SCV000616387.4,PM1,PM1,APPLIED,6,"Rasopathy-specific ACMG/AMP criteria applied (PMID:29493581): PP2, PP3, PM1, PM2, PM6, PS3.",SOS1,P/LP,True
40706,SCV000616387.4,PM2,PM2,APPLIED,6,"Rasopathy-specific ACMG/AMP criteria applied (PMID:29493581): PP2, PP3, PM1, PM2, PM6, PS3.",SOS1,P/LP,True
40706,SCV000616387.4,PM6,PM6,APPLIED,6,"Rasopathy-specific ACMG/AMP criteria applied (PMID:29493581): PP2, PP3, PM1, PM2, PM6, PS3.",SOS1,P/LP,True
40706,SCV000616387.4,PS3,PS3,APPLIED,6,"Rasopathy-specific ACMG/AMP criteria applied (PMID:29493581): PP2, PP3, PM1, PM2, PM6, PS3.",SOS1,P/LP,True
40708,SCV000616511.4,BA1,BA1,APPLIED_BARE,1,"The filtering allele frequency of the c.2760G>A (p.Arg920=) variant in the SOS1 gene is 0.098% (79/66592) of European chromosomes by the Exome Aggregation Consortium, which is a high enough frequency to be classified as benign based on thresholds defined by the ClinGen RASopathy Expert Panel (BA1;",,,False
40713,SCV000616510.4,BA1,BA1,APPLIED_BARE,1,"The filtering allele frequency of the c.2988G>A (p.Pro996=) variant in the SOS1 gene is 0.396% (51/10072) of African chromosomes by the Exome Aggregation Consortium, which is a high enough frequency to be classified as benign based on thresholds defined by the ClinGen RASopathy Expert Panel (BA1;",,,False
40714,SCV000616509.4,BA1,BA1,APPLIED_BARE,1,"The filtering allele frequency of the c.2997T>C (p.Asn999=) variant in the SOS1 gene is 1.009% (120/10162) of African chromosomes by the Exome Aggregation Consortium, which is a high enough frequency to be classified as benign based on thresholds defined by the ClinGen RASopathy Expert Panel (BA1;",,,False
40716,SCV000616440.4,BA1,BA1,APPLIED_BARE,1,"The filtering allele frequency of the c.3032A>G (p.Asn1011Ser) variant in the SOS1 gene is 0.26% for European (Non-Finnish) chromosomes by the Exome Aggregation Consortium (197/66620 with 95% CI), which is a high enough frequency to be classified as benign based on thresholds defined by the ClinGen ",SOS1,B/LB,True
40733,SCV000927047.1,BP5,BP5,APPLIED_BARE,1,The c.3600C>G (p.Asp1200Glu) variant in the SOS1 gene has been identified in at least 6 individuals without detailed phenotypic information as well as one patient with an alternative molecular basis for disease in the BRAF gene (BP5;,SOS1,B/LB,True
40733,SCV000927047.1,BS1,BS1,APPLIED_BARE,1,The filtering allele frequency of the c.3600C>G (p.Asp1200Glu) variant is 0.025% for European (non-Finnish) exomes by the gnomAD database (40/251300 with 95% CI) which is strong evidence to suggest that the variant may be benign based on thresholds defined by the ClinGen RASopathy Expert Panel for a,SOS1,B/LB,True
40733,SCV000927047.1,PM5,PM5,UNCLEAR,1,"Of note, the c.3600C>A change that also results in p.Asp1200Glu has been identified in one patient with a RASopathy but this variant has not met criteria to be classified as pathogenic and therefore PM5 is not met (Partners LMM internal data;",SOS1,B/LB,True
40733,SCV000927047.1,BP4,BP4,NOT_MET,1,Computational prediction tools and conservation analysis suggest that the p.Asp1200Glu variant does not impact the protein (BP4).,SOS1,B/LB,True
40733,SCV000927047.1,BS1,BS1,APPLIED,3,"RASopathy-specific ACMG/AMP criteria applied (PMID:29493581): BS1, BP4, BP5.",SOS1,B/LB,True
40733,SCV000927047.1,BP4,BP4,APPLIED,3,"RASopathy-specific ACMG/AMP criteria applied (PMID:29493581): BS1, BP4, BP5.",SOS1,B/LB,True
40733,SCV000927047.1,BP5,BP5,APPLIED,3,"RASopathy-specific ACMG/AMP criteria applied (PMID:29493581): BS1, BP4, BP5.",SOS1,B/LB,True
40747,SCV000616533.4,PM6,PM6,APPLIED_BARE,1,The c.388T>C (p.Tyr130His) variant in MAP2K1 has been reported in the literature as an unconfirmed de novo occurrence in a patient with clinical features of a RASopathy (PM6;,MAP2K1,P/LP,True
40747,SCV000616533.4,PM2,PM2,APPLIED_BARE,1,This variant was absent from large population studies (PM2;,MAP2K1,P/LP,True
40747,SCV000616533.4,PP2,PP2,APPLIED_BARE,1,"The variant is located in the MAP2K1 gene, which has been defined by the ClinGen RASopathy Expert Panel as a gene with a low rate of benign missense variants and pathogenic missense variants are common (PP2;",MAP2K1,P/LP,True
40747,SCV000616533.4,PM1,PM1,APPLIED_BARE,1,"Furthermore, the variant is in a location that has been defined by the ClinGen RASopathy Expert Panel to be a mutational hotspot or domain of MAP2K1 (PM1;",MAP2K1,P/LP,True
40747,SCV000616533.4,PM5,PM5,APPLIED_BARE,1,A different pathogenic missense variant has been previously identified at this codon of MAP2K1 which may indicate that this residue is critical to the function of the protein (PM5;,MAP2K1,P/LP,True
40747,SCV000616533.4,PP3,PP3,APPLIED_BARE,1,Computational prediction tools and conservation analysis suggest that the p.Tyr130Cys variant may impact the protein (PP3).,MAP2K1,P/LP,True
40747,SCV000616533.4,PM6,PM6,APPLIED,6,"RASopathy-specific ACMG/AMP criteria applied (PMID:29493581): PM6, PM5, PM2, PM1, PP3, PP2.",MAP2K1,P/LP,True
40747,SCV000616533.4,PM5,PM5,APPLIED,6,"RASopathy-specific ACMG/AMP criteria applied (PMID:29493581): PM6, PM5, PM2, PM1, PP3, PP2.",MAP2K1,P/LP,True
40747,SCV000616533.4,PM2,PM2,APPLIED,6,"RASopathy-specific ACMG/AMP criteria applied (PMID:29493581): PM6, PM5, PM2, PM1, PP3, PP2.",MAP2K1,P/LP,True
40747,SCV000616533.4,PM1,PM1,APPLIED,6,"RASopathy-specific ACMG/AMP criteria applied (PMID:29493581): PM6, PM5, PM2, PM1, PP3, PP2.",MAP2K1,P/LP,True
40747,SCV000616533.4,PP3,PP3,APPLIED,6,"RASopathy-specific ACMG/AMP criteria applied (PMID:29493581): PM6, PM5, PM2, PM1, PP3, PP2.",MAP2K1,P/LP,True
40747,SCV000616533.4,PP2,PP2,APPLIED,6,"RASopathy-specific ACMG/AMP criteria applied (PMID:29493581): PM6, PM5, PM2, PM1, PP3, PP2.",MAP2K1,P/LP,True
40754,SCV000616553.4,BA1,BA1,APPLIED_BARE,1,"The filtering allele frequency of the c.711G>A (p.Gly237=) variant in the MAP2K1 gene is 1.612% (1130/66724) of European chromosomes by the Exome Aggregation Consortium, which is a high enough frequency to be classified as benign based on thresholds defined by the ClinGen RASopathy Expert Panel (BA1",,,False
40756,SCV000616535.4,BA1,BA1,APPLIED_BARE,1,"The filtering allele frequency of the c.848C>T (p.Ala283Val) variant in the MAP2K1 gene is 0.052% for African chromosomes by the Exome Aggregation Consortium (10/10366 with 95% CI), which is a high enough frequency to be classified as benign based on thresholds defined by the ClinGen RASopathy Exper",MAP2K1,B/LB,True
40756,SCV000616535.4,BP5,BP5,APPLIED_BARE,1,This variant has been identified in a patient with an alternate molecular basis for disease (BP5;,MAP2K1,B/LB,True
40756,SCV000616535.4,BA1,BA1,APPLIED,2,"RASopathy-specific ACMG/AMP criteria applied (PMID:29493581): BA1, BP5.",MAP2K1,B/LB,True
40756,SCV000616535.4,BP5,BP5,APPLIED,2,"RASopathy-specific ACMG/AMP criteria applied (PMID:29493581): BA1, BP5.",MAP2K1,B/LB,True
40758,SCV000616556.4,BA1,BA1,APPLIED_BARE,1,"The filtering allele frequency of the c.927A>T (p.Ala309=) variant in the MAP2K1 gene is 1.307% (156/10406) of African chromosomes by the Exome Aggregation Consortium, which is a high enough frequency to be classified as benign based on thresholds defined by the ClinGen RASopathy Expert Panel (BA1;",,,False
40760,SCV000616557.4,BA1,BA1,APPLIED_BARE,1,"The filtering allele frequency of the c.1023-8C>T variant in the MAP2K1 gene is 10.315% (1128/10406) of African chromosomes by the Exome Aggregation Consortium, which is a high enough frequency to be classified as benign based on thresholds defined by the ClinGen RASopathy Expert Panel (BA1;",,,False
40762,SCV000616560.4,BA1,BA1,APPLIED_BARE,1,"The filtering allele frequency of the c.1137C>T (p.Ile379=) variant in the MAP2K1 gene is 0.175% (26/10406) of African chromosomes by the Exome Aggregation Consortium, which is a high enough frequency to be classified as benign based on thresholds defined by the ClinGen RASopathy Expert Panel (BA1;",,,False
40770,SCV000616588.4,BA1,BA1,APPLIED_BARE,1,"The filtering allele frequency of the c.192C>T (p.Val64=) variant in the MAP2K2 gene is 7.417% (1283/16512) of South Asian chromosomes by the Exome Aggregation Consortium, which is a high enough frequency to be classified as benign based on thresholds defined by the ClinGen RASopathy Expert Panel (B",,,False
40779,SCV000616537.4,PM6,PM6,APPLIED_BARE,1,The c.169A>C (p.Lys57Gln) variant in MAP2K1 has been reported in the literature as an unconfirmed de novo occurrence in a patient with clinical features of a RASopathy (PM6;,MAP2K1,P/LP,True
40779,SCV000616537.4,PM2,PM2,APPLIED_BARE,1,This variant was absent from large population studies (PM2;,MAP2K1,P/LP,True
40779,SCV000616537.4,PP3,PP3,APPLIED_BARE,1,Computational prediction tools and conservation analysis suggest that the p.Lys57Gln variant may impact the protein (PP3).,MAP2K1,P/LP,True
40779,SCV000616537.4,PP2,PP2,APPLIED_BARE,1,"The variant is located in the MAP2K1 gene, which has been defined by the ClinGen RASopathy Expert Panel as a gene with a low rate of benign missense variants and pathogenic missense variants are common (PP2;",MAP2K1,P/LP,True
40779,SCV000616537.4,PM6,PM6,APPLIED,4,"RASopathy-specific ACMG/AMP criteria applied (PMID:29493581): PM6, PM2, PP3, PP2.",MAP2K1,P/LP,True
40779,SCV000616537.4,PM2,PM2,APPLIED,4,"RASopathy-specific ACMG/AMP criteria applied (PMID:29493581): PM6, PM2, PP3, PP2.",MAP2K1,P/LP,True
40779,SCV000616537.4,PP3,PP3,APPLIED,4,"RASopathy-specific ACMG/AMP criteria applied (PMID:29493581): PM6, PM2, PP3, PP2.",MAP2K1,P/LP,True
40779,SCV000616537.4,PP2,PP2,APPLIED,4,"RASopathy-specific ACMG/AMP criteria applied (PMID:29493581): PM6, PM2, PP3, PP2.",MAP2K1,P/LP,True
40781,SCV000616531.4,PM6_Strong,PM6,APPLIED_BARE,1,The c.199G>A (p.Asp67Asn) variant in MAP2K1 has been reported in the literature in at least 2 unconfirmed de novo occurrences in patients with clinical features of a RASopathy (PM6_Strong;,MAP2K1,P/LP,True
40781,SCV000616531.4,PS3,PS3,APPLIED_BARE,1,In vitro functional studies provide some evidence that the p.Asp67Asn variant may impact protein function (PS3;,MAP2K1,P/LP,True
40781,SCV000616531.4,PM2,PM2,APPLIED_BARE,1,This variant was absent from large population studies (PM2;,MAP2K1,P/LP,True
40781,SCV000616531.4,PP2,PP2,APPLIED_BARE,1,"The variant is located in the MAP2K1 gene, which has been defined by the ClinGen RASopathy Expert Panel as a gene with a low rate of benign missense variants and pathogenic missense variants are common (PP2;",MAP2K1,P/LP,True
40781,SCV000616531.4,PP3,PP3,APPLIED_BARE,1,Computational prediction tools and conservation analysis suggest that the p.Asp67Asn variant may impact the protein (PP3).,MAP2K1,P/LP,True
40781,SCV000616531.4,PM6_Strong,PM6,APPLIED,5,"Rasopathy-specific ACMG/AMP criteria applied (PMID:29493581): PM6_Strong, PS3, PM2, PP2, PP3.",MAP2K1,P/LP,True
40781,SCV000616531.4,PS3,PS3,APPLIED,5,"Rasopathy-specific ACMG/AMP criteria applied (PMID:29493581): PM6_Strong, PS3, PM2, PP2, PP3.",MAP2K1,P/LP,True
40781,SCV000616531.4,PM2,PM2,APPLIED,5,"Rasopathy-specific ACMG/AMP criteria applied (PMID:29493581): PM6_Strong, PS3, PM2, PP2, PP3.",MAP2K1,P/LP,True
40781,SCV000616531.4,PP2,PP2,APPLIED,5,"Rasopathy-specific ACMG/AMP criteria applied (PMID:29493581): PM6_Strong, PS3, PM2, PP2, PP3.",MAP2K1,P/LP,True
40781,SCV000616531.4,PP3,PP3,APPLIED,5,"Rasopathy-specific ACMG/AMP criteria applied (PMID:29493581): PM6_Strong, PS3, PM2, PP2, PP3.",MAP2K1,P/LP,True
40786,SCV000616542.4,PS4,PS4,UNCLEAR,1,The c.281C>T (p.Ser94Leu) variant in MAP2K2 has been identified in 2 independent occurrences in patients with a RASopathy (PS4 not met;,MAP2K2,VUS,True
40786,SCV000616542.4,PP2,PP2,APPLIED_BARE,1,"The variant is located in the MAP2K2 gene, which has been defined by the ClinGen RASopathy Expert Panel as a gene with a low rate of benign missense variants and pathogenic missense variants are common (PP2;",MAP2K2,VUS,True
40786,SCV000616542.4,PP2,PP2,APPLIED,1,ACMG/AMP criteria applied: PP2.,MAP2K2,VUS,True
40787,SCV000616585.4,BA1,BA1,APPLIED_BARE,1,"The filtering allele frequency of the c.291C>A (p.Ile97=) variant in the MAP2K2 gene is 0.182% (23/8614) of East Asian chromosomes by the Exome Aggregation Consortium, which is a high enough frequency to be classified as benign based on thresholds defined by the ClinGen RASopathy Expert Panel (BA1;",,,False
40793,SCV000616583.4,BA1,BA1,APPLIED_BARE,1,"The filtering allele frequency of the c.405G>C (p.Gly135=) variant in the MAP2K2 gene is 14.69% (1588/10368) of African chromosomes by the Exome Aggregation Consortium, which is a high enough frequency to be classified as benign based on thresholds defined by the ClinGen RASopathy Expert Panel (BA1;",,,False
40802,SCV000616580.4,BA1,BA1,APPLIED_BARE,1,"The filtering allele frequency of the c.498C>T (p.Pro166=) variant in the MAP2K2 gene is 0.081% (37/33932) of European chromosomes by the Exome Aggregation Consortium, which is a high enough frequency to be classified as benign based on thresholds defined by the ClinGen RASopathy Expert Panel (BA1;",,,False
40808,SCV000616576.4,BA1,BA1,APPLIED_BARE,1,"The filtering allele frequency of the c.580+6G>A variant in the MAP2K2 gene is 0.311% (91/24374) of European chromosomes by the Exome Aggregation Consortium, which is a high enough frequency to be classified as benign based on thresholds defined by the ClinGen RASopathy Expert Panel (BA1;",,,False
40811,SCV000616575.4,BA1,BA1,APPLIED_BARE,1,"The filtering allele frequency of the c.603C>T (p.Leu201=) variant in the MAP2K2 gene is 0.191% (18/6102) of African chromosomes by the Exome Aggregation Consortium, which is a high enough frequency to be classified as benign based on thresholds defined by the ClinGen RASopathy Expert Panel (BA1;",,,False
40813,SCV000616543.4,PM6_Strong,PM6,APPLIED_BARE,1,The c.619G>A (p.Glu207Lys) variant in MAP2K2 has been reported in the literature in at least 2 unconfirmed de novo occurrences in patients with clinical features of a RASopathy (PM6_Strong;,MAP2K2,P/LP,True
40813,SCV000616543.4,PS4_Supporting,PS4,APPLIED_BARE,1,The p.Glu207Lys variant has been identified in 2 independent occurrences in patients with a RASopathy (PS4_Supporting;,MAP2K2,P/LP,True
40813,SCV000616543.4,PM2,PM2,APPLIED_BARE,1,This variant was absent from large population studies (PM2;,MAP2K2,P/LP,True
40813,SCV000616543.4,PP3,PP3,APPLIED_BARE,1,Computational prediction tools and conservation analysis suggest that the p.Glu207Lys variant may impact the protein (PP3).,MAP2K2,P/LP,True
40813,SCV000616543.4,PP2,PP2,APPLIED_BARE,1,"The variant is located in the MAP2K2 gene, which has been defined by the ClinGen RASopathy Expert Panel as a gene with a low rate of benign missense variants and pathogenic missense variants are common (PP2;",MAP2K2,P/LP,True
40813,SCV000616543.4,PM6_Strong,PM6,APPLIED,5,"RASopathy-specific ACMG/AMP criteria applied (PMID:29493581): PM6_Strong, PS4_Supporting, PM2, PP3, PP2.",MAP2K2,P/LP,True
40813,SCV000616543.4,PS4_Supporting,PS4,APPLIED,5,"RASopathy-specific ACMG/AMP criteria applied (PMID:29493581): PM6_Strong, PS4_Supporting, PM2, PP3, PP2.",MAP2K2,P/LP,True
40813,SCV000616543.4,PM2,PM2,APPLIED,5,"RASopathy-specific ACMG/AMP criteria applied (PMID:29493581): PM6_Strong, PS4_Supporting, PM2, PP3, PP2.",MAP2K2,P/LP,True
40813,SCV000616543.4,PP3,PP3,APPLIED,5,"RASopathy-specific ACMG/AMP criteria applied (PMID:29493581): PM6_Strong, PS4_Supporting, PM2, PP3, PP2.",MAP2K2,P/LP,True
40813,SCV000616543.4,PP2,PP2,APPLIED,5,"RASopathy-specific ACMG/AMP criteria applied (PMID:29493581): PM6_Strong, PS4_Supporting, PM2, PP3, PP2.",MAP2K2,P/LP,True
40816,SCV000616574.4,BA1,BA1,APPLIED_BARE,1,"The filtering allele frequency of the c.660C>A (p.Ile220=) variant in the MAP2K2 gene is 65.271% (3631/5412) of Latino chromosomes by the Exome Aggregation Consortium, which is a high enough frequency to be classified as benign based on thresholds defined by the ClinGen RASopathy Expert Panel (BA1;",,,False
40818,SCV000927036.1,PS4_Supporting,PS4,APPLIED_BARE,1,"The c.692G>T (p.Arg231Leu) variant has been identified in at least 2 independent occurrences in patients with clinical features of RASopathies (PS4_Supporting GeneDx, Invitae internal data, GTR Lab IDs 26957, 500031;",MAP2K2,VUS,True
40818,SCV000927036.1,PM2,PM2,APPLIED_BARE,1,This variant was absent from large population studies (PM2;,MAP2K2,VUS,True
40818,SCV000927036.1,PP2,PP2,APPLIED_BARE,1,"The variant is located in the MAP2K2 gene, which has been defined by the ClinGen RASopathy Expert Panel as a gene with a low rate of benign missense variants and pathogenic missense variants are common (PP2;",MAP2K2,VUS,True
40818,SCV000927036.1,PP3,PP3,APPLIED_BARE,1,"Computational prediction tools and conservation analysis suggest that the p.Arg231Leu variant may impact the protein (PP3).In summary, the clinical significance of the p.Arg231Leu variant is uncertain.",MAP2K2,VUS,True
40818,SCV000927036.1,PS4_Supporting,PS4,APPLIED,4,"RASopathy-specific ACMG/AMP criteria applied (PMID:29493581): PS4_Supporting, PM2, PP2, PP3.",MAP2K2,VUS,True
40818,SCV000927036.1,PM2,PM2,APPLIED,4,"RASopathy-specific ACMG/AMP criteria applied (PMID:29493581): PS4_Supporting, PM2, PP2, PP3.",MAP2K2,VUS,True
40818,SCV000927036.1,PP2,PP2,APPLIED,4,"RASopathy-specific ACMG/AMP criteria applied (PMID:29493581): PS4_Supporting, PM2, PP2, PP3.",MAP2K2,VUS,True
40818,SCV000927036.1,PP3,PP3,APPLIED,4,"RASopathy-specific ACMG/AMP criteria applied (PMID:29493581): PS4_Supporting, PM2, PP2, PP3.",MAP2K2,VUS,True
40824,SCV000616571.4,BS1,BS1,APPLIED_BARE,1,"The filtering allele frequency of the c.818A>G (p.Lys273Arg) variant in the MAP2K2 gene is 0.0368% (6/7088) of Latino chromosomes by the Exome Aggregation Consortium, which is a high enough frequency to be classified as likely benign based on thresholds defined by the ClinGen RASopathy Expert Panel ",MAP2K2,B/LB,True
40825,SCV000616570.4,BA1,BA1,APPLIED_BARE,1,"The filtering allele frequency of the c.823C>T (p.Leu275=) variant in the MAP2K2 gene is 0.2% (19/6224) of African chromosomes by the Exome Aggregation Consortium, which is a high enough frequency to be classified as benign based on thresholds defined by the ClinGen RASopathy Expert Panel (BA1;",,,False
40826,SCV000616548.5,BA1,BA1,APPLIED_BARE,1,"The filtering allele frequency in gnomAD v2.1.1 is 0.001415 (42/22756 alleles) in the African/African American population, meeting the criterion for BA1.",MAP2K2,B/LB,True
40826,SCV000616548.5,BP4,BP4,APPLIED_BARE,1,"The computational predictor REVEL gives a score of 0.072, which predicts no impact on protein function (BP4).",MAP2K2,B/LB,True
40826,SCV000616548.5,BP5,BP5,APPLIED_BARE,1,This variant has been identified in a patient with an alternate molecular basis for disease (BP5;,MAP2K2,B/LB,True
40826,SCV000616548.5,BA1,BA1,APPLIED,3,"In summary, this variant meets criteria to be classified as benign for autosomal dominant RASopathies based on the ACMG/AMP criteria applied, as specified by the ClinGen RASopathy Variant Curation Expert Panel: BA1, BP4, BP5 (Specification Version 2.3, 12/3/2024) |",MAP2K2,B/LB,True
40826,SCV000616548.5,BP4,BP4,APPLIED,3,"In summary, this variant meets criteria to be classified as benign for autosomal dominant RASopathies based on the ACMG/AMP criteria applied, as specified by the ClinGen RASopathy Variant Curation Expert Panel: BA1, BP4, BP5 (Specification Version 2.3, 12/3/2024) |",MAP2K2,B/LB,True
40826,SCV000616548.5,BP5,BP5,APPLIED,3,"In summary, this variant meets criteria to be classified as benign for autosomal dominant RASopathies based on the ACMG/AMP criteria applied, as specified by the ClinGen RASopathy Variant Curation Expert Panel: BA1, BP4, BP5 (Specification Version 2.3, 12/3/2024) |",MAP2K2,B/LB,True
40827,SCV000616568.4,BA1,BA1,APPLIED_BARE,1,"The filtering allele frequency of the c.846C>T (p.Pro282=) variant in the MAP2K2 gene is 0.515% (46/6886) of Latino chromosomes by the Exome Aggregation Consortium, which is a high enough frequency to be classified as benign based on thresholds defined by the ClinGen RASopathy Expert Panel (BA1;",,,False
40832,SCV000616566.4,BA1,BA1,APPLIED_BARE,1,"The filtering allele frequency of the c.893C>T (p.Pro298Leu) variant in the MAP2K2 gene is 0.953% (68/5776) of East Asian chromosomes by the Exome Aggregation Consortium, which is a high enough frequency to be classified as benign based on thresholds defined by the ClinGen RASopathy Expert Panel (BA",MAP2K2,B/LB,True
40834,SCV001192860.1,BP7,BP7,APPLIED_BARE,1,The variant c.919+4C>T is an intronic variant at a nucleotide that is not highly conserved and is not predicted to impact splicing (BP7).,,,False
40834,SCV001192860.1,BP4,BP4,NOT_MET,1,"Also, computational prediction tools and conservation analysis suggests that the variant does not impact the protein (BP4).",,,False
40834,SCV001192860.1,BP4,BP4,APPLIED,2,"RASopathy-specific ACMG/AMP criteria applied (PMID:29493581): BP4, BP7.",,,False
40834,SCV001192860.1,BP7,BP7,APPLIED,2,"RASopathy-specific ACMG/AMP criteria applied (PMID:29493581): BP4, BP7.",,,False
40842,SCV001192865.1,BS1,BS1,UNCLEAR,1,The p.Arg371Gln variant in MAP2K2 has been identified in 0.00401% (lower bound of the 95% CI of 7/81796) of non-Finnish European chromosomes in gnomAD (https://gnomad.broadinstitute.org) (BS1 not met).,MAP2K2,VUS,True
40842,SCV001192865.1,PP2,PP2,APPLIED_BARE,1,"The variant is located in the MAP2K2 gene, which has been defined by the ClinGen RASopathy Expert Panel as a gene with a low rate of benign missense variants, and pathogenic missense variants are common (PP2;",MAP2K2,VUS,True
40842,SCV001192865.1,BP5,BP5,APPLIED_BARE,1,"This variant was identified in 1 individual with syncope and atrial fibrillation, who carried an additional pathogenic variant in a cardiomyopathy gene sufficient to explain their clinical presentation (BP5;",MAP2K2,VUS,True
40842,SCV001192865.1,PP2,PP2,APPLIED,2,"ACMG/AMP Criteria applied: PP2, BP5.",MAP2K2,VUS,True
40842,SCV001192865.1,BP5,BP5,APPLIED,2,"ACMG/AMP Criteria applied: PP2, BP5.",MAP2K2,VUS,True
40843,SCV000616547.4,BA1,BA1,APPLIED_BARE,1,"The filtering allele frequency of the c.1162C>T (p.Arg388Trp) variant in the MAP2K2 gene is 0.125% for African chromosomes by the Exome Aggregation Consortium (25/2788 with 95% CI), which is a high enough frequency to be classified as benign based on thresholds defined by the ClinGen RASopathy Exper",MAP2K2,B/LB,True
40846,SCV000616561.4,BA1,BA1,APPLIED_BARE,1,"The filtering allele frequency of the c.1194C>T (p.Thr398=) variant in the MAP2K2 gene is 0.159% (19/7836) of European chromosomes by the Exome Aggregation Consortium, which is a high enough frequency to be classified as benign based on thresholds defined by the ClinGen RASopathy Expert Panel (BA1;",,,False
41447,SCV000616454.4,BA1,BA1,APPLIED_BARE,1,"The filtering allele frequency of the c.2127+3A>G variant in the BRAF gene is 0.151% (23/10398) of African chromosomes by the Exome Aggregation Consortium, which is a high enough frequency to be classified as benign based on thresholds defined by the ClinGen RASopathy Expert Panel (BA1;",,,False
41449,SCV000616402.5,BP4,BP4,APPLIED_BARE,2,"The c.519T>C variant in the KRAS gene is a synonymous (silent) variant (p.Asp173=) at a nucleotide that is not conserved as shown by UCSC browser, and not predicted by SpliceAI to impact splicing (BP4, BP7).",,,False
41449,SCV000616402.5,BP7,BP7,APPLIED_BARE,2,"The c.519T>C variant in the KRAS gene is a synonymous (silent) variant (p.Asp173=) at a nucleotide that is not conserved as shown by UCSC browser, and not predicted by SpliceAI to impact splicing (BP4, BP7).",,,False
41449,SCV000616402.5,BA1,BA1,APPLIED,2,"The filtering allele frequency in gnomAD v2.1.1 is 0.2201 (28382/128282 alleles with 3073 homozygotes) in the European (non-Finnish) population, which is higher than the ClinGen RASopathy VCEP threshold (>0.0005) for BA1, and therefore meets this criterion (BA1).",,,False
41449,SCV000616402.5,BA1,BA1,APPLIED,2,"The filtering allele frequency in gnomAD v2.1.1 is 0.2201 (28382/128282 alleles with 3073 homozygotes) in the European (non-Finnish) population, which is higher than the ClinGen RASopathy VCEP threshold (>0.0005) for BA1, and therefore meets this criterion (BA1).",,,False
41449,SCV000616402.5,BA1,BA1,APPLIED,3,"In summary, this variant meets criteria to be classified as benign for autosomal dominant RASopathies based on the ACMG/AMP criteria applied, as specified by the ClinGen RASopathy Variant Curation Expert Panel: BA1, BP4, BP7 (Specification Version 2.3, 12/3/2024) |",,,False
41449,SCV000616402.5,BP4,BP4,APPLIED,3,"In summary, this variant meets criteria to be classified as benign for autosomal dominant RASopathies based on the ACMG/AMP criteria applied, as specified by the ClinGen RASopathy Variant Curation Expert Panel: BA1, BP4, BP7 (Specification Version 2.3, 12/3/2024) |",,,False
41449,SCV000616402.5,BP7,BP7,APPLIED,3,"In summary, this variant meets criteria to be classified as benign for autosomal dominant RASopathies based on the ACMG/AMP criteria applied, as specified by the ClinGen RASopathy Variant Curation Expert Panel: BA1, BP4, BP7 (Specification Version 2.3, 12/3/2024) |",,,False
44575,SCV005903307.1,BP4,BP4,APPLIED_BARE,2,"In addition, it occurs at a nucleotide that is not conserved as shown by UCSC Genome Browser (BP4, BP7).",,,False
44575,SCV005903307.1,BP7,BP7,APPLIED_BARE,2,"In addition, it occurs at a nucleotide that is not conserved as shown by UCSC Genome Browser (BP4, BP7).",,,False
44575,SCV005903307.1,PM2_Supporting,PM2,UNCLEAR,3,"The highest population minor allele frequency in gnomAD v2.1.1 is 0.00008518 (11/129138 alleles) in the European (non-Finnish) population (PM2_Supporting, BS1, and BA1 are not met).",,,False
44575,SCV005903307.1,BS1,BS1,UNCLEAR,3,"The highest population minor allele frequency in gnomAD v2.1.1 is 0.00008518 (11/129138 alleles) in the European (non-Finnish) population (PM2_Supporting, BS1, and BA1 are not met).",,,False
44575,SCV005903307.1,BA1,BA1,UNCLEAR,3,"The highest population minor allele frequency in gnomAD v2.1.1 is 0.00008518 (11/129138 alleles) in the European (non-Finnish) population (PM2_Supporting, BS1, and BA1 are not met).",,,False
44575,SCV005903307.1,BP4,BP4,APPLIED,2,"In summary, this variant meets the criteria to be classified as likely benign for autosomal dominant RASopathy based on the ACMG/AMP criteria applied, as specified by the ClinGen RASopathy VCEP: BP4, BP7.",,,False
44575,SCV005903307.1,BP7,BP7,APPLIED,2,"In summary, this variant meets the criteria to be classified as likely benign for autosomal dominant RASopathy based on the ACMG/AMP criteria applied, as specified by the ClinGen RASopathy VCEP: BP4, BP7.",,,False
44586,SCV000616558.4,BA1,BA1,APPLIED_BARE,1,"The filtering allele frequency of the c.1068+12_1068+15delTATT variant in the MAP2K1 gene is 0.285% (214/66740) of European chromosomes by the Exome Aggregation Consortium, which is a high enough frequency to be classified as benign based on thresholds defined by the ClinGen RASopathy Expert Panel (",,,False
44587,SCV007537825.1,PM2_Supporting,PM2,APPLIED_BARE,1,This variant was absent from gnomAD v2.1.1 (PM2_Supporting).,MAP2K1,P/LP,True
44587,SCV007537825.1,PP3,PP3,APPLIED_BARE,1,"The computational prediction tool REVEL gives a score of 0.797, suggesting that this variant may impact the protein (PP3).",MAP2K1,P/LP,True
44587,SCV007537825.1,PP2,PP2,APPLIED_BARE,1,"This variant is located in the MAP2K1 gene, which has been defined by the ClinGen RASopathy Expert Panel as a gene with a low rate of benign missense variants and pathogenic missense variants are common (PP2).",MAP2K1,P/LP,True
44587,SCV007537825.1,PM5,PM5,UNCLEAR,1,"however, this variant has not yet met the criteria to be classified as pathogenic or likely pathogenic by the ClinGen RASopathy VCEP (PM5 not met).",MAP2K1,P/LP,True
44587,SCV007537825.1,PS2_Verystrong,PS2,APPLIED_BARE,2,"The p.Leu42Phe variant has been observed in at least eight probands with a RASopathy, of which one was reported as a de novo occurrence with confirmed parentage and two were reported as de novo occurrences with unconfirmed parentage (PS2_VeryStrong, PS4;",MAP2K1,P/LP,True
44587,SCV007537825.1,PS4,PS4,APPLIED_BARE,2,"The p.Leu42Phe variant has been observed in at least eight probands with a RASopathy, of which one was reported as a de novo occurrence with confirmed parentage and two were reported as de novo occurrences with unconfirmed parentage (PS2_VeryStrong, PS4;",MAP2K1,P/LP,True
44587,SCV007537825.1,PS3,PS3,UNCLEAR,1,"Experimental studies for this variant are conflicting with in vitro kinase assays showing hardly any detectable phosphorylation of ERK1 substrate, similar to wild-type MEK1, while an in vivo study using mRNA microinjection of mutant into zebrafish embryo showed slightly higher oval shape aspect rati",MAP2K1,P/LP,True
44587,SCV007537825.1,PS2_Verystrong,PS2,APPLIED,5,"In summary, this variant meets criteria to be classified as pathogenic for autosomal dominant RASopathy based on the ACMG/AMP criteria applied, as specified by the ClinGen RASopathy Variant Curation Expert Panel: PS2_VeryStrong, PS4, PM2_Supporting, PP2, PP3 (Specification Version 2.3.0).",MAP2K1,P/LP,True
44587,SCV007537825.1,PS4,PS4,APPLIED,5,"In summary, this variant meets criteria to be classified as pathogenic for autosomal dominant RASopathy based on the ACMG/AMP criteria applied, as specified by the ClinGen RASopathy Variant Curation Expert Panel: PS2_VeryStrong, PS4, PM2_Supporting, PP2, PP3 (Specification Version 2.3.0).",MAP2K1,P/LP,True
44587,SCV007537825.1,PM2_Supporting,PM2,APPLIED,5,"In summary, this variant meets criteria to be classified as pathogenic for autosomal dominant RASopathy based on the ACMG/AMP criteria applied, as specified by the ClinGen RASopathy Variant Curation Expert Panel: PS2_VeryStrong, PS4, PM2_Supporting, PP2, PP3 (Specification Version 2.3.0).",MAP2K1,P/LP,True
44587,SCV007537825.1,PP2,PP2,APPLIED,5,"In summary, this variant meets criteria to be classified as pathogenic for autosomal dominant RASopathy based on the ACMG/AMP criteria applied, as specified by the ClinGen RASopathy Variant Curation Expert Panel: PS2_VeryStrong, PS4, PM2_Supporting, PP2, PP3 (Specification Version 2.3.0).",MAP2K1,P/LP,True
44587,SCV007537825.1,PP3,PP3,APPLIED,5,"In summary, this variant meets criteria to be classified as pathogenic for autosomal dominant RASopathy based on the ACMG/AMP criteria applied, as specified by the ClinGen RASopathy Variant Curation Expert Panel: PS2_VeryStrong, PS4, PM2_Supporting, PP2, PP3 (Specification Version 2.3.0).",MAP2K1,P/LP,True
44588,SCV000616534.5,PM2_Supporting,PM2,APPLIED_BARE,1,This variant is absent from gnomAD v4.1.0 (PM2_Supporting).,MAP2K1,P/LP,True
44588,SCV000616534.5,PP3,PP3,APPLIED_BARE,1,The computational predictor REVEL gives a score of 0.793 (PP3).,MAP2K1,P/LP,True
44588,SCV000616534.5,PP2,PP2,APPLIED_BARE,1,"The variant is located in the MAP2K1 gene, which has been defined by the ClinGen RASopathy Expert Panel as a gene with a low rate of benign missense variants and pathogenic missense variants are common (PP2).",MAP2K1,P/LP,True
44588,SCV000616534.5,PS4_Moderate,PS4,APPLIED_BARE,2,"This variant has been reported in 4 independent patients with clinical feature of a RASopathy, 1 as a confirmed de novo occurrence and 2 as unconfirmed de novo occurrences (PS4_Moderate, PM6_VeryStrong;",MAP2K1,P/LP,True
44588,SCV000616534.5,PM6_Verystrong,PM6,APPLIED_BARE,2,"This variant has been reported in 4 independent patients with clinical feature of a RASopathy, 1 as a confirmed de novo occurrence and 2 as unconfirmed de novo occurrences (PS4_Moderate, PM6_VeryStrong;",MAP2K1,P/LP,True
44588,SCV000616534.5,PM6_Verystrong,PM6,APPLIED,5,"In summary, this variant meets criteria to be classified as pathogenic for autosomal dominant RASopathies based on ACMG/AMP criteria applied, as specified by the ClinGen RASopathy Variant Curation Expert Panel: PM6_VeryStrong, PS4_Moderate, PM2_Supporting, PP2, PP3 (Specification Version 2.1, 09/17/",MAP2K1,P/LP,True
44588,SCV000616534.5,PS4_Moderate,PS4,APPLIED,5,"In summary, this variant meets criteria to be classified as pathogenic for autosomal dominant RASopathies based on ACMG/AMP criteria applied, as specified by the ClinGen RASopathy Variant Curation Expert Panel: PM6_VeryStrong, PS4_Moderate, PM2_Supporting, PP2, PP3 (Specification Version 2.1, 09/17/",MAP2K1,P/LP,True
44588,SCV000616534.5,PM2_Supporting,PM2,APPLIED,5,"In summary, this variant meets criteria to be classified as pathogenic for autosomal dominant RASopathies based on ACMG/AMP criteria applied, as specified by the ClinGen RASopathy Variant Curation Expert Panel: PM6_VeryStrong, PS4_Moderate, PM2_Supporting, PP2, PP3 (Specification Version 2.1, 09/17/",MAP2K1,P/LP,True
44588,SCV000616534.5,PP2,PP2,APPLIED,5,"In summary, this variant meets criteria to be classified as pathogenic for autosomal dominant RASopathies based on ACMG/AMP criteria applied, as specified by the ClinGen RASopathy Variant Curation Expert Panel: PM6_VeryStrong, PS4_Moderate, PM2_Supporting, PP2, PP3 (Specification Version 2.1, 09/17/",MAP2K1,P/LP,True
44588,SCV000616534.5,PP3,PP3,APPLIED,5,"In summary, this variant meets criteria to be classified as pathogenic for autosomal dominant RASopathies based on ACMG/AMP criteria applied, as specified by the ClinGen RASopathy Variant Curation Expert Panel: PM6_VeryStrong, PS4_Moderate, PM2_Supporting, PP2, PP3 (Specification Version 2.1, 09/17/",MAP2K1,P/LP,True
44589,SCV000616550.4,BA1,BA1,APPLIED_BARE,1,"The filtering allele frequency of the c.315C>T (p.Pro105=) variant in the MAP2K1 gene is 0.01% (64/66728) of European chromosomes by the Exome Aggregation Consortium, which is a high enough frequency to be classified as benign based on thresholds defined by the ClinGen RASopathy Expert Panel (BA1;",,,False
44590,SCV000616552.4,BA1,BA1,APPLIED_BARE,1,"The filtering allele frequency of the c.648C>T (p.Ile216=) variant in the MAP2K1 gene is 0.274% (38/10402) of African chromosomes by the Exome Aggregation Consortium, which is a high enough frequency to be classified as benign based on thresholds defined by the ClinGen RASopathy Expert Panel (BA1;",,,False
44592,SCV000616554.4,BA1,BA1,APPLIED_BARE,1,"The filtering allele frequency of the c.804C>G (p.Ala268=) variant in the MAP2K1 gene is 1.234% (228/16512) of South Asian chromosomes by the Exome Aggregation Consortium, which is a high enough frequency to be classified as benign based on thresholds defined by the ClinGen RASopathy Expert Panel (B",,,False
44598,SCV001192862.1,BS1,BS1,UNCLEAR,1,The filtering allele frequency of the c.1449T>G (p.Gly483=) variant in the PTPN11 gene is .01% (13/129134 with CI 95%) of non-Finnish European alleles in gnomAD (BS1 not met).,,,False
44598,SCV001192862.1,BP4,BP4,NOT_MET,1,Computational prediction tools and conservation analysis suggest that the p.Gly483= variant does not impact the protein or splicing (BP4).,,,False
44598,SCV001192862.1,BP7,BP7,APPLIED_BARE,1,This is a synonymous variant at a nucleotide that is not highly conserved and is not predicted to impact splicing (BP7).,,,False
44598,SCV001192862.1,BP2,BP2,APPLIED_BARE,1,This variant has been observed with another pathogenic variant in PTPN11 for a fully penetrant dominant gene/disorder (BP2;,,,False
44598,SCV001192862.1,BP2,BP2,APPLIED,3,"RASopathy-specific ACMG/AMP criteria applied (PMID:29493581): BP2, BP4, BP7.",,,False
44598,SCV001192862.1,BP4,BP4,APPLIED,3,"RASopathy-specific ACMG/AMP criteria applied (PMID:29493581): BP2, BP4, BP7.",,,False
44598,SCV001192862.1,BP7,BP7,APPLIED,3,"RASopathy-specific ACMG/AMP criteria applied (PMID:29493581): BP2, BP4, BP7.",,,False
44599,SCV000616409.5,PS4,PS4,UNCLEAR,1,The c.1678C>T (p.Leu560Phe) variant in PTPN11 (NM_002834.5(PTPN11):c.1678C>T (p.Leu560Phe)) has been identified in individuals with some features of a RASopathy but none were diagnosed with a RASopathy (PS4 not met;,PTPN11,B/LB,True
44599,SCV000616409.5,BP5,BP5,APPLIED_BARE,1,This variant has been identified in a patient with an alternate molecular basis for disease (BP5;,PTPN11,B/LB,True
44599,SCV000616409.5,BS3,BS3,NOT_MET,1,In vitro functional studies provide some evidence that the p.Leu560Phe variant does not impact protein function (BS3;,PTPN11,B/LB,True
44599,SCV000616409.5,BS3,BS3,APPLIED,2,"RASopathy-specific ACMG/AMP criteria applied: BS3, BP5 (Version 2.1;",PTPN11,B/LB,True
44599,SCV000616409.5,BP5,BP5,APPLIED,2,"RASopathy-specific ACMG/AMP criteria applied: BS3, BP5 (Version 2.1;",PTPN11,B/LB,True
44603,SCV001424748.1,PM2,PM2,APPLIED_BARE,1,The c.2019A>G (p.Lys70Arg) variant in PTPN11 was absent from large population studies (PM2;,PTPN11,P/LP,True
44603,SCV001424748.1,PS4,PS4,APPLIED_BARE,1,It has been identified in at least 6 probands with Noonan syndrome (PS4;,PTPN11,P/LP,True
44603,SCV001424748.1,PM6,PM6,APPLIED_BARE,1,PMID: 29084544).One case was described as an unconfirmed de novo occurrence (PM6;,PTPN11,P/LP,True
44603,SCV001424748.1,PP1,PP1,APPLIED_BARE,1,It has been reported to segregate with clinical features of a RASopathy in at least 3 family members (PP1;,PTPN11,P/LP,True
44603,SCV001424748.1,PM1,PM1,APPLIED_BARE,1,"Furthermore, the variant is in a location that has been defined by the ClinGen RASopathy Expert Panel to be a mutational hotspot or domain of PTPN11 (PM1;",PTPN11,P/LP,True
44603,SCV001424748.1,PP2,PP2,APPLIED_BARE,1,"Finally, PTPN11 has been defined by the ClinGen RASopathy Expert Panel as a gene with a low rate of benign missense variants and pathogenic missense variants are common (PP2;",PTPN11,P/LP,True
44603,SCV001424748.1,PS4,PS4,APPLIED,6,"Rasopathy-specific ACMG/AMP criteria applied (PMID:29493581): PS4, PM6, PM1, PM2, PP1, PP2.",PTPN11,P/LP,True
44603,SCV001424748.1,PM6,PM6,APPLIED,6,"Rasopathy-specific ACMG/AMP criteria applied (PMID:29493581): PS4, PM6, PM1, PM2, PP1, PP2.",PTPN11,P/LP,True
44603,SCV001424748.1,PM1,PM1,APPLIED,6,"Rasopathy-specific ACMG/AMP criteria applied (PMID:29493581): PS4, PM6, PM1, PM2, PP1, PP2.",PTPN11,P/LP,True
44603,SCV001424748.1,PM2,PM2,APPLIED,6,"Rasopathy-specific ACMG/AMP criteria applied (PMID:29493581): PS4, PM6, PM1, PM2, PP1, PP2.",PTPN11,P/LP,True
44603,SCV001424748.1,PP1,PP1,APPLIED,6,"Rasopathy-specific ACMG/AMP criteria applied (PMID:29493581): PS4, PM6, PM1, PM2, PP1, PP2.",PTPN11,P/LP,True
44603,SCV001424748.1,PP2,PP2,APPLIED,6,"Rasopathy-specific ACMG/AMP criteria applied (PMID:29493581): PS4, PM6, PM1, PM2, PP1, PP2.",PTPN11,P/LP,True
44607,SCV001192858.1,BP5,BP5,APPLIED_BARE,1,The c.392A>G (p.Lys131Arg) variant in the PTPN11 gene has been identified in a patient with an alternate molecular basis of disease (BP5;,PTPN11,B/LB,True
44607,SCV001192858.1,BS1,BS1,APPLIED_BARE,1,"The filtering allele frequency of p.Lys131Arg variant is 0.042% for East Asian alleles in the gnomAD database (14/19952 with 95% CI), which is a high enough frequency to be considered strong evidence for the variant being benign by the ClinGen RASopathy Expert Panel (BS1).",PTPN11,B/LB,True
44607,SCV001192858.1,PP2,PP2,UNCLEAR,1,"The variant is located in the PTPN11 gene, which has been defined by the ClinGen RASopathy Expert Panel as a gene with a low rate of benign missense variants and pathogenic missense variants are common (PP2 not met due to case level data indicative of benign).",PTPN11,B/LB,True
44607,SCV001192858.1,BS2,BS2,UNCLEAR,1,This variant was observed in a healthy adult individual who did not have clinical features of a RASopathy (BS2 not met;,PTPN11,B/LB,True
44607,SCV001192858.1,BS1,BS1,APPLIED,2,"RASopathy-specific ACMG/AMP criteria applied (PMID:29493581): BS1, BP5.",PTPN11,B/LB,True
44607,SCV001192858.1,BP5,BP5,APPLIED,2,"RASopathy-specific ACMG/AMP criteria applied (PMID:29493581): BS1, BP5.",PTPN11,B/LB,True
44608,SCV000616441.4,BS1,BS1,APPLIED_BARE,1,"The filtering allele frequency of the c.48A>G (p.Ala16=) variant in the PTPN11 gene is 0.0284% (9/16512) of South Asian chromosomes by the Exome Aggregation Consortium, which is a high enough frequency to be classified as likely benign based on thresholds defined by the ClinGen RASopathy Expert Pane",,,False
44623,SCV000616477.4,BA1,BA1,APPLIED_BARE,1,"The filtering allele frequency of the c.1941C>T (p.Val647=) variant in the RAF1 gene is 1.04% (738/66732) of European chromosomes by the Exome Aggregation Consortium, which is a high enough frequency to be classified as benign based on thresholds defined by the ClinGen RASopathy Expert Panel (BA1;",,,False
44629,SCV001192874.1,BA1,BA1,APPLIED_BARE,1,The c.639T>C (p.Thr213Thr) variant in RAF1 is classified as benign because it has been identified in 0.05616% (lower bound of the 95% CI of 28/35434) of Latino alleles in gnomAD (BA1;,,,False
44629,SCV001192874.1,BP5,BP5,APPLIED_BARE,1,It was observed in an individual with an alternate molecular basis for disease (BP5;,,,False
44629,SCV001192874.1,BP4,BP4,NOT_MET,2,"It does not alter an amino acid residue, is not located within the splice consensus site, and computational splice prediction tools do not predict an impact to splicing (BP4, BP7).",,,False
44629,SCV001192874.1,BP7,BP7,NOT_MET,2,"It does not alter an amino acid residue, is not located within the splice consensus site, and computational splice prediction tools do not predict an impact to splicing (BP4, BP7).",,,False
44629,SCV001192874.1,BA1,BA1,APPLIED,4,"ACMG/AMP Criteria applied: BA1, BP4, BP5, BP7.",,,False
44629,SCV001192874.1,BP4,BP4,APPLIED,4,"ACMG/AMP Criteria applied: BA1, BP4, BP5, BP7.",,,False
44629,SCV001192874.1,BP5,BP5,APPLIED,4,"ACMG/AMP Criteria applied: BA1, BP4, BP5, BP7.",,,False
44629,SCV001192874.1,BP7,BP7,APPLIED,4,"ACMG/AMP Criteria applied: BA1, BP4, BP5, BP7.",,,False
44630,SCV001192859.1,BP4,BP4,NOT_MET,1,Computational prediction tools and conservation analysis suggest that the c.680+6T>C variant in the RAF1 gene does not impact the protein (BP4).,,,False
44630,SCV001192859.1,BP7,BP7,APPLIED_BARE,1,This is an intronic variant at a nucleotide that is not highly conserved and is not predicted to impact splicing (BP7).,,,False
44630,SCV001192859.1,BS1,BS1,UNCLEAR,1,"In addition, this variant is observed in many individuals in the normal population suggesting it is an unlikely cause of a RASopathy (BS1 not met).",,,False
44630,SCV001192859.1,BP4,BP4,APPLIED,2,"RASopathy-specific ACMG/AMP criteria applied (PMID:29493581): BP4, BP7.",,,False
44630,SCV001192859.1,BP7,BP7,APPLIED,2,"RASopathy-specific ACMG/AMP criteria applied (PMID:29493581): BP4, BP7.",,,False
44633,SCV001424751.1,PM2,PM2,APPLIED_BARE,1,The c.776C>A (p.Ser259Tyr) variant in RAF1 was absent from large population studies (PM2;,RAF1,P/LP,True
44633,SCV001424751.1,PS4_Moderate,PS4,APPLIED_BARE,1,It has been reported in 3 probands with clinical features of Noonan syndrome (PS4_Moderate;,RAF1,P/LP,True
44633,SCV001424751.1,PS2,PS2,APPLIED_BARE,1,"In one proband, the variant occurred de novo with parentage confirmation (PS2;",RAF1,P/LP,True
44633,SCV001424751.1,PM1,PM1,APPLIED_BARE,1,"The c.776C>A (p.Ser259Tyr) variant occurs in the CR2 activation domain of RAF1, which has been defined by the ClinGen RASopathy Expert Panel as a region important for protein function (PM1;",RAF1,P/LP,True
44633,SCV001424751.1,PM5,PM5,UNCLEAR,1,A different pathogenic missense variant has been previously identified at this codon of RAF1 supporting this residue is critical to the function of the protein (PM5 not applied;,RAF1,P/LP,True
44633,SCV001424751.1,PP2,PP2,APPLIED_BARE,1,"The variant is located in RAF1, which has been defined by the ClinGen RASopathy Expert Panel as a gene with a low rate of benign missense variants and pathogenic missense variants are common (PP2;",RAF1,P/LP,True
44633,SCV001424751.1,PM2,PM2,APPLIED,5,"Rasopathy-specific ACMG/AMP criteria applied (PMID:29493581): PM2, PS4_Moderate, PS2, PM1, PP2.",RAF1,P/LP,True
44633,SCV001424751.1,PS4_Moderate,PS4,APPLIED,5,"Rasopathy-specific ACMG/AMP criteria applied (PMID:29493581): PM2, PS4_Moderate, PS2, PM1, PP2.",RAF1,P/LP,True
44633,SCV001424751.1,PS2,PS2,APPLIED,5,"Rasopathy-specific ACMG/AMP criteria applied (PMID:29493581): PM2, PS4_Moderate, PS2, PM1, PP2.",RAF1,P/LP,True
44633,SCV001424751.1,PM1,PM1,APPLIED,5,"Rasopathy-specific ACMG/AMP criteria applied (PMID:29493581): PM2, PS4_Moderate, PS2, PM1, PP2.",RAF1,P/LP,True
44633,SCV001424751.1,PP2,PP2,APPLIED,5,"Rasopathy-specific ACMG/AMP criteria applied (PMID:29493581): PM2, PS4_Moderate, PS2, PM1, PP2.",RAF1,P/LP,True
44788,SCV000616460.4,BA1,BA1,APPLIED_BARE,1,"The filtering allele frequency of the c.1068A>G (p.Gln356=) variant in the BRAF gene is 0.115% (27/16512) of South Asian chromosomes by the Exome Aggregation Consortium, which is a high enough frequency to be classified as benign based on thresholds defined by the ClinGen RASopathy Expert Panel (BA1",,,False
44825,SCV000616464.4,BA1,BA1,APPLIED_BARE,1,"The filtering allele frequency of the c.375T>G (p.Ser125=) variant in the BRAF gene is 0.054% (9/8644) of East Asian chromosomes by the Exome Aggregation Consortium, which is a high enough frequency to be classified as benign based on thresholds defined by the ClinGen RASopathy Expert Panel (BA1;",,,False
44826,SCV000616463.4,BS1,BS1,APPLIED_BARE,1,"The filtering allele frequency of the c.483G>C (p.Leu161=) variant in the BRAF gene is 0.0315% (7/10404) of African chromosomes by the Exome Aggregation Consortium, which is a high enough frequency to be classified as likely benign based on thresholds defined by the ClinGen RASopathy Expert Panel (B",,,False
44827,SCV000616462.4,BA1,BA1,APPLIED_BARE,1,"The filtering allele frequency of the c.708C>T (p.Asn236=) variant in the BRAF gene is 0.116% (27/16412) of South Asian chromosomes by the Exome Aggregation Consortium, which is a high enough frequency to be classified as benign based on thresholds defined by the ClinGen RASopathy Expert Panel (BA1;",,,False
44829,SCV001424734.1,PM2,PM2,APPLIED_BARE,1,The c.722C>A (p.Thr241Lys) variant in BRAF was absent from large population studies (PM2;,BRAF,P/LP,True
44829,SCV001424734.1,PS4_Supporting,PS4,APPLIED_BARE,1,It has been identified in 1 individual with Noonan syndrome and 1 individual with cardiofaciocutaneous syndrome (PS4_Supporting;,BRAF,P/LP,True
44829,SCV001424734.1,PM6_Strong,PM6,APPLIED_BARE,1,It has been reported at least twice as a de novo occurrence without confirmation of maternity or paternity (PM6_Strong;,BRAF,P/LP,True
44829,SCV001424734.1,PM1,PM1,APPLIED_BARE,1,"Furthermore, the variant is in a location that has been defined by the ClinGen RASopathy Expert Panel to be a mutational hotspot or domain of BRAF (PM1;",BRAF,P/LP,True
44829,SCV001424734.1,PM5,PM5,UNCLEAR,1,"In addition, 3 other pathogenic or likely pathogenic variants have been identified at this codon (PM5 not applied;",BRAF,P/LP,True
44829,SCV001424734.1,PP3,PP3,APPLIED_BARE,1,Computational prediction tools and conservation analysis suggest that the p.Thr241Lys variant in BRAF may impact the protein (PP3).,BRAF,P/LP,True
44829,SCV001424734.1,PP2,PP2,APPLIED_BARE,1,"This variant is located in BRAF, which has been defined by the ClinGen RASopathy Expert Panel as a gene with a low rate of benign missense variants and pathogenic variants are common (PP2;",BRAF,P/LP,True
44829,SCV001424734.1,PS4_Supporting,PS4,APPLIED,6,"RASopathy-specific ACMG/AMP criteria applied (PMID: 29493581): PS4_Supporting, PM6_Strong, PM1, PM2, PP2, PP3.",BRAF,P/LP,True
44829,SCV001424734.1,PM6_Strong,PM6,APPLIED,6,"RASopathy-specific ACMG/AMP criteria applied (PMID: 29493581): PS4_Supporting, PM6_Strong, PM1, PM2, PP2, PP3.",BRAF,P/LP,True
44829,SCV001424734.1,PM1,PM1,APPLIED,6,"RASopathy-specific ACMG/AMP criteria applied (PMID: 29493581): PS4_Supporting, PM6_Strong, PM1, PM2, PP2, PP3.",BRAF,P/LP,True
44829,SCV001424734.1,PM2,PM2,APPLIED,6,"RASopathy-specific ACMG/AMP criteria applied (PMID: 29493581): PS4_Supporting, PM6_Strong, PM1, PM2, PP2, PP3.",BRAF,P/LP,True
44829,SCV001424734.1,PP2,PP2,APPLIED,6,"RASopathy-specific ACMG/AMP criteria applied (PMID: 29493581): PS4_Supporting, PM6_Strong, PM1, PM2, PP2, PP3.",BRAF,P/LP,True
44829,SCV001424734.1,PP3,PP3,APPLIED,6,"RASopathy-specific ACMG/AMP criteria applied (PMID: 29493581): PS4_Supporting, PM6_Strong, PM1, PM2, PP2, PP3.",BRAF,P/LP,True
44830,SCV000927040.1,PS4_Supporting,PS4,APPLIED_BARE,1,The c.739T>G (p.Phe247Val) variant in BRAF has been identified in at least 2 independent occurrences in patients with clinical features of a RASopathy (PS4_Supporting;,BRAF,P/LP,True
44830,SCV000927040.1,PM2,PM2,APPLIED_BARE,1,This variant was absent from large population studies (PM2;,BRAF,P/LP,True
44830,SCV000927040.1,PP2,PP2,APPLIED_BARE,1,"The variant is located in the BRAF gene, which has been defined by the ClinGen RASopathy Expert Panel as a gene with a low rate of benign missense variants and pathogenic missense variants are common (PP2;",BRAF,P/LP,True
44830,SCV000927040.1,PM1,PM1,APPLIED_BARE,1,"Furthermore, the variant is in a location that has been defined by the ClinGen RASopathy Expert Panel to be a mutational hotspot or domain of BRAF (PM1;",BRAF,P/LP,True
44830,SCV000927040.1,PM5,PM5,APPLIED_BARE,2,A different pathogenic missense variant (p.Phe247Leu) has been previously identified at this codon of BRAF which may indicate that this residue is critical to the function of the protein (PM5 not usable due to PM1 application;,BRAF,P/LP,True
44830,SCV000927040.1,PM1,PM1,APPLIED_BARE,2,A different pathogenic missense variant (p.Phe247Leu) has been previously identified at this codon of BRAF which may indicate that this residue is critical to the function of the protein (PM5 not usable due to PM1 application;,BRAF,P/LP,True
44830,SCV000927040.1,PP3,PP3,APPLIED_BARE,1,Computational prediction tools and conservation analysis suggest that the p.Phe247Val variant may impact the protein (PP3).,BRAF,P/LP,True
44830,SCV000927040.1,PS4_Supporting,PS4,APPLIED,5,"RASopathy-specific ACMG/AMP criteria applied (PMID:29493581): PS4_Supporting, PM2, PM1, PP2, PP3.",BRAF,P/LP,True
44830,SCV000927040.1,PM2,PM2,APPLIED,5,"RASopathy-specific ACMG/AMP criteria applied (PMID:29493581): PS4_Supporting, PM2, PM1, PP2, PP3.",BRAF,P/LP,True
44830,SCV000927040.1,PM1,PM1,APPLIED,5,"RASopathy-specific ACMG/AMP criteria applied (PMID:29493581): PS4_Supporting, PM2, PM1, PP2, PP3.",BRAF,P/LP,True
44830,SCV000927040.1,PP2,PP2,APPLIED,5,"RASopathy-specific ACMG/AMP criteria applied (PMID:29493581): PS4_Supporting, PM2, PM1, PP2, PP3.",BRAF,P/LP,True
44830,SCV000927040.1,PP3,PP3,APPLIED,5,"RASopathy-specific ACMG/AMP criteria applied (PMID:29493581): PS4_Supporting, PM2, PM1, PP2, PP3.",BRAF,P/LP,True
44832,SCV001424739.1,PM2,PM2,APPLIED_BARE,1,The c.793G>C (p.Gly265Arg) variant in BRAF was absent from large population studies (PM2;,BRAF,P/LP,True
44832,SCV001424739.1,PM6,PM6,APPLIED_BARE,2,"It was observed as a de novo occurrence in one proband diagnosed with a RASopathy (PM6, PS4_Supporting;",BRAF,P/LP,True
44832,SCV001424739.1,PS4_Supporting,PS4,APPLIED_BARE,2,"It was observed as a de novo occurrence in one proband diagnosed with a RASopathy (PM6, PS4_Supporting;",BRAF,P/LP,True
44832,SCV001424739.1,PP2,PP2,APPLIED_BARE,1,"The variant is located in the BRAF gene, which has been defined by the ClinGen RASopathy Expert Panel as a gene with a low rate of benign missense variants and pathogenic missense variants are common (PP2;",BRAF,P/LP,True
44832,SCV001424739.1,PM1,PM1,APPLIED_BARE,1,"Furthermore, the variant is in a location that has been defined by the ClinGen RASopathy Expert Panel to be a mutational hotspot or domain of BRAF (PM1;",BRAF,P/LP,True
44832,SCV001424739.1,PP3,PP3,APPLIED_BARE,1,Computational prediction tools and conservation analysis suggest that the p.Gly265Arg variant may impact the protein (PP3).,BRAF,P/LP,True
44832,SCV001424739.1,PS4_Supporting,PS4,APPLIED,6,"RASopathy-specific ACMG/AMP criteria applied (PMID:29493581): PS4_Supporting, PM1, PM2, PM6, PP2, PP3.",BRAF,P/LP,True
44832,SCV001424739.1,PM1,PM1,APPLIED,6,"RASopathy-specific ACMG/AMP criteria applied (PMID:29493581): PS4_Supporting, PM1, PM2, PM6, PP2, PP3.",BRAF,P/LP,True
44832,SCV001424739.1,PM2,PM2,APPLIED,6,"RASopathy-specific ACMG/AMP criteria applied (PMID:29493581): PS4_Supporting, PM1, PM2, PM6, PP2, PP3.",BRAF,P/LP,True
44832,SCV001424739.1,PM6,PM6,APPLIED,6,"RASopathy-specific ACMG/AMP criteria applied (PMID:29493581): PS4_Supporting, PM1, PM2, PM6, PP2, PP3.",BRAF,P/LP,True
44832,SCV001424739.1,PP2,PP2,APPLIED,6,"RASopathy-specific ACMG/AMP criteria applied (PMID:29493581): PS4_Supporting, PM1, PM2, PM6, PP2, PP3.",BRAF,P/LP,True
44832,SCV001424739.1,PP3,PP3,APPLIED,6,"RASopathy-specific ACMG/AMP criteria applied (PMID:29493581): PS4_Supporting, PM1, PM2, PM6, PP2, PP3.",BRAF,P/LP,True
44833,SCV000616390.5,PM2_Supporting,PM2,UNCLEAR,3,The minor allele frequency in gnomAD v4 of this variant is 0.01119% (128/1143560 alleles) for the European (non-Finnish) population (PM2_Supporting/BS1/BA1 are not met).,BRAF,B/LB,True
44833,SCV000616390.5,BS1,BS1,UNCLEAR,3,The minor allele frequency in gnomAD v4 of this variant is 0.01119% (128/1143560 alleles) for the European (non-Finnish) population (PM2_Supporting/BS1/BA1 are not met).,BRAF,B/LB,True
44833,SCV000616390.5,BA1,BA1,UNCLEAR,3,The minor allele frequency in gnomAD v4 of this variant is 0.01119% (128/1143560 alleles) for the European (non-Finnish) population (PM2_Supporting/BS1/BA1 are not met).,BRAF,B/LB,True
44833,SCV000616390.5,BP4,BP4,APPLIED,1,"The REVEL computational prediction analysis tool produced a score of 0.207, which meets the threshold for BP4 application.",BRAF,B/LB,True
44833,SCV000616390.5,PS4,PS4,UNCLEAR,1,This variant has been identified in at least 1 individual with clinical features of a RASopathy (PS4 not met;,BRAF,B/LB,True
44833,SCV000616390.5,BS2,BS2,NOT_MET,1,"However, the p.Ala31Gly variant was observed in at least one healthy adult individual who did not have clinical features of a RASopathy (BS2;",BRAF,B/LB,True
44833,SCV000616390.5,BS2,BS2,APPLIED,2,"In summary, this variant meets criteria to be classified as likely benign for autosomal dominant RASopathies based on the ACMG/AMP criteria applied, as specified by the ClinGen RASopathy Variant Curation Expert Panel: BS2, BP4 (Specification Version 2.1, 9/17/2024) |",BRAF,B/LB,True
44833,SCV000616390.5,BP4,BP4,APPLIED,2,"In summary, this variant meets criteria to be classified as likely benign for autosomal dominant RASopathies based on the ACMG/AMP criteria applied, as specified by the ClinGen RASopathy Variant Curation Expert Panel: BS2, BP4 (Specification Version 2.1, 9/17/2024) |",BRAF,B/LB,True
44834,SCV000616389.4,BA1,BA1,APPLIED_BARE,1,"The filtering allele frequency of the c.968C>T (p.Ser323Leu) variant in the BRAF gene is 0.06% for South Asian chromosomes by the Exome Aggregation Consortium (17/16512 with 95% CI), which is a high enough frequency to be classified as benign based on thresholds defined by the ClinGen RASopathy Expe",BRAF,B/LB,True
45119,SCV000616476.4,BS1,BS1,APPLIED_BARE,1,"The filtering allele frequency of the c.24A>G (p.Val8=) variant in the KRAS gene is 0.0499% (35/51828) of European chromosomes by the Exome Aggregation Consortium, which is a high enough frequency to be classified as likely benign based on thresholds defined by the ClinGen RASopathy Expert Panel (BS",,,False
45129,SCV000616406.5,BA1,BA1,APPLIED_BARE,1,"The gnomAD v.4.1.0 filtering allele frequency of this variant is 0.1339% for European (non-Finnish) chromosomes (1637/1177578 with 95% CI), which is a high enough frequency to be classified as benign based on thresholds defined by the ClinGen RASopathy Expert panel for autosomal dominant RASopathy v",,,False
45129,SCV000616406.5,BP5,BP5,APPLIED_BARE,1,This variant has been identified in a patient with an alternate molecular basis for disease (BP5;,,,False
45129,SCV000616406.5,BA1,BA1,APPLIED,2,"In summary, this variant meets criteria to be classified as benign for autosomal dominant RASopathies based on the ACMG/AMP criteria applied, as specified by the ClinGen RASopathy Variant Curation Expert Panel: BA1, BP5 (Specification Version 2.1, 09/17/2024) |",,,False
45129,SCV000616406.5,BP5,BP5,APPLIED,2,"In summary, this variant meets criteria to be classified as benign for autosomal dominant RASopathies based on the ACMG/AMP criteria applied, as specified by the ClinGen RASopathy Variant Curation Expert Panel: BA1, BP5 (Specification Version 2.1, 09/17/2024) |",,,False
45304,SCV001192857.1,PS4_Supporting,PS4,UNCLEAR,1,PS4_Supporting not met due to conflicting phenotypes between the identified patients.,HRAS,VUS,True
45304,SCV001192857.1,PP2,PP2,APPLIED_BARE,1,HRAS has been defined by the ClinGen RASopathy Expert Panel as a gene with a low rate of benign missense variants and pathogenic missense variants are common (PP2;,HRAS,VUS,True
45304,SCV001192857.1,PP2,PP2,APPLIED,1,RASopathy-specific ACMG/AMP criteria applied (PMID:29493581): PP2.,HRAS,VUS,True
45305,SCV000616401.5,BP4,BP4,APPLIED_BARE,2,"The c.510G>A variant in the HRAS gene is a synonymous (silent) variant (p.Lys170=) at a nucleotide that is not predicted by SpliceAI to impact splicing (BP4, BP7).",,,False
45305,SCV000616401.5,BP7,BP7,APPLIED_BARE,2,"The c.510G>A variant in the HRAS gene is a synonymous (silent) variant (p.Lys170=) at a nucleotide that is not predicted by SpliceAI to impact splicing (BP4, BP7).",,,False
45305,SCV000616401.5,BS1,BS1,APPLIED_BARE,1,The filtering allele frequency in gnomAD v4.1.0 is 0.02525% (17/44900 alleles) in the East Asian population meeting BS1.,,,False
45305,SCV000616401.5,BP5,BP5,APPLIED_BARE,1,This variant has been identified in patients with an alternate molecular basis for disease (BP5;,,,False
45305,SCV000616401.5,BS1,BS1,APPLIED,4,"In summary, this variant meets criteria to be classified as likely benign for autosomal dominant RASopathies based on the ACMG/AMP criteria applied, as specified by the ClinGen RASopathy Variant Curation Expert Panel: BS1, BP4, BP5, BP7 (Specification Version 2.1, 09/17/2024) |",,,False
45305,SCV000616401.5,BP4,BP4,APPLIED,4,"In summary, this variant meets criteria to be classified as likely benign for autosomal dominant RASopathies based on the ACMG/AMP criteria applied, as specified by the ClinGen RASopathy Variant Curation Expert Panel: BS1, BP4, BP5, BP7 (Specification Version 2.1, 09/17/2024) |",,,False
45305,SCV000616401.5,BP5,BP5,APPLIED,4,"In summary, this variant meets criteria to be classified as likely benign for autosomal dominant RASopathies based on the ACMG/AMP criteria applied, as specified by the ClinGen RASopathy Variant Curation Expert Panel: BS1, BP4, BP5, BP7 (Specification Version 2.1, 09/17/2024) |",,,False
45305,SCV000616401.5,BP7,BP7,APPLIED,4,"In summary, this variant meets criteria to be classified as likely benign for autosomal dominant RASopathies based on the ACMG/AMP criteria applied, as specified by the ClinGen RASopathy Variant Curation Expert Panel: BS1, BP4, BP5, BP7 (Specification Version 2.1, 09/17/2024) |",,,False
45343,SCV000616521.4,BA1,BA1,APPLIED_BARE,1,"The filtering allele frequency of the c.1074+5G>C variant in the SOS1 gene is 1.551% (837/50942) of European chromosomes by the Exome Aggregation Consortium, which is a high enough frequency to be classified as benign based on thresholds defined by the ClinGen RASopathy Expert Panel (BA1;",,,False
45348,SCV001424738.1,BS1,BS1,UNCLEAR,1,The c.1490G>A (p.Arg497Gln) variant in SOS1 was present in 0.0113% (4/35392) of Latino chromosomes in gnomAD (BS1 not met;,SOS1,B/LB,True
45348,SCV001424738.1,BP5,BP5,APPLIED_BARE,1,It has been observed in 1 proband with Noonan syndrome with an alternate molecular basis for disease (BP5;,SOS1,B/LB,True
45348,SCV001424738.1,BS2,BS2,UNCLEAR,2,"however, these individuals were not well-phenotyped and, therefore, do not meet current requirements for BS2 (BS2 not met;",SOS1,B/LB,True
45348,SCV001424738.1,BS2,BS2,UNCLEAR,2,"however, these individuals were not well-phenotyped and, therefore, do not meet current requirements for BS2 (BS2 not met;",SOS1,B/LB,True
45348,SCV001424738.1,BS3,BS3,NOT_MET,1,In vitro functional studies provide some evidence that this variant does not impact protein function (BS3;,SOS1,B/LB,True
45348,SCV001424738.1,BS3,BS3,APPLIED,2,"RASopathy-specific ACMG/AMP criteria applied (PMID: 29493581): BS3, BP5.",SOS1,B/LB,True
45348,SCV001424738.1,BP5,BP5,APPLIED,2,"RASopathy-specific ACMG/AMP criteria applied (PMID: 29493581): BS3, BP5.",SOS1,B/LB,True
45350,SCV000616513.4,BA1,BA1,APPLIED_BARE,1,"The filtering allele frequency of the c.2167+6T>G variant in the SOS1 gene is 1.442% (169/10278) of African chromosomes by the Exome Aggregation Consortium, which is a high enough frequency to be classified as benign based on thresholds defined by the ClinGen RASopathy Expert Panel (BA1;",,,False
45353,SCV001192864.1,BA1,BA1,APPLIED_BARE,1,The c.2673+14T>C intronic variant in SOS1 is classified as benign because it has been identified in 0.34596% (lower bound of the 95% CI of 481/128770) of non-Finnish European chromosomes in gnomAD (BA1;,,,False
45353,SCV001192864.1,BP5,BP5,APPLIED_BARE,1,This variant was observed in 1 individual with Noonan syndrome who also carried a pathogenic variant in SHOC2 sufficient to explain their clinical presentation (BP5;,,,False
45353,SCV001192864.1,BA1,BA1,APPLIED,2,"ACMG/AMP Criteria applied: BA1, BP5.",,,False
45353,SCV001192864.1,BP5,BP5,APPLIED,2,"ACMG/AMP Criteria applied: BA1, BP5.",,,False
45362,SCV000616506.4,BA1,BA1,APPLIED_BARE,1,"The filtering allele frequency of the c.3391+7A>G variant in the SOS1 gene is 0.193% (41/16108) of South Asian chromosomes by the Exome Aggregation Consortium, which is a high enough frequency to be classified as benign based on thresholds defined by the ClinGen RASopathy Expert Panel (BA1;",,,False
45364,SCV000616433.4,BP5,BP5,APPLIED_BARE,1,The c.350T>G (p.Val117Gly) variant has been identified in a patient with clinical features of a RASopathy with an alternate molecular basis for disease (BP5;,SOS1,B/LB,True
45364,SCV000616433.4,BS2,BS2,NOT_MET,1,This variant was observed in a healthy adult individual who did not have clinical features of a RASopathy (BS2;,SOS1,B/LB,True
45364,SCV000616433.4,PP3,PP3,APPLIED_BARE,1,Computational prediction tools and conservation analysis suggest that the p.Val117Gly variant may impact the protein (PP3).,SOS1,B/LB,True
45364,SCV000616433.4,BP5,BP5,APPLIED,3,"RASopathy-specific ACMG/AMP criteria applied (PMID:29493581): BP5, BS2, PP3.",SOS1,B/LB,True
45364,SCV000616433.4,BS2,BS2,APPLIED,3,"RASopathy-specific ACMG/AMP criteria applied (PMID:29493581): BP5, BS2, PP3.",SOS1,B/LB,True
45364,SCV000616433.4,PP3,PP3,APPLIED,3,"RASopathy-specific ACMG/AMP criteria applied (PMID:29493581): BP5, BS2, PP3.",SOS1,B/LB,True
45366,SCV001192863.1,BS1,BS1,UNCLEAR,1,"The filtering allele frequency of the c.3703C>T (p.Pro1235Ser) variant in the SOS1 gene is .016% (1/6134 with 95% CI) of ""Other"" alleles and .0017% (2/113506 with 95% CI) of non-Finnish European alleles in gnomAD (BS1 not met).",SOS1,VUS,True
45366,SCV001192863.1,PP2,PP2,APPLIED_BARE,1,"The variant is located in the SOS1 gene, which has been defined by the ClinGen RASopathy Expert Panel as a gene with a low rate of benign missense variants and pathogenic missense variants are common (PP2;",SOS1,VUS,True
45366,SCV001192863.1,PP2,PP2,APPLIED,1,RASopathy-specific ACMG/AMP criteria applied (PMID:29493581): PP2.,SOS1,VUS,True
45367,SCV000616503.4,BS1,BS1,APPLIED_BARE,1,"The filtering allele frequency of the c.3709C>A (p.Pro1237Thr) variant in the SOS1 gene is 0.0373% (11/16510) of South Asian chromosomes by the Exome Aggregation Consortium, which is a high enough frequency to be classified as likely benign based on thresholds defined by the ClinGen RASopathy Expert",SOS1,B/LB,True
45373,SCV000927035.1,PM6,PM6,APPLIED_BARE,1,The c.512T>C (p.Val171Ala) variant in SOS1 has been reported as an unconfirmed de novo occurrence in a patient with clinical features of a Noonan spectrum disorder (PM6;,SOS1,P/LP,True
45373,SCV000927035.1,PS4_Supporting,PS4,APPLIED_BARE,1,The p.Val171Ala variant has also been identified in another independent occurrences in patients with clinical features of a familial RASopathy (PS4_Supporting;,SOS1,P/LP,True
45373,SCV000927035.1,PM2,PM2,APPLIED_BARE,1,This variant was absent from large population studies (PM2;,SOS1,P/LP,True
45373,SCV000927035.1,PM5,PM5,APPLIED_BARE,1,A different pathogenic missense variant (p.Val171Gly) has been previously identified at this codon of SOS1 which may indicate that this residue is critical to the function of the protein (PM5;,SOS1,P/LP,True
45373,SCV000927035.1,PP2,PP2,APPLIED_BARE,1,"The variant is located in the SOS1 gene, which has been defined by the ClinGen RASopathy Expert Panel as a gene with a low rate of benign missense variants and pathogenic missense variants are common (PP2;",SOS1,P/LP,True
45373,SCV000927035.1,PM6,PM6,APPLIED,5,"RASopathy-specific ACMG/AMP criteria applied (PMID:29493581): PM6, PM5, PM2, PS4_Supporting, PP2.",SOS1,P/LP,True
45373,SCV000927035.1,PM5,PM5,APPLIED,5,"RASopathy-specific ACMG/AMP criteria applied (PMID:29493581): PM6, PM5, PM2, PS4_Supporting, PP2.",SOS1,P/LP,True
45373,SCV000927035.1,PM2,PM2,APPLIED,5,"RASopathy-specific ACMG/AMP criteria applied (PMID:29493581): PM6, PM5, PM2, PS4_Supporting, PP2.",SOS1,P/LP,True
45373,SCV000927035.1,PS4_Supporting,PS4,APPLIED,5,"RASopathy-specific ACMG/AMP criteria applied (PMID:29493581): PM6, PM5, PM2, PS4_Supporting, PP2.",SOS1,P/LP,True
45373,SCV000927035.1,PP2,PP2,APPLIED,5,"RASopathy-specific ACMG/AMP criteria applied (PMID:29493581): PM6, PM5, PM2, PS4_Supporting, PP2.",SOS1,P/LP,True
45374,SCV000616524.4,BA1,BA1,APPLIED_BARE,1,"The filtering allele frequency of the c.553A>G (p.Ile185Val) variant in the SOS1 gene is 0.087% (16/11574) of Latino chromosomes by the Exome Aggregation Consortium, which is a high enough frequency to be classified as benign based on thresholds defined by the ClinGen RASopathy Expert Panel (BA1;",SOS1,B/LB,True
46223,SCV000616546.5,PM2_Supporting,PM2,UNCLEAR,3,The filtering allele frequency in gnomAD v4.1.0 is 0.01257%(172/1145270 alleles) in non-Finnish European population (PM2_Supporting/BS1/BA1 are not met).,,,False
46223,SCV000616546.5,BS1,BS1,UNCLEAR,3,The filtering allele frequency in gnomAD v4.1.0 is 0.01257%(172/1145270 alleles) in non-Finnish European population (PM2_Supporting/BS1/BA1 are not met).,,,False
46223,SCV000616546.5,BA1,BA1,UNCLEAR,3,The filtering allele frequency in gnomAD v4.1.0 is 0.01257%(172/1145270 alleles) in non-Finnish European population (PM2_Supporting/BS1/BA1 are not met).,,,False
46223,SCV000616546.5,BP7,BP7,APPLIED_BARE,1,This variant is at a nucleotide that is not highly conserved and is not predicted to impact splicing (BP7).,,,False
46223,SCV000616546.5,PS4,PS4,UNCLEAR,1,The c.*8C>T variant has been observed in at least 6 individuals who underwent testing for RASopathies (PS4 not met;,,,False
46223,SCV000616546.5,BP5,BP5,APPLIED_BARE,1,This variant has been identified in a patient with an alternate molecular basis for disease (BP5;,,,False
46223,SCV000616546.5,BP5,BP5,APPLIED,2,"In summary, this variant meets criteria to be classified as likely benign for autosomal dominant RASopathies based on the ACMG/AMP criteria applied, as specified by the ClinGen RASopathy Variant Curation Expert Panel: BP5, BP7 (Specification Version 2.1, 09/17/2024) |",,,False
46223,SCV000616546.5,BP7,BP7,APPLIED,2,"In summary, this variant meets criteria to be classified as likely benign for autosomal dominant RASopathies based on the ACMG/AMP criteria applied, as specified by the ClinGen RASopathy Variant Curation Expert Panel: BP5, BP7 (Specification Version 2.1, 09/17/2024) |",,,False
46226,SCV000616565.4,BA1,BA1,APPLIED_BARE,1,"The filtering allele frequency of the c.1020C>T (p.Pro340=) variant in the MAP2K2 gene is 0.262% (29/7910) of South Asian chromosomes by the Exome Aggregation Consortium, which is a high enough frequency to be classified as benign based on thresholds defined by the ClinGen RASopathy Expert Panel (BA",,,False
46228,SCV000616563.4,BA1,BA1,APPLIED_BARE,1,"The filtering allele frequency of the c.1093-6T>C variant in the MAP2K2 gene is 0.166% (9/2834) of African chromosomes by the Exome Aggregation Consortium, which is a high enough frequency to be classified as benign based on thresholds defined by the ClinGen RASopathy Expert Panel (BA1;",,,False
46235,SCV000616582.4,BA1,BA1,APPLIED_BARE,1,"The filtering allele frequency of the c.420C>T (p.Asp140=) variant in the MAP2K2 gene is 0.271% (32/8604) of East Asian chromosomes by the Exome Aggregation Consortium, which is a high enough frequency to be classified as benign based on thresholds defined by the ClinGen RASopathy Expert Panel (BA1;",,,False
46237,SCV000616581.4,BA1,BA1,APPLIED_BARE,1,"The filtering allele frequency of the c.453C>T (p.Asp151=) variant in the MAP2K2 gene is 27.128% (10569/38338) of European chromosomes by the Exome Aggregation Consortium, which is a high enough frequency to be classified as benign based on thresholds defined by the ClinGen RASopathy Expert Panel (B",,,False
46239,SCV000616579.4,BA1,BA1,APPLIED_BARE,1,"The filtering allele frequency of the c.525C>T (p.Ile175=) variant in the MAP2K2 gene is 0.255% (11/2418) of Latino chromosomes by the Exome Aggregation Consortium, which is a high enough frequency to be classified as benign based on thresholds defined by the ClinGen RASopathy Expert Panel (BA1;",,,False
46242,SCV000616544.5,PM2_Supporting,PM2,UNCLEAR,3,The filtering allele frequency in gnomAD v4.1.0 is 0.01543% (201/1178752 alleles) in the European (non-Finnish) population (PM2_Supporting/BS1/BA1 are not met).,MAP2K2,VUS,True
46242,SCV000616544.5,BS1,BS1,UNCLEAR,3,The filtering allele frequency in gnomAD v4.1.0 is 0.01543% (201/1178752 alleles) in the European (non-Finnish) population (PM2_Supporting/BS1/BA1 are not met).,MAP2K2,VUS,True
46242,SCV000616544.5,BA1,BA1,UNCLEAR,3,The filtering allele frequency in gnomAD v4.1.0 is 0.01543% (201/1178752 alleles) in the European (non-Finnish) population (PM2_Supporting/BS1/BA1 are not met).,MAP2K2,VUS,True
46242,SCV000616544.5,BP4,BP4,APPLIED_BARE,1,"The computational predictor REVEL gives a score of 0.219, which predicts no impact on protein function (BP4).",MAP2K2,VUS,True
46242,SCV000616544.5,PS4,PS4,UNCLEAR,1,This variant has been identified in 4 independent occurrences in patients with disparate phenotypes of RASopathy (PS4 not met;,MAP2K2,VUS,True
46242,SCV000616544.5,BP4,BP4,APPLIED,1,"In summary, this variant meets criteria to be classified as variant of uncertain significance for autosomal dominant RASopathies based on the ACMG/AMP criteria applied, as specified by the ClinGen RASopathy Variant Curation Expert Panel: BP4 (Specification Version 2.1, 9/17/2024) |",MAP2K2,VUS,True
50938,SCV000616562.4,BS1,BS1,APPLIED_BARE,1,"The filtering allele frequency of the c.1140C>T (p.Ala380=) variant in the MAP2K2 gene is 0.003% (2/796) of East Asian chromosomes by the Exome Aggregation Consortium, which is a high enough frequency to be classified as likely benign based on thresholds defined by the ClinGen RASopathy Expert Panel",,,False
55793,SCV000927041.1,PM6,PM6,APPLIED_BARE,3,"The c.741T>G (p.Phe247Leu) variant in BRAF has been reported in the literature as a confirmed and unconfirmed de novo occurrence in 2 patients with clinical features of a RASopathy (PM6, PS2, PS4_Supporting;",BRAF,P/LP,True
55793,SCV000927041.1,PS2,PS2,APPLIED_BARE,3,"The c.741T>G (p.Phe247Leu) variant in BRAF has been reported in the literature as a confirmed and unconfirmed de novo occurrence in 2 patients with clinical features of a RASopathy (PM6, PS2, PS4_Supporting;",BRAF,P/LP,True
55793,SCV000927041.1,PS4_Supporting,PS4,APPLIED_BARE,3,"The c.741T>G (p.Phe247Leu) variant in BRAF has been reported in the literature as a confirmed and unconfirmed de novo occurrence in 2 patients with clinical features of a RASopathy (PM6, PS2, PS4_Supporting;",BRAF,P/LP,True
55793,SCV000927041.1,PS3,PS3,APPLIED_BARE,1,In vitro functional studies provide some evidence that the p.Phe247Leu variant may impact protein function (PS3;,BRAF,P/LP,True
55793,SCV000927041.1,PM1,PM1,APPLIED_BARE,1,"Furthermore, the variant is in a location that has been defined by the ClinGen RASopathy Expert Panel to be a mutational hotspot or domain of BRAF (PM1;",BRAF,P/LP,True
55793,SCV000927041.1,PM2,PM2,APPLIED_BARE,1,This variant was absent from large population studies (PM2;,BRAF,P/LP,True
55793,SCV000927041.1,PP2,PP2,APPLIED_BARE,1,"The variant is located in the BRAF gene, which has been defined by the ClinGen RASopathy Expert Panel as a gene with a low rate of benign missense variants and pathogenic missense variants are common (PP2;",BRAF,P/LP,True
55793,SCV000927041.1,PP3,PP3,APPLIED_BARE,1,Computational prediction tools and conservation analysis suggest that the p.Phe247Leu variant may impact the protein (PP3).,BRAF,P/LP,True
55793,SCV000927041.1,PM6,PM6,APPLIED,8,"Rasopathy-specific ACMG/AMP criteria applied (PMID:29493581): PM6, PS2, PS3, PM1, PM2, PP2, PP3, PS4_Supporting.",BRAF,P/LP,True
55793,SCV000927041.1,PS2,PS2,APPLIED,8,"Rasopathy-specific ACMG/AMP criteria applied (PMID:29493581): PM6, PS2, PS3, PM1, PM2, PP2, PP3, PS4_Supporting.",BRAF,P/LP,True
55793,SCV000927041.1,PS3,PS3,APPLIED,8,"Rasopathy-specific ACMG/AMP criteria applied (PMID:29493581): PM6, PS2, PS3, PM1, PM2, PP2, PP3, PS4_Supporting.",BRAF,P/LP,True
55793,SCV000927041.1,PM1,PM1,APPLIED,8,"Rasopathy-specific ACMG/AMP criteria applied (PMID:29493581): PM6, PS2, PS3, PM1, PM2, PP2, PP3, PS4_Supporting.",BRAF,P/LP,True
55793,SCV000927041.1,PM2,PM2,APPLIED,8,"Rasopathy-specific ACMG/AMP criteria applied (PMID:29493581): PM6, PS2, PS3, PM1, PM2, PP2, PP3, PS4_Supporting.",BRAF,P/LP,True
55793,SCV000927041.1,PP2,PP2,APPLIED,8,"Rasopathy-specific ACMG/AMP criteria applied (PMID:29493581): PM6, PS2, PS3, PM1, PM2, PP2, PP3, PS4_Supporting.",BRAF,P/LP,True
55793,SCV000927041.1,PP3,PP3,APPLIED,8,"Rasopathy-specific ACMG/AMP criteria applied (PMID:29493581): PM6, PS2, PS3, PM1, PM2, PP2, PP3, PS4_Supporting.",BRAF,P/LP,True
55793,SCV000927041.1,PS4_Supporting,PS4,APPLIED,8,"Rasopathy-specific ACMG/AMP criteria applied (PMID:29493581): PM6, PS2, PS3, PM1, PM2, PP2, PP3, PS4_Supporting.",BRAF,P/LP,True
94082,SCV000616536.5,BA1,BA1,APPLIED,1,"The filtering allele frequency in gnomAD v4.1.0 is 4.669% (3488/74934 alleles) in the African/African American population, which meets the threshold to apply BA1.",,,False
94082,SCV000616536.5,BP7,BP7,APPLIED_BARE,1,The computational predictor SpliceAI predicts no impact on splicing (BP7).,,,False
94082,SCV000616536.5,BP5,BP5,APPLIED_BARE,1,This variant has been identified in a patient with an alternate molecular basis for disease (BP5;,,,False
94082,SCV000616536.5,BA1,BA1,APPLIED,3,"In summary, this variant meets criteria to be classified as benign for autosomal dominant RASopathies based on the ACMG/AMP criteria applied, as specified by the ClinGen RASopathy Variant Curation Expert Panel: BA1, BP5, BP7 (Specification Version 2.1, 09/17/2024) |",,,False
94082,SCV000616536.5,BP5,BP5,APPLIED,3,"In summary, this variant meets criteria to be classified as benign for autosomal dominant RASopathies based on the ACMG/AMP criteria applied, as specified by the ClinGen RASopathy Variant Curation Expert Panel: BA1, BP5, BP7 (Specification Version 2.1, 09/17/2024) |",,,False
94082,SCV000616536.5,BP7,BP7,APPLIED,3,"In summary, this variant meets criteria to be classified as benign for autosomal dominant RASopathies based on the ACMG/AMP criteria applied, as specified by the ClinGen RASopathy Variant Curation Expert Panel: BA1, BP5, BP7 (Specification Version 2.1, 09/17/2024) |",,,False
135112,SCV000616442.4,BA1,BA1,APPLIED_BARE,1,"The filtering allele frequency of the c.53A>G (p.Asn18Ser) variant in the PTPN11 gene is 0.056% (15/16512) of South Asian chromosomes by the Exome Aggregation Consortium, which is a high enough frequency to be classified as benign based on thresholds defined by the ClinGen RASopathy Expert Panel (BA",PTPN11,B/LB,True
136532,SCV000616394.5,BA1,BA1,APPLIED_BARE,1,"The minor allele frequency of this variant in gnomAD v4 is 0.2572% (3030/1178128) in the European (non-Finnish) population, which is a high enough frequency to be classified as benign based on thresholds defined by the ClinGen RASopathy Expert panel for autosomal dominant RASopathy variants (BA1).",,,False
136532,SCV000616394.5,BP4,BP4,APPLIED_BARE,2,"In addition, it occurs at a nucleotide that is not conserved (BP4, BP7).",,,False
136532,SCV000616394.5,BP7,BP7,APPLIED_BARE,2,"In addition, it occurs at a nucleotide that is not conserved (BP4, BP7).",,,False
136532,SCV000616394.5,PS4_Supporting,PS4,UNCLEAR,1,This variant has been identified in at least 2 patients with clinical features of a RASopathy (PS4_Supporting not met;,,,False
136532,SCV000616394.5,BP5,BP5,APPLIED_BARE,1,"However, this variant has been identified in a patient with an alternate molecular basis for disease (BP5;",,,False
136532,SCV000616394.5,BA1,BA1,APPLIED,4,"In summary, this variant meets criteria to be classified as benign for autosomal dominant RASopathies based on the ACMG/AMP criteria applied, as specified by the ClinGen RASopathy Variant Curation Expert Panel: BA1, BP4, BP5, BP7 (Specification Version 2.1, 9/17/2024) |",,,False
136532,SCV000616394.5,BP4,BP4,APPLIED,4,"In summary, this variant meets criteria to be classified as benign for autosomal dominant RASopathies based on the ACMG/AMP criteria applied, as specified by the ClinGen RASopathy Variant Curation Expert Panel: BA1, BP4, BP5, BP7 (Specification Version 2.1, 9/17/2024) |",,,False
136532,SCV000616394.5,BP5,BP5,APPLIED,4,"In summary, this variant meets criteria to be classified as benign for autosomal dominant RASopathies based on the ACMG/AMP criteria applied, as specified by the ClinGen RASopathy Variant Curation Expert Panel: BA1, BP4, BP5, BP7 (Specification Version 2.1, 9/17/2024) |",,,False
136532,SCV000616394.5,BP7,BP7,APPLIED,4,"In summary, this variant meets criteria to be classified as benign for autosomal dominant RASopathies based on the ACMG/AMP criteria applied, as specified by the ClinGen RASopathy Variant Curation Expert Panel: BA1, BP4, BP5, BP7 (Specification Version 2.1, 9/17/2024) |",,,False
138060,SCV000616403.5,PM2_Supporting,PM2,UNCLEAR,5,"The filtering allele frequency in gnomAD v4.1.0 is 0.01135% (10/73838 alleles) in the African/African American population (PM2_Supporting/ BS1/ BA1 are not met).This variant is located at a nucleotide that is not highly conserved and is not predicted to impact splicing (BP4, BP7).",,,False
138060,SCV000616403.5,BS1,BS1,UNCLEAR,5,"The filtering allele frequency in gnomAD v4.1.0 is 0.01135% (10/73838 alleles) in the African/African American population (PM2_Supporting/ BS1/ BA1 are not met).This variant is located at a nucleotide that is not highly conserved and is not predicted to impact splicing (BP4, BP7).",,,False
138060,SCV000616403.5,BA1,BA1,UNCLEAR,5,"The filtering allele frequency in gnomAD v4.1.0 is 0.01135% (10/73838 alleles) in the African/African American population (PM2_Supporting/ BS1/ BA1 are not met).This variant is located at a nucleotide that is not highly conserved and is not predicted to impact splicing (BP4, BP7).",,,False
138060,SCV000616403.5,BP4,BP4,UNCLEAR,5,"The filtering allele frequency in gnomAD v4.1.0 is 0.01135% (10/73838 alleles) in the African/African American population (PM2_Supporting/ BS1/ BA1 are not met).This variant is located at a nucleotide that is not highly conserved and is not predicted to impact splicing (BP4, BP7).",,,False
138060,SCV000616403.5,BP7,BP7,UNCLEAR,5,"The filtering allele frequency in gnomAD v4.1.0 is 0.01135% (10/73838 alleles) in the African/African American population (PM2_Supporting/ BS1/ BA1 are not met).This variant is located at a nucleotide that is not highly conserved and is not predicted to impact splicing (BP4, BP7).",,,False
138060,SCV000616403.5,BP4,BP4,APPLIED,2,"In summary, this variant meets criteria to be classified as likely benign for autosomal dominant RASopathies based on the ACMG/AMP criteria applied, as specified by the ClinGen RASopathy Variant Curation Expert Panel: BP4, BP7 (Specification Version 2.1, 09/17/2024) |",,,False
138060,SCV000616403.5,BP7,BP7,APPLIED,2,"In summary, this variant meets criteria to be classified as likely benign for autosomal dominant RASopathies based on the ACMG/AMP criteria applied, as specified by the ClinGen RASopathy Variant Curation Expert Panel: BP4, BP7 (Specification Version 2.1, 09/17/2024) |",,,False
138061,SCV000616475.4,BS1,BS1,APPLIED_BARE,1,"The filtering allele frequency of the c.90C>T (p.Asp30=) variant in the KRAS gene is 0.0292% (5/6746) of East Asian chromosomes by the Exome Aggregation Consortium, which is a high enough frequency to be classified as likely benign based on thresholds defined by the ClinGen RASopathy Expert Panel (B",,,False
138155,SCV000616549.4,BS1,BS1,APPLIED_BARE,1,"The filtering allele frequency of the c.69C>T (p.Thr23=) variant in the MAP2K1 gene is 0.0484% (4/2820) of African chromosomes by the Exome Aggregation Consortium, which is a high enough frequency to be classified as likely benign based on thresholds defined by the ClinGen RASopathy Expert Panel (BS",,,False
138158,SCV000616577.4,BA1,BA1,APPLIED_BARE,1,"The filtering allele frequency of the c.546G>A (p.Ala182=) variant in the MAP2K2 gene is 0.083% (7/3952) of African chromosomes by the Exome Aggregation Consortium, which is a high enough frequency to be classified as benign based on thresholds defined by the ClinGen RASopathy Expert Panel (BA1;",,,False
138159,SCV000886632.2,BA1,BA1,APPLIED_BARE,1,"The filtering allele frequency of the c.690G>A (p.Thr230=) variant in the MAP2K2 gene is 0.1273% for Latino chromosomes by the Exome Aggregation Consortium (3/642 with 95% CI), which is a high enough frequency to be classified as benign based on thresholds defined by the ClinGen RASopathy Expert pan",,,False
138161,SCV000616569.4,BA1,BA1,APPLIED_BARE,1,"The filtering allele frequency of the c.825G>A (p.Leu275=) variant in the MAP2K2 gene is 0.142% (14/5968) of East Asian chromosomes by the Exome Aggregation Consortium, which is a high enough frequency to be classified as benign based on thresholds defined by the ClinGen RASopathy Expert Panel (BA1;",,,False
138538,SCV005903311.1,BP4,BP4,APPLIED_BARE,2,"In addition, it occurs at a nucleotide that is not conserved as shown by UCSC Genome Browser (BP4, BP7).",,,False
138538,SCV005903311.1,BP7,BP7,APPLIED_BARE,2,"In addition, it occurs at a nucleotide that is not conserved as shown by UCSC Genome Browser (BP4, BP7).",,,False
138538,SCV005903311.1,BS1,BS1,APPLIED,2,"The filtering allele frequency (the lower threshold of the 95% CI of 62/127294) of the c.112-8A>G variant in NRAS is 0.0003711 for European (non-Finnish) chromosomes by gnomAD v2.1.1, which is higher than the ClinGen RASopathy VCEP threshold (≥0.00025) for BS1, and therefore meets this criterion (BS",,,False
138538,SCV005903311.1,BS1,BS1,APPLIED,2,"The filtering allele frequency (the lower threshold of the 95% CI of 62/127294) of the c.112-8A>G variant in NRAS is 0.0003711 for European (non-Finnish) chromosomes by gnomAD v2.1.1, which is higher than the ClinGen RASopathy VCEP threshold (≥0.00025) for BS1, and therefore meets this criterion (BS",,,False
138538,SCV005903311.1,BS1,BS1,APPLIED,3,"In summary, this variant meets the criteria to be classified as likely benign for autosomal dominant RASopathy based on the ACMG/AMP criteria applied, as specified by the ClinGen RASopathy VCEP: BS1, BP4, BP7.",,,False
138538,SCV005903311.1,BP4,BP4,APPLIED,3,"In summary, this variant meets the criteria to be classified as likely benign for autosomal dominant RASopathy based on the ACMG/AMP criteria applied, as specified by the ClinGen RASopathy VCEP: BS1, BP4, BP7.",,,False
138538,SCV005903311.1,BP7,BP7,APPLIED,3,"In summary, this variant meets the criteria to be classified as likely benign for autosomal dominant RASopathy based on the ACMG/AMP criteria applied, as specified by the ClinGen RASopathy VCEP: BS1, BP4, BP7.",,,False
138843,SCV000616452.4,BA1,BA1,APPLIED_BARE,1,"The filtering allele frequency of the c.1650G>A (p.Ala550=) variant in the PTPN11 gene is 0.067% (13/11548) of Latino chromosomes by the Exome Aggregation Consortium, which is a high enough frequency to be classified as benign based on thresholds defined by the ClinGen RASopathy Expert Panel (BA1;",,,False
139104,SCV000616495.4,BA1,BA1,APPLIED_BARE,1,"The filtering allele frequency of the c.457C>T (p.Leu153=) variant in the SHOC2 gene is 1.574% (1104/66696) of European chromosomes by the Exome Aggregation Consortium, which is a high enough frequency to be classified as benign based on thresholds defined by the ClinGen RASopathy Expert Panel (BA1;",,,False
139108,SCV000616430.4,BP5,BP5,APPLIED_BARE,1,The c.1302C>T (p.Asn434=) variant in the SHOC2 gene has been identified in a patient with an alternate molecular basis for disease (BP5;,,,False
139108,SCV000616430.4,BP7,BP7,APPLIED_BARE,3,"The silent p.Asn434= variant is not predicted by MaxEntScan to impact splicing (BP7, BP4).The filtering allele frequency of the c.1302C>T (p.Asn434=) variant is 0.74% for African chromosomes by the Exome Aggregation Consortium (87/9772 with 95% CI), which is a high enough frequency to be classified ",,,False
139108,SCV000616430.4,BP4,BP4,APPLIED_BARE,3,"The silent p.Asn434= variant is not predicted by MaxEntScan to impact splicing (BP7, BP4).The filtering allele frequency of the c.1302C>T (p.Asn434=) variant is 0.74% for African chromosomes by the Exome Aggregation Consortium (87/9772 with 95% CI), which is a high enough frequency to be classified ",,,False
139108,SCV000616430.4,BA1,BA1,APPLIED_BARE,3,"The silent p.Asn434= variant is not predicted by MaxEntScan to impact splicing (BP7, BP4).The filtering allele frequency of the c.1302C>T (p.Asn434=) variant is 0.74% for African chromosomes by the Exome Aggregation Consortium (87/9772 with 95% CI), which is a high enough frequency to be classified ",,,False
139108,SCV000616430.4,BA1,BA1,APPLIED,4,"RASopathy-specific ACMG/AMP criteria applied (PMID:29493581): BA1, BP5, BP4, BP7.",,,False
139108,SCV000616430.4,BP5,BP5,APPLIED,4,"RASopathy-specific ACMG/AMP criteria applied (PMID:29493581): BA1, BP5, BP4, BP7.",,,False
139108,SCV000616430.4,BP4,BP4,APPLIED,4,"RASopathy-specific ACMG/AMP criteria applied (PMID:29493581): BA1, BP5, BP4, BP7.",,,False
139108,SCV000616430.4,BP7,BP7,APPLIED,4,"RASopathy-specific ACMG/AMP criteria applied (PMID:29493581): BA1, BP5, BP4, BP7.",,,False
139109,SCV000616499.4,BA1,BA1,APPLIED_BARE,1,"The filtering allele frequency of the c.1423-7C>T variant in the SHOC2 gene is 1.826% (183/8836) of African chromosomes by the Exome Aggregation Consortium, which is a high enough frequency to be classified as benign based on thresholds defined by the ClinGen RASopathy Expert Panel (BA1;",,,False
139110,SCV000616502.4,BA1,BA1,APPLIED_BARE,1,"The filtering allele frequency of the c.1594A>G (p.Ser532Gly) variant in the SHOC2 gene is 1.147% (138/10402) of African chromosomes by the Exome Aggregation Consortium, which is a high enough frequency to be classified as benign based on thresholds defined by the ClinGen RASopathy Expert Panel (BA1",SHOC2,B/LB,True
139228,SCV000616512.4,BA1,BA1,APPLIED_BARE,1,"The filtering allele frequency of the c.2238T>C (p.Asn746=) variant in the SOS1 gene is 0.232% (33/10404) of African chromosomes by the Exome Aggregation Consortium, which is a high enough frequency to be classified as benign based on thresholds defined by the ClinGen RASopathy Expert Panel (BA1;",,,False
139236,SCV000616520.4,BS1,BS1,APPLIED_BARE,1,"The filtering allele frequency of the c.1647A>G (p.Thr549=) variant in the SOS1 gene is 0.0251% (6/10398) of African chromosomes by the Exome Aggregation Consortium, which is a high enough frequency to be classified as likely benign based on thresholds defined by the ClinGen RASopathy Expert Panel (",,,False
162794,SCV001335309.1,BP4,BP4,APPLIED_BARE,2,"The c.*7T>C variant in the 3' UTR of BRAF is classified as likely benign because it occurs in a noncoding region, computational splice analyses do not predict an impact on splicing, and Alamut indicates that this nucleotide is not highly conserved (BP4, BP7).",,,False
162794,SCV001335309.1,BP7,BP7,APPLIED_BARE,2,"The c.*7T>C variant in the 3' UTR of BRAF is classified as likely benign because it occurs in a noncoding region, computational splice analyses do not predict an impact on splicing, and Alamut indicates that this nucleotide is not highly conserved (BP4, BP7).",,,False
162794,SCV001335309.1,BP4,BP4,APPLIED,2,"RASopathy-specific ACMG/AMP Criteria applied (PMID:29493581): BP4, BP7.",,,False
162794,SCV001335309.1,BP7,BP7,APPLIED,2,"RASopathy-specific ACMG/AMP Criteria applied (PMID:29493581): BP4, BP7.",,,False
162804,SCV000616395.4,BP7,BP7,APPLIED_BARE,1,The c.111G>A (p.Ser37=) variant in BRAF is a synonymous (silent) variant at a nucleotide that is not highly conserved and is not predicted to impact splicing (BP7).,,,False
162804,SCV000616395.4,BP5,BP5,APPLIED_BARE,1,This variant has been identified in a patient with an alternate molecular basis for disease (BP5;,,,False
162804,SCV000616395.4,BP7,BP7,APPLIED,2,"RASopathy-specific ACMG/AMP criteria applied (PMID:29493581): BP7, BP5.",,,False
162804,SCV000616395.4,BP5,BP5,APPLIED,2,"RASopathy-specific ACMG/AMP criteria applied (PMID:29493581): BP7, BP5.",,,False
163771,SCV001192873.1,BA1,BA1,APPLIED_BARE,1,The c.-160A>G variant in KRAS is classified as benign because it has been identified in 0.22088% (95% CI of 27/8628) of African alleles in gnomAD (BA1;,,,False
163771,SCV001192873.1,BP4,BP4,APPLIED_BARE,2,"This variant is not located within the splice consensus sequence and computational splice site prediction tools do not predict an impact on splicing (BP4, BP7).",,,False
163771,SCV001192873.1,BP7,BP7,APPLIED_BARE,2,"This variant is not located within the splice consensus sequence and computational splice site prediction tools do not predict an impact on splicing (BP4, BP7).",,,False
163771,SCV001192873.1,BA1,BA1,APPLIED,3,"ACMG/AMP Criteria applied: BA1, BP4, BP7.",,,False
163771,SCV001192873.1,BP4,BP4,APPLIED,3,"ACMG/AMP Criteria applied: BA1, BP4, BP7.",,,False
163771,SCV001192873.1,BP7,BP7,APPLIED,3,"ACMG/AMP Criteria applied: BA1, BP4, BP7.",,,False
164807,SCV005903317.1,BA1,BA1,APPLIED,2,"The filtering allele frequency (the lower threshold of the 95% CI of 25/19928) of the c.159G>A variant in NRAS is 0.0009003 for East Asian chromosomes by gnomAD v2.1.1, which is higher than the ClinGen RASopathy VCEP threshold (≥0.0005) for BA1, and therefore meets this criterion (BA1).",,,False
164807,SCV005903317.1,BA1,BA1,APPLIED,2,"The filtering allele frequency (the lower threshold of the 95% CI of 25/19928) of the c.159G>A variant in NRAS is 0.0009003 for East Asian chromosomes by gnomAD v2.1.1, which is higher than the ClinGen RASopathy VCEP threshold (≥0.0005) for BA1, and therefore meets this criterion (BA1).",,,False
164807,SCV005903317.1,BA1,BA1,APPLIED,1,"In summary, this variant meets the criteria to be classified as benign for autosomal dominant RASopathy based on the ACMG/AMP criteria applied, as specified by the ClinGen RASopathy VCEP: BA1.",,,False
164809,SCV005903314.1,PM2_Supporting,PM2,APPLIED_BARE,1,This variant is absent from gnomAD v2.1.1 (PM2_Supporting).,NRAS,VUS,True
164809,SCV005903314.1,PP3,PP3,APPLIED_BARE,1,"The computational predictor REVEL gives a score of 0.759, which is above the threshold of 0.7, evidence that correlates with impact to NRAS function (PP3).",NRAS,VUS,True
164809,SCV005903314.1,PM2_Supporting,PM2,APPLIED,2,"In summary, this variant meets the criteria to be classified as uncertain significance for autosomal dominant RASopathy based on the ACMG/AMP criteria applied, as specified by the ClinGen RASopathy VCEP: PM2_Supporting, PP3.",NRAS,VUS,True
164809,SCV005903314.1,PP3,PP3,APPLIED,2,"In summary, this variant meets the criteria to be classified as uncertain significance for autosomal dominant RASopathy based on the ACMG/AMP criteria applied, as specified by the ClinGen RASopathy VCEP: PM2_Supporting, PP3.",NRAS,VUS,True
167260,SCV001424752.2,PM2_Supporting,PM2,APPLIED_BARE,1,This variant was absent from gnomAD v2.1.1 (PM2_Supporting).,MAP2K1,P/LP,True
167260,SCV001424752.2,PP3,PP3,APPLIED_BARE,1,"The computational prediction tool REVEL gives a score of 0.785, suggesting that this variant may impact the protein (PP3).",MAP2K1,P/LP,True
167260,SCV001424752.2,PP2,PP2,APPLIED_BARE,1,"The p.Glu203Gly variant is located in the MAP2K1 gene, which has been defined by the ClinGen RASopathy Expert Panel as a gene with a low rate of benign missense variants and pathogenic missense variants are common (PP2).",MAP2K1,P/LP,True
167260,SCV001424752.2,PM5_Strong,PM5,APPLIED_BARE,1,"Furthermore, four different (likely) pathogenic variants at this residue (Glu203Gln, Glu203Lys, Glu203Val, Glu203Ala) has been identified in several patients with RASopathies (PM5_Strong).",MAP2K1,P/LP,True
167260,SCV001424752.2,PS2,PS2,APPLIED_BARE,2,"This variant has been observed in at least 4 probands with a RASopathy, of which 3 were reported as a de novo occurrence with confirmed parentage (PS2, PS4_Supporting;",MAP2K1,P/LP,True
167260,SCV001424752.2,PS4_Supporting,PS4,APPLIED_BARE,2,"This variant has been observed in at least 4 probands with a RASopathy, of which 3 were reported as a de novo occurrence with confirmed parentage (PS2, PS4_Supporting;",MAP2K1,P/LP,True
167260,SCV001424752.2,PS2,PS2,APPLIED,6,"In summary, this variant meets criteria to be classified as pathogenic for autosomal dominant RASopathy based on the ACMG/AMP criteria applied, as specified by the ClinGen RASopathy Variant Curation Expert Panel: PS2, PM5_Strong, PS4_Supporting, PM2_Supporting, PP2, PP3 (Specification Version 2.3, 7",MAP2K1,P/LP,True
167260,SCV001424752.2,PM5_Strong,PM5,APPLIED,6,"In summary, this variant meets criteria to be classified as pathogenic for autosomal dominant RASopathy based on the ACMG/AMP criteria applied, as specified by the ClinGen RASopathy Variant Curation Expert Panel: PS2, PM5_Strong, PS4_Supporting, PM2_Supporting, PP2, PP3 (Specification Version 2.3, 7",MAP2K1,P/LP,True
167260,SCV001424752.2,PS4_Supporting,PS4,APPLIED,6,"In summary, this variant meets criteria to be classified as pathogenic for autosomal dominant RASopathy based on the ACMG/AMP criteria applied, as specified by the ClinGen RASopathy Variant Curation Expert Panel: PS2, PM5_Strong, PS4_Supporting, PM2_Supporting, PP2, PP3 (Specification Version 2.3, 7",MAP2K1,P/LP,True
167260,SCV001424752.2,PM2_Supporting,PM2,APPLIED,6,"In summary, this variant meets criteria to be classified as pathogenic for autosomal dominant RASopathy based on the ACMG/AMP criteria applied, as specified by the ClinGen RASopathy Variant Curation Expert Panel: PS2, PM5_Strong, PS4_Supporting, PM2_Supporting, PP2, PP3 (Specification Version 2.3, 7",MAP2K1,P/LP,True
167260,SCV001424752.2,PP2,PP2,APPLIED,6,"In summary, this variant meets criteria to be classified as pathogenic for autosomal dominant RASopathy based on the ACMG/AMP criteria applied, as specified by the ClinGen RASopathy Variant Curation Expert Panel: PS2, PM5_Strong, PS4_Supporting, PM2_Supporting, PP2, PP3 (Specification Version 2.3, 7",MAP2K1,P/LP,True
167260,SCV001424752.2,PP3,PP3,APPLIED,6,"In summary, this variant meets criteria to be classified as pathogenic for autosomal dominant RASopathy based on the ACMG/AMP criteria applied, as specified by the ClinGen RASopathy Variant Curation Expert Panel: PS2, PM5_Strong, PS4_Supporting, PM2_Supporting, PP2, PP3 (Specification Version 2.3, 7",MAP2K1,P/LP,True
177672,SCV000616396.4,PM6_Strong,PM6,APPLIED_BARE,1,The c.1785T>G (p.Phe595Leu) variant in BRAF has been reported in the literature in at least 2 unconfirmed de novo occurrences in patients with clinical features of a RASopathy (PM6_Strong;,BRAF,P/LP,True
177672,SCV000616396.4,PS4_Supporting,PS4,APPLIED_BARE,1,The variant has also been identified in at least 2 independent occurences in patients with clinical features of a RASopathy (PS4_Supporting;,BRAF,P/LP,True
177672,SCV000616396.4,PM2,PM2,APPLIED_BARE,1,This variant was absent from large population studies (PM2;,BRAF,P/LP,True
177672,SCV000616396.4,PM1,PM1,APPLIED_BARE,1,"Furthermore, the variant is in a location that has been defined by the ClinGen RASopathy Expert Panel to be a mutational hotspot or domain of BRAF (PM1;",BRAF,P/LP,True
177672,SCV000616396.4,PP2,PP2,APPLIED_BARE,1,"The variant is located in the BRAF gene, which has been defined by the ClinGen RASopathy Expert Panel as a gene with a low rate of benign missense variants and pathogenic missense variants are common (PP2;",BRAF,P/LP,True
177672,SCV000616396.4,PP3,PP3,APPLIED_BARE,1,Computational prediction tools and conservation analysis suggest that the p.Phe595Leu variant may impact the protein (PP3).,BRAF,P/LP,True
177672,SCV000616396.4,PM6_Strong,PM6,APPLIED,6,"ACMG/AMP criteria applied: PM6_Strong, PM2, PM1, PP2, PP3, PS4_Supporting.",BRAF,P/LP,True
177672,SCV000616396.4,PM2,PM2,APPLIED,6,"ACMG/AMP criteria applied: PM6_Strong, PM2, PM1, PP2, PP3, PS4_Supporting.",BRAF,P/LP,True
177672,SCV000616396.4,PM1,PM1,APPLIED,6,"ACMG/AMP criteria applied: PM6_Strong, PM2, PM1, PP2, PP3, PS4_Supporting.",BRAF,P/LP,True
177672,SCV000616396.4,PP2,PP2,APPLIED,6,"ACMG/AMP criteria applied: PM6_Strong, PM2, PM1, PP2, PP3, PS4_Supporting.",BRAF,P/LP,True
177672,SCV000616396.4,PP3,PP3,APPLIED,6,"ACMG/AMP criteria applied: PM6_Strong, PM2, PM1, PP2, PP3, PS4_Supporting.",BRAF,P/LP,True
177672,SCV000616396.4,PS4_Supporting,PS4,APPLIED,6,"ACMG/AMP criteria applied: PM6_Strong, PM2, PM1, PP2, PP3, PS4_Supporting.",BRAF,P/LP,True
177778,SCV005903310.1,PM2_Supporting,PM2,APPLIED_BARE,1,This variant is absent from gnomAD v2.1.1 (PM2_Supporting).,NRAS,P/LP,True
177778,SCV005903310.1,PM5_Strong,PM5,APPLIED_BARE,1,This variant occurs at an amino acid residue defined by the ClinGen RASopathy VCEP as an amino acid residue where ≥2 different [likely] pathogenic residues changes at the same codon have been observed in ≥5 probands (PM5_Strong).,NRAS,P/LP,True
177778,SCV005903310.1,PS4_Moderate,PS4,APPLIED_BARE,1,This variant has been reported in 4 probands with RASopathy (PS4_Moderate;,NRAS,P/LP,True
177778,SCV005903310.1,PS2_Verystrong,PS2,APPLIED_BARE,1,This variant has been identified as a de novo occurrence with confirmed parental relationships in 1 individual and as a de novo occurrence with unconfirmed parental relationships in 2 individuals with RASopathy (PS2_VeryStrong;,NRAS,P/LP,True
177778,SCV005903310.1,PS2_Verystrong,PS2,APPLIED,4,"In summary, this variant meets the criteria to be classified as pathogenic for autosomal dominant RASopathy based on the ACMG/AMP criteria applied, as specified by the ClinGen RASopathy VCEP: PS2_VeryStrong, PM5_Strong, PS4_Moderate, PM2_Supporting.",NRAS,P/LP,True
177778,SCV005903310.1,PM5_Strong,PM5,APPLIED,4,"In summary, this variant meets the criteria to be classified as pathogenic for autosomal dominant RASopathy based on the ACMG/AMP criteria applied, as specified by the ClinGen RASopathy VCEP: PS2_VeryStrong, PM5_Strong, PS4_Moderate, PM2_Supporting.",NRAS,P/LP,True
177778,SCV005903310.1,PS4_Moderate,PS4,APPLIED,4,"In summary, this variant meets the criteria to be classified as pathogenic for autosomal dominant RASopathy based on the ACMG/AMP criteria applied, as specified by the ClinGen RASopathy VCEP: PS2_VeryStrong, PM5_Strong, PS4_Moderate, PM2_Supporting.",NRAS,P/LP,True
177778,SCV005903310.1,PM2_Supporting,PM2,APPLIED,4,"In summary, this variant meets the criteria to be classified as pathogenic for autosomal dominant RASopathy based on the ACMG/AMP criteria applied, as specified by the ClinGen RASopathy VCEP: PS2_VeryStrong, PM5_Strong, PS4_Moderate, PM2_Supporting.",NRAS,P/LP,True
177844,SCV001335324.1,PM2,PM2,APPLIED_BARE,1,The c.1455G>T (p.Leu485Phe) variant in BRAF is absent from gnomAD (PM2).,BRAF,P/LP,True
177844,SCV001335324.1,PS4,PS4,APPLIED_BARE,1,"It has been detected in at least 5 patients with clinical features of a RASopathy, 2 of which were reported as unconfirmed de novo cases (PS4;",BRAF,P/LP,True
177844,SCV001335324.1,PM6_Strong,PM6,APPLIED_BARE,1,PM6_Strong;,BRAF,P/LP,True
177844,SCV001335324.1,PS3,PS3,APPLIED_BARE,1,In vitro functional studies provide some evidence that the p.L485F variant may impact protein function (PS3;,BRAF,P/LP,True
177844,SCV001335324.1,PP2,PP2,APPLIED_BARE,1,"The variant is located in the BRAF gene, which has been defined by the ClinGen RASopathy Expert Panel as a gene with a low rate of benign missense variants and pathogenic missense variants are common (PP2;",BRAF,P/LP,True
177844,SCV001335324.1,PP3,PP3,APPLIED_BARE,1,"Additionally, computational prediction tools and conservation analysis suggest that this variant may affect the protein (PP3).",BRAF,P/LP,True
177844,SCV001335324.1,PS4,PS4,APPLIED,6,"Rasopathy-specific ACMG/AMP criteria applied (PMID:29493581): PS4, PM6_Strong, PS3, PM2, PP2, PP3.",BRAF,P/LP,True
177844,SCV001335324.1,PM6_Strong,PM6,APPLIED,6,"Rasopathy-specific ACMG/AMP criteria applied (PMID:29493581): PS4, PM6_Strong, PS3, PM2, PP2, PP3.",BRAF,P/LP,True
177844,SCV001335324.1,PS3,PS3,APPLIED,6,"Rasopathy-specific ACMG/AMP criteria applied (PMID:29493581): PS4, PM6_Strong, PS3, PM2, PP2, PP3.",BRAF,P/LP,True
177844,SCV001335324.1,PM2,PM2,APPLIED,6,"Rasopathy-specific ACMG/AMP criteria applied (PMID:29493581): PS4, PM6_Strong, PS3, PM2, PP2, PP3.",BRAF,P/LP,True
177844,SCV001335324.1,PP2,PP2,APPLIED,6,"Rasopathy-specific ACMG/AMP criteria applied (PMID:29493581): PS4, PM6_Strong, PS3, PM2, PP2, PP3.",BRAF,P/LP,True
177844,SCV001335324.1,PP3,PP3,APPLIED,6,"Rasopathy-specific ACMG/AMP criteria applied (PMID:29493581): PS4, PM6_Strong, PS3, PM2, PP2, PP3.",BRAF,P/LP,True
177868,SCV000616541.5,PM2_Supporting,PM2,APPLIED_BARE,1,This variant is absent from gnomAD v2.1.1 (PM2_Supporting).,MAP2K2,P/LP,True
177868,SCV000616541.5,PP3,PP3,APPLIED_BARE,1,"The computational predictor REVEL gives a score of 0.966, predicting a damaging impact on protein function (PP3).",MAP2K2,P/LP,True
177868,SCV000616541.5,PM1,PM1,APPLIED_BARE,1,"This variant is in a location that has been defined by the ClinGen RASopathy Expert Panel to be a critical functional domain of MAP2K2 (PM1, AA 128-138).",MAP2K2,P/LP,True
177868,SCV000616541.5,PS4_Moderate,PS4,APPLIED_BARE,1,This variant has been identified in at least 4 patients with RASopathy (PS4_Moderate;,MAP2K2,P/LP,True
177868,SCV000616541.5,PS3_Supporting,PS3,APPLIED_BARE,1,ERK phosphorylation assays showed that this variant led to increased phosphorylation compared to wild-type (PS3_Supporting;,MAP2K2,P/LP,True
177868,SCV000616541.5,PS4_Moderate,PS4,APPLIED,5,"In summary, this variant meets criteria to be classified as likely pathogenic for autosomal dominant RASopathies based on the ACMG/AMP criteria applied, as specified by the ClinGen RASopathy Variant Curation Expert Panel: PS4_Moderate, PM1, PS3_Supporting, PM2_Supporting, PP3 (Specification Version ",MAP2K2,P/LP,True
177868,SCV000616541.5,PM1,PM1,APPLIED,5,"In summary, this variant meets criteria to be classified as likely pathogenic for autosomal dominant RASopathies based on the ACMG/AMP criteria applied, as specified by the ClinGen RASopathy Variant Curation Expert Panel: PS4_Moderate, PM1, PS3_Supporting, PM2_Supporting, PP3 (Specification Version ",MAP2K2,P/LP,True
177868,SCV000616541.5,PS3_Supporting,PS3,APPLIED,5,"In summary, this variant meets criteria to be classified as likely pathogenic for autosomal dominant RASopathies based on the ACMG/AMP criteria applied, as specified by the ClinGen RASopathy Variant Curation Expert Panel: PS4_Moderate, PM1, PS3_Supporting, PM2_Supporting, PP3 (Specification Version ",MAP2K2,P/LP,True
177868,SCV000616541.5,PM2_Supporting,PM2,APPLIED,5,"In summary, this variant meets criteria to be classified as likely pathogenic for autosomal dominant RASopathies based on the ACMG/AMP criteria applied, as specified by the ClinGen RASopathy Variant Curation Expert Panel: PS4_Moderate, PM1, PS3_Supporting, PM2_Supporting, PP3 (Specification Version ",MAP2K2,P/LP,True
177868,SCV000616541.5,PP3,PP3,APPLIED,5,"In summary, this variant meets criteria to be classified as likely pathogenic for autosomal dominant RASopathies based on the ACMG/AMP criteria applied, as specified by the ClinGen RASopathy Variant Curation Expert Panel: PS4_Moderate, PM1, PS3_Supporting, PM2_Supporting, PP3 (Specification Version ",MAP2K2,P/LP,True
177876,SCV001335311.1,PM2,PM2,APPLIED_BARE,1,The c.806C>G (p.Pro269Arg) variant in MAP2K2 is absent from gnomAD (PM2).,MAP2K2,VUS,True
177876,SCV001335311.1,BP5,BP5,APPLIED_BARE,1,BP5).,MAP2K2,VUS,True
177876,SCV001335311.1,BS2,BS2,NOT_MET,1,"however, this evidence does not meet current scoring criteria for BS2 at this time.",MAP2K2,VUS,True
177876,SCV001335311.1,PP3,PP3,APPLIED_BARE,1,Computational prediction tools and conservation analysis suggest that the p.Pro269Arg variant may impact the protein (PP3).,MAP2K2,VUS,True
177876,SCV001335311.1,PP3,PP3,APPLIED,3,"RASopathy-specific ACMG/AMP criteria applied (PMID:29493581): PP3, PM2, BP5.",MAP2K2,VUS,True
177876,SCV001335311.1,PM2,PM2,APPLIED,3,"RASopathy-specific ACMG/AMP criteria applied (PMID:29493581): PP3, PM2, BP5.",MAP2K2,VUS,True
177876,SCV001335311.1,BP5,BP5,APPLIED,3,"RASopathy-specific ACMG/AMP criteria applied (PMID:29493581): PP3, PM2, BP5.",MAP2K2,VUS,True
177950,SCV001192872.1,BA1,BA1,APPLIED_BARE,1,The c.*4C>T variant in SOS1 is classified as benign because it has been identified in 0.05383% (95% CI of 27/35402) of Latino alleles in gnomAD (BA1;,,,False
177950,SCV001192872.1,BP4,BP4,NOT_MET,2,"It does not alter an amino acid residue, is not located within the splice consensus site, and computational splice prediction tools do not predict an impact on splicing (BP4, BP7).",,,False
177950,SCV001192872.1,BP7,BP7,NOT_MET,2,"It does not alter an amino acid residue, is not located within the splice consensus site, and computational splice prediction tools do not predict an impact on splicing (BP4, BP7).",,,False
177950,SCV001192872.1,BA1,BA1,APPLIED,3,"ACMG/AMP Criteria applied: BA1, BP4, BP7.",,,False
177950,SCV001192872.1,BP4,BP4,APPLIED,3,"ACMG/AMP Criteria applied: BA1, BP4, BP7.",,,False
177950,SCV001192872.1,BP7,BP7,APPLIED,3,"ACMG/AMP Criteria applied: BA1, BP4, BP7.",,,False
177969,SCV000616584.4,BA1,BA1,APPLIED_BARE,1,"The filtering allele frequency of the c.303+8C>G variant in the MAP2K2 gene is 0.154% (22/9636) of African chromosomes by the Exome Aggregation Consortium, which is a high enough frequency to be classified as benign based on thresholds defined by the ClinGen RASopathy Expert Panel (BA1;",,,False
178109,SCV000616446.4,BA1,BA1,APPLIED_BARE,1,"The filtering allele frequency of the c.558G>T (p.Arg186=) variant in the PTPN11 gene is 0.231% (49/16504) of South Asian chromosomes by the Exome Aggregation Consortium, which is a high enough frequency to be classified as benign based on thresholds defined by the ClinGen RASopathy Expert Panel (BA",,,False
178666,SCV000616427.5,BA1,BA1,APPLIED,2,"This variant has a filtering allele frequency of 0.05951% in the European (non-Finnish) population in gnomAD v2, which is higher than the ClinGen RASopathy VCEP threshold (>0.0005) for BA1 and therefore meets this criterion (BA1).",,,False
178666,SCV000616427.5,BA1,BA1,APPLIED,2,"This variant has a filtering allele frequency of 0.05951% in the European (non-Finnish) population in gnomAD v2, which is higher than the ClinGen RASopathy VCEP threshold (>0.0005) for BA1 and therefore meets this criterion (BA1).",,,False
178666,SCV000616427.5,BP7,BP7,APPLIED_BARE,1,The variant is a synonymous (silent) variant at a nucleotide that is not highly conserved and is not predicted to impact splicing (BP7).,,,False
178666,SCV000616427.5,BP5,BP5,APPLIED_BARE,1,"Additionally, this variant has been identified in a patient with an alternate molecular basis for disease (BP5;",,,False
178666,SCV000616427.5,BA1,BA1,APPLIED,3,"In summary, this variant meets criteria to be classified as benign for autosomal dominant RASopathies based on the ACMG/AMP criteria applied, as specified by the ClinGen RASopathy Variant Curation Expert Panel: BA1, BP5, BP7.",,,False
178666,SCV000616427.5,BP5,BP5,APPLIED,3,"In summary, this variant meets criteria to be classified as benign for autosomal dominant RASopathies based on the ACMG/AMP criteria applied, as specified by the ClinGen RASopathy Variant Curation Expert Panel: BA1, BP5, BP7.",,,False
178666,SCV000616427.5,BP7,BP7,APPLIED,3,"In summary, this variant meets criteria to be classified as benign for autosomal dominant RASopathies based on the ACMG/AMP criteria applied, as specified by the ClinGen RASopathy Variant Curation Expert Panel: BA1, BP5, BP7.",,,False
178963,SCV001335308.1,BS2,BS2,UNCLEAR,2,"Additionally, 12 apparently unaffected parental samples were observed with this variant, however this evidence does not meet current scoring criteria for BS2 at this time (BS2 not met;",BRAF,VUS,True
178963,SCV001335308.1,BS2,BS2,UNCLEAR,2,"Additionally, 12 apparently unaffected parental samples were observed with this variant, however this evidence does not meet current scoring criteria for BS2 at this time (BS2 not met;",BRAF,VUS,True
178963,SCV001335308.1,PP2,PP2,APPLIED_BARE,1,"The variant is located in the BRAF gene, which has been defined by the ClinGen RASopathy Expert Panel as a gene with a low rate of benign missense variants and pathogenic missense variants are common (PP2;",BRAF,VUS,True
178963,SCV001335308.1,PP2,PP2,APPLIED,1,RASopathy-specific ACMG/AMP criteria applied (PMID:29493581): PP2.,BRAF,VUS,True
179025,SCV005903313.1,PM2_Supporting,PM2,UNCLEAR,3,"The highest population minor allele frequency in gnomAD v2.1.1 is 0.00006663 (14/129152 alleles) in the European (non-Finnish) population (Optional: PM2_Supporting, BS1, and BA1 are not met).",NRAS,VUS,True
179025,SCV005903313.1,BS1,BS1,UNCLEAR,3,"The highest population minor allele frequency in gnomAD v2.1.1 is 0.00006663 (14/129152 alleles) in the European (non-Finnish) population (Optional: PM2_Supporting, BS1, and BA1 are not met).",NRAS,VUS,True
179025,SCV005903313.1,BA1,BA1,UNCLEAR,3,"The highest population minor allele frequency in gnomAD v2.1.1 is 0.00006663 (14/129152 alleles) in the European (non-Finnish) population (Optional: PM2_Supporting, BS1, and BA1 are not met).",NRAS,VUS,True
179025,SCV005903313.1,BP4,BP4,NOT_MET,1,"The computational predictor REVEL gives a score of 0.051, which is below the threshold of 0.3, evidence that does not predict a damaging effect on NRAS function (BP4).",NRAS,VUS,True
179025,SCV005903313.1,BP4,BP4,APPLIED,1,"In summary, this variant meets the criteria to be classified as uncertain significance for autosomal dominant RASopathy based on the ACMG/AMP criteria applied, as specified by the ClinGen RASopathy VCEP: BP4 (ClinGen RASopathy VCEP specifications version 2.3;",NRAS,VUS,True
180718,SCV001335318.1,BS2,BS2,UNCLEAR,2,"however, this evidence does not meet current scoring criteria for BS2 at this time (BS2 not met;",,,False
180718,SCV001335318.1,BS2,BS2,UNCLEAR,2,"however, this evidence does not meet current scoring criteria for BS2 at this time (BS2 not met;",,,False
180718,SCV001335318.1,BP7,BP7,APPLIED_BARE,1,This variant is a synonymous (silent) variant at a nucleotide that is not highly conserved and is not predicted to impact splicing (BP7).,,,False
180718,SCV001335318.1,BP4,BP4,NOT_MET,1,Computational prediction tools and conservation analysis suggest that the p.Asp371= variant does not impact the protein (BP4).,,,False
180718,SCV001335318.1,BP7,BP7,APPLIED,2,"RASopathy-specific ACMG/AMP criteria applied (PMID:29493581): BP7, BP4.",,,False
180718,SCV001335318.1,BP4,BP4,APPLIED,2,"RASopathy-specific ACMG/AMP criteria applied (PMID:29493581): BP7, BP4.",,,False
180784,SCV000927042.1,PM6,PM6,APPLIED_BARE,1,The c.739T>C (p.Phe247Leu) variant in BRAF has been reported in the literature as an unconfirmed de novo occurrence in a patient with clinical features of a RASopathy (PM6;,BRAF,P/LP,True
180784,SCV000927042.1,PM2,PM2,APPLIED_BARE,1,This variant was absent from large population studies (PM2;,BRAF,P/LP,True
180784,SCV000927042.1,PS3,PS3,APPLIED_BARE,1,In vitro functional studies provide some evidence that the p.Phe247Leu variant may impact protein function (PS3;,BRAF,P/LP,True
180784,SCV000927042.1,PS1,PS1,APPLIED_BARE,1,The c.739T>C variant results in the same amino acid change as the previously established pathogenic c.741T>G (p.Phe247Leu) variant (PS1;,BRAF,P/LP,True
180784,SCV000927042.1,PM1,PM1,APPLIED_BARE,1,"Furthermore, the variant is in a location that has been defined by the ClinGen RASopathy Expert Panel to be a mutational hotspot or domain of BRAF (PM1;",BRAF,P/LP,True
180784,SCV000927042.1,PP2,PP2,APPLIED_BARE,1,"The variant is located in the BRAF gene, which has been defined by the ClinGen RASopathy Expert Panel as a gene with a low rate of benign missense variants and pathogenic missense variants are common (PP2;",BRAF,P/LP,True
180784,SCV000927042.1,PP3,PP3,APPLIED_BARE,1,Computational prediction tools and conservation analysis suggest that the p.Phe247Leu variant may impact the protein (PP3).,BRAF,P/LP,True
180784,SCV000927042.1,PM6,PM6,APPLIED,7,"Rasopathy-specific ACMG/AMP criteria applied (PMID:29493581): PM6, PM2, PS3, PS1, PM1, PP2, PP3.",BRAF,P/LP,True
180784,SCV000927042.1,PM2,PM2,APPLIED,7,"Rasopathy-specific ACMG/AMP criteria applied (PMID:29493581): PM6, PM2, PS3, PS1, PM1, PP2, PP3.",BRAF,P/LP,True
180784,SCV000927042.1,PS3,PS3,APPLIED,7,"Rasopathy-specific ACMG/AMP criteria applied (PMID:29493581): PM6, PM2, PS3, PS1, PM1, PP2, PP3.",BRAF,P/LP,True
180784,SCV000927042.1,PS1,PS1,APPLIED,7,"Rasopathy-specific ACMG/AMP criteria applied (PMID:29493581): PM6, PM2, PS3, PS1, PM1, PP2, PP3.",BRAF,P/LP,True
180784,SCV000927042.1,PM1,PM1,APPLIED,7,"Rasopathy-specific ACMG/AMP criteria applied (PMID:29493581): PM6, PM2, PS3, PS1, PM1, PP2, PP3.",BRAF,P/LP,True
180784,SCV000927042.1,PP2,PP2,APPLIED,7,"Rasopathy-specific ACMG/AMP criteria applied (PMID:29493581): PM6, PM2, PS3, PS1, PM1, PP2, PP3.",BRAF,P/LP,True
180784,SCV000927042.1,PP3,PP3,APPLIED,7,"Rasopathy-specific ACMG/AMP criteria applied (PMID:29493581): PM6, PM2, PS3, PS1, PM1, PP2, PP3.",BRAF,P/LP,True
180859,SCV001192884.1,PM2,PM2,APPLIED_BARE,1,The c.508A>T (p.Met170Leu) variant in KRAS was absent from large population studies (PM2;,KRAS,VUS,True
180859,SCV001192884.1,PS4,PS4,UNCLEAR,1,It was reported in 1 individual with a presentation that lacked a clear association with a RASopathy (PS4 not applied;,KRAS,VUS,True
180859,SCV001192884.1,PP2,PP2,APPLIED_BARE,1,"This variant is located in the KRAS gene, which has been defined by the ClinGen RASopathy Expert Panel as a gene with a low rate of benign missense variants, and pathogenic missense variants are common (PP2;",KRAS,VUS,True
180859,SCV001192884.1,PM2,PM2,APPLIED,2,"ACMG/AMP Criteria applied: PM2, PP2.",KRAS,VUS,True
180859,SCV001192884.1,PP2,PP2,APPLIED,2,"ACMG/AMP Criteria applied: PM2, PP2.",KRAS,VUS,True
180895,SCV001192869.1,BP4,BP4,NOT_MET,2,"The c.1068+9A>G intronic variant in the MAP2K1 gene is classified as likely benign because it does not alter an amino acid residue, is not located within the canonical splice site, and computational splice prediction tools do not predict an impact on splicing (BP4, BP7).",,,False
180895,SCV001192869.1,BP7,BP7,NOT_MET,2,"The c.1068+9A>G intronic variant in the MAP2K1 gene is classified as likely benign because it does not alter an amino acid residue, is not located within the canonical splice site, and computational splice prediction tools do not predict an impact on splicing (BP4, BP7).",,,False
180895,SCV001192869.1,BS1,BS1,UNCLEAR,1,It has been identified in 0.01123% (lower bound of the 95% CI of 8/35440) of Latino chromosomes in gnomAD (BS1 not met;,,,False
180895,SCV001192869.1,BP4,BP4,APPLIED,2,"ACMG/AMP criteria applied: BP4, BP7.",,,False
180895,SCV001192869.1,BP7,BP7,APPLIED,2,"ACMG/AMP criteria applied: BP4, BP7.",,,False
180905,SCV000616578.4,BS1,BS1,APPLIED_BARE,1,"The filtering allele frequency of the c.535C>T (p.Arg179Trp) variant in the MAP2K2 gene is 0.0362% (3/2258) of East Asian chromosomes by the Exome Aggregation Consortium, which is a high enough frequency to be classified as likely benign based on thresholds defined by the ClinGen RASopathy Expert Pa",MAP2K2,B/LB,True
181509,SCV000616485.4,BA1,BA1,APPLIED_BARE,1,"The filtering allele frequency of the c.1141G>A (p.Asp381Asn) variant in the RAF1 gene is 0.162% (36/16508) of South Asian chromosomes by the Exome Aggregation Consortium, which is a high enough frequency to be classified as benign based on thresholds defined by the ClinGen RASopathy Expert Panel (B",RAF1,B/LB,True
181510,SCV001192868.1,BS1,BS1,UNCLEAR,1,The c.835G>A (p.Asp279Asn) variant in RAF1 has been identified in 0.01786% (lower bound of the 95% CI of 7/18394) of East Asian chromosomes in gnomAD (BS1 not met;,RAF1,VUS,True
181510,SCV001192868.1,BS2,BS2,APPLIED_BARE,1,It was also seen in 13 individuals clinically unaffected with a RASopathy (BS2;,RAF1,VUS,True
181510,SCV001192868.1,BS2,BS2,APPLIED,1,ACMG/AMP Criteria applied: BS2.,RAF1,VUS,True
181526,SCV000616492.4,BS1,BS1,APPLIED_BARE,1,"The filtering allele frequency of the c.38A>C (p.Glu13Ala) variant in the SHOC2 gene is 0.0484% (10/11206) of Latino chromosomes by the Exome Aggregation Consortium, which is a high enough frequency to be classified as likely benign based on thresholds defined by the ClinGen RASopathy Expert Panel (",SHOC2,B/LB,True
181528,SCV000616431.5,PM2_Supporting,PM2,APPLIED_BARE,1,This variant is absent from gnomAD v4.1.0 (PM2_Supporting).,SHOC2,P/LP,True
181528,SCV000616431.5,PP3,PP3,APPLIED_BARE,1,The computational predictor REVEL gives a score of 0.768 (PP3).,SHOC2,P/LP,True
181528,SCV000616431.5,PS2_Verystrong,PS2,APPLIED_BARE,1,This variant has been identified as a de novo occurrence with confirmed parental relationships in 3 individuals and with unconfirmed parental relationships in 1 individual with RASopathy (PS2_VeryStrong;,SHOC2,P/LP,True
181528,SCV000616431.5,PS4,PS4,APPLIED_BARE,1,This variant has been reported in more than 5 probands diagnosed with RASopathy (PS4;,SHOC2,P/LP,True
181528,SCV000616431.5,PS3,PS3,UNCLEAR,1,"ERK phosphorylation assays showed that this variant decreases the ability of SHOC2 to accelerate ERK1/2 phosphorylation (PS3 not met, PMID: 25137548).",SHOC2,P/LP,True
181528,SCV000616431.5,PS2_Verystrong,PS2,APPLIED,4,"In summary, this variant meets criteria to be classified as pathogenic for autosomal dominant RASopathies based on the ACMG/AMP criteria applied, as specified by the ClinGen RASopathy Variant Curation Expert Panel: PS2_VeryStrong, PS4, PM2_Supporting, PP3 (Specification Version 2.1, 09/17/2024) |",SHOC2,P/LP,True
181528,SCV000616431.5,PS4,PS4,APPLIED,4,"In summary, this variant meets criteria to be classified as pathogenic for autosomal dominant RASopathies based on the ACMG/AMP criteria applied, as specified by the ClinGen RASopathy Variant Curation Expert Panel: PS2_VeryStrong, PS4, PM2_Supporting, PP3 (Specification Version 2.1, 09/17/2024) |",SHOC2,P/LP,True
181528,SCV000616431.5,PM2_Supporting,PM2,APPLIED,4,"In summary, this variant meets criteria to be classified as pathogenic for autosomal dominant RASopathies based on the ACMG/AMP criteria applied, as specified by the ClinGen RASopathy Variant Curation Expert Panel: PS2_VeryStrong, PS4, PM2_Supporting, PP3 (Specification Version 2.1, 09/17/2024) |",SHOC2,P/LP,True
181528,SCV000616431.5,PP3,PP3,APPLIED,4,"In summary, this variant meets criteria to be classified as pathogenic for autosomal dominant RASopathies based on the ACMG/AMP criteria applied, as specified by the ClinGen RASopathy Variant Curation Expert Panel: PS2_VeryStrong, PS4, PM2_Supporting, PP3 (Specification Version 2.1, 09/17/2024) |",SHOC2,P/LP,True
181547,SCV001192870.1,BS1,BS1,UNCLEAR,1,The c.643T>C (p.Tyr215His) variant in the SOS1 gene is present in 0.014% (5/35434) Latino alleles in gnomAD (BS1 not met).,SOS1,VUS,True
181547,SCV001192870.1,BS2,BS2,NOT_MET,1,This variant was observed in 9 healthy adult individuals who did not have clinical features of a RASopathy (BS2;,SOS1,VUS,True
181547,SCV001192870.1,BS2,BS2,APPLIED,1,RASopathy-specific ACMG/AMP criteria applied (PMID:29493581): BS2.,SOS1,VUS,True
181766,SCV000616449.4,BA1,BA1,APPLIED_BARE,1,"The filtering allele frequency of the c.1028G>A (p.Arg343Gln) variant in the PTPN11 gene is 0.116% (27/16494) of South Asian chromosomes by the Exome Aggregation Consortium, which is a high enough frequency to be classified as benign based on thresholds defined by the ClinGen RASopathy Expert Panel ",PTPN11,B/LB,True
197778,SCV000616522.4,BS1,BS1,APPLIED_BARE,1,"The filtering allele frequency of the c.698A>G (p.Asn233Ser) variant in the SOS1 gene is 0.0393% (8/10108) of African chromosomes by the Exome Aggregation Consortium, which is a high enough frequency to be classified as likely benign based on thresholds defined by the ClinGen RASopathy Expert Panel ",SOS1,B/LB,True
209088,SCV005367693.1,PM2_Supporting,PM2,APPLIED_BARE,1,This variant is absent from gnomAD v2.1.1 (PM2_Supporting).,LZTR1,P/LP,True
209088,SCV005367693.1,PP3,PP3,APPLIED_BARE,1,"The computational predictor REVEL gives a score of 0.839, which is above the threshold of 0.7, evidence that correlates with impact to LZTR1 function (PP3).",LZTR1,P/LP,True
209088,SCV005367693.1,PS3_Supporting,PS3,APPLIED_BARE,1,ERK1/2 phosphorylation assays in HEK293 cells showed enhanced EGF-dependent ERK1/2 phosphorylation indicating that this variant impacts protein function (PMID: 30481304)(PS3_Supporting).,LZTR1,P/LP,True
209088,SCV005367693.1,PS4_Moderate,PS4,APPLIED_BARE,1,This variant has been reported in 3 probands with features of RASopathy (PS4_Moderate;,LZTR1,P/LP,True
209088,SCV005367693.1,PS2,PS2,APPLIED_BARE,1,This variant has been identified as a de novo occurrence with confirmed parental relationships in 1 individual with features of RASopathy (PS2;,LZTR1,P/LP,True
209088,SCV005367693.1,PS2,PS2,APPLIED,5,"In summary, this variant meets the criteria to be classified as likely pathogenic for autosomal dominant RASopathy based on the ACMG/AMP criteria applied, as specified by the ClinGen RASopathy VCEP: PS2, PS4_Moderate, PS3_Supporting, PM2_Supporting, PP3.",LZTR1,P/LP,True
209088,SCV005367693.1,PS4_Moderate,PS4,APPLIED,5,"In summary, this variant meets the criteria to be classified as likely pathogenic for autosomal dominant RASopathy based on the ACMG/AMP criteria applied, as specified by the ClinGen RASopathy VCEP: PS2, PS4_Moderate, PS3_Supporting, PM2_Supporting, PP3.",LZTR1,P/LP,True
209088,SCV005367693.1,PS3_Supporting,PS3,APPLIED,5,"In summary, this variant meets the criteria to be classified as likely pathogenic for autosomal dominant RASopathy based on the ACMG/AMP criteria applied, as specified by the ClinGen RASopathy VCEP: PS2, PS4_Moderate, PS3_Supporting, PM2_Supporting, PP3.",LZTR1,P/LP,True
209088,SCV005367693.1,PM2_Supporting,PM2,APPLIED,5,"In summary, this variant meets the criteria to be classified as likely pathogenic for autosomal dominant RASopathy based on the ACMG/AMP criteria applied, as specified by the ClinGen RASopathy VCEP: PS2, PS4_Moderate, PS3_Supporting, PM2_Supporting, PP3.",LZTR1,P/LP,True
209088,SCV005367693.1,PP3,PP3,APPLIED,5,"In summary, this variant meets the criteria to be classified as likely pathogenic for autosomal dominant RASopathy based on the ACMG/AMP criteria applied, as specified by the ClinGen RASopathy VCEP: PS2, PS4_Moderate, PS3_Supporting, PM2_Supporting, PP3.",LZTR1,P/LP,True
209089,SCV006059792.1,PM2_Supporting,PM2,APPLIED_BARE,1,This variant is absent from gnomAD v2.1.1 (PM2_Supporting).,LZTR1,P/LP,True
209089,SCV006059792.1,PP3,PP3,APPLIED_BARE,1,"The computational predictor REVEL gives a score of 0.801, which is above the threshold of 0.7, evidence that correlates with impact to LZTR1 function (PP3).",LZTR1,P/LP,True
209089,SCV006059792.1,PS4_Supporting,PS4,APPLIED_BARE,1,This variant has been reported in 1 proband meeting NS diagnostic criteria (PS4_Supporting;,LZTR1,P/LP,True
209089,SCV006059792.1,PS2,PS2,APPLIED_BARE,1,This variant has been identified as a de novo occurrence with confirmed parental relationships in 1 individual with Noonan syndrome (PS2;,LZTR1,P/LP,True
209089,SCV006059792.1,PS3_Moderate,PS3,APPLIED_BARE,1,"RAS, MEK, and ERK activation in HEK293T cells showed increased level of endogenous active, GTP-bound RAS and increased phosphorylation of MEK and ERK, indicating that this variant impacts protein function (PMID:30481304)(PS3_Moderate).",LZTR1,P/LP,True
209089,SCV006059792.1,PS2,PS2,APPLIED,5,"In summary, this variant meets the criteria to be classified as likely pathogenic for autosomal dominant RASopathy based on the ACMG/AMP criteria applied, as specified by the ClinGen RASopathy VCEP: PS2, PS3_Moderate, PS4_Supporting, PM2_Supporting, PP3.",LZTR1,P/LP,True
209089,SCV006059792.1,PS3_Moderate,PS3,APPLIED,5,"In summary, this variant meets the criteria to be classified as likely pathogenic for autosomal dominant RASopathy based on the ACMG/AMP criteria applied, as specified by the ClinGen RASopathy VCEP: PS2, PS3_Moderate, PS4_Supporting, PM2_Supporting, PP3.",LZTR1,P/LP,True
209089,SCV006059792.1,PS4_Supporting,PS4,APPLIED,5,"In summary, this variant meets the criteria to be classified as likely pathogenic for autosomal dominant RASopathy based on the ACMG/AMP criteria applied, as specified by the ClinGen RASopathy VCEP: PS2, PS3_Moderate, PS4_Supporting, PM2_Supporting, PP3.",LZTR1,P/LP,True
209089,SCV006059792.1,PM2_Supporting,PM2,APPLIED,5,"In summary, this variant meets the criteria to be classified as likely pathogenic for autosomal dominant RASopathy based on the ACMG/AMP criteria applied, as specified by the ClinGen RASopathy VCEP: PS2, PS3_Moderate, PS4_Supporting, PM2_Supporting, PP3.",LZTR1,P/LP,True
209089,SCV006059792.1,PP3,PP3,APPLIED,5,"In summary, this variant meets the criteria to be classified as likely pathogenic for autosomal dominant RASopathy based on the ACMG/AMP criteria applied, as specified by the ClinGen RASopathy VCEP: PS2, PS3_Moderate, PS4_Supporting, PM2_Supporting, PP3.",LZTR1,P/LP,True
209092,SCV005367846.1,PS4_Moderate,PS4,APPLIED_BARE,1,It has been identified in at least 3 probands with clinical features of a RASopathy (PS4_Moderate;,,,False
209092,SCV005367846.1,PS2,PS2,APPLIED_BARE,2,"Two of these cases were reported as de novo occurrences, one with maternity and paternity confirmation and the other without (PS2, PM6;",,,False
209092,SCV005367846.1,PM6,PM6,APPLIED_BARE,2,"Two of these cases were reported as de novo occurrences, one with maternity and paternity confirmation and the other without (PS2, PM6;",,,False
209092,SCV005367846.1,PP3,PP3,APPLIED_BARE,1,"The computational predictor REVEL gives a score of 0.802, which is above the threshold of 0.7, evidence that correlates with impact to SOS2 function (PP3).",,,False
209092,SCV005367846.1,PS2,PS2,APPLIED,4,"RASopathy-specific ACMG/AMP criteria applied: PS2, PS4_Moderate, PM2_Supporting, PP3 (Version 2.1;",,,False
209092,SCV005367846.1,PS4_Moderate,PS4,APPLIED,4,"RASopathy-specific ACMG/AMP criteria applied: PS2, PS4_Moderate, PM2_Supporting, PP3 (Version 2.1;",,,False
209092,SCV005367846.1,PM2_Supporting,PM2,APPLIED,4,"RASopathy-specific ACMG/AMP criteria applied: PS2, PS4_Moderate, PM2_Supporting, PP3 (Version 2.1;",,,False
209092,SCV005367846.1,PP3,PP3,APPLIED,4,"RASopathy-specific ACMG/AMP criteria applied: PS2, PS4_Moderate, PM2_Supporting, PP3 (Version 2.1;",,,False
222076,SCV000616474.4,BS1,BS1,APPLIED_BARE,1,"The filtering allele frequency of the c.36C>T (p.Gly12=) variant in the HRAS gene is 0.0461% (8/8626) of East Asian chromosomes by the Exome Aggregation Consortium, which is a high enough frequency to be classified as likely benign based on thresholds defined by the ClinGen RASopathy Expert Panel (B",,,False
222774,SCV001335315.1,PM2,PM2,APPLIED_BARE,1,The c.779C>T (p.Thr260Ile) variant in RAF1 was absent from large population databases (PM2;,RAF1,VUS,True
222774,SCV001335315.1,PM1,PM1,APPLIED_BARE,1,"It occurs in the CR2 domain of the protein, which has been identified as a region important for protein function (PM1, 29493581).",RAF1,VUS,True
222774,SCV001335315.1,PS3,PS3,APPLIED_BARE,1,In vitro functional assays indicate that this variant may impact protein function (PS3;,RAF1,VUS,True
222774,SCV001335315.1,PP2,PP2,APPLIED_BARE,1,"The variant is located in the RAF1 gene, which has been defined by the ClinGen RASopathy Expert Panel as a gene with a low rate of benign missense variants and pathogenic variants are common (PP2;",RAF1,VUS,True
222774,SCV001335315.1,PS3,PS3,APPLIED,4,"RASopathy-specific ACMG/AMP criteria applied: PS3, PM1, PM2, PP2.",RAF1,VUS,True
222774,SCV001335315.1,PM1,PM1,APPLIED,4,"RASopathy-specific ACMG/AMP criteria applied: PS3, PM1, PM2, PP2.",RAF1,VUS,True
222774,SCV001335315.1,PM2,PM2,APPLIED,4,"RASopathy-specific ACMG/AMP criteria applied: PS3, PM1, PM2, PP2.",RAF1,VUS,True
222774,SCV001335315.1,PP2,PP2,APPLIED,4,"RASopathy-specific ACMG/AMP criteria applied: PS3, PM1, PM2, PP2.",RAF1,VUS,True
222971,SCV005367864.1,PM2_Supporting,PM2,APPLIED_BARE,1,This variant is absent from gnomAD v2.1.1 (PM2_Supporting).,NRAS,P/LP,True
222971,SCV005367864.1,PP3,PP3,APPLIED_BARE,1,"The computational predictor REVEL gives a score of 0.863, which is above the threshold of 0.7, evidence that correlates with impact to NRAS function (PP3).",NRAS,P/LP,True
222971,SCV005367864.1,PS4_Moderate,PS4,APPLIED_BARE,1,This variant has been reported in 4 probands with features of RASopathy (PS4_Moderate;,NRAS,P/LP,True
222971,SCV005367864.1,PM6_Strong,PM6,APPLIED_BARE,1,This variant has been identified as a de novo occurrence with unconfirmed parental relationships in 2 individuals with features of RASopathy (PM6_Strong;,NRAS,P/LP,True
222971,SCV005367864.1,PS3_Supporting,PS3,APPLIED_BARE,1,The phenotype was completely rescued by MEK inhibition (PMID:21263000)(PS3_Supporting).,NRAS,P/LP,True
222971,SCV005367864.1,PM6_Strong,PM6,APPLIED,5,"In summary, this variant meets the criteria to be classified as likely pathogenic for autosomal dominant RASopathy based on the ACMG/AMP criteria applied, as specified by the ClinGen RASopathy VCEP: PM6_Strong, PS4_Moderate, PS3_Supporting, PM2_Supporting, PP3.",NRAS,P/LP,True
222971,SCV005367864.1,PS4_Moderate,PS4,APPLIED,5,"In summary, this variant meets the criteria to be classified as likely pathogenic for autosomal dominant RASopathy based on the ACMG/AMP criteria applied, as specified by the ClinGen RASopathy VCEP: PM6_Strong, PS4_Moderate, PS3_Supporting, PM2_Supporting, PP3.",NRAS,P/LP,True
222971,SCV005367864.1,PS3_Supporting,PS3,APPLIED,5,"In summary, this variant meets the criteria to be classified as likely pathogenic for autosomal dominant RASopathy based on the ACMG/AMP criteria applied, as specified by the ClinGen RASopathy VCEP: PM6_Strong, PS4_Moderate, PS3_Supporting, PM2_Supporting, PP3.",NRAS,P/LP,True
222971,SCV005367864.1,PM2_Supporting,PM2,APPLIED,5,"In summary, this variant meets the criteria to be classified as likely pathogenic for autosomal dominant RASopathy based on the ACMG/AMP criteria applied, as specified by the ClinGen RASopathy VCEP: PM6_Strong, PS4_Moderate, PS3_Supporting, PM2_Supporting, PP3.",NRAS,P/LP,True
222971,SCV005367864.1,PP3,PP3,APPLIED,5,"In summary, this variant meets the criteria to be classified as likely pathogenic for autosomal dominant RASopathy based on the ACMG/AMP criteria applied, as specified by the ClinGen RASopathy VCEP: PM6_Strong, PS4_Moderate, PS3_Supporting, PM2_Supporting, PP3.",NRAS,P/LP,True
228273,SCV001335321.1,PM2,PM2,APPLIED_BARE,1,The c.364A>G (p.Asn122Asp) variant in MAP2K1 was absent from gnomAD (PM2).,MAP2K1,P/LP,True
228273,SCV001335321.1,PS4_Supporting,PS4,APPLIED_BARE,1,"Of these patients, 2 received a clinical diagnosis of either Noonan syndrome or cardiofaciocutaneous syndrome (PS4_Supporting).",MAP2K1,P/LP,True
228273,SCV001335321.1,PP2,PP2,APPLIED_BARE,1,"The c.364A>G (p.Asm122Asp) variant is located in MAP2K1, which has been defined by the ClinGen RASopathy Expert Panel as a gene with a low rate of benign missense variants and pathogenic missense variants are common (PP2;",MAP2K1,P/LP,True
228273,SCV001335321.1,PS4_Supporting,PS4,APPLIED,3,"In summary, this variant meets criteria to be classified as pathogenic for autosomal dominant RASopathy based on RASopathy-specific ACMG/AMP criteria (PMID:29493581): PS2_VS, PS4_Supporting, PM2, PP2.",MAP2K1,P/LP,True
228273,SCV001335321.1,PM2,PM2,APPLIED,3,"In summary, this variant meets criteria to be classified as pathogenic for autosomal dominant RASopathy based on RASopathy-specific ACMG/AMP criteria (PMID:29493581): PS2_VS, PS4_Supporting, PM2, PP2.",MAP2K1,P/LP,True
228273,SCV001335321.1,PP2,PP2,APPLIED,3,"In summary, this variant meets criteria to be classified as pathogenic for autosomal dominant RASopathy based on RASopathy-specific ACMG/AMP criteria (PMID:29493581): PS2_VS, PS4_Supporting, PM2, PP2.",MAP2K1,P/LP,True
229175,SCV001192867.1,BS1,BS1,APPLIED,1,This meets the cut off set by the ClinGen RASopathy Variant Curation Expert Panel to apply BS1.,,,False
229175,SCV001192867.1,BP5,BP5,APPLIED_BARE,1,This variant was observed in an individual with an alternate molecular basis for disease (BP5;,,,False
229175,SCV001192867.1,BP4,BP4,NOT_MET,1,Computational prediction tools and conservation analysis suggest that the p.Ala42Ile variant does not impact the protein (BP4).,,,False
229175,SCV001192867.1,BS1,BS1,APPLIED,3,"RASopathy-specific ACMG/AMP criteria applied (PMID:29493581): BS1, BP5, BP4.",,,False
229175,SCV001192867.1,BP5,BP5,APPLIED,3,"RASopathy-specific ACMG/AMP criteria applied (PMID:29493581): BS1, BP5, BP4.",,,False
229175,SCV001192867.1,BP4,BP4,APPLIED,3,"RASopathy-specific ACMG/AMP criteria applied (PMID:29493581): BS1, BP5, BP4.",,,False
240197,SCV001424750.1,BS1,BS1,APPLIED_BARE,1,The c.3322G>A (p.Asp1108Asn) variant in SOS1 was present in 0.039% (10/13658 with 95% CI) of Latino alleles in gnomAD v3 (BS1).,SOS1,B/LB,True
240197,SCV001424750.1,BP5,BP5,APPLIED_BARE,1,This variant has been identified in a patient with Noonan syndrome who had an alternate molecular basis for disease (BP5;,SOS1,B/LB,True
240197,SCV001424750.1,BP5,BP5,UNCLEAR,1,It was also identified in a homozygous state in an individual who also carried a variant in TRMT1 (BP5 not met;,SOS1,B/LB,True
240197,SCV001424750.1,BS1,BS1,APPLIED,2,"RASopathy-specific ACMG/AMP criteria applied (PMID:29493581): BS1, BP5.",SOS1,B/LB,True
240197,SCV001424750.1,BP5,BP5,APPLIED,2,"RASopathy-specific ACMG/AMP criteria applied (PMID:29493581): BS1, BP5.",SOS1,B/LB,True
254648,SCV005367861.1,PM2_Supporting,PM2,APPLIED_BARE,1,This variant is absent from gnomAD v4 (PM2_Supporting).,,,False
254648,SCV005367861.1,PP2,PP2,APPLIED_BARE,1,"PPP1CB, in which the variant was identified, is defined by the ClinGen RASopathy VCEP as a gene that has a low rate of benign missense variation and where pathogenic missense variants are a common mechanism of disease (PP2).",,,False
254648,SCV005367861.1,PS4,PS4,APPLIED_BARE,1,This variant has been reported in 13 probands with features of RASopathy (PS4;,,,False
254648,SCV005367861.1,PS2_Verystrong,PS2,APPLIED_BARE,1,This variant has been identified as a de novo occurrence with confirmed parental relationships in 9 individuals and as a de novo occurrence with unconfirmed parental relationships in 2 individuals with features of RASopathy (PS2_VeryStrong;,,,False
254648,SCV005367861.1,PS4,PS4,APPLIED,2,"In summary, this variant meets the criteria to be classified as pathogenic for autosomal dominant RASopathy based on the ACMG/AMP criteria applied, as specified by the ClinGen RASopathy VCEP: PS2_VS, PS4, PM2_P, PP2.",,,False
254648,SCV005367861.1,PP2,PP2,APPLIED,2,"In summary, this variant meets the criteria to be classified as pathogenic for autosomal dominant RASopathy based on the ACMG/AMP criteria applied, as specified by the ClinGen RASopathy VCEP: PS2_VS, PS4, PM2_P, PP2.",,,False
254651,SCV005903442.1,PM2_Supporting,PM2,APPLIED_BARE,1,This variant is absent from gnomAD v2 (PM2_Supporting).,,,False
254651,SCV005903442.1,PP2,PP2,APPLIED_BARE,1,The missense Z-score is 4.33 which is above the threshold set by the Rasopathy VCEP (PP2).,,,False
254651,SCV005903442.1,PS4_Supporting,PS4,APPLIED_BARE,1,This variant was observed in a proband with a phenotype consistent with RASopathy (PS4_Supporting;,,,False
254651,SCV005903442.1,PS2,PS2,APPLIED_BARE,1,This variant has also been identified as a de novo occurrence with confirmed parental relationships in 1 individual with features of RASopathy (PS2;,,,False
254651,SCV005903442.1,PM5,PM5,APPLIED_BARE,1,"The variant occurs at the same amino acid residue as the PPP1CB c.548A>C (p.Glu183Ala) variant, which has been classified as pathogenic by the ClinGen RASOpathy VCEP (PM5).",,,False
254651,SCV005903442.1,PM5,PM5,APPLIED_BARE,1,"however, the RASopathy VCEP has upgraded this classification to pathogenic based on ClinGen policy due to the strength of evidence for the PM5 code.",,,False
254651,SCV005903442.1,PS2,PS2,APPLIED,5,"In summary, this variant currently meets the criteria to be classified as pathogenic for autosomal dominant RASopathy based on the ACMG/AMP criteria applied, as specified by the ClinGen RASopathy VCEP: PS2, PM5, PP2, PS4_Supporting, PM2_Supporting.",,,False
254651,SCV005903442.1,PM5,PM5,APPLIED,5,"In summary, this variant currently meets the criteria to be classified as pathogenic for autosomal dominant RASopathy based on the ACMG/AMP criteria applied, as specified by the ClinGen RASopathy VCEP: PS2, PM5, PP2, PS4_Supporting, PM2_Supporting.",,,False
254651,SCV005903442.1,PP2,PP2,APPLIED,5,"In summary, this variant currently meets the criteria to be classified as pathogenic for autosomal dominant RASopathy based on the ACMG/AMP criteria applied, as specified by the ClinGen RASopathy VCEP: PS2, PM5, PP2, PS4_Supporting, PM2_Supporting.",,,False
254651,SCV005903442.1,PS4_Supporting,PS4,APPLIED,5,"In summary, this variant currently meets the criteria to be classified as pathogenic for autosomal dominant RASopathy based on the ACMG/AMP criteria applied, as specified by the ClinGen RASopathy VCEP: PS2, PM5, PP2, PS4_Supporting, PM2_Supporting.",,,False
254651,SCV005903442.1,PM2_Supporting,PM2,APPLIED,5,"In summary, this variant currently meets the criteria to be classified as pathogenic for autosomal dominant RASopathy based on the ACMG/AMP criteria applied, as specified by the ClinGen RASopathy VCEP: PS2, PM5, PP2, PS4_Supporting, PM2_Supporting.",,,False
254652,SCV005903443.1,PM2_Supporting,PM2,APPLIED_BARE,1,This variant is absent from gnomAD v2 (PM2_Supporting).,,,False
254652,SCV005903443.1,PP3,PP3,APPLIED_BARE,1,The missense Z-score is 4.33 which is above the threshold set by the Rasopathy VCEP (PP3).,,,False
254652,SCV005903443.1,BP4,BP4,NOT_MET,1,"The computational predictor REVEL gives a score of 0.283, which is below the threshold of 0.3, does not predict a damaging effect on PPP1CB function (BP4).",,,False
254652,SCV005903443.1,PS4_Supporting,PS4,APPLIED_BARE,1,This variant was observed in a proband with a phenotype consistent with RASopathy (PS4_Supporting;,,,False
254652,SCV005903443.1,PS2_Verystrong,PS2,APPLIED_BARE,1,This variant has also been identified as a de novo occurrence with confirmed parental relationships in 2 individuals with features of RASopathy (PS2_VeryStrong;,,,False
254652,SCV005903443.1,PS2_Verystrong,PS2,APPLIED,5,"In summary, this variant currently meets the criteria to be classified as pathogenic for autosomal dominant RASopathy based on the ACMG/AMP criteria applied, as specified by the ClinGen RASopathy VCEP: PS2_VeryStrong, PS4_Supporting, PM2_Supporting, PP2, BP4.",,,False
254652,SCV005903443.1,PS4_Supporting,PS4,APPLIED,5,"In summary, this variant currently meets the criteria to be classified as pathogenic for autosomal dominant RASopathy based on the ACMG/AMP criteria applied, as specified by the ClinGen RASopathy VCEP: PS2_VeryStrong, PS4_Supporting, PM2_Supporting, PP2, BP4.",,,False
254652,SCV005903443.1,PM2_Supporting,PM2,APPLIED,5,"In summary, this variant currently meets the criteria to be classified as pathogenic for autosomal dominant RASopathy based on the ACMG/AMP criteria applied, as specified by the ClinGen RASopathy VCEP: PS2_VeryStrong, PS4_Supporting, PM2_Supporting, PP2, BP4.",,,False
254652,SCV005903443.1,PP2,PP2,APPLIED,5,"In summary, this variant currently meets the criteria to be classified as pathogenic for autosomal dominant RASopathy based on the ACMG/AMP criteria applied, as specified by the ClinGen RASopathy VCEP: PS2_VeryStrong, PS4_Supporting, PM2_Supporting, PP2, BP4.",,,False
254652,SCV005903443.1,BP4,BP4,APPLIED,5,"In summary, this variant currently meets the criteria to be classified as pathogenic for autosomal dominant RASopathy based on the ACMG/AMP criteria applied, as specified by the ClinGen RASopathy VCEP: PS2_VeryStrong, PS4_Supporting, PM2_Supporting, PP2, BP4.",,,False
254653,SCV005903441.1,PM2_Supporting,PM2,APPLIED_BARE,1,This variant is absent from gnomAD v2 (PM2_Supporting).,,,False
254653,SCV005903441.1,PP2,PP2,APPLIED_BARE,1,The missense Z-score is 4.33 which is above the threshold set by the Rasopathy VCEP (PP2).,,,False
254653,SCV005903441.1,PS4_Supporting,PS4,APPLIED_BARE,1,This variant was observed in 2 probands with phenotypes consistent with RASopathy (PS4_Supporting;,,,False
254653,SCV005903441.1,PS2,PS2,APPLIED_BARE,1,This variant has also been identified as a de novo occurrence with confirmed parental relationships in 1 individual with features of RASopathy (PS2;,,,False
254653,SCV005903441.1,PS2,PS2,APPLIED,4,"In summary, this variant currently meets the criteria to be classified as likely pathogenic for autosomal dominant RASopathy based on the ACMG/AMP criteria applied, as specified by the ClinGen RASopathy VCEP: PS2, PP2, PS4_Supporting, PM2_Supporting.",,,False
254653,SCV005903441.1,PP2,PP2,APPLIED,4,"In summary, this variant currently meets the criteria to be classified as likely pathogenic for autosomal dominant RASopathy based on the ACMG/AMP criteria applied, as specified by the ClinGen RASopathy VCEP: PS2, PP2, PS4_Supporting, PM2_Supporting.",,,False
254653,SCV005903441.1,PS4_Supporting,PS4,APPLIED,4,"In summary, this variant currently meets the criteria to be classified as likely pathogenic for autosomal dominant RASopathy based on the ACMG/AMP criteria applied, as specified by the ClinGen RASopathy VCEP: PS2, PP2, PS4_Supporting, PM2_Supporting.",,,False
254653,SCV005903441.1,PM2_Supporting,PM2,APPLIED,4,"In summary, this variant currently meets the criteria to be classified as likely pathogenic for autosomal dominant RASopathy based on the ACMG/AMP criteria applied, as specified by the ClinGen RASopathy VCEP: PS2, PP2, PS4_Supporting, PM2_Supporting.",,,False
259747,SCV000616470.4,BA1,BA1,APPLIED_BARE,1,"The filtering allele frequency of the c.369C>T (p.Arg123=) variant in the HRAS gene is 0.089% (13/8638) of East Asian chromosomes by the Exome Aggregation Consortium, which is a high enough frequency to be classified as benign based on thresholds defined by the ClinGen RASopathy Expert Panel (BA1;",,,False
261928,SCV000616564.4,BA1,BA1,APPLIED_BARE,1,"The filtering allele frequency of the c.1074G>A (p.Ala358=) variant in the MAP2K2 gene is 0.174% (10/3124) of African chromosomes by the Exome Aggregation Consortium, which is a high enough frequency to be classified as benign based on thresholds defined by the ClinGen RASopathy Expert Panel (BA1;",,,False
279960,SCV001192882.1,BP5,BP5,APPLIED_BARE,1,This variant has been identified in a patient with an alternate molecular basis for disease (BP5;,MAP2K2,VUS,True
279960,SCV001192882.1,BP5,BP5,APPLIED,1,RASopathy-specific ACMG/AMP criteria applied (PMID:29493581): BP5.,MAP2K2,VUS,True
280033,SCV001335327.1,PM2,PM2,APPLIED_BARE,1,The c.1796C>G (p.Thr599Arg) variant in BRAF was absent from large population studies (PM2;,BRAF,P/LP,True
280033,SCV001335327.1,PS4_Moderate,PS4,APPLIED_BARE,1,It was observed in 3 probands diagnosed with cardiofaciocutaneous syndrome (PS4_Moderate;,BRAF,P/LP,True
280033,SCV001335327.1,PM1,PM1,APPLIED_BARE,1,"The variant occurs in the CR3 activation domain of BRAF, which has been defined by the ClinGen RASopathy Expert Panel as a region important for protein function (PM1;",BRAF,P/LP,True
280033,SCV001335327.1,PS3,PS3,APPLIED_BARE,1,In vitro functional studies provide some evidence that the p.Thr599Arg variant may impact protein function (PS3;,BRAF,P/LP,True
280033,SCV001335327.1,PP2,PP2,APPLIED_BARE,1,"Additionally, the variant is located in BRAF, which has been defined by the ClinGen RASopathy Expert Panel as a gene with a low rate of benign missense variants and pathogenic missense variants are common (PP2;",BRAF,P/LP,True
280033,SCV001335327.1,PS2_Verystrong,PS2,APPLIED,6,"Rasopathy-specific ACMG/AMP criteria applied (PMID:29493581): PS2_VeryStrong, PS3, PS4_Moderate, PM1, PM2, PP2.",BRAF,P/LP,True
280033,SCV001335327.1,PS3,PS3,APPLIED,6,"Rasopathy-specific ACMG/AMP criteria applied (PMID:29493581): PS2_VeryStrong, PS3, PS4_Moderate, PM1, PM2, PP2.",BRAF,P/LP,True
280033,SCV001335327.1,PS4_Moderate,PS4,APPLIED,6,"Rasopathy-specific ACMG/AMP criteria applied (PMID:29493581): PS2_VeryStrong, PS3, PS4_Moderate, PM1, PM2, PP2.",BRAF,P/LP,True
280033,SCV001335327.1,PM1,PM1,APPLIED,6,"Rasopathy-specific ACMG/AMP criteria applied (PMID:29493581): PS2_VeryStrong, PS3, PS4_Moderate, PM1, PM2, PP2.",BRAF,P/LP,True
280033,SCV001335327.1,PM2,PM2,APPLIED,6,"Rasopathy-specific ACMG/AMP criteria applied (PMID:29493581): PS2_VeryStrong, PS3, PS4_Moderate, PM1, PM2, PP2.",BRAF,P/LP,True
280033,SCV001335327.1,PP2,PP2,APPLIED,6,"Rasopathy-specific ACMG/AMP criteria applied (PMID:29493581): PS2_VeryStrong, PS3, PS4_Moderate, PM1, PM2, PP2.",BRAF,P/LP,True
280446,SCV001424736.2,PM2_Supporting,PM2,APPLIED_BARE,1,This variant is absent from gnomAD v2.1.1 (PM2_supporting).,MAP2K1,P/LP,True
280446,SCV001424736.2,PP3,PP3,APPLIED_BARE,1,"The computational predictor REVEL gives a score of 0.831, which is above the RASopathy VCEP threshold of 0.7, evidence that correlates with impact to MAP2K1 function (PP3).",MAP2K1,P/LP,True
280446,SCV001424736.2,PP2,PP2,APPLIED_BARE,1,"MAP2K1, in which the variant was identified, is defined by the ClinGen RASopathy VCEP as a gene that has a low rate of benign missense variation and where pathogenic missense variants are a common mechanism of disease (PP2).",MAP2K1,P/LP,True
280446,SCV001424736.2,PS4_Supporting,PS4,APPLIED_BARE,1,This variant has been reported in 3 probands with features of RASopathy (PS4_supporting;,MAP2K1,P/LP,True
280446,SCV001424736.2,PS2,PS2,APPLIED_BARE,1,This variant has been identified as a de novo occurrence with confirmed parental relationships in 1 individual and as a de novo occurrence with unconfirmed parental relationships in 1 individual with features of RASopathy (PS2;,MAP2K1,P/LP,True
280446,SCV001424736.2,PM2_Supporting,PM2,APPLIED,5,"In summary, this variant meets the criteria to be classified as likely pathogenic for autosomal dominant RASopathy, based on the ACMG/AMP Criteria applied, as specified by the ClinGen RASopathy VCEP: PM2_supporting, PP3, PP2, PS4_supporting, PS2;",MAP2K1,P/LP,True
280446,SCV001424736.2,PP3,PP3,APPLIED,5,"In summary, this variant meets the criteria to be classified as likely pathogenic for autosomal dominant RASopathy, based on the ACMG/AMP Criteria applied, as specified by the ClinGen RASopathy VCEP: PM2_supporting, PP3, PP2, PS4_supporting, PS2;",MAP2K1,P/LP,True
280446,SCV001424736.2,PP2,PP2,APPLIED,5,"In summary, this variant meets the criteria to be classified as likely pathogenic for autosomal dominant RASopathy, based on the ACMG/AMP Criteria applied, as specified by the ClinGen RASopathy VCEP: PM2_supporting, PP3, PP2, PS4_supporting, PS2;",MAP2K1,P/LP,True
280446,SCV001424736.2,PS4_Supporting,PS4,APPLIED,5,"In summary, this variant meets the criteria to be classified as likely pathogenic for autosomal dominant RASopathy, based on the ACMG/AMP Criteria applied, as specified by the ClinGen RASopathy VCEP: PM2_supporting, PP3, PP2, PS4_supporting, PS2;",MAP2K1,P/LP,True
280446,SCV001424736.2,PS2,PS2,APPLIED,5,"In summary, this variant meets the criteria to be classified as likely pathogenic for autosomal dominant RASopathy, based on the ACMG/AMP Criteria applied, as specified by the ClinGen RASopathy VCEP: PM2_supporting, PP3, PP2, PS4_supporting, PS2;",MAP2K1,P/LP,True
280446,SCV001424736.2,PM2,PM2,APPLIED_BARE,4,The change in classification was due to changes in guidelines (downgrading PM2 to PM2_supporting and combining PS2 & PM6).,MAP2K1,P/LP,True
280446,SCV001424736.2,PM2_Supporting,PM2,APPLIED_BARE,4,The change in classification was due to changes in guidelines (downgrading PM2 to PM2_supporting and combining PS2 & PM6).,MAP2K1,P/LP,True
280446,SCV001424736.2,PS2,PS2,APPLIED_BARE,4,The change in classification was due to changes in guidelines (downgrading PM2 to PM2_supporting and combining PS2 & PM6).,MAP2K1,P/LP,True
280446,SCV001424736.2,PM6,PM6,APPLIED_BARE,4,The change in classification was due to changes in guidelines (downgrading PM2 to PM2_supporting and combining PS2 & PM6).,MAP2K1,P/LP,True
280939,SCV001335320.1,PM2,PM2,APPLIED_BARE,1,The c.782T>G (p.Leu261Arg) variant in PTPN11 was absent from large population studies (PM2;,PTPN11,VUS,True
280939,SCV001335320.1,PS4,PS4,UNCLEAR,1,"however, none were sufficiently phenotyped or received clinical diagnoses of a RASopathy (PS4 not met).",PTPN11,VUS,True
280939,SCV001335320.1,PM1,PM1,APPLIED_BARE,1,This variant occurs in a region defined by the ClinGen RASopathy Expert Panel as a mutational hotspot of PTPN11 (PM1;,PTPN11,VUS,True
280939,SCV001335320.1,PP2,PP2,APPLIED_BARE,1,"Additionally, the Expert Panel has defined PTPN11 as a gene with a low rate of benign missense variants and pathogenic missense variants are common (PP2;",PTPN11,VUS,True
280939,SCV001335320.1,PM1,PM1,APPLIED,3,"In summary, the clinical significance of this variant is uncertain based on RASopathy-specific ACMG/AMP criteria applied (PMID:29493581): PM1, PM2, PP2.",PTPN11,VUS,True
280939,SCV001335320.1,PM2,PM2,APPLIED,3,"In summary, the clinical significance of this variant is uncertain based on RASopathy-specific ACMG/AMP criteria applied (PMID:29493581): PM1, PM2, PP2.",PTPN11,VUS,True
280939,SCV001335320.1,PP2,PP2,APPLIED,3,"In summary, the clinical significance of this variant is uncertain based on RASopathy-specific ACMG/AMP criteria applied (PMID:29493581): PM1, PM2, PP2.",PTPN11,VUS,True
282591,SCV001192878.1,BP4,BP4,NOT_MET,2,"The c.39A>G (p.Glu13Glu) variant in SOS1 is classified as likely benign because it does not alter an amino acid residue, is not located within the splice consensus site, and computational splice prediction tools do not predict an impact on splicing (BP4, BP7).",,,False
282591,SCV001192878.1,BP7,BP7,NOT_MET,2,"The c.39A>G (p.Glu13Glu) variant in SOS1 is classified as likely benign because it does not alter an amino acid residue, is not located within the splice consensus site, and computational splice prediction tools do not predict an impact on splicing (BP4, BP7).",,,False
282591,SCV001192878.1,BS1,BS1,UNCLEAR,1,It has been identified in 0.004165% (5/120058) of non-Finnish European chromosomes in gnomAD (BS1 not met;,,,False
282591,SCV001192878.1,BP4,BP4,APPLIED,2,"ACMG/AMP criteria applied: BP4, BP7.",,,False
282591,SCV001192878.1,BP7,BP7,APPLIED,2,"ACMG/AMP criteria applied: BP4, BP7.",,,False
285438,SCV000616481.4,BA1,BA1,APPLIED_BARE,1,"The filtering allele frequency of the c.1668+4A>G variant in the RAF1 gene is 0.053% (11/11576) of Latino chromosomes by the Exome Aggregation Consortium, which is a high enough frequency to be classified as benign based on thresholds defined by the ClinGen RASopathy Expert Panel (BA1;",,,False
289969,SCV005367692.1,PVS1,PVS1,APPLIED_BARE,1,The NM_006767.4:c.1084C>T (p.Arg362Ter) variant in LZTR1 is a nonsense variant predicted to cause a premature stop codon in biologically relevant exon 10/21 and lead to nonsense mediated decay in a gene in which loss-of-function is an established disease mechanism (PVS1).,,,False
289969,SCV005367692.1,PM3,PM3,APPLIED_BARE,1,"That individual was compound heterozygous for the variant and another loss of function pathogenic variant confirmed in trans by parental testing (c.1149+1G>T) (PM3, PMID:31182298).",,,False
289969,SCV005367692.1,PM3,PM3,APPLIED,2,"In summary, this variant meets the criteria to be classified as pathogenic for autosomal recessive RASopathy based on the ACMG/AMP criteria applied, as specified by the ClinGen RASopathy VCEP: PM3, PVS1.",,,False
289969,SCV005367692.1,PVS1,PVS1,APPLIED,2,"In summary, this variant meets the criteria to be classified as pathogenic for autosomal recessive RASopathy based on the ACMG/AMP criteria applied, as specified by the ClinGen RASopathy VCEP: PM3, PVS1.",,,False
290125,SCV001192871.1,BS1,BS1,UNCLEAR,1,The c.2728G>C (p.Asp910His) variant in SOS1 is present in 0.009806% of South Asian chromosomes in gnomAD (BS1 not met;,SOS1,VUS,True
290125,SCV001192871.1,BS2,BS2,NOT_MET,1,This variant was observed in 4 healthy adult individuals who did not have clinical features of a RASopathy (BS2;,SOS1,VUS,True
290125,SCV001192871.1,BS2,BS2,APPLIED,1,ACMG/AMP Criteria applied: BS2.,SOS1,VUS,True
307226,SCV000616448.4,BA1,BA1,APPLIED_BARE,1,"The filtering allele frequency of the c.951G>A (p.Lys317=) variant in the PTPN11 gene is 0.231% (49/16480) of South Asian chromosomes by the Exome Aggregation Consortium, which is a high enough frequency to be classified as benign based on thresholds defined by the ClinGen RASopathy Expert Panel (BA",,,False
336021,SCV001192881.1,BP4,BP4,NOT_MET,1,Computational prediction tools and conservation analysis suggest that this variant does not impact the protein (BP4).,SOS1,B/LB,True
336021,SCV001192881.1,BP5,BP5,APPLIED_BARE,1,This variant has been identified in 5 probands with an alternate molecular basis for disease (BP5: SCV000430444.2;,SOS1,B/LB,True
336021,SCV001192881.1,BP4,BP4,APPLIED,2,"RASopathy-specific ACMG/AMP criteria applied (PMID:29493581): BP4, BP5.",SOS1,B/LB,True
336021,SCV001192881.1,BP5,BP5,APPLIED,2,"RASopathy-specific ACMG/AMP criteria applied (PMID:29493581): BP4, BP5.",SOS1,B/LB,True
343103,SCV000616490.4,BS1,BS1,APPLIED_BARE,1,"The filtering allele frequency of the c.125C>T (p.Ala42Val) variant in the RAF1 gene is 0.026% (25/66738) of European chromosomes by the Exome Aggregation Consortium, which is a high enough frequency to be classified as likely benign based on thresholds defined by the ClinGen RASopathy Expert Panel ",RAF1,B/LB,True
359048,SCV001335310.1,BS2,BS2,UNCLEAR,2,"however, these cases were not well-phenotyped and therefore do not meet current requirements for BS2 (BS2 not met;",BRAF,VUS,True
359048,SCV001335310.1,BS2,BS2,UNCLEAR,2,"however, these cases were not well-phenotyped and therefore do not meet current requirements for BS2 (BS2 not met;",BRAF,VUS,True
372656,SCV000927030.1,PS4_Supporting,PS4,APPLIED_BARE,1,The c.1654A>T (p.Arg552Trp) variant has been identified in 1 patient with clinical features of a RASopathy (PS4_Supporting;,SOS1,P/LP,True
372656,SCV000927030.1,PM2,PM2,APPLIED_BARE,1,This variant was absent from large population studies (PM2;,SOS1,P/LP,True
372656,SCV000927030.1,PM5_Strong,PM5,UNCLEAR,5,This variant would have received PM5_Strong but the RAS EP decided that PM1 and PM5 cannot be used simultaneously and therefore the PM1 rule has been upgraded with expert judgement (PM1_Strong).,SOS1,P/LP,True
372656,SCV000927030.1,PM1,PM1,UNCLEAR,5,This variant would have received PM5_Strong but the RAS EP decided that PM1 and PM5 cannot be used simultaneously and therefore the PM1 rule has been upgraded with expert judgement (PM1_Strong).,SOS1,P/LP,True
372656,SCV000927030.1,PM5,PM5,UNCLEAR,5,This variant would have received PM5_Strong but the RAS EP decided that PM1 and PM5 cannot be used simultaneously and therefore the PM1 rule has been upgraded with expert judgement (PM1_Strong).,SOS1,P/LP,True
372656,SCV000927030.1,PM1,PM1,UNCLEAR,5,This variant would have received PM5_Strong but the RAS EP decided that PM1 and PM5 cannot be used simultaneously and therefore the PM1 rule has been upgraded with expert judgement (PM1_Strong).,SOS1,P/LP,True
372656,SCV000927030.1,PM1_Strong,PM1,UNCLEAR,5,This variant would have received PM5_Strong but the RAS EP decided that PM1 and PM5 cannot be used simultaneously and therefore the PM1 rule has been upgraded with expert judgement (PM1_Strong).,SOS1,P/LP,True
372656,SCV000927030.1,PP3,PP3,APPLIED_BARE,1,Computational prediction tools and conservation analysis suggest that the p.Arg552Trp variant may impact the protein (PP3).,SOS1,P/LP,True
372656,SCV000927030.1,PP2,PP2,APPLIED_BARE,1,"The variant is located in the SOS1 gene, which has been defined by the ClinGen RASopathy Expert Panel as a gene with a low rate of benign missense variants and pathogenic missense variants are common (PP2;",SOS1,P/LP,True
372656,SCV000927030.1,PS4_Supporting,PS4,APPLIED,5,"Rasopathy-specific ACMG/AMP criteria applied (PMID:29493581): PS4_Supporting, PM2, PM1_Strong, PP2, PP3.",SOS1,P/LP,True
372656,SCV000927030.1,PM2,PM2,APPLIED,5,"Rasopathy-specific ACMG/AMP criteria applied (PMID:29493581): PS4_Supporting, PM2, PM1_Strong, PP2, PP3.",SOS1,P/LP,True
372656,SCV000927030.1,PM1_Strong,PM1,APPLIED,5,"Rasopathy-specific ACMG/AMP criteria applied (PMID:29493581): PS4_Supporting, PM2, PM1_Strong, PP2, PP3.",SOS1,P/LP,True
372656,SCV000927030.1,PP2,PP2,APPLIED,5,"Rasopathy-specific ACMG/AMP criteria applied (PMID:29493581): PS4_Supporting, PM2, PM1_Strong, PP2, PP3.",SOS1,P/LP,True
372656,SCV000927030.1,PP3,PP3,APPLIED,5,"Rasopathy-specific ACMG/AMP criteria applied (PMID:29493581): PS4_Supporting, PM2, PM1_Strong, PP2, PP3.",SOS1,P/LP,True
372684,SCV006059790.1,PVS1,PVS1,APPLIED_BARE,1,The c.27dup (p.Gln10fs) variant in LZTR1 is a frameshift variant predicted to cause a premature stop codon 24 amino acids downstream in biologically-relevant-exon 1 (of 21) and is predicted to lead to nonsense mediated decay in a gene in which loss-of-function is an established disease mechanism (PV,,,False
372684,SCV006059790.1,PM2_Supporting,PM2,UNCLEAR,3,"The highest population minor allele frequency in gnomAD v2.1.1 is 0.0001139 (4/13466 alleles) in the East Asian population (PM2_Supporting, BS1, and BA1 are not met).",,,False
372684,SCV006059790.1,BS1,BS1,UNCLEAR,3,"The highest population minor allele frequency in gnomAD v2.1.1 is 0.0001139 (4/13466 alleles) in the East Asian population (PM2_Supporting, BS1, and BA1 are not met).",,,False
372684,SCV006059790.1,BA1,BA1,UNCLEAR,3,"The highest population minor allele frequency in gnomAD v2.1.1 is 0.0001139 (4/13466 alleles) in the East Asian population (PM2_Supporting, BS1, and BA1 are not met).",,,False
372684,SCV006059790.1,PM3,PM3,APPLIED_BARE,2,"They were compound heterozygous for the variant and a pathogenic or likely pathogenic variant and which was confirmed in trans by family testing (c.1943-256C>T (p.T648fs*36), 1 PM3 point, PMID: 32623905) (PM3).",,,False
372684,SCV006059790.1,PM3,PM3,APPLIED_BARE,2,"They were compound heterozygous for the variant and a pathogenic or likely pathogenic variant and which was confirmed in trans by family testing (c.1943-256C>T (p.T648fs*36), 1 PM3 point, PMID: 32623905) (PM3).",,,False
372684,SCV006059790.1,PS3_Supporting,PS3,APPLIED_BARE,1,ERK activation assay in patient-specific cardiomyocytes showed significantly increased levels of phosphorylated ERK supporting the abnormal impact due to loss of LZTR1 function (PMID:32623905)(PS3_Supporting).,,,False
372684,SCV006059790.1,PVS1,PVS1,APPLIED,3,"In summary, this variant meets the criteria to be classified as pathogenic for autosomal recessive RASopathy based on the ACMG/AMP criteria applied, as specified by the ClinGen RASopathy VCEP: PVS1, PM3, PS3_Supporting.",,,False
372684,SCV006059790.1,PM3,PM3,APPLIED,3,"In summary, this variant meets the criteria to be classified as pathogenic for autosomal recessive RASopathy based on the ACMG/AMP criteria applied, as specified by the ClinGen RASopathy VCEP: PVS1, PM3, PS3_Supporting.",,,False
372684,SCV006059790.1,PS3_Supporting,PS3,APPLIED,3,"In summary, this variant meets the criteria to be classified as pathogenic for autosomal recessive RASopathy based on the ACMG/AMP criteria applied, as specified by the ClinGen RASopathy VCEP: PVS1, PM3, PS3_Supporting.",,,False
373089,SCV005367694.2,PM2_Supporting,PM2,UNCLEAR,3,"The highest population minor allele frequency in gnomAD v2.1.1 is 0.00003850 (1/25972 alleles) in the Ashkenazi Jewish population (PM2_Supporting, BS1, and BA1 are not met).",LZTR1,P/LP,True
373089,SCV005367694.2,BS1,BS1,UNCLEAR,3,"The highest population minor allele frequency in gnomAD v2.1.1 is 0.00003850 (1/25972 alleles) in the Ashkenazi Jewish population (PM2_Supporting, BS1, and BA1 are not met).",LZTR1,P/LP,True
373089,SCV005367694.2,BA1,BA1,UNCLEAR,3,"The highest population minor allele frequency in gnomAD v2.1.1 is 0.00003850 (1/25972 alleles) in the Ashkenazi Jewish population (PM2_Supporting, BS1, and BA1 are not met).",LZTR1,P/LP,True
373089,SCV005367694.2,PS4,PS4,APPLIED_BARE,1,This variant has been reported in 7 with features of RASopathy that are included in this curation (PS4;,LZTR1,P/LP,True
373089,SCV005367694.2,PS2_Verystrong,PS2,APPLIED_BARE,1,"This variant has been identified as de novo with confirmed parental relationships in 2 probands included in this curation (PS2_VeryStrong, > 4.0 pts.;",LZTR1,P/LP,True
373089,SCV005367694.2,PS4,PS4,APPLIED,2,"More cases are available, but the thresholds to apply PS4 and PS2 at the strongest levels have already been met.",LZTR1,P/LP,True
373089,SCV005367694.2,PS2,PS2,APPLIED,2,"More cases are available, but the thresholds to apply PS4 and PS2 at the strongest levels have already been met.",LZTR1,P/LP,True
373089,SCV005367694.2,PS3,PS3,UNCLEAR,1,"However, PS3 was not applied as it is not currently in the guidelines for LZTR1 variants.",LZTR1,P/LP,True
373089,SCV005367694.2,PS4,PS4,APPLIED,2,"In summary, this variant meets the criteria to be classified as pathogenic for autosomal dominant RASopathy based on the ACMG/AMP criteria applied, as specified by the ClinGen RASopathy VCEP: PS4, PS2_VeryStrong (RASopathy VCEP specifications version 1.3.0;",LZTR1,P/LP,True
373089,SCV005367694.2,PS2_Verystrong,PS2,APPLIED,2,"In summary, this variant meets the criteria to be classified as pathogenic for autosomal dominant RASopathy based on the ACMG/AMP criteria applied, as specified by the ClinGen RASopathy VCEP: PS4, PS2_VeryStrong (RASopathy VCEP specifications version 1.3.0;",LZTR1,P/LP,True
375946,SCV001424741.1,PM2,PM2,APPLIED_BARE,1,The c.1781A>T (p.Asp594Val) variant in BRAF was absent from large population studies (PM2;,BRAF,P/LP,True
375946,SCV001424741.1,PS4_Moderate,PS4,APPLIED_BARE,1,The variant has been reported in 3 probands with clinical features of a RASopathy (PS4_Moderate;,BRAF,P/LP,True
375946,SCV001424741.1,PS2,PS2,APPLIED_BARE,1,"In one proband, the variant was reported as de novo with confirmed parentage (PS2).",BRAF,P/LP,True
375946,SCV001424741.1,PM1,PM1,APPLIED_BARE,1,"The c.1781A>T (p.Asp594Val) variant is located in the CR3 activation segment of BRAF, which has been defined by the ClinGen RASopathy Expert Panel as a region important for protein function (PM1;",BRAF,P/LP,True
375946,SCV001424741.1,PP3,PP3,APPLIED_BARE,1,Computational prediction tools and conservation analysis suggest that the variant may impact protein function (PP3).,BRAF,P/LP,True
375946,SCV001424741.1,PP2,PP2,APPLIED_BARE,1,"Finally, c.1781A>T (p.Asp594Val) is located in the BRAF gene, which has been defined by the ClinGen RASopathy Expert Panel as a gene with a low rate of benign missense variants and pathogenic missense variants are common (PP2;",BRAF,P/LP,True
375946,SCV001424741.1,PS2,PS2,APPLIED,6,"RASopathy-specific ACMG/AMP criteria applied (PMID:29493581): PS2, PS4_Moderate, PM1, PM2, PP2, PP3, |",BRAF,P/LP,True
375946,SCV001424741.1,PS4_Moderate,PS4,APPLIED,6,"RASopathy-specific ACMG/AMP criteria applied (PMID:29493581): PS2, PS4_Moderate, PM1, PM2, PP2, PP3, |",BRAF,P/LP,True
375946,SCV001424741.1,PM1,PM1,APPLIED,6,"RASopathy-specific ACMG/AMP criteria applied (PMID:29493581): PS2, PS4_Moderate, PM1, PM2, PP2, PP3, |",BRAF,P/LP,True
375946,SCV001424741.1,PM2,PM2,APPLIED,6,"RASopathy-specific ACMG/AMP criteria applied (PMID:29493581): PS2, PS4_Moderate, PM1, PM2, PP2, PP3, |",BRAF,P/LP,True
375946,SCV001424741.1,PP2,PP2,APPLIED,6,"RASopathy-specific ACMG/AMP criteria applied (PMID:29493581): PS2, PS4_Moderate, PM1, PM2, PP2, PP3, |",BRAF,P/LP,True
375946,SCV001424741.1,PP3,PP3,APPLIED,6,"RASopathy-specific ACMG/AMP criteria applied (PMID:29493581): PS2, PS4_Moderate, PM1, PM2, PP2, PP3, |",BRAF,P/LP,True
375981,SCV001424740.2,PM2_Supporting,PM2,APPLIED_BARE,1,This variant was absent from gnomAD v2.1.1 (PM2_Supporting).,MAP2K1,P/LP,True
375981,SCV001424740.2,PP3,PP3,APPLIED_BARE,1,"The computational prediction tool REVEL gives a score of 0.855, suggesting that this variant may impact the protein (PP3).",MAP2K1,P/LP,True
375981,SCV001424740.2,PP2,PP2,APPLIED_BARE,1,"The p.Pro124Ser variant is located in the MAP2K1 gene, which has been defined by the ClinGen RASopathy Expert Panel as a gene with a low rate of benign missense variants and pathogenic missense variants are common (PP2).",MAP2K1,P/LP,True
375981,SCV001424740.2,PM1,PM1,APPLIED_BARE,1,"The variant is in a location that has been defined by the ClinGen RASopathy Expert Panel to be a critical domain of MAP2K1 (AA 124-134, PM1).",MAP2K1,P/LP,True
375981,SCV001424740.2,PM5,PM5,APPLIED_BARE,1,"Furthermore, 4 different (likely) pathogenic variants at this residue (Pro124Leu, Pro124Arg, Pro124Ala, Pro124Gln) have been identified in several patients with RASopathies (PM5).",MAP2K1,P/LP,True
375981,SCV001424740.2,PS2_Verystrong,PS2,APPLIED_BARE,2,"This variant has been observed in at least 7 probands with a RASopathy, of which 3 were reported as a de novo occurrence with confirmed parental relationships and 1 was assumed to be de novo (PS2_VeryStrong, PS4_Moderate;",MAP2K1,P/LP,True
375981,SCV001424740.2,PS4_Moderate,PS4,APPLIED_BARE,2,"This variant has been observed in at least 7 probands with a RASopathy, of which 3 were reported as a de novo occurrence with confirmed parental relationships and 1 was assumed to be de novo (PS2_VeryStrong, PS4_Moderate;",MAP2K1,P/LP,True
375981,SCV001424740.2,PS3_Supporting,PS3,APPLIED_BARE,1,In vitro functional studies showed that the p.Pro124Ser variant led to ERK1/2 phosphorylation indicating that the mutant was constitutively active (PS3_Supporting;,MAP2K1,P/LP,True
375981,SCV001424740.2,PS2_Verystrong,PS2,APPLIED,8,"In summary, this variant meets criteria to be classified as pathogenic for autosomal dominant RASopathy based on the ACMG/AMP criteria applied, as specified by the ClinGen RASopathy Variant Curation Expert Panel: PS2_VeryStrong, PS4_Moderate, PM1, PM5, PS3_Supporting PM2_Supporting, PP2, PP3 (Specif",MAP2K1,P/LP,True
375981,SCV001424740.2,PS4_Moderate,PS4,APPLIED,8,"In summary, this variant meets criteria to be classified as pathogenic for autosomal dominant RASopathy based on the ACMG/AMP criteria applied, as specified by the ClinGen RASopathy Variant Curation Expert Panel: PS2_VeryStrong, PS4_Moderate, PM1, PM5, PS3_Supporting PM2_Supporting, PP2, PP3 (Specif",MAP2K1,P/LP,True
375981,SCV001424740.2,PM1,PM1,APPLIED,8,"In summary, this variant meets criteria to be classified as pathogenic for autosomal dominant RASopathy based on the ACMG/AMP criteria applied, as specified by the ClinGen RASopathy Variant Curation Expert Panel: PS2_VeryStrong, PS4_Moderate, PM1, PM5, PS3_Supporting PM2_Supporting, PP2, PP3 (Specif",MAP2K1,P/LP,True
375981,SCV001424740.2,PM5,PM5,APPLIED,8,"In summary, this variant meets criteria to be classified as pathogenic for autosomal dominant RASopathy based on the ACMG/AMP criteria applied, as specified by the ClinGen RASopathy Variant Curation Expert Panel: PS2_VeryStrong, PS4_Moderate, PM1, PM5, PS3_Supporting PM2_Supporting, PP2, PP3 (Specif",MAP2K1,P/LP,True
375981,SCV001424740.2,PS3_Supporting,PS3,APPLIED,8,"In summary, this variant meets criteria to be classified as pathogenic for autosomal dominant RASopathy based on the ACMG/AMP criteria applied, as specified by the ClinGen RASopathy Variant Curation Expert Panel: PS2_VeryStrong, PS4_Moderate, PM1, PM5, PS3_Supporting PM2_Supporting, PP2, PP3 (Specif",MAP2K1,P/LP,True
375981,SCV001424740.2,PM2_Supporting,PM2,APPLIED,8,"In summary, this variant meets criteria to be classified as pathogenic for autosomal dominant RASopathy based on the ACMG/AMP criteria applied, as specified by the ClinGen RASopathy Variant Curation Expert Panel: PS2_VeryStrong, PS4_Moderate, PM1, PM5, PS3_Supporting PM2_Supporting, PP2, PP3 (Specif",MAP2K1,P/LP,True
375981,SCV001424740.2,PP2,PP2,APPLIED,8,"In summary, this variant meets criteria to be classified as pathogenic for autosomal dominant RASopathy based on the ACMG/AMP criteria applied, as specified by the ClinGen RASopathy Variant Curation Expert Panel: PS2_VeryStrong, PS4_Moderate, PM1, PM5, PS3_Supporting PM2_Supporting, PP2, PP3 (Specif",MAP2K1,P/LP,True
375981,SCV001424740.2,PP3,PP3,APPLIED,8,"In summary, this variant meets criteria to be classified as pathogenic for autosomal dominant RASopathy based on the ACMG/AMP criteria applied, as specified by the ClinGen RASopathy Variant Curation Expert Panel: PS2_VeryStrong, PS4_Moderate, PM1, PM5, PS3_Supporting PM2_Supporting, PP2, PP3 (Specif",MAP2K1,P/LP,True
376857,SCV005903322.1,BP4,BP4,NOT_MET,1,"The computational predictor REVEL gives a score of 0.257, which is below the threshold of 0.3, evidence that does not predict a damaging effect on SOS2 function (BP4).",,,False
376857,SCV005903322.1,BP4,BP4,APPLIED,1,"In summary, this variant meets the criteria to be classified as uncertain significance for autosomal dominant RASopathy, based on the ACMG/AMP criteria applied, as specified by the ClinGen RASopathy VCEP: BP4 (Version 2.3;",,,False
378108,SCV000616572.4,BS1,BS1,APPLIED_BARE,1,"The filtering allele frequency of the c.813C>T (p.Asp271=) variant in the MAP2K2 gene is 0.0045% (1/7096) of Latino chromosomes by the Exome Aggregation Consortium, which is a high enough frequency to be classified as likely benign based on thresholds defined by the ClinGen RASopathy Expert Panel (B",,,False
378913,SCV000616586.4,BS1,BS1,APPLIED_BARE,1,"The filtering allele frequency of the c.240G>A (p.Ala80=) variant in the MAP2K2 gene is 0.0284% (9/16506) of South Asian chromosomes by the Exome Aggregation Consortium, which is a high enough frequency to be classified as likely benign based on thresholds defined by the ClinGen RASopathy Expert Pan",,,False
380330,SCV005367866.1,BP4,BP4,APPLIED_BARE,2,"In addition, it occurs at a nucleotide that is not conserved as shown by UCSC Genome Browser (BP4, BP7).",,,False
380330,SCV005367866.1,BP7,BP7,APPLIED_BARE,2,"In addition, it occurs at a nucleotide that is not conserved as shown by UCSC Genome Browser (BP4, BP7).",,,False
380330,SCV005367866.1,BA1,BA1,APPLIED,2,"The highest population minor allele frequency in gnomAD v2.1.1 is 0.0011 (18/10370 alleles) in the Ashkenazi Jewish population, which is higher than the ClinGen RASopathy VCEP threshold (>0.0005) for BA1, and therefore meets this criterion (BA1).",,,False
380330,SCV005367866.1,BA1,BA1,APPLIED,2,"The highest population minor allele frequency in gnomAD v2.1.1 is 0.0011 (18/10370 alleles) in the Ashkenazi Jewish population, which is higher than the ClinGen RASopathy VCEP threshold (>0.0005) for BA1, and therefore meets this criterion (BA1).",,,False
380330,SCV005367866.1,BA1,BA1,APPLIED,3,"In summary, this variant meets the criteria to be classified as benign for autosomal dominant RASopathy based on the ACMG/AMP criteria applied, as specified by the ClinGen RASopathy VCEP: BA1, BP4, BP7.",,,False
380330,SCV005367866.1,BP4,BP4,APPLIED,3,"In summary, this variant meets the criteria to be classified as benign for autosomal dominant RASopathy based on the ACMG/AMP criteria applied, as specified by the ClinGen RASopathy VCEP: BA1, BP4, BP7.",,,False
380330,SCV005367866.1,BP7,BP7,APPLIED,3,"In summary, this variant meets the criteria to be classified as benign for autosomal dominant RASopathy based on the ACMG/AMP criteria applied, as specified by the ClinGen RASopathy VCEP: BA1, BP4, BP7.",,,False
389759,SCV000616551.4,BA1,BA1,APPLIED_BARE,1,"The filtering allele frequency of the c.438+8A>T variant in the MAP2K1 gene is 0.075% (19/16512) of South Asian chromosomes by the Exome Aggregation Consortium, which is a high enough frequency to be classified as benign based on thresholds defined by the ClinGen RASopathy Expert Panel (BA1;",,,False
417225,SCV000616461.4,BA1,BA1,APPLIED_BARE,1,"The filtering allele frequency of the c.1772A>G (p.Asn591Ser) variant in the SOS1 gene is 0.054% (11/11524) of Latino chromosomes by the Exome Aggregation Consortium, which is a high enough frequency to be classified as benign based on thresholds defined by the ClinGen RASopathy Expert Panel (BA1;",BRAF,B/LB,True
421233,SCV005903321.1,BP4,BP4,NOT_MET,1,"The computational predictor REVEL gives a score of 0.183 which is below the threshold of 0.3, evidence that does not predict a damaging effect on SOS2 function (BP4).",,,False
421233,SCV005903321.1,BP4,BP4,APPLIED,1,"In summary, this variant meets the criteria to be classified as uncertain significance for autosomal dominant RASopathy, based on the ACMG/AMP criteria applied, as specified by the ClinGen RASopathy VCEP: BP4 (Version 2.3;",,,False
424299,SCV005903316.1,PM2_Supporting,PM2,UNCLEAR,3,"The highest population minor allele frequency in gnomAD v2.1.1 is 0.00003870 (5/129184 alleles) in the European (non-Finnish) population (PM2_Supporting, BS1, and BA1 are not met).",NRAS,VUS,True
424299,SCV005903316.1,BS1,BS1,UNCLEAR,3,"The highest population minor allele frequency in gnomAD v2.1.1 is 0.00003870 (5/129184 alleles) in the European (non-Finnish) population (PM2_Supporting, BS1, and BA1 are not met).",NRAS,VUS,True
424299,SCV005903316.1,BA1,BA1,UNCLEAR,3,"The highest population minor allele frequency in gnomAD v2.1.1 is 0.00003870 (5/129184 alleles) in the European (non-Finnish) population (PM2_Supporting, BS1, and BA1 are not met).",NRAS,VUS,True
424299,SCV005903316.1,BP4,BP4,NOT_MET,1,"The computational predictor REVEL gives a score of 0.247, which is below the threshold of 0.3, evidence that does not predict a damaging effect on NRAS function (BP4).",NRAS,VUS,True
424299,SCV005903316.1,BP4,BP4,APPLIED,1,"In summary, this variant meets the criteria to be classified as uncertain significance for autosomal dominant RASopathy based on the ACMG/AMP criteria applied, as specified by the ClinGen RASopathy VCEP: BP4.",NRAS,VUS,True
427633,SCV005367862.1,PM2_Supporting,PM2,APPLIED_BARE,1,This variant is absent from gnomAD v4 (PM2_Supporting).,,,False
427633,SCV005367862.1,PP2,PP2,APPLIED_BARE,1,"PPP1CB, in which the variant was identified, is defined by the ClinGen RASopathy VCEP as a gene that has a low rate of benign missense variation and where pathogenic missense variants are a common mechanism of disease (PP2).",,,False
427633,SCV005367862.1,PS4_Supporting,PS4,APPLIED_BARE,1,This variant has been reported in 1 proband with features of RASopathy (PS4_Supporting;,,,False
427633,SCV005367862.1,PS2,PS2,APPLIED_BARE,1,This variant has been identified as a de novo occurrence with confirmed parental relationships in 1 individual with features of RASopathy (PS2;,,,False
427633,SCV005367862.1,PS2,PS2,APPLIED,2,"In summary, this variant meets the criteria to be classified as likely pathogenic for autosomal dominant RASopathy based on the ACMG/AMP criteria applied, as specified by the ClinGen RASopathy VCEP: PS2, PS4_P, PM2_P, PP2.",,,False
427633,SCV005367862.1,PP2,PP2,APPLIED,2,"In summary, this variant meets the criteria to be classified as likely pathogenic for autosomal dominant RASopathy based on the ACMG/AMP criteria applied, as specified by the ClinGen RASopathy VCEP: PS2, PS4_P, PM2_P, PP2.",,,False
436446,SCV000616451.4,BA1,BA1,APPLIED_BARE,1,"The filtering allele frequency of the c.1221A>G (p.Gly407=) variant in the PTPN11 gene is 0.115% (27/16510) of South Asian chromosomes by the Exome Aggregation Consortium, which is a high enough frequency to be classified as benign based on thresholds defined by the ClinGen RASopathy Expert Panel (B",,,False
438796,SCV001424735.1,PM2,PM2,APPLIED_BARE,1,The c.194G>T (p.Ser65Ile) variant in KRAS was absent from large population studies (PM2;,KRAS,P/LP,True
438796,SCV001424735.1,PS4_Supporting,PS4,APPLIED_BARE,1,It has been reported in 2 probands with clinical features of a RASopathy (PS4_Supporting;,KRAS,P/LP,True
438796,SCV001424735.1,PS2,PS2,APPLIED_BARE,1,The variant arose de novo in one of the probands with confirmed parentage (PS2;,KRAS,P/LP,True
438796,SCV001424735.1,PP2,PP2,APPLIED_BARE,1,"The variant is located in KRAS, which has been defined by the ClinGen RASopathy Expert Panel as a gene with a low rate of benign missense variants and pathogenic missense variants are common (PP2;",KRAS,P/LP,True
438796,SCV001424735.1,PS2,PS2,APPLIED,4,"RASopathy-specific ACMG/AMP criteria applied (PMID:29493581):, PS2, PS4_Supporting, PM2, PP2.",KRAS,P/LP,True
438796,SCV001424735.1,PS4_Supporting,PS4,APPLIED,4,"RASopathy-specific ACMG/AMP criteria applied (PMID:29493581):, PS2, PS4_Supporting, PM2, PP2.",KRAS,P/LP,True
438796,SCV001424735.1,PM2,PM2,APPLIED,4,"RASopathy-specific ACMG/AMP criteria applied (PMID:29493581):, PS2, PS4_Supporting, PM2, PP2.",KRAS,P/LP,True
438796,SCV001424735.1,PP2,PP2,APPLIED,4,"RASopathy-specific ACMG/AMP criteria applied (PMID:29493581):, PS2, PS4_Supporting, PM2, PP2.",KRAS,P/LP,True
445735,SCV005367847.1,BA1,BA1,APPLIED,2,"The highest population filtering allele frequency in gnomAD v2.1.1 is 0.00217 in the African/African American population, which is higher than the ClinGen RASopathy VCEP threshold (>0.0005) for BA1, and therefore meets this criterion (BA1).",,,False
445735,SCV005367847.1,BA1,BA1,APPLIED,2,"The highest population filtering allele frequency in gnomAD v2.1.1 is 0.00217 in the African/African American population, which is higher than the ClinGen RASopathy VCEP threshold (>0.0005) for BA1, and therefore meets this criterion (BA1).",,,False
445735,SCV005367847.1,BA1,BA1,APPLIED,1,"In summary, this variant meets the criteria to be classified as benign for autosomal dominant RASopathy based on the ACMG/AMP criteria applied, as specified by the ClinGen RASopathy VCEP: BA1.",,,False
448922,SCV000616447.4,BS1,BS1,APPLIED_BARE,1,"The filtering allele frequency of the c.643-6dupG variant in the PTPN11 gene is 0.0461% (9/10166) of African chromosomes by the Exome Aggregation Consortium, which is a high enough frequency to be classified as likely benign based on thresholds defined by the ClinGen RASopathy Expert Panel (BS1;",,,False
448924,SCV000616459.4,BA1,BA1,APPLIED_BARE,1,"The filtering allele frequency of the c.1150A>G (p.Arg384Gly) variant in the BRAF gene is 0.116% (16/8646) of East Asian chromosomes by the Exome Aggregation Consortium, which is a high enough frequency to be classified as benign based on thresholds defined by the ClinGen RASopathy Expert Panel (BA1",BRAF,B/LB,True
448926,SCV000616473.4,BA1,BA1,APPLIED_BARE,1,"The filtering allele frequency of the c.291-6T>G variant in the HRAS gene is 0.051% (14/16510) of South Asian chromosomes by the Exome Aggregation Consortium, which is a high enough frequency to be classified as benign based on thresholds defined by the ClinGen RASopathy Expert Panel (BA1;",,,False
448927,SCV000616482.4,BA1,BA1,APPLIED_BARE,1,"The filtering allele frequency of the c.438+8A>T variant in the MAP2K1 gene is 0.075% (19/16512) of South Asian chromosomes by the Exome Aggregation Consortium, which is a high enough frequency to be classified as benign based on thresholds defined by the ClinGen RASopathy Expert Panel (BA1;",,,False
448928,SCV000616488.4,BS1,BS1,APPLIED_BARE,1,"The filtering allele frequency of the c.907A>G (p.Thr303Ala) variant in the RAF1 gene is 0.0284% (7/11568) of Latino chromosomes by the Exome Aggregation Consortium, which is a high enough frequency to be classified as likely benign based on thresholds defined by the ClinGen RASopathy Expert Panel (",RAF1,B/LB,True
448929,SCV000616489.4,BS1,BS1,APPLIED_BARE,1,"The filtering allele frequency of the c.581+4A>G variant in the RAF1 gene is 0.0375% (34/66642) of European chromosomes by the Exome Aggregation Consortium, which is a high enough frequency to be classified as likely benign based on thresholds defined by the ClinGen RASopathy Expert Panel (BS1;",,,False
448930,SCV000616491.4,BS1,BS1,APPLIED_BARE,1,"The filtering allele frequency of the c.124G>A (p.Ala42Thr) variant in the RAF1 gene is 0.026% (25/66738) of European chromosomes by the Exome Aggregation Consortium, which is a high enough frequency to be classified as likely benign based on thresholds defined by the ClinGen RASopathy Expert Panel ",RAF1,B/LB,True
448931,SCV000616493.4,BS1,BS1,APPLIED_BARE,1,"The filtering allele frequency of the c.363G>A (p.Glu121=) variant in the SHOC2 gene is 0.0384% (8/10350) of African chromosomes by the Exome Aggregation Consortium, which is a high enough frequency to be classified as likely benign based on thresholds defined by the ClinGen RASopathy Expert Panel (",,,False
448932,SCV000616494.4,BS1,BS1,APPLIED_BARE,1,"The filtering allele frequency of the c.377C>T (p.Thr126Ile) variant in the SHOC2 gene is 0.0384% (8/10346) of African chromosomes by the Exome Aggregation Consortium, which is a high enough frequency to be classified as likely benign based on thresholds defined by the ClinGen RASopathy Expert Panel",SHOC2,B/LB,True
448933,SCV000616496.4,BS1,BS1,APPLIED_BARE,1,"The filtering allele frequency of the c.613A>G (p.Thr205Ala) variant in the SHOC2 gene is 0.0328% (10/16502) of South Asian chromosomes by the Exome Aggregation Consortium, which is a high enough frequency to be classified as likely benign based on thresholds defined by the ClinGen RASopathy Expert ",SHOC2,B/LB,True
448934,SCV000616497.4,BA1,BA1,APPLIED_BARE,1,"The filtering allele frequency of the c.886C>T (p.Leu296=) variant in the SHOC2 gene is 0.08% (15/11572) of Latino chromosomes by the Exome Aggregation Consortium, which is a high enough frequency to be classified as benign based on thresholds defined by the ClinGen RASopathy Expert Panel (BA1;",,,False
448935,SCV000616498.4,BA1,BA1,APPLIED_BARE,1,"The filtering allele frequency of the c.894A>C (p.Ala298=) variant in the SHOC2 gene is 0.054% (9/8648) of East Asian chromosomes by the Exome Aggregation Consortium, which is a high enough frequency to be classified as benign based on thresholds defined by the ClinGen RASopathy Expert Panel (BA1;",,,False
448936,SCV000616500.4,BS1,BS1,APPLIED_BARE,1,"The filtering allele frequency of the c.1540+8C>T variant in the SHOC2 gene is 0.0374% (34/66702) of European chromosomes by the Exome Aggregation Consortium, which is a high enough frequency to be classified as likely benign based on thresholds defined by the ClinGen RASopathy Expert Panel (BS1;",,,False
448937,SCV000616501.4,BS1,BS1,APPLIED_BARE,1,"The filtering allele frequency of the c.1540+8C>A variant in the SHOC2 gene is 0.0459% (8/8654) of East Asian chromosomes by the Exome Aggregation Consortium, which is a high enough frequency to be classified as likely benign based on thresholds defined by the ClinGen RASopathy Expert Panel (BS1;",,,False
448938,SCV000616504.4,BS1,BS1,APPLIED_BARE,1,"The filtering allele frequency of the c.3658G>A (p.Val1220Met) variant in the SOS1 gene is 0.0328% (10/16512) of South Asian chromosomes by the Exome Aggregation Consortium, which is a high enough frequency to be classified as likely benign based on thresholds defined by the ClinGen RASopathy Expert",SOS1,B/LB,True
448939,SCV000616505.4,BA1,BA1,APPLIED_BARE,1,"The filtering allele frequency of the c.3552T>G (p.Pro1184=) variant in the SOS1 gene is 0.126% (17/8594) of East Asian chromosomes by the Exome Aggregation Consortium, which is a high enough frequency to be classified as benign based on thresholds defined by the ClinGen RASopathy Expert Panel (BA1;",,,False
448940,SCV000616507.4,BS1,BS1,APPLIED_BARE,1,"The filtering allele frequency of the c.3330G>C (p.Ser1110=) variant in the SOS1 gene is 0.0382% (8/10406) of African chromosomes by the Exome Aggregation Consortium, which is a high enough frequency to be classified as likely benign based on thresholds defined by the ClinGen RASopathy Expert Panel ",,,False
448941,SCV000616508.4,BA1,BA1,APPLIED_BARE,1,"The filtering allele frequency of the c.3072C>T (p.Leu1024=) variant in the SOS1 gene is 0.075% (19/16510) of South Asian chromosomes by the Exome Aggregation Consortium, which is a high enough frequency to be classified as benign based on thresholds defined by the ClinGen RASopathy Expert Panel (BA",,,False
448942,SCV000616515.4,BA1,BA1,APPLIED_BARE,1,"The filtering allele frequency of the c.2010G>C (p.Leu670Phe) variant in the SOS1 gene is 0.055% (9/8572) of East Asian chromosomes by the Exome Aggregation Consortium, which is a high enough frequency to be classified as benign based on thresholds defined by the ClinGen RASopathy Expert Panel (BA1;",SOS1,B/LB,True
448943,SCV000616517.4,BA1,BA1,APPLIED_BARE,1,"The filtering allele frequency of the c.1772A>G (p.Asn591Ser) variant in the SOS1 gene is 0.054% (11/11524) of Latino chromosomes by the Exome Aggregation Consortium, which is a high enough frequency to be classified as benign based on thresholds defined by the ClinGen RASopathy Expert Panel (BA1;",SOS1,B/LB,True
448944,SCV000616525.4,BS1,BS1,APPLIED_BARE,1,"The filtering allele frequency of the c.294G>A (p.Lys98=) variant in the SOS1 gene is 0.0284% (9/16504) of South Asian chromosomes by the Exome Aggregation Consortium, which is a high enough frequency to be classified as likely benign based on thresholds defined by the ClinGen RASopathy Expert Panel",,,False
448945,SCV000616526.4,BS1,BS1,APPLIED_BARE,1,"The filtering allele frequency of the c.280A>G (p.Ile94Val) variant in the SOS1 gene is 0.0253% (6/10300) of African chromosomes by the Exome Aggregation Consortium, which is a high enough frequency to be classified as likely benign based on thresholds defined by the ClinGen RASopathy Expert Panel (",SOS1,B/LB,True
448946,SCV000616527.4,BS1,BS1,APPLIED_BARE,1,"The filtering allele frequency of the c.225A>G (p.Gln75=) variant in the SOS1 gene is 0.042% (12/16448) of South Asian chromosomes by the Exome Aggregation Consortium, which is a high enough frequency to be classified as likely benign based on thresholds defined by the ClinGen RASopathy Expert Panel",,,False
448947,SCV000616529.4,BA1,BA1,APPLIED_BARE,1,"The filtering allele frequency of the c.141T>C (p.Tyr47=) variant in the SOS1 gene is 0.116% (16/8654) of East Asian chromosomes by the Exome Aggregation Consortium, which is a high enough frequency to be classified as benign based on thresholds defined by the ClinGen RASopathy Expert Panel (BA1;",,,False
448948,SCV000616555.4,BS1,BS1,APPLIED_BARE,1,"The filtering allele frequency of the c.896-5T>C variant in the MAP2K1 gene is 0.0328% (10/16512) of South Asian chromosomes by the Exome Aggregation Consortium, which is a high enough frequency to be classified as likely benign based on thresholds defined by the ClinGen RASopathy Expert Panel (BS1;",,,False
448949,SCV000616559.4,BS1,BS1,APPLIED_BARE,1,"The filtering allele frequency of the c.1098T>C (p.Ala366=) variant in the MAP2K1 gene is 0.0459% (8/8654) of East Asian chromosomes by the Exome Aggregation Consortium, which is a high enough frequency to be classified as likely benign based on thresholds defined by the ClinGen RASopathy Expert Pan",,,False
448950,SCV000616567.4,BS1,BS1,APPLIED_BARE,1,"The filtering allele frequency of the c.847G>T (p.Val283Leu) variant in the MAP2K2 gene is 0.0448% (6/5824) of East Asian chromosomes by the Exome Aggregation Consortium, which is a high enough frequency to be classified as likely benign based on thresholds defined by the ClinGen RASopathy Expert Pa",MAP2K2,B/LB,True
448952,SCV000616587.4,BA1,BA1,APPLIED_BARE,1,"The filtering allele frequency of the c.225C>T (p.Ile75=) variant in the MAP2K2 gene is 0.08% (20/16508) of South Asian chromosomes by the Exome Aggregation Consortium, which is a high enough frequency to be classified as benign based on thresholds defined by the ClinGen RASopathy Expert Panel (BA1;",,,False
448953,SCV000616589.4,BA1,BA1,APPLIED_BARE,1,"The filtering allele frequency of the c.141C>T (p.Asp47=) variant in the MAP2K2 gene is 0.054% (9/8646) of East Asian chromosomes by the Exome Aggregation Consortium, which is a high enough frequency to be classified as benign based on thresholds defined by the ClinGen RASopathy Expert Panel (BA1;",,,False
448954,SCV000616590.4,BS1,BS1,APPLIED_BARE,1,"The filtering allele frequency of the c.45C>T (p.Asn15=) variant in the MAP2K2 gene is 0.0295% (6/8856) of South Asian chromosomes by the Exome Aggregation Consortium, which is a high enough frequency to be classified as likely benign based on thresholds defined by the ClinGen RASopathy Expert Panel",,,False
451722,SCV006059783.1,PVS1_Moderate,PVS1,APPLIED_BARE,1,"It is predicted to cause skipping of biologically-relevant-exon 10/21, resulting in an in-frame deletion (removes amino acids 332-383) that is predicted to escape nonsense mediated decay (PVS1_Moderate).",,,False
451722,SCV006059783.1,PM2_Supporting,PM2,APPLIED,2,"The filtering allele frequency (the upper threshold of the 95% CI of 1/34210) of the c.1149+1G>A variant in LZTR1 is 0 for Admixed American chromosomes by gnomAD v2.1.1, which is lower than the ClinGen RASopathy VCEP threshold (≤0.000025) for PM2_Supporting, and therefore meets this criterion (PM2_S",,,False
451722,SCV006059783.1,PM2_Supporting,PM2,APPLIED,2,"The filtering allele frequency (the upper threshold of the 95% CI of 1/34210) of the c.1149+1G>A variant in LZTR1 is 0 for Admixed American chromosomes by gnomAD v2.1.1, which is lower than the ClinGen RASopathy VCEP threshold (≤0.000025) for PM2_Supporting, and therefore meets this criterion (PM2_S",,,False
451722,SCV006059783.1,PM3,PM3,APPLIED_BARE,2,"Of those individuals, all were compound heterozygous for the variant and a pathogenic or likely pathogenic variant and all of those were confirmed in trans by parental testing (c.1339T>G (p.Phe447Val), c.993+1G>A, c.27delG p.Q10fs, 2.25 PM3 points, PMID: 29469822, SCV000620457.7, GeneDx) (PM3_Strong",,,False
451722,SCV006059783.1,PM3_Strong,PM3,APPLIED_BARE,2,"Of those individuals, all were compound heterozygous for the variant and a pathogenic or likely pathogenic variant and all of those were confirmed in trans by parental testing (c.1339T>G (p.Phe447Val), c.993+1G>A, c.27delG p.Q10fs, 2.25 PM3 points, PMID: 29469822, SCV000620457.7, GeneDx) (PM3_Strong",,,False
451722,SCV006059783.1,PM3_Strong,PM3,APPLIED,3,"In summary, this variant meets the criteria to be classified as likely pathogenic for autosomal recessive RASopathy based on the ACMG/AMP criteria applied, as specified by the ClinGen RASopathy VCEP: PM3_Strong, PVS1_Moderate, PM2_Supporting.",,,False
451722,SCV006059783.1,PVS1_Moderate,PVS1,APPLIED,3,"In summary, this variant meets the criteria to be classified as likely pathogenic for autosomal recessive RASopathy based on the ACMG/AMP criteria applied, as specified by the ClinGen RASopathy VCEP: PM3_Strong, PVS1_Moderate, PM2_Supporting.",,,False
451722,SCV006059783.1,PM2_Supporting,PM2,APPLIED,3,"In summary, this variant meets the criteria to be classified as likely pathogenic for autosomal recessive RASopathy based on the ACMG/AMP criteria applied, as specified by the ClinGen RASopathy VCEP: PM3_Strong, PVS1_Moderate, PM2_Supporting.",,,False
453054,SCV006059798.1,BS1,BS1,APPLIED,2,"The filtering allele frequency (the lower threshold of the 95% CI of 16/35316) of the c.1333G>A variant in LZTR1 is 0.0002680 for Admixed American chromosomes by gnomAD v2.1.1, which is higher than the ClinGen RASopathy VCEP threshold (≥0.00025) for BS1, and therefore meets this criterion (BS1).",LZTR1,B/LB,True
453054,SCV006059798.1,BS1,BS1,APPLIED,2,"The filtering allele frequency (the lower threshold of the 95% CI of 16/35316) of the c.1333G>A variant in LZTR1 is 0.0002680 for Admixed American chromosomes by gnomAD v2.1.1, which is higher than the ClinGen RASopathy VCEP threshold (≥0.00025) for BS1, and therefore meets this criterion (BS1).",LZTR1,B/LB,True
453054,SCV006059798.1,BS1,BS1,APPLIED,1,"In summary, this variant meets the criteria to be classified as likely benign for RASopathy based on the ACMG/AMP criteria applied, as specified by the ClinGen RASopathy VCEP: BS1.",LZTR1,B/LB,True
475749,SCV005903319.1,BP4,BP4,NOT_MET,1,"The computational predictor REVEL gives a score of 0.051, which is below the threshold of 0.3, evidence that does not predict a damaging effect on SOS2 function (BP4).",,,False
475749,SCV005903319.1,BP4,BP4,APPLIED,1,"In summary, this variant meets the criteria to be classified as uncertain significance for autosomal dominant RASopathy, based on the ACMG/AMP criteria applied, as specified by the ClinGen RASopathy VCEP: BP4 (Version 2.3;",,,False
477669,SCV000927039.1,PS4_Supporting,PS4,APPLIED_BARE,2,"The c.167T>C (p.Ile56Thr) variant in PTPN11 has been identified in 2 related patients with clinical features of a RASopathy (PS4_Supporting, PP1;",PTPN11,P/LP,True
477669,SCV000927039.1,PP1,PP1,APPLIED_BARE,2,"The c.167T>C (p.Ile56Thr) variant in PTPN11 has been identified in 2 related patients with clinical features of a RASopathy (PS4_Supporting, PP1;",PTPN11,P/LP,True
477669,SCV000927039.1,PM5,PM5,APPLIED_BARE,1,A different pathogenic missense variant (p.Ile56Val) has been previously identified at this codon of PTPN11 which may indicate that this residue is critical to the function of the protein (PM5;,PTPN11,P/LP,True
477669,SCV000927039.1,PM2,PM2,APPLIED_BARE,1,This variant was absent from large population studies (PM2;,PTPN11,P/LP,True
477669,SCV000927039.1,PP2,PP2,APPLIED_BARE,1,"The variant is located in the PTPN11 gene, which has been defined by the ClinGen RASopathy Expert Panel as a gene with a low rate of benign missense variants and pathogenic missense variants are common (PP2;",PTPN11,P/LP,True
477669,SCV000927039.1,PP3,PP3,APPLIED_BARE,1,Computational prediction tools and conservation analysis suggest that the p.Ile56Thr variant may impact the protein (PP3).,PTPN11,P/LP,True
477669,SCV000927039.1,PS4_Supporting,PS4,APPLIED,6,"RASopathy-specific ACMG/AMP criteria applied (PMID:29493581): PS4_Supporting, PP1, PM2, PM5, PP2, PP3.",PTPN11,P/LP,True
477669,SCV000927039.1,PP1,PP1,APPLIED,6,"RASopathy-specific ACMG/AMP criteria applied (PMID:29493581): PS4_Supporting, PP1, PM2, PM5, PP2, PP3.",PTPN11,P/LP,True
477669,SCV000927039.1,PM2,PM2,APPLIED,6,"RASopathy-specific ACMG/AMP criteria applied (PMID:29493581): PS4_Supporting, PP1, PM2, PM5, PP2, PP3.",PTPN11,P/LP,True
477669,SCV000927039.1,PM5,PM5,APPLIED,6,"RASopathy-specific ACMG/AMP criteria applied (PMID:29493581): PS4_Supporting, PP1, PM2, PM5, PP2, PP3.",PTPN11,P/LP,True
477669,SCV000927039.1,PP2,PP2,APPLIED,6,"RASopathy-specific ACMG/AMP criteria applied (PMID:29493581): PS4_Supporting, PP1, PM2, PM5, PP2, PP3.",PTPN11,P/LP,True
477669,SCV000927039.1,PP3,PP3,APPLIED,6,"RASopathy-specific ACMG/AMP criteria applied (PMID:29493581): PS4_Supporting, PP1, PM2, PM5, PP2, PP3.",PTPN11,P/LP,True
477722,SCV001335312.1,BS2,BS2,UNCLEAR,2,"however, these cases were not well-phenotyped and therefore do not meet current requirements for BS2 (BS2 not met;",SOS1,VUS,True
477722,SCV001335312.1,BS2,BS2,UNCLEAR,2,"however, these cases were not well-phenotyped and therefore do not meet current requirements for BS2 (BS2 not met;",SOS1,VUS,True
496407,SCV005903324.1,BA1,BA1,APPLIED,2,"This variant has a filtering allele frequency of 8.578% in the African/African American population in gnomAD v2, which is higher than the ClinGen RASopathy VCEP threshold (>0.0005) for BA1, and therefore meets this criterion (BA1).",,,False
496407,SCV005903324.1,BA1,BA1,APPLIED,2,"This variant has a filtering allele frequency of 8.578% in the African/African American population in gnomAD v2, which is higher than the ClinGen RASopathy VCEP threshold (>0.0005) for BA1, and therefore meets this criterion (BA1).",,,False
496407,SCV005903324.1,BA1,BA1,APPLIED,1,"In summary, this variant meets the criteria to be classified as benign for autosomal dominant RASopathy based on the ACMG/AMP criteria applied, as specified by the ClinGen RASopathy VCEP: BA1 (RASopathy VCEP specifications version 1.4;",,,False
496410,SCV005903323.1,BA1,BA1,APPLIED,2,"This variant has a filtering allele frequency of 1.748% in the South Asian population in gnomAD v2, which is higher than the ClinGen RASopathy VCEP threshold (>0.0005) for BA1, and therefore meets this criterion (BA1).",,,False
496410,SCV005903323.1,BA1,BA1,APPLIED,2,"This variant has a filtering allele frequency of 1.748% in the South Asian population in gnomAD v2, which is higher than the ClinGen RASopathy VCEP threshold (>0.0005) for BA1, and therefore meets this criterion (BA1).",,,False
496410,SCV005903323.1,BA1,BA1,APPLIED,1,"In summary, this variant meets the criteria to be classified as benign for autosomal dominant RASopathy based on the ACMG/AMP criteria applied, as specified by the ClinGen RASopathy VCEP: BA1 (RASopathy VCEP specifications version 1.4;",,,False
496411,SCV005903325.1,BA1,BA1,APPLIED,2,"This variant has a filtering allele frequency of 0.93 % in the European (non-Finnish) population in gnomAD v2, which is higher than the ClinGen RASopathy VCEP threshold (>0.0005) for BA1, and therefore meets this criterion (BA1).",,,False
496411,SCV005903325.1,BA1,BA1,APPLIED,2,"This variant has a filtering allele frequency of 0.93 % in the European (non-Finnish) population in gnomAD v2, which is higher than the ClinGen RASopathy VCEP threshold (>0.0005) for BA1, and therefore meets this criterion (BA1).",,,False
496411,SCV005903325.1,BA1,BA1,APPLIED,1,"In summary, this variant meets the criteria to be classified as benign for autosomal dominant RASopathy based on the ACMG/AMP criteria applied, as specified by the ClinGen RASopathy VCEP: BA1 (RASopathy VCEP specifications version 1.4;",,,False
504514,SCV001424749.1,PM2,PM2,APPLIED_BARE,1,The c.775T>G (p.Ser259Ala) variant in RAF1 was absent from large population studies (PM2;,RAF1,P/LP,True
504514,SCV001424749.1,PS2_Verystrong,PS2,APPLIED_BARE,1,It has been reported as a confirmed de novo occurrence in 2 probands (PS2_VeryStrong;,RAF1,P/LP,True
504514,SCV001424749.1,PS4_Supporting,PS4,APPLIED_BARE,1,The variant has been identified in 1 proband with Noonan syndrome (PS4_Supporting;,RAF1,P/LP,True
504514,SCV001424749.1,PM5_Strong,PM5,APPLIED_BARE,1,At least 2 other pathogenic missense variants have been previously identified at the Ser259 codon of RAF1 which may indicate that this residue is critical to the function of the protein (PM5_Strong;,RAF1,P/LP,True
504514,SCV001424749.1,PS3,PS3,APPLIED_BARE,1,"A functional assay has been performed on c.775T>G (p.Ser259Ala), but given that it is not currently an approved assay outlined by the RASopathy VCEP, it has not been assessed for PS3 at this time (PMID:23391722).",RAF1,P/LP,True
504514,SCV001424749.1,PP2,PP2,APPLIED_BARE,1,"Finally, the variant is located in RAF1, which has been defined by the ClinGen RASopathy Expert Panel as a gene with a low rate of benign missense variants and pathogenic missense variants are common (PP2;",RAF1,P/LP,True
504514,SCV001424749.1,PS2_Verystrong,PS2,APPLIED,5,"Rasopathy-specific ACMG/AMP criteria applied (PMID:29493581): PS2_VeryStrong, PS4_Supporting, PM5_Strong, PM2, PP2.",RAF1,P/LP,True
504514,SCV001424749.1,PS4_Supporting,PS4,APPLIED,5,"Rasopathy-specific ACMG/AMP criteria applied (PMID:29493581): PS2_VeryStrong, PS4_Supporting, PM5_Strong, PM2, PP2.",RAF1,P/LP,True
504514,SCV001424749.1,PM5_Strong,PM5,APPLIED,5,"Rasopathy-specific ACMG/AMP criteria applied (PMID:29493581): PS2_VeryStrong, PS4_Supporting, PM5_Strong, PM2, PP2.",RAF1,P/LP,True
504514,SCV001424749.1,PM2,PM2,APPLIED,5,"Rasopathy-specific ACMG/AMP criteria applied (PMID:29493581): PS2_VeryStrong, PS4_Supporting, PM5_Strong, PM2, PP2.",RAF1,P/LP,True
504514,SCV001424749.1,PP2,PP2,APPLIED,5,"Rasopathy-specific ACMG/AMP criteria applied (PMID:29493581): PS2_VeryStrong, PS4_Supporting, PM5_Strong, PM2, PP2.",RAF1,P/LP,True
506444,SCV005367691.1,BP4,BP4,APPLIED_BARE,2,"In addition, it occurs at a nucleotide that is not conserved as shown by UCSC Genome Browser (BP4, BP7).",,,False
506444,SCV005367691.1,BP7,BP7,APPLIED_BARE,2,"In addition, it occurs at a nucleotide that is not conserved as shown by UCSC Genome Browser (BP4, BP7).",,,False
506444,SCV005367691.1,BA1,BA1,APPLIED,2,"The highest population filtering allele frequency in gnomAD v4 is 0.009141 (730/75058 alleles) in African/African American population, which is higher than the ClinGen RASopathy VCEP threshold (>0.0005) for BA1, and therefore meets this criterion (BA1).",,,False
506444,SCV005367691.1,BA1,BA1,APPLIED,2,"The highest population filtering allele frequency in gnomAD v4 is 0.009141 (730/75058 alleles) in African/African American population, which is higher than the ClinGen RASopathy VCEP threshold (>0.0005) for BA1, and therefore meets this criterion (BA1).",,,False
506444,SCV005367691.1,BA1,BA1,APPLIED,3,"In summary, this variant meets the criteria to be classified as benign for RASopathy based on the ACMG/AMP criteria applied, as specified by the ClinGen RASopathy VCEP: BA1, BP4, BP7.",,,False
506444,SCV005367691.1,BP4,BP4,APPLIED,3,"In summary, this variant meets the criteria to be classified as benign for RASopathy based on the ACMG/AMP criteria applied, as specified by the ClinGen RASopathy VCEP: BA1, BP4, BP7.",,,False
506444,SCV005367691.1,BP7,BP7,APPLIED,3,"In summary, this variant meets the criteria to be classified as benign for RASopathy based on the ACMG/AMP criteria applied, as specified by the ClinGen RASopathy VCEP: BA1, BP4, BP7.",,,False
506639,SCV005903320.1,BS1,BS1,APPLIED_BARE,1,The filtering allele frequency in gnomAD v2.1.1 is 0.03346 % (BS1).,,,False
506639,SCV005903320.1,BP4,BP4,NOT_MET,1,"The computational predictor REVEL gives a score of 0.182 which is below the threshold of 0.3, evidence that does not predict a damaging effect on SOS2 function (BP4).",,,False
506639,SCV005903320.1,BS1,BS1,APPLIED,2,"In summary, this variant meets the criteria to be classified as likely benign for autosomal dominant RASopathy, based on the ACMG/AMP criteria applied, as specified by the ClinGen RASopathy VCEP: BS1, BP4 (Version 2.3;",,,False
506639,SCV005903320.1,BP4,BP4,APPLIED,2,"In summary, this variant meets the criteria to be classified as likely benign for autosomal dominant RASopathy, based on the ACMG/AMP criteria applied, as specified by the ClinGen RASopathy VCEP: BS1, BP4 (Version 2.3;",,,False
522164,SCV006059800.1,PM2_Supporting,PM2,UNCLEAR,3,"The highest population minor allele frequency in gnomAD v2.1.1 is 0.0001954 (9/23990 alleles) in the South Asian population (PM2_Supporting, BS1, and BA1 are not met).",LZTR1,VUS,True
522164,SCV006059800.1,BS1,BS1,UNCLEAR,3,"The highest population minor allele frequency in gnomAD v2.1.1 is 0.0001954 (9/23990 alleles) in the South Asian population (PM2_Supporting, BS1, and BA1 are not met).",LZTR1,VUS,True
522164,SCV006059800.1,BA1,BA1,UNCLEAR,3,"The highest population minor allele frequency in gnomAD v2.1.1 is 0.0001954 (9/23990 alleles) in the South Asian population (PM2_Supporting, BS1, and BA1 are not met).",LZTR1,VUS,True
522164,SCV006059800.1,BP4,BP4,NOT_MET,1,"The computational predictor REVEL gives a score of 0.093, which is below the threshold of 0.3, evidence that does not predict a damaging effect on LZTR1 function (BP4).",LZTR1,VUS,True
522164,SCV006059800.1,BP4,BP4,APPLIED,1,"In summary, this variant meets the criteria to be classified as uncertain significance for RASopathy based on the ACMG/AMP criteria applied, as specified by the ClinGen RASopathy VCEP: BP4.",LZTR1,VUS,True
522799,SCV006059793.1,PVS1,PVS1,APPLIED_BARE,1,The c.2178C>A (p.Tyr726Ter) variant in LZTR1 is a nonsense variant predicted to cause a premature stop codon in biologically-relevant-exon 18/21 is predicted to lead to nonsense mediated decay in a gene in which loss-of-function is an established disease mechanism (PVS1).,,,False
522799,SCV006059793.1,PM2_Supporting,PM2,APPLIED,2,"The filtering allele frequency (the upper threshold of the 95% CI of 1/34568) of the c.2178C>A variant in LZTR1 is 0 for Admixed American chromosomes by gnomAD v2.1.1, which is lower than the ClinGen RASopathy VCEP threshold (≤0.000025) for PM2_Supporting, and therefore meets this criterion (PM2_Sup",,,False
522799,SCV006059793.1,PM2_Supporting,PM2,APPLIED,2,"The filtering allele frequency (the upper threshold of the 95% CI of 1/34568) of the c.2178C>A variant in LZTR1 is 0 for Admixed American chromosomes by gnomAD v2.1.1, which is lower than the ClinGen RASopathy VCEP threshold (≤0.000025) for PM2_Supporting, and therefore meets this criterion (PM2_Sup",,,False
522799,SCV006059793.1,PM3,PM3,APPLIED_BARE,2,"They were compound heterozygous for the variant and a pathogenic or likely pathogenic variant and was confirmed in trans by family testing (c.1943-256C>T, 1 PM3 point, PMID:29469822) (PM3).",,,False
522799,SCV006059793.1,PM3,PM3,APPLIED_BARE,2,"They were compound heterozygous for the variant and a pathogenic or likely pathogenic variant and was confirmed in trans by family testing (c.1943-256C>T, 1 PM3 point, PMID:29469822) (PM3).",,,False
522799,SCV006059793.1,PVS1,PVS1,APPLIED,3,"In summary, this variant meets the criteria to be classified as pathogenic for autosomal recessive RASopathy based on the ACMG/AMP criteria applied, as specified by the ClinGen RASopathy VCEP: PVS1, PM3, PM2_Supporting.",,,False
522799,SCV006059793.1,PM3,PM3,APPLIED,3,"In summary, this variant meets the criteria to be classified as pathogenic for autosomal recessive RASopathy based on the ACMG/AMP criteria applied, as specified by the ClinGen RASopathy VCEP: PVS1, PM3, PM2_Supporting.",,,False
522799,SCV006059793.1,PM2_Supporting,PM2,APPLIED,3,"In summary, this variant meets the criteria to be classified as pathogenic for autosomal recessive RASopathy based on the ACMG/AMP criteria applied, as specified by the ClinGen RASopathy VCEP: PVS1, PM3, PM2_Supporting.",,,False
522800,SCV006059784.1,PVS1,PVS1,APPLIED_BARE,1,The c.1943-256C>T (p.T648fs*36) variant in LZTR1 is a nonsense variant predicted to cause a premature stop codon in biologically-relevant-exon 17/21 is predicted to lead to nonsense mediated decay in a gene in which loss-of-function is an established disease mechanism (PVS1).,,,False
522800,SCV006059784.1,PM2_Supporting,PM2,APPLIED_BARE,2,"The highest population minor allele frequency in gnomAD v2.1.1 is 0.00001557 (2/22704 alleles) in the South Asian population, which is lower than the ClinGen RASopathy VCEP threshold (≤0.000025) for PM2_Supporting, meeting this criterion (PM2_Supporting).",,,False
522800,SCV006059784.1,PM2_Supporting,PM2,APPLIED_BARE,2,"The highest population minor allele frequency in gnomAD v2.1.1 is 0.00001557 (2/22704 alleles) in the South Asian population, which is lower than the ClinGen RASopathy VCEP threshold (≤0.000025) for PM2_Supporting, meeting this criterion (PM2_Supporting).",,,False
522800,SCV006059784.1,PM3,PM3,APPLIED_BARE,2,"All were compound heterozygous for the variant and a pathogenic or likely pathogenic variant and 3 of those were confirmed in trans by parental testing (c.27dup (p.Gln10Alafs*24), c.1030del (p.Ser344fs), c.2178C>A (p.Tyr726Ter), c.27dupG (p.Gln10Alafs*24), 3.5 PM3 points, PMIDs: 29469822 and 3262390",,,False
522800,SCV006059784.1,PM3_Strong,PM3,APPLIED_BARE,2,"All were compound heterozygous for the variant and a pathogenic or likely pathogenic variant and 3 of those were confirmed in trans by parental testing (c.27dup (p.Gln10Alafs*24), c.1030del (p.Ser344fs), c.2178C>A (p.Tyr726Ter), c.27dupG (p.Gln10Alafs*24), 3.5 PM3 points, PMIDs: 29469822 and 3262390",,,False
522800,SCV006059784.1,PP1_Strong,PP1,APPLIED_BARE,1,The variant has been reported to segregate with RASopathy in ≥7 affected meioses from 4 families (PP1_Strong;,,,False
522800,SCV006059784.1,PS3_Supporting,PS3,APPLIED_BARE,1,ERK activation assay in patient-specific cardiomyocytes showed significantly increased levels of phosphorylated ERK indicating that this variant impacts protein function (PMID:32623905)(PS3_Supporting).,,,False
522800,SCV006059784.1,PVS1,PVS1,APPLIED,5,"In summary, this variant meets the criteria to be classified as pathogenic for autosomal recessive RASopathy based on the ACMG/AMP criteria applied, as specified by the ClinGen RASopathy VCEP: PVS1, PM3_Strong, PP1_Strong, PS3_Supporting, PM2_Supporting.",,,False
522800,SCV006059784.1,PM3_Strong,PM3,APPLIED,5,"In summary, this variant meets the criteria to be classified as pathogenic for autosomal recessive RASopathy based on the ACMG/AMP criteria applied, as specified by the ClinGen RASopathy VCEP: PVS1, PM3_Strong, PP1_Strong, PS3_Supporting, PM2_Supporting.",,,False
522800,SCV006059784.1,PP1_Strong,PP1,APPLIED,5,"In summary, this variant meets the criteria to be classified as pathogenic for autosomal recessive RASopathy based on the ACMG/AMP criteria applied, as specified by the ClinGen RASopathy VCEP: PVS1, PM3_Strong, PP1_Strong, PS3_Supporting, PM2_Supporting.",,,False
522800,SCV006059784.1,PS3_Supporting,PS3,APPLIED,5,"In summary, this variant meets the criteria to be classified as pathogenic for autosomal recessive RASopathy based on the ACMG/AMP criteria applied, as specified by the ClinGen RASopathy VCEP: PVS1, PM3_Strong, PP1_Strong, PS3_Supporting, PM2_Supporting.",,,False
522800,SCV006059784.1,PM2_Supporting,PM2,APPLIED,5,"In summary, this variant meets the criteria to be classified as pathogenic for autosomal recessive RASopathy based on the ACMG/AMP criteria applied, as specified by the ClinGen RASopathy VCEP: PVS1, PM3_Strong, PP1_Strong, PS3_Supporting, PM2_Supporting.",,,False
523986,SCV006059785.1,PVS1,PVS1,APPLIED_BARE,1,The c.1030del (p.Ser344fs) variant in LZTR1 is a deletion/frameshift variant predicted to cause a premature stop codon 7 amino acids downstream from position 344 in biologically-relevant-exon 10/21 and is predicted to lead to nonsense mediated decay in a gene in which loss-of-function is an establis,,,False
523986,SCV006059785.1,PM2_Supporting,PM2,APPLIED_BARE,1,This variant is absent from gnomAD v2.1.1 (PM2_Supporting).,,,False
523986,SCV006059785.1,PM3,PM3,APPLIED_BARE,2,"All were compound heterozygous for the variant and a pathogenic or likely pathogenic variant and 1 of those were confirmed in trans by whole exome trio analysis (c.1943-256C>T, 1.5 PM3 points, SCV000748478.4, SCV001445973.1, GeneDx, Broad Center for Mendelian Genomics) (PM3).",,,False
523986,SCV006059785.1,PM3,PM3,APPLIED_BARE,2,"All were compound heterozygous for the variant and a pathogenic or likely pathogenic variant and 1 of those were confirmed in trans by whole exome trio analysis (c.1943-256C>T, 1.5 PM3 points, SCV000748478.4, SCV001445973.1, GeneDx, Broad Center for Mendelian Genomics) (PM3).",,,False
523986,SCV006059785.1,PVS1,PVS1,APPLIED,3,"In summary, this variant meets the criteria to be classified as pathogenic for autosomal recessive RASopathy based on the ACMG/AMP criteria applied, as specified by the ClinGen RASopathy VCEP: PVS1, PM3, PM2_Supporting.",,,False
523986,SCV006059785.1,PM3,PM3,APPLIED,3,"In summary, this variant meets the criteria to be classified as pathogenic for autosomal recessive RASopathy based on the ACMG/AMP criteria applied, as specified by the ClinGen RASopathy VCEP: PVS1, PM3, PM2_Supporting.",,,False
523986,SCV006059785.1,PM2_Supporting,PM2,APPLIED,3,"In summary, this variant meets the criteria to be classified as pathogenic for autosomal recessive RASopathy based on the ACMG/AMP criteria applied, as specified by the ClinGen RASopathy VCEP: PVS1, PM3, PM2_Supporting.",,,False
543999,SCV000927037.1,PS4,PS4,UNCLEAR,1,The c.692G>A (p.Arg231His) variant in MAP2K2 has been identified in a patient with clinical features consistent with cardiomyopathy (PS4 not met;,MAP2K2,VUS,True
543999,SCV000927037.1,PP2,PP2,APPLIED_BARE,1,"The variant is located in the MAP2K2 gene, which has been defined by the ClinGen RASopathy Expert Panel as a gene with a low rate of benign missense variants and pathogenic missense variants are common (PP2;",MAP2K2,VUS,True
543999,SCV000927037.1,PP3,PP3,APPLIED_BARE,1,Computational prediction tools and conservation analysis suggest that the p.Arg231His variant may impact the protein (PP3).,MAP2K2,VUS,True
543999,SCV000927037.1,PP2,PP2,APPLIED,2,"RASopathy-specific ACMG/AMP criteria applied (PMID:29493581): PP2, PP3.",MAP2K2,VUS,True
543999,SCV000927037.1,PP3,PP3,APPLIED,2,"RASopathy-specific ACMG/AMP criteria applied (PMID:29493581): PP2, PP3.",MAP2K2,VUS,True
560679,SCV005367990.1,PM2_Supporting,PM2,APPLIED_BARE,1,The c.233G>A (p.Gly78Glu) variant in RIT1 was absent from both versions of gnomAD (PM2_Supporting;,RIT1,VUS,True
560679,SCV005367990.1,PS4_Supporting,PS4,APPLIED_BARE,1,The p.Gly78Glu variant was observed in 1 proband with phenotypes suggestive of a RASopathy (PS4_Supporting;,RIT1,VUS,True
560679,SCV005367990.1,PM1,PM1,APPLIED_BARE,1,"Furthermore, the variant is in a location that has been defined by the ClinGen RASopathy Expert Panel to be a mutational hotspot or domain of RIT1 (PM1;",RIT1,VUS,True
560679,SCV005367990.1,PP3,PP3,APPLIED_BARE,1,Computational prediction tools and conservation analysis suggest that the p.Gly78Glu variant may impact the protein (PP3).,RIT1,VUS,True
560679,SCV005367990.1,PS4_Supporting,PS4,APPLIED,4,"RASopathy-specific ACMG/AMP criteria applied: PS4_Supporting, PM1, PM2_Supporting, PP3 (Version 2.1;",RIT1,VUS,True
560679,SCV005367990.1,PM1,PM1,APPLIED,4,"RASopathy-specific ACMG/AMP criteria applied: PS4_Supporting, PM1, PM2_Supporting, PP3 (Version 2.1;",RIT1,VUS,True
560679,SCV005367990.1,PM2_Supporting,PM2,APPLIED,4,"RASopathy-specific ACMG/AMP criteria applied: PS4_Supporting, PM1, PM2_Supporting, PP3 (Version 2.1;",RIT1,VUS,True
560679,SCV005367990.1,PP3,PP3,APPLIED,4,"RASopathy-specific ACMG/AMP criteria applied: PS4_Supporting, PM1, PM2_Supporting, PP3 (Version 2.1;",RIT1,VUS,True
560681,SCV005367823.1,PM2_Supporting,PM2,APPLIED_BARE,1,This variant is absent from gnomAD v4 (PM2_Supporting).,,,False
560681,SCV005367823.1,PP3,PP3,APPLIED_BARE,1,"The computational predictor REVEL gives a score of 0.906, which is above the threshold of 0.7, evidence that correlates with impact to MRAS function (PP3).",,,False
560681,SCV005367823.1,PM5,PM5,APPLIED_BARE,1,"A different missense variant, c.68G>T (p.Gly23Val) PMID:28289718, ClinVar ID:635781, in the same codon has been classified as likely pathogenic for RASopathy by the ClinGen RASopathy VCEP (PM5).",,,False
560681,SCV005367823.1,PM1,PM1,APPLIED_BARE,1,This variant resides within the P-loop (amino acids 20 – 27) of MRAS that is defined as a critical functional domain by the ClinGen RASopathy VCEP (PM1).,,,False
560681,SCV005367823.1,PS3_Supporting,PS3,APPLIED_BARE,1,ERK and AKT activation assays in HEK 293T cells showed constitutively active forms of MRAS indicating that this variant impacts protein function (PMID:31108500) (PS3_Supporting).,,,False
560681,SCV005367823.1,PS4_Supporting,PS4,APPLIED_BARE,1,This variant has been reported in 1 proband with features of RASopathy (PS4_Supporting;,,,False
560681,SCV005367823.1,PS2,PS2,APPLIED_BARE,1,This variant has been identified as a de novo occurrence with confirmed parental relationships in 1 individual with features of RASopathy (PS2;,,,False
560681,SCV005367823.1,PS2,PS2,APPLIED,5,"In summary, this variant currently meets the criteria to be classified as likely pathogenic for autosomal dominant RASopathy based on the ACMG/AMP criteria applied, as specified by the ClinGen RASopathy VCEP: PS2, PM1, PM5, PS3_P, PS4, P, PM2_P, PP3.",,,False
560681,SCV005367823.1,PM1,PM1,APPLIED,5,"In summary, this variant currently meets the criteria to be classified as likely pathogenic for autosomal dominant RASopathy based on the ACMG/AMP criteria applied, as specified by the ClinGen RASopathy VCEP: PS2, PM1, PM5, PS3_P, PS4, P, PM2_P, PP3.",,,False
560681,SCV005367823.1,PM5,PM5,APPLIED,5,"In summary, this variant currently meets the criteria to be classified as likely pathogenic for autosomal dominant RASopathy based on the ACMG/AMP criteria applied, as specified by the ClinGen RASopathy VCEP: PS2, PM1, PM5, PS3_P, PS4, P, PM2_P, PP3.",,,False
560681,SCV005367823.1,PS4,PS4,APPLIED,5,"In summary, this variant currently meets the criteria to be classified as likely pathogenic for autosomal dominant RASopathy based on the ACMG/AMP criteria applied, as specified by the ClinGen RASopathy VCEP: PS2, PM1, PM5, PS3_P, PS4, P, PM2_P, PP3.",,,False
560681,SCV005367823.1,PP3,PP3,APPLIED,5,"In summary, this variant currently meets the criteria to be classified as likely pathogenic for autosomal dominant RASopathy based on the ACMG/AMP criteria applied, as specified by the ClinGen RASopathy VCEP: PS2, PM1, PM5, PS3_P, PS4, P, PM2_P, PP3.",,,False
561347,SCV001335314.1,PP2,PP2,APPLIED_BARE,1,"The variant is located in the SOS1 gene, which has been defined by the ClinGen RASopathy Expert Panel as a gene with a low rate of benign missense variants and pathogenic variants are common (PP2;",SOS1,VUS,True
561347,SCV001335314.1,PP2,PP2,APPLIED,1,RASopathy-specific ACMG/AMP criteria applied: PP2.,SOS1,VUS,True
561350,SCV005903315.1,PM2_Supporting,PM2,UNCLEAR,3,"The highest population minor allele frequency in gnomAD v2.1.1 is 0.00002891 (1/34592 alleles) in the Admixed American population (PM2_Supporting, BS1, and BA1 are not met).",NRAS,VUS,True
561350,SCV005903315.1,BS1,BS1,UNCLEAR,3,"The highest population minor allele frequency in gnomAD v2.1.1 is 0.00002891 (1/34592 alleles) in the Admixed American population (PM2_Supporting, BS1, and BA1 are not met).",NRAS,VUS,True
561350,SCV005903315.1,BA1,BA1,UNCLEAR,3,"The highest population minor allele frequency in gnomAD v2.1.1 is 0.00002891 (1/34592 alleles) in the Admixed American population (PM2_Supporting, BS1, and BA1 are not met).",NRAS,VUS,True
561350,SCV005903315.1,PM1,PM1,APPLIED_BARE,1,"This variant resides within a region, P-loop (AA 10-17), of NRAS that is defined as a critical functional domain by the ClinGen RASopathy VCEP (PM1).",NRAS,VUS,True
561350,SCV005903315.1,PM1,PM1,APPLIED,1,"In summary, this variant meets the criteria to be classified as uncertain significance for autosomal dominant RASopathy based on the ACMG/AMP criteria applied, as specified by the ClinGen RASopathy VCEP: PM1.",NRAS,VUS,True
561681,SCV005367989.1,PM2_Supporting,PM2,APPLIED_BARE,1,The c.268A>G (p.Met90Val) variant in RIT1 was absent from both versions of gnomAD (PM2_Supporting;,RIT1,P/LP,True
561681,SCV005367989.1,PS4_Moderate,PS4,APPLIED_BARE,1,The p.Met90Val variant has been observed in at least 7 probands with a RASopathy or clinical features of a RASopathy (PS4_Moderate;,RIT1,P/LP,True
561681,SCV005367989.1,PS2_Verystrong,PS2,APPLIED_BARE,1,It has been reported as a de novo occurrence with parental confirmation in 3 probands and without confirmation in 3 probands (PS2_VeryStrong).,RIT1,P/LP,True
561681,SCV005367989.1,PP3,PP3,APPLIED_BARE,1,Computational prediction tools and conservation analysis suggest that the p.Met90Val variant may impact the protein (PP3).,RIT1,P/LP,True
561681,SCV005367989.1,PS3_Supporting,PS3,APPLIED_BARE,1,PS3_Supporting).,RIT1,P/LP,True
561681,SCV005367989.1,PS2_Verystrong,PS2,APPLIED,5,"Rasopathy-specific ACMG/AMP criteria applied: PS2_VeryStrong, PS4_Moderate, PM2_Supporting, PP3, PS3_supporting (Version 2.1;",RIT1,P/LP,True
561681,SCV005367989.1,PS4_Moderate,PS4,APPLIED,5,"Rasopathy-specific ACMG/AMP criteria applied: PS2_VeryStrong, PS4_Moderate, PM2_Supporting, PP3, PS3_supporting (Version 2.1;",RIT1,P/LP,True
561681,SCV005367989.1,PM2_Supporting,PM2,APPLIED,5,"Rasopathy-specific ACMG/AMP criteria applied: PS2_VeryStrong, PS4_Moderate, PM2_Supporting, PP3, PS3_supporting (Version 2.1;",RIT1,P/LP,True
561681,SCV005367989.1,PP3,PP3,APPLIED,5,"Rasopathy-specific ACMG/AMP criteria applied: PS2_VeryStrong, PS4_Moderate, PM2_Supporting, PP3, PS3_supporting (Version 2.1;",RIT1,P/LP,True
561681,SCV005367989.1,PS3_Supporting,PS3,APPLIED,5,"Rasopathy-specific ACMG/AMP criteria applied: PS2_VeryStrong, PS4_Moderate, PM2_Supporting, PP3, PS3_supporting (Version 2.1;",RIT1,P/LP,True
561683,SCV006059794.1,PM2_Supporting,PM2,APPLIED_BARE,1,This variant is absent from gnomAD v2.1.1 (PM2_Supporting).,LZTR1,P/LP,True
561683,SCV006059794.1,PS4_Supporting,PS4,APPLIED_BARE,1,This variant has been reported in 3 probands with RASopathy (PS4_Supporting;,LZTR1,P/LP,True
561683,SCV006059794.1,PS2_Verystrong,PS2,APPLIED_BARE,1,This variant has been identified as a de novo occurrence with confirmed parental relationships in 3 individuals with RASopathy (PS2_VeryStrong;,LZTR1,P/LP,True
561683,SCV006059794.1,PS2_Verystrong,PS2,APPLIED,3,"In summary, this variant meets the criteria to be classified as pathogenic for autosomal dominant RASopathy based on the ACMG/AMP criteria applied, as specified by the ClinGen RASopathy VCEP: PS2_VeryStrong, PS4_Supporting, PM2_Supporting.",LZTR1,P/LP,True
561683,SCV006059794.1,PS4_Supporting,PS4,APPLIED,3,"In summary, this variant meets the criteria to be classified as pathogenic for autosomal dominant RASopathy based on the ACMG/AMP criteria applied, as specified by the ClinGen RASopathy VCEP: PS2_VeryStrong, PS4_Supporting, PM2_Supporting.",LZTR1,P/LP,True
561683,SCV006059794.1,PM2_Supporting,PM2,APPLIED,3,"In summary, this variant meets the criteria to be classified as pathogenic for autosomal dominant RASopathy based on the ACMG/AMP criteria applied, as specified by the ClinGen RASopathy VCEP: PS2_VeryStrong, PS4_Supporting, PM2_Supporting.",LZTR1,P/LP,True
561716,SCV006059799.1,PM2_Supporting,PM2,APPLIED_BARE,1,This variant is absent from gnomAD v2.1.1 (PM2_Supporting).,LZTR1,P/LP,True
561716,SCV006059799.1,PS4_Moderate,PS4,APPLIED_BARE,1,This variant has been reported in 5 probands with RASopathy (PS4_Moderate;,LZTR1,P/LP,True
561716,SCV006059799.1,PS2,PS2,APPLIED_BARE,1,This variant has been identified as a de novo occurrence with confirmed parental relationships in 2 individuals with RASopathy (PS2;,LZTR1,P/LP,True
561716,SCV006059799.1,PS2,PS2,APPLIED,3,"In summary, this variant meets the criteria to be classified as likely pathogenic for autosomal dominant RASopathy based on the ACMG/AMP criteria applied, as specified by the ClinGen RASopathy VCEP: PS2, PS4_Moderate, PM2_Supporting.",LZTR1,P/LP,True
561716,SCV006059799.1,PS4_Moderate,PS4,APPLIED,3,"In summary, this variant meets the criteria to be classified as likely pathogenic for autosomal dominant RASopathy based on the ACMG/AMP criteria applied, as specified by the ClinGen RASopathy VCEP: PS2, PS4_Moderate, PM2_Supporting.",LZTR1,P/LP,True
561716,SCV006059799.1,PM2_Supporting,PM2,APPLIED,3,"In summary, this variant meets the criteria to be classified as likely pathogenic for autosomal dominant RASopathy based on the ACMG/AMP criteria applied, as specified by the ClinGen RASopathy VCEP: PS2, PS4_Moderate, PM2_Supporting.",LZTR1,P/LP,True
561935,SCV001335325.2,PM2,PM2,APPLIED_BARE,1,The c.1645A>G (p.Thr549Ala) variant in SOS1 was absent from large population studies (PM2;,SOS1,VUS,True
561935,SCV001335325.2,PP2,PP2,APPLIED_BARE,1,"The variant is located in the SOS1 gene, which has been defined by the ClinGen RASopathy Expert Panel as a gene with a low rate of benign missense variants and pathogenic variants are common (PP2;",SOS1,VUS,True
561935,SCV001335325.2,PM2,PM2,APPLIED,2,"RASopathy-specific ACMG/AMP criteria applied: PM2, PP2.",SOS1,VUS,True
561935,SCV001335325.2,PP2,PP2,APPLIED,2,"RASopathy-specific ACMG/AMP criteria applied: PM2, PP2.",SOS1,VUS,True
569590,SCV001335326.2,BS2,BS2,UNCLEAR,1,It was observed in one healthy adult male who did not have features of a RASopathy (BS2 not met;,MAP2K2,VUS,True
569590,SCV001335326.2,PP2,PP2,APPLIED_BARE,1,"The variant is located in the MAP2K2 gene, which has been defined by the ClinGen RASopathy Expert Panel as a gene with a low rate of benign missense variants and pathogenic variants are common (PP2;",MAP2K2,VUS,True
569590,SCV001335326.2,BP4,BP4,NOT_MET,1,Computational analysis and splice site predictors suggest that this variant does not impact the protein (BP4).,MAP2K2,VUS,True
569590,SCV001335326.2,PP2,PP2,APPLIED,2,"RASopathy-specific ACMG/AMP criteria applied: PP2, BP4.",MAP2K2,VUS,True
569590,SCV001335326.2,BP4,BP4,APPLIED,2,"RASopathy-specific ACMG/AMP criteria applied: PP2, BP4.",MAP2K2,VUS,True
575203,SCV001335319.1,PM2,PM2,UNCLEAR,1,"however, it is absent from gnomAD v3 (PM2 not met).",PTPN11,P/LP,True
575203,SCV001335319.1,PS4,PS4,APPLIED_BARE,1,It has been identified in 7 independent occurrences in patients with clinical features of a RASopathy (PS4;,PTPN11,P/LP,True
575203,SCV001335319.1,PS3,PS3,UNCLEAR,1,A functional assay performed on this variant does not meet approved RASopathy VCEP guidelines for criteria application (PS3 not met;,PTPN11,P/LP,True
575203,SCV001335319.1,PM1,PM1,APPLIED_BARE,1,This variant is in a location that has been defined by the ClinGen RASopathy Expert Panel to be a mutational hotspot of PTPN11 (PM1;,PTPN11,P/LP,True
575203,SCV001335319.1,PP2,PP2,APPLIED_BARE,1,PTPN11 has been defined by the ClinGen RASopathy Expert Panel as a gene with a low rate of benign missense variants and pathogenic missense variants are common (PP2;,PTPN11,P/LP,True
575203,SCV001335319.1,PS4,PS4,APPLIED,3,"In summary, this variant meets criteria to be classified as likely pathogenic for autosomal dominant RASopathy based on the RASopathy-specific ACMG/AMP criteria applied (PMID:29493581): PS4, PM1, PP2.",PTPN11,P/LP,True
575203,SCV001335319.1,PM1,PM1,APPLIED,3,"In summary, this variant meets criteria to be classified as likely pathogenic for autosomal dominant RASopathy based on the RASopathy-specific ACMG/AMP criteria applied (PMID:29493581): PS4, PM1, PP2.",PTPN11,P/LP,True
575203,SCV001335319.1,PP2,PP2,APPLIED,3,"In summary, this variant meets criteria to be classified as likely pathogenic for autosomal dominant RASopathy based on the RASopathy-specific ACMG/AMP criteria applied (PMID:29493581): PS4, PM1, PP2.",PTPN11,P/LP,True
599033,SCV006059795.1,PM2_Supporting,PM2,APPLIED_BARE,1,This variant is absent from gnomAD v2.1.1 (PM2_Supporting).,LZTR1,VUS,True
599033,SCV006059795.1,PP3,PP3,APPLIED_BARE,1,"The computational predictor REVEL gives a score of 0.762, which is above the threshold of 0.7, evidence that correlates with impact to LZTR1 function (PP3).",LZTR1,VUS,True
599033,SCV006059795.1,PS3_Supporting,PS3,APPLIED_BARE,1,"Localization assay in COS-1 cells showed a prevalent localization at the Golgi, even though a more spread localization suggestive of endosome targeting was also noted indicating that this variant impacts protein function (PMID: 30481304) (PS3_Supporting).",LZTR1,VUS,True
599033,SCV006059795.1,PM3,PM3,APPLIED_BARE,1,"This variant has been detected in 1 individual with RASopathy, compound heterozygous for the variant and a pathogenic or likely pathogenic variant and confirmed in trans by parental testing (c.2264G>A p.Arg755Gln, 0.25 PM3 points, PMID: 29469822).",LZTR1,VUS,True
599033,SCV006059795.1,PS3_Supporting,PS3,APPLIED,3,"In summary, this variant meets the criteria to be classified as uncertain significance for autosomal recessive RASopathy based on the ACMG/AMP criteria applied, as specified by the ClinGen RASopathy VCEP: PS3_Supporting, PM2_Supporting, PP3.",LZTR1,VUS,True
599033,SCV006059795.1,PM2_Supporting,PM2,APPLIED,3,"In summary, this variant meets the criteria to be classified as uncertain significance for autosomal recessive RASopathy based on the ACMG/AMP criteria applied, as specified by the ClinGen RASopathy VCEP: PS3_Supporting, PM2_Supporting, PP3.",LZTR1,VUS,True
599033,SCV006059795.1,PP3,PP3,APPLIED,3,"In summary, this variant meets the criteria to be classified as uncertain significance for autosomal recessive RASopathy based on the ACMG/AMP criteria applied, as specified by the ClinGen RASopathy VCEP: PS3_Supporting, PM2_Supporting, PP3.",LZTR1,VUS,True
626912,SCV005367986.1,PM2_Supporting,PM2,UNCLEAR,3,"The highest population filtering allele frequency in gnomAD v2.1.1 is 0.00001084 (2/30538 alleles) in the South Asian population (PM2_Supporting, BS1, and BA1 are not met).",RRAS2,P/LP,True
626912,SCV005367986.1,BS1,BS1,UNCLEAR,3,"The highest population filtering allele frequency in gnomAD v2.1.1 is 0.00001084 (2/30538 alleles) in the South Asian population (PM2_Supporting, BS1, and BA1 are not met).",RRAS2,P/LP,True
626912,SCV005367986.1,BA1,BA1,UNCLEAR,3,"The highest population filtering allele frequency in gnomAD v2.1.1 is 0.00001084 (2/30538 alleles) in the South Asian population (PM2_Supporting, BS1, and BA1 are not met).",RRAS2,P/LP,True
626912,SCV005367986.1,PP3,PP3,APPLIED_BARE,1,"The computational predictor REVEL gives a score of 0.863, which is above the threshold of 0.7, evidence that correlates with impact to RRAS2 function (PP3).",RRAS2,P/LP,True
626912,SCV005367986.1,PM1,PM1,APPLIED_BARE,1,"This variant resides within the Switch II domain (amino acids 68 – 75), of RRAS2 that is defined as a critical functional domain by the ClinGen RASopathy VCEP (PM1).",RRAS2,P/LP,True
626912,SCV005367986.1,PS3_Supporting,PS3,APPLIED_BARE,1,ERK Activation in HEK293T cells showed constitutive promotion of increased ERK phosphorylation indicating that this variant impacts protein function (PMID:31130282)(PS3_Supporting).,RRAS2,P/LP,True
626912,SCV005367986.1,PS4_Supporting,PS4,APPLIED_BARE,1,This variant has been reported in 2 probands with features of RASopathy (PS4_Supporting;,RRAS2,P/LP,True
626912,SCV005367986.1,PS2,PS2,APPLIED_BARE,1,This variant has been identified as a de novo occurrence with confirmed parental relationships in 1 individual with features of RASopathy (PS2;,RRAS2,P/LP,True
626912,SCV005367986.1,PS2,PS2,APPLIED,5,"In summary, this variant meets the criteria to be classified as likely pathogenic for autosomal dominant RASopathy based on the ACMG/AMP criteria applied, as specified by the ClinGen RASopathy VCEP: PS2, PM1, PS3_Supporting, PS4_Supporting, PP3.",RRAS2,P/LP,True
626912,SCV005367986.1,PM1,PM1,APPLIED,5,"In summary, this variant meets the criteria to be classified as likely pathogenic for autosomal dominant RASopathy based on the ACMG/AMP criteria applied, as specified by the ClinGen RASopathy VCEP: PS2, PM1, PS3_Supporting, PS4_Supporting, PP3.",RRAS2,P/LP,True
626912,SCV005367986.1,PS3_Supporting,PS3,APPLIED,5,"In summary, this variant meets the criteria to be classified as likely pathogenic for autosomal dominant RASopathy based on the ACMG/AMP criteria applied, as specified by the ClinGen RASopathy VCEP: PS2, PM1, PS3_Supporting, PS4_Supporting, PP3.",RRAS2,P/LP,True
626912,SCV005367986.1,PS4_Supporting,PS4,APPLIED,5,"In summary, this variant meets the criteria to be classified as likely pathogenic for autosomal dominant RASopathy based on the ACMG/AMP criteria applied, as specified by the ClinGen RASopathy VCEP: PS2, PM1, PS3_Supporting, PS4_Supporting, PP3.",RRAS2,P/LP,True
626912,SCV005367986.1,PP3,PP3,APPLIED,5,"In summary, this variant meets the criteria to be classified as likely pathogenic for autosomal dominant RASopathy based on the ACMG/AMP criteria applied, as specified by the ClinGen RASopathy VCEP: PS2, PM1, PS3_Supporting, PS4_Supporting, PP3.",RRAS2,P/LP,True
635781,SCV005367824.1,PM2_Supporting,PM2,APPLIED_BARE,1,This variant has a minor allele frequency of 0.00008624% (1/1159522) in the European (non-Finnish) population in gnomAD v4 (PM2_Supporting).,,,False
635781,SCV005367824.1,PP3,PP3,APPLIED_BARE,1,"The computational predictor REVEL gives a score of 0.923, which is above the threshold of 0.7, evidence that correlates with impact to MRAS function (PP3).",,,False
635781,SCV005367824.1,PM1,PM1,APPLIED_BARE,1,This variant resides within the P-loop (amino acids 20 – 27) of MRAS that is defined as a critical functional domain by the ClinGen RASopathy VCEP (PM1).,,,False
635781,SCV005367824.1,PS4_Supporting,PS4,APPLIED_BARE,1,This variant has been identified in 1 individual with features of RASopathy (PS4_Supporting;,,,False
635781,SCV005367824.1,PS2,PS2,APPLIED_BARE,1,This variant has been identified as a de novo occurrence with confirmed parental relationships in 1 individual with features of RASopathy (PS2;,,,False
635781,SCV005367824.1,PS3_Moderate,PS3,APPLIED_BARE,1,RAS and ERK activation assays in HEK293T/17 showed constitutively active forms of MRAS indicating that this variant impacts protein function (PMID:28289718) (PS3_Moderate).,,,False
635781,SCV005367824.1,PS2,PS2,APPLIED,3,"In summary, this variant currently meets the criteria to be classified as likely pathogenic for autosomal dominant RASopathy based on the ACMG/AMP criteria applied, as specified by the ClinGen RASopathy VCEP: PS2, PS3_M, PM1, PS4_P, PM2_P, PP3.",,,False
635781,SCV005367824.1,PM1,PM1,APPLIED,3,"In summary, this variant currently meets the criteria to be classified as likely pathogenic for autosomal dominant RASopathy based on the ACMG/AMP criteria applied, as specified by the ClinGen RASopathy VCEP: PS2, PS3_M, PM1, PS4_P, PM2_P, PP3.",,,False
635781,SCV005367824.1,PP3,PP3,APPLIED,3,"In summary, this variant currently meets the criteria to be classified as likely pathogenic for autosomal dominant RASopathy based on the ACMG/AMP criteria applied, as specified by the ClinGen RASopathy VCEP: PS2, PS3_M, PM1, PS4_P, PM2_P, PP3.",,,False
635782,SCV005367825.1,PS2_Verystrong,PS2,APPLIED_BARE,1,This variant has been identified as a de novo occurrence with confirmed parental relationships in 2 individuals with Noonan syndrome and 1 with congenital heart disease (PS2_VeryStrong;,,,False
635782,SCV005367825.1,PS1,PS1,APPLIED_BARE,1,"The same amino acid change (p.Thr58Ile), resulting from a different nucleotide change c.173C>T in HRAS and KRAS ClinVar ID: 12610 and 12588, is classified as pathogenic for Costello syndrome and Noonan syndrome respectively by the ClinGen RASopathy VCEP (PS1).",,,False
635782,SCV005367825.1,PS3,PS3,APPLIED_BARE,1,ERK and AKT activation assays in HEK 293 T cells showed constitutively active forms of MRAS indicating that this variant impacts protein function (PMID:31108500) (PS3).,,,False
635782,SCV005367825.1,PS4,PS4,APPLIED_BARE,1,"This variant has been reported in 5 probands, 3 with NS and two with congenital heart disease and conotruncal heart defects with extracardiac anomalies with neurodevelopmental disorder (PS4;",,,False
635782,SCV005367825.1,PM1,PM1,APPLIED_BARE,1,"This variant resides within the Switch II domain (amino acids 67 – 74), of MRAS that is defined as a critical functional domain by the ClinGen RASopathy VCEP (PM1).",,,False
635782,SCV005367825.1,PP3,PP3,APPLIED_BARE,1,"The computational predictor REVEL gives a score of 0.961, which is above the threshold of 0.7, evidence that correlates with impact to MRAS function (PP3).",,,False
635782,SCV005367825.1,PM2_Supporting,PM2,APPLIED_BARE,1,This variant is absent from gnomAD v4 (PM2_Supporting).,,,False
635782,SCV005367825.1,PS1,PS1,APPLIED,5,"In summary, this variant meets the criteria to be classified as pathogenic for autosomal dominant Noonan syndrome based on the ACMG/AMP criteria applied, as specified by the ClinGen RASopathy VCEP: PS2_VS, PS1, PS3, PS4, PM1, PP3, PM2_P.",,,False
635782,SCV005367825.1,PS3,PS3,APPLIED,5,"In summary, this variant meets the criteria to be classified as pathogenic for autosomal dominant Noonan syndrome based on the ACMG/AMP criteria applied, as specified by the ClinGen RASopathy VCEP: PS2_VS, PS1, PS3, PS4, PM1, PP3, PM2_P.",,,False
635782,SCV005367825.1,PS4,PS4,APPLIED,5,"In summary, this variant meets the criteria to be classified as pathogenic for autosomal dominant Noonan syndrome based on the ACMG/AMP criteria applied, as specified by the ClinGen RASopathy VCEP: PS2_VS, PS1, PS3, PS4, PM1, PP3, PM2_P.",,,False
635782,SCV005367825.1,PM1,PM1,APPLIED,5,"In summary, this variant meets the criteria to be classified as pathogenic for autosomal dominant Noonan syndrome based on the ACMG/AMP criteria applied, as specified by the ClinGen RASopathy VCEP: PS2_VS, PS1, PS3, PS4, PM1, PP3, PM2_P.",,,False
635782,SCV005367825.1,PP3,PP3,APPLIED,5,"In summary, this variant meets the criteria to be classified as pathogenic for autosomal dominant Noonan syndrome based on the ACMG/AMP criteria applied, as specified by the ClinGen RASopathy VCEP: PS2_VS, PS1, PS3, PS4, PM1, PP3, PM2_P.",,,False
635783,SCV005903326.1,PM2_Supporting,PM2,APPLIED_BARE,1,This variant is absent from gnomAD v2 (PM2_Supporting).,,,False
635783,SCV005903326.1,PP3,PP3,APPLIED_BARE,1,"The computational predictor REVEL gives a score of 0.926, which is above the threshold of 0.7, evidence that correlates with impact to MRAS function (PP3).",,,False
635783,SCV005903326.1,PM1,PM1,APPLIED_BARE,1,"This variant resides within the Switch II domain (amino acids 67 – 74), of MRAS that is defined as a critical functional domain by the ClinGen RASopathy VCEP (PM1).",,,False
635783,SCV005903326.1,PS4_Supporting,PS4,APPLIED_BARE,1,This variant has been reported in 1 proband with features of RASopathy (PS4_Supporting;,,,False
635783,SCV005903326.1,PS2,PS2,APPLIED_BARE,1,This variant has been identified as a de novo occurrence with confirmed parental relationships in 1 individual with features of RASopathy (PS2;,,,False
635783,SCV005903326.1,PS2,PS2,APPLIED,5,"In summary, this variant currently meets the criteria to be classified as likely pathogenic for autosomal dominant RASopathy based on the ACMG/AMP criteria applied, as specified by the ClinGen RASopathy VCEP: PS2, PM1, PS4_Supporting, PM2_Supporting, PP3.",,,False
635783,SCV005903326.1,PM1,PM1,APPLIED,5,"In summary, this variant currently meets the criteria to be classified as likely pathogenic for autosomal dominant RASopathy based on the ACMG/AMP criteria applied, as specified by the ClinGen RASopathy VCEP: PS2, PM1, PS4_Supporting, PM2_Supporting, PP3.",,,False
635783,SCV005903326.1,PS4_Supporting,PS4,APPLIED,5,"In summary, this variant currently meets the criteria to be classified as likely pathogenic for autosomal dominant RASopathy based on the ACMG/AMP criteria applied, as specified by the ClinGen RASopathy VCEP: PS2, PM1, PS4_Supporting, PM2_Supporting, PP3.",,,False
635783,SCV005903326.1,PM2_Supporting,PM2,APPLIED,5,"In summary, this variant currently meets the criteria to be classified as likely pathogenic for autosomal dominant RASopathy based on the ACMG/AMP criteria applied, as specified by the ClinGen RASopathy VCEP: PS2, PM1, PS4_Supporting, PM2_Supporting, PP3.",,,False
635783,SCV005903326.1,PP3,PP3,APPLIED,5,"In summary, this variant currently meets the criteria to be classified as likely pathogenic for autosomal dominant RASopathy based on the ACMG/AMP criteria applied, as specified by the ClinGen RASopathy VCEP: PS2, PM1, PS4_Supporting, PM2_Supporting, PP3.",,,False
636262,SCV000927033.1,PS2,PS2,APPLIED_BARE,1,The c.1867T>A (p.Phe623Ile) variant in SOS1 has been reported as a confirmed de novo occurrence in a patient with clinical features of Noonan syndrome (PS2;,SOS1,P/LP,True
636262,SCV000927033.1,PS4_Supporting,PS4,APPLIED_BARE,1,The p.Phe623Ile variant has also been identified in another independent occurrence in a patient with clinical features of Noonan syndrome (PS4_Supporting;,SOS1,P/LP,True
636262,SCV000927033.1,PM2,PM2,APPLIED_BARE,1,This variant was absent from large population studies (PM2;,SOS1,P/LP,True
636262,SCV000927033.1,PP3,PP3,APPLIED_BARE,1,Computational prediction tools and conservation analysis suggest that the p.Phe623Ile variant may impact the protein (PP3).,SOS1,P/LP,True
636262,SCV000927033.1,PP2,PP2,APPLIED_BARE,1,"The variant is located in the SOS1 gene, which has been defined by the ClinGen RASopathy Expert Panel as a gene with a low rate of benign missense variants and pathogenic missense variants are common (PP2;",SOS1,P/LP,True
636262,SCV000927033.1,PM5,PM5,UNCLEAR,1,"Of note, two different pathogenic missense variants have been previously reported at this codon of SOS1 (p.Phe623Val and p.Phe623Glu) which may indicate that this residue is critical to the function of the protein, however these variants have not yet met the criteria to be classified as pathogenic (",SOS1,P/LP,True
636262,SCV000927033.1,PS2,PS2,APPLIED,5,"RASopathy-specific ACMG/AMP criteria applied (PMID:29493581): PS2, PS4_Supporting, PM2, PP2, PP3.",SOS1,P/LP,True
636262,SCV000927033.1,PS4_Supporting,PS4,APPLIED,5,"RASopathy-specific ACMG/AMP criteria applied (PMID:29493581): PS2, PS4_Supporting, PM2, PP2, PP3.",SOS1,P/LP,True
636262,SCV000927033.1,PM2,PM2,APPLIED,5,"RASopathy-specific ACMG/AMP criteria applied (PMID:29493581): PS2, PS4_Supporting, PM2, PP2, PP3.",SOS1,P/LP,True
636262,SCV000927033.1,PP2,PP2,APPLIED,5,"RASopathy-specific ACMG/AMP criteria applied (PMID:29493581): PS2, PS4_Supporting, PM2, PP2, PP3.",SOS1,P/LP,True
636262,SCV000927033.1,PP3,PP3,APPLIED,5,"RASopathy-specific ACMG/AMP criteria applied (PMID:29493581): PS2, PS4_Supporting, PM2, PP2, PP3.",SOS1,P/LP,True
636263,SCV000927034.1,PS3,PS3,UNCLEAR,2,"In vitro functional studies provide some evidence that the p.Phe623Glu variant may impact protein function, however this assay has not been defined by the ClinGen RASopathy Expert panel as criteria for PS3 (PS3 not met;",,,False
636263,SCV000927034.1,PS3,PS3,UNCLEAR,2,"In vitro functional studies provide some evidence that the p.Phe623Glu variant may impact protein function, however this assay has not been defined by the ClinGen RASopathy Expert panel as criteria for PS3 (PS3 not met;",,,False
636263,SCV000927034.1,PM2,PM2,APPLIED_BARE,1,This variant was absent from large population studies (PM2;,,,False
636263,SCV000927034.1,PM5,PM5,UNCLEAR,1,"Of note, 2 different pathogenic missense variants have been previously reported at this codon of SOS1 (p.Phe623Val and p.Phe623Ile) which may indicate that this residue is critical to the function of the protein, however these variants have not yet met the criteria to be classified as pathogenic (PM",,,False
636263,SCV000927034.1,PP2,PP2,APPLIED_BARE,1,"The variant is located in the SOS1 gene, which has been defined by the ClinGen RASopathy Expert Panel as a gene with a low rate of benign missense variants and pathogenic missense variants are common (PP2;",,,False
636263,SCV000927034.1,PM2,PM2,APPLIED,2,"RASopathy-specific ACMG/AMP criteria applied (PMID:29493581): PM2, PP2 |",,,False
636263,SCV000927034.1,PP2,PP2,APPLIED,2,"RASopathy-specific ACMG/AMP criteria applied (PMID:29493581): PM2, PP2 |",,,False
667025,SCV005903439.1,BP4,BP4,NOT_MET,2,"In addition, the computational predictor REVEL does not predict a damaging effect on PPP1CB function (BP4, BP7).",,,False
667025,SCV005903439.1,BP7,BP7,NOT_MET,2,"In addition, the computational predictor REVEL does not predict a damaging effect on PPP1CB function (BP4, BP7).",,,False
667025,SCV005903439.1,BA1,BA1,APPLIED,2,"The filtering allele frequency in gnomAD v2 is 60.64% in the European (non-Finnish) population, which is higher than the ClinGen RASopathy VCEP threshold (>0.0005) for BA1, and therefore meets this criterion (BA1).",,,False
667025,SCV005903439.1,BA1,BA1,APPLIED,2,"The filtering allele frequency in gnomAD v2 is 60.64% in the European (non-Finnish) population, which is higher than the ClinGen RASopathy VCEP threshold (>0.0005) for BA1, and therefore meets this criterion (BA1).",,,False
667025,SCV005903439.1,BA1,BA1,APPLIED,3,"In summary, this variant meets the criteria to be classified as benign for autosomal dominant RASopathy based on the ACMG/AMP criteria applied, as specified by the ClinGen RASopathy VCEP: BA1, BP4, BP7.",,,False
667025,SCV005903439.1,BP4,BP4,APPLIED,3,"In summary, this variant meets the criteria to be classified as benign for autosomal dominant RASopathy based on the ACMG/AMP criteria applied, as specified by the ClinGen RASopathy VCEP: BA1, BP4, BP7.",,,False
667025,SCV005903439.1,BP7,BP7,APPLIED,3,"In summary, this variant meets the criteria to be classified as benign for autosomal dominant RASopathy based on the ACMG/AMP criteria applied, as specified by the ClinGen RASopathy VCEP: BA1, BP4, BP7.",,,False
705680,SCV006059787.1,PM2_Supporting,PM2,UNCLEAR,3,"The highest population minor allele frequency in gnomAD v2.1.1 is 0.0002433 (43/128774 alleles) in the European (non-Finnish) population (PM2_Supporting, BS1, and BA1 are not met).",LZTR1,VUS,True
705680,SCV006059787.1,BS1,BS1,UNCLEAR,3,"The highest population minor allele frequency in gnomAD v2.1.1 is 0.0002433 (43/128774 alleles) in the European (non-Finnish) population (PM2_Supporting, BS1, and BA1 are not met).",LZTR1,VUS,True
705680,SCV006059787.1,BA1,BA1,UNCLEAR,3,"The highest population minor allele frequency in gnomAD v2.1.1 is 0.0002433 (43/128774 alleles) in the European (non-Finnish) population (PM2_Supporting, BS1, and BA1 are not met).",LZTR1,VUS,True
705680,SCV006059787.1,BP4,BP4,NOT_MET,1,"The computational predictor REVEL gives a score of 0.197, which is below the threshold of 0.3, evidence that does not predict a damaging effect on LZTR1 function (BP4).",LZTR1,VUS,True
705680,SCV006059787.1,BP4,BP4,APPLIED,1,"In summary, this variant meets the criteria to be classified as uncertain significance for RASopathy based on the ACMG/AMP criteria applied, as specified by the ClinGen RASopathy VCEP: BP4.",LZTR1,VUS,True
747303,SCV005903440.1,BA1,BA1,APPLIED,2,"The filtering allele frequency in gnomAD v2 is 0.5284% in the African American population, which is higher than the ClinGen RASopathy VCEP threshold (>0.0005) for BA1, and therefore meets this criterion (BA1).",,,False
747303,SCV005903440.1,BA1,BA1,APPLIED,2,"The filtering allele frequency in gnomAD v2 is 0.5284% in the African American population, which is higher than the ClinGen RASopathy VCEP threshold (>0.0005) for BA1, and therefore meets this criterion (BA1).",,,False
747303,SCV005903440.1,BA1,BA1,APPLIED,1,"In summary, this variant meets the criteria to be classified as benign for autosomal dominant RASopathy based on the ACMG/AMP criteria applied, as specified by the ClinGen RASopathy VCEP: BA1.",,,False
774811,SCV005367863.1,BP4,BP4,APPLIED_BARE,2,"In addition, it occurs at a nucleotide that is not conserved as shown by UCSC Genome Browser (BP4, BP7).",,,False
774811,SCV005367863.1,BP7,BP7,APPLIED_BARE,2,"In addition, it occurs at a nucleotide that is not conserved as shown by UCSC Genome Browser (BP4, BP7).",,,False
774811,SCV005367863.1,BA1,BA1,APPLIED,2,"The highest population minor allele frequency in gnomAD v4 is 0.002280 (2698/1145756 alleles) in the European (non-Finnish) population, which is higher than the ClinGen RASopathy VCEP threshold (>0.0005) for BA1, and therefore meets this criterion (BA1).",,,False
774811,SCV005367863.1,BA1,BA1,APPLIED,2,"The highest population minor allele frequency in gnomAD v4 is 0.002280 (2698/1145756 alleles) in the European (non-Finnish) population, which is higher than the ClinGen RASopathy VCEP threshold (>0.0005) for BA1, and therefore meets this criterion (BA1).",,,False
774811,SCV005367863.1,BA1,BA1,APPLIED,3,"In summary, this variant meets the criteria to be classified as benign for autosomal dominant RASopathy based on the ACMG/AMP criteria applied, as specified by the ClinGen RASopathy VCEP: BA1, BP4, BP7.",,,False
774811,SCV005367863.1,BP4,BP4,APPLIED,3,"In summary, this variant meets the criteria to be classified as benign for autosomal dominant RASopathy based on the ACMG/AMP criteria applied, as specified by the ClinGen RASopathy VCEP: BA1, BP4, BP7.",,,False
774811,SCV005367863.1,BP7,BP7,APPLIED,3,"In summary, this variant meets the criteria to be classified as benign for autosomal dominant RASopathy based on the ACMG/AMP criteria applied, as specified by the ClinGen RASopathy VCEP: BA1, BP4, BP7.",,,False
830078,SCV001192866.2,PM2_Supporting,PM2,APPLIED_BARE,1,The variant is absent from gnomAD v2.1.1 (PM2_Supporting).,SOS1,VUS,True
830078,SCV001192866.2,PP3,PP3,APPLIED_BARE,1,The computational prediction tool REVEL gives a score of 0.741 suggesting that this variant may impact protein function (PP3).,SOS1,VUS,True
830078,SCV001192866.2,PS4_Supporting,PS4,APPLIED_BARE,1,It has been reported in two probands with a RASopathy (PS4_Supporting;,SOS1,VUS,True
830078,SCV001192866.2,PS3_Supporting,PS3,APPLIED_BARE,1,In vitro functional studies showed that this variant increased EGF-dependent MAPK activation in amplitude and duration compared to wild-type (PS3_Supporting;,SOS1,VUS,True
830078,SCV001192866.2,PS3_Supporting,PS3,APPLIED,4,"In summary, this variant meets criteria to be classified as variant of uncertain significance for autosomal dominant RASopathy based on ACMG/AMP criteria applied, as specified by the ClinGen RASopathy Variant Curation Expert Panel: PS3_Supporting, PS4_Supporting, PM2_Supporting, PP3 (Specification V",SOS1,VUS,True
830078,SCV001192866.2,PS4_Supporting,PS4,APPLIED,4,"In summary, this variant meets criteria to be classified as variant of uncertain significance for autosomal dominant RASopathy based on ACMG/AMP criteria applied, as specified by the ClinGen RASopathy Variant Curation Expert Panel: PS3_Supporting, PS4_Supporting, PM2_Supporting, PP3 (Specification V",SOS1,VUS,True
830078,SCV001192866.2,PM2_Supporting,PM2,APPLIED,4,"In summary, this variant meets criteria to be classified as variant of uncertain significance for autosomal dominant RASopathy based on ACMG/AMP criteria applied, as specified by the ClinGen RASopathy Variant Curation Expert Panel: PS3_Supporting, PS4_Supporting, PM2_Supporting, PP3 (Specification V",SOS1,VUS,True
830078,SCV001192866.2,PP3,PP3,APPLIED,4,"In summary, this variant meets criteria to be classified as variant of uncertain significance for autosomal dominant RASopathy based on ACMG/AMP criteria applied, as specified by the ClinGen RASopathy Variant Curation Expert Panel: PS3_Supporting, PS4_Supporting, PM2_Supporting, PP3 (Specification V",SOS1,VUS,True
830079,SCV001192877.1,PM2,PM2,APPLIED_BARE,1,The c.556A>T (p.Tyr189Phe) variant in the SHOC2 gene is absent from large population studies (PM2;,SHOC2,VUS,True
830079,SCV001192877.1,PP2,PP2,APPLIED_BARE,1,"The variant is located in the SHOC2 gene, which has been defined by the ClinGen RASopathy Expert Panel as a gene with a low rate of benign missense variants and pathogenic missense variants are common (PP2;",SHOC2,VUS,True
830079,SCV001192877.1,PM2,PM2,APPLIED,2,"RASopathy-specific ACMG/AMP criteria applied (PMID:29493581): PM2, PP2.",SHOC2,VUS,True
830079,SCV001192877.1,PP2,PP2,APPLIED,2,"RASopathy-specific ACMG/AMP criteria applied (PMID:29493581): PM2, PP2.",SHOC2,VUS,True
830080,SCV001192879.1,BA1,BA1,APPLIED_BARE,1,The c.488_507delTCTGGGACCCCCCGGGACCC (p.Leu163HisfsTer30) variant in HRAS is classified as benign because it has been identified in 0.07227% (lower bound of the 95% CI of 21/19470) of East Asian chromosomes in gnomAD (BA1;,,,False
830080,SCV001192879.1,BA1,BA1,APPLIED,1,ACMG/AMP Criteria applied: BA1.,,,False
968299,SCV006059797.1,BS1,BS1,APPLIED,2,"The filtering allele frequency (the lower threshold of the 95% CI of 9/19946) of the c.1700G>A variant in LZTR1 is 0.0002546 for East Asian chromosomes by gnomAD v2.1.1, which is higher than the ClinGen RASopathy VCEP threshold (≥0.00025) for BS1, and therefore meets this criterion (BS1).",LZTR1,B/LB,True
968299,SCV006059797.1,BS1,BS1,APPLIED,2,"The filtering allele frequency (the lower threshold of the 95% CI of 9/19946) of the c.1700G>A variant in LZTR1 is 0.0002546 for East Asian chromosomes by gnomAD v2.1.1, which is higher than the ClinGen RASopathy VCEP threshold (≥0.00025) for BS1, and therefore meets this criterion (BS1).",LZTR1,B/LB,True
968299,SCV006059797.1,BP4,BP4,NOT_MET,1,"The computational predictor REVEL gives a score of 0.157, which is below the threshold of 0.3, evidence that does not predict a damaging effect on LZTR1 function (BP4).",LZTR1,B/LB,True
968299,SCV006059797.1,BS1,BS1,APPLIED,2,"In summary, this variant meets the criteria to be classified as likely benign for RASopathy based on the ACMG/AMP criteria applied, as specified by the ClinGen RASopathy VCEP: BS1, BP4.",LZTR1,B/LB,True
968299,SCV006059797.1,BP4,BP4,APPLIED,2,"In summary, this variant meets the criteria to be classified as likely benign for RASopathy based on the ACMG/AMP criteria applied, as specified by the ClinGen RASopathy VCEP: BS1, BP4.",LZTR1,B/LB,True
973830,SCV006059786.1,PVS1,PVS1,APPLIED_BARE,1,"It is predicted to cause skipping of biologically-relevant-exon 9/21 (out of frame), resulting in a frameshift leading to nonsense mediated decay in a gene in which loss-of-function is an established disease mechanism (PVS1).",,,False
973830,SCV006059786.1,PM2_Supporting,PM2,APPLIED,2,"The filtering allele frequency (the upper threshold of the 95% CI of 1/59454) of the c.993+1G>A variant in LZTR1 is 0 for European (non-Finnish) chromosomes by gnomAD v2.1.1, which is lower than the ClinGen RASopathy VCEP threshold (≤0.000025) for PM2_Supporting, and therefore meets this criterion (",,,False
973830,SCV006059786.1,PM2_Supporting,PM2,APPLIED,2,"The filtering allele frequency (the upper threshold of the 95% CI of 1/59454) of the c.993+1G>A variant in LZTR1 is 0 for European (non-Finnish) chromosomes by gnomAD v2.1.1, which is lower than the ClinGen RASopathy VCEP threshold (≤0.000025) for PM2_Supporting, and therefore meets this criterion (",,,False
973830,SCV006059786.1,PM3,PM3,APPLIED_BARE,2,"Of those individuals, both were compound heterozygous for the variant and a pathogenic or likely pathogenic variant and 1 of those was confirmed in trans by family testing (c.1591G>A (p.D531N) phase unknown, c.1149+1G>A confirmed in trans, 1.25 PM3 points, SCV002107378.4, GeneDx) (PM3).",,,False
973830,SCV006059786.1,PM3,PM3,APPLIED_BARE,2,"Of those individuals, both were compound heterozygous for the variant and a pathogenic or likely pathogenic variant and 1 of those was confirmed in trans by family testing (c.1591G>A (p.D531N) phase unknown, c.1149+1G>A confirmed in trans, 1.25 PM3 points, SCV002107378.4, GeneDx) (PM3).",,,False
973830,SCV006059786.1,PVS1,PVS1,APPLIED,3,"In summary, this variant meets the criteria to be classified as pathogenic for autosomal recessive RASopathy based on the ACMG/AMP criteria applied, as specified by the ClinGen RASopathy VCEP: PVS1, PM3, PM2_Supporting.",,,False
973830,SCV006059786.1,PM3,PM3,APPLIED,3,"In summary, this variant meets the criteria to be classified as pathogenic for autosomal recessive RASopathy based on the ACMG/AMP criteria applied, as specified by the ClinGen RASopathy VCEP: PVS1, PM3, PM2_Supporting.",,,False
973830,SCV006059786.1,PM2_Supporting,PM2,APPLIED,3,"In summary, this variant meets the criteria to be classified as pathogenic for autosomal recessive RASopathy based on the ACMG/AMP criteria applied, as specified by the ClinGen RASopathy VCEP: PVS1, PM3, PM2_Supporting.",,,False
977327,SCV007537826.1,PM2_Supporting,PM2,APPLIED_BARE,1,This variant is absent from gnomAD v2.1.1 (PM2_supporting).,BRAF,VUS,True
977327,SCV007537826.1,PP3,PP3,APPLIED_BARE,1,"The computational predictor REVEL gives a score of 0.76 for this variant (for the MANE select transcript), which is above the threshold of 0.7, evidence that correlates with impact to BRAF function (PP3).",BRAF,VUS,True
977327,SCV007537826.1,PM1,PM1,APPLIED_BARE,1,"This variant resides within the CR3 region, [amino acids 594-627], of BRAF that is defined as a critical functional domain by the ClinGen RASopathy VCEP (PM1).",BRAF,VUS,True
977327,SCV007537826.1,PM2_Supporting,PM2,APPLIED,3,"In summary, this variant meets the criteria to be classified as a variant of uncertain significance for autosomal dominant RASopathy based on the ACMG/AMP criteria applied, as specified by the ClinGen RASopathy VCEP: PM2_supporting, PP3, PM1.",BRAF,VUS,True
977327,SCV007537826.1,PP3,PP3,APPLIED,3,"In summary, this variant meets the criteria to be classified as a variant of uncertain significance for autosomal dominant RASopathy based on the ACMG/AMP criteria applied, as specified by the ClinGen RASopathy VCEP: PM2_supporting, PP3, PM1.",BRAF,VUS,True
977327,SCV007537826.1,PM1,PM1,APPLIED,3,"In summary, this variant meets the criteria to be classified as a variant of uncertain significance for autosomal dominant RASopathy based on the ACMG/AMP criteria applied, as specified by the ClinGen RASopathy VCEP: PM2_supporting, PP3, PM1.",BRAF,VUS,True
1066305,SCV006059796.1,PVS1,PVS1,APPLIED_BARE,1,"It is predicted to cause skipping of biologically-relevant-exon 2/21 (out of frame), resulting in a frameshift leading to nonsense mediated decay in a gene in which loss-of-function is an established disease mechanism (PVS1).",,,False
1066305,SCV006059796.1,PM2_Supporting,PM2,APPLIED,2,"The filtering allele frequency (the upper threshold of the 95% CI of 3/35430) of the c.263+1G>A variant in LZTR1 is 0.00002299 for Admixed American chromosomes by gnomAD v2.1.1, which is lower than the ClinGen RASopathy VCEP threshold (≤0.000025) for PM2_Supporting, and therefore meets this criterio",,,False
1066305,SCV006059796.1,PM2_Supporting,PM2,APPLIED,2,"The filtering allele frequency (the upper threshold of the 95% CI of 3/35430) of the c.263+1G>A variant in LZTR1 is 0.00002299 for Admixed American chromosomes by gnomAD v2.1.1, which is lower than the ClinGen RASopathy VCEP threshold (≤0.000025) for PM2_Supporting, and therefore meets this criterio",,,False
1066305,SCV006059796.1,PVS1,PVS1,APPLIED,2,"In summary, this variant meets the criteria to be classified as likely pathogenic for autosomal recessive RASopathy based on the ACMG/AMP criteria applied, as specified by the ClinGen RASopathy VCEP: PVS1, PM2_Supporting.",,,False
1066305,SCV006059796.1,PM2_Supporting,PM2,APPLIED,2,"In summary, this variant meets the criteria to be classified as likely pathogenic for autosomal recessive RASopathy based on the ACMG/AMP criteria applied, as specified by the ClinGen RASopathy VCEP: PVS1, PM2_Supporting.",,,False
1070042,SCV005903318.1,PP3,PP3,APPLIED_BARE,1,"The computational predictor REVEL gives a score of 0.959, which is above the threshold of 0.7, evidence that correlates with impact to NRAS function (PP3).",NRAS,P/LP,True
1070042,SCV005903318.1,PM1,PM1,APPLIED_BARE,1,"This variant resides within the Switch 2 region (amino acids 57 – 64), of NRAS that is defined as a critical functional domain (PM1).",NRAS,P/LP,True
1070042,SCV005903318.1,PS1,PS1,APPLIED_BARE,1,"ClinVar ID: 12610), in the same codon have been classified as pathogenic for RASopathy by the ClinGen RASopathy VCEP (PS1).",NRAS,P/LP,True
1070042,SCV005903318.1,PS4_Supporting,PS4,APPLIED_BARE,1,This variant has been reported in 1 proband with RASopathy (PS4_Supporting;,NRAS,P/LP,True
1070042,SCV005903318.1,PS3_Moderate,PS3,APPLIED_BARE,1,"Additionally, a higher level of NRASThr58Ile in its GTP-bound, active form was observed, indicating that this variant causes gain of function (PMID: 28594414) (PS3_Moderate).",NRAS,P/LP,True
1070042,SCV005903318.1,PS1,PS1,APPLIED,6,"In summary, this variant meets the criteria to be classified as pathogenic for autosomal dominant RASopathy based on the ACMG/AMP criteria applied, as specified by the ClinGen RASopathy VCEP: PS1, PS3_Moderate, PM1, PS4_Supporting, PM2_Supporting, PP3.",NRAS,P/LP,True
1070042,SCV005903318.1,PS3_Moderate,PS3,APPLIED,6,"In summary, this variant meets the criteria to be classified as pathogenic for autosomal dominant RASopathy based on the ACMG/AMP criteria applied, as specified by the ClinGen RASopathy VCEP: PS1, PS3_Moderate, PM1, PS4_Supporting, PM2_Supporting, PP3.",NRAS,P/LP,True
1070042,SCV005903318.1,PM1,PM1,APPLIED,6,"In summary, this variant meets the criteria to be classified as pathogenic for autosomal dominant RASopathy based on the ACMG/AMP criteria applied, as specified by the ClinGen RASopathy VCEP: PS1, PS3_Moderate, PM1, PS4_Supporting, PM2_Supporting, PP3.",NRAS,P/LP,True
1070042,SCV005903318.1,PS4_Supporting,PS4,APPLIED,6,"In summary, this variant meets the criteria to be classified as pathogenic for autosomal dominant RASopathy based on the ACMG/AMP criteria applied, as specified by the ClinGen RASopathy VCEP: PS1, PS3_Moderate, PM1, PS4_Supporting, PM2_Supporting, PP3.",NRAS,P/LP,True
1070042,SCV005903318.1,PM2_Supporting,PM2,APPLIED,6,"In summary, this variant meets the criteria to be classified as pathogenic for autosomal dominant RASopathy based on the ACMG/AMP criteria applied, as specified by the ClinGen RASopathy VCEP: PS1, PS3_Moderate, PM1, PS4_Supporting, PM2_Supporting, PP3.",NRAS,P/LP,True
1070042,SCV005903318.1,PP3,PP3,APPLIED,6,"In summary, this variant meets the criteria to be classified as pathogenic for autosomal dominant RASopathy based on the ACMG/AMP criteria applied, as specified by the ClinGen RASopathy VCEP: PS1, PS3_Moderate, PM1, PS4_Supporting, PM2_Supporting, PP3.",NRAS,P/LP,True
1184933,SCV006059788.1,PM2_Supporting,PM2,APPLIED,2,"The filtering allele frequency (the upper threshold of the 95% CI of 1/30612) of the c.1687G>C variant in LZTR1 is 0.0 for South Asian chromosomes by gnomAD v2.1.1, which is lower than the ClinGen RASopathy VCEP threshold (≤0.000025) for PM2_Supporting, and therefore meets this criterion (PM2_Suppor",LZTR1,VUS,True
1184933,SCV006059788.1,PM2_Supporting,PM2,APPLIED,2,"The filtering allele frequency (the upper threshold of the 95% CI of 1/30612) of the c.1687G>C variant in LZTR1 is 0.0 for South Asian chromosomes by gnomAD v2.1.1, which is lower than the ClinGen RASopathy VCEP threshold (≤0.000025) for PM2_Supporting, and therefore meets this criterion (PM2_Suppor",LZTR1,VUS,True
1184933,SCV006059788.1,BP4,BP4,NOT_MET,1,"The computational predictor REVEL gives a score of 0.14, which is below the threshold of 0.3, evidence that does not predict a damaging effect on LZTR1 function (BP4).",LZTR1,VUS,True
1184933,SCV006059788.1,PM3,PM3,APPLIED_BARE,2,"They were homozygous for the variant (0.5 PM3 points, PMID: 29469822) (PM3_Supporting).",LZTR1,VUS,True
1184933,SCV006059788.1,PM3_Supporting,PM3,APPLIED_BARE,2,"They were homozygous for the variant (0.5 PM3 points, PMID: 29469822) (PM3_Supporting).",LZTR1,VUS,True
1184933,SCV006059788.1,PS3_Supporting,PS3,APPLIED_BARE,1,LZTR1 stability in COS-1 cells showed almost absent expression levels by immunoblotting and relative quatitative analyses indicating that this variant impacts protein function (PMID:30481304)(PS3_Supporting).,LZTR1,VUS,True
1184933,SCV006059788.1,PS3_Supporting,PS3,APPLIED,4,"In summary, this variant meets the criteria to be classified as uncertain significance with conflicting evidence for autosomal recessive RASopathy based on the ACMG/AMP criteria applied, as specified by the ClinGen RASopathy VCEP: PS3_Supporting, PM2_Supporting, PM3_Supporting, BP4.",LZTR1,VUS,True
1184933,SCV006059788.1,PM2_Supporting,PM2,APPLIED,4,"In summary, this variant meets the criteria to be classified as uncertain significance with conflicting evidence for autosomal recessive RASopathy based on the ACMG/AMP criteria applied, as specified by the ClinGen RASopathy VCEP: PS3_Supporting, PM2_Supporting, PM3_Supporting, BP4.",LZTR1,VUS,True
1184933,SCV006059788.1,PM3_Supporting,PM3,APPLIED,4,"In summary, this variant meets the criteria to be classified as uncertain significance with conflicting evidence for autosomal recessive RASopathy based on the ACMG/AMP criteria applied, as specified by the ClinGen RASopathy VCEP: PS3_Supporting, PM2_Supporting, PM3_Supporting, BP4.",LZTR1,VUS,True
1184933,SCV006059788.1,BP4,BP4,APPLIED,4,"In summary, this variant meets the criteria to be classified as uncertain significance with conflicting evidence for autosomal recessive RASopathy based on the ACMG/AMP criteria applied, as specified by the ClinGen RASopathy VCEP: PS3_Supporting, PM2_Supporting, PM3_Supporting, BP4.",LZTR1,VUS,True
1270813,SCV005367987.1,BP4,BP4,APPLIED_BARE,2,"In addition, it occurs at a nucleotide that is not conserved as shown by UCSC Genome Browser (BP4, BP7).",,,False
1270813,SCV005367987.1,BP7,BP7,APPLIED_BARE,2,"In addition, it occurs at a nucleotide that is not conserved as shown by UCSC Genome Browser (BP4, BP7).",,,False
1270813,SCV005367987.1,BA1,BA1,APPLIED,2,"The highest population filtering allele frequency in gnomAD v2.1.1 is 0.6134 (97382/231122 alleles) in the Latino/Admixed American population, which is higher than the ClinGen RASopathy VCEP threshold (>0.0005) for BA1, and therefore meets this criterion (BA1).",,,False
1270813,SCV005367987.1,BA1,BA1,APPLIED,2,"The highest population filtering allele frequency in gnomAD v2.1.1 is 0.6134 (97382/231122 alleles) in the Latino/Admixed American population, which is higher than the ClinGen RASopathy VCEP threshold (>0.0005) for BA1, and therefore meets this criterion (BA1).",,,False
1270813,SCV005367987.1,BA1,BA1,APPLIED,3,"In summary, this variant meets the criteria to be classified as benign for autosomal dominant RASopathy based on the ACMG/AMP criteria applied, as specified by the ClinGen RASopathy VCEP: BA1, BP4, BP7.",,,False
1270813,SCV005367987.1,BP4,BP4,APPLIED,3,"In summary, this variant meets the criteria to be classified as benign for autosomal dominant RASopathy based on the ACMG/AMP criteria applied, as specified by the ClinGen RASopathy VCEP: BA1, BP4, BP7.",,,False
1270813,SCV005367987.1,BP7,BP7,APPLIED,3,"In summary, this variant meets the criteria to be classified as benign for autosomal dominant RASopathy based on the ACMG/AMP criteria applied, as specified by the ClinGen RASopathy VCEP: BA1, BP4, BP7.",,,False
1723651,SCV007537824.1,PM2_Supporting,PM2,APPLIED_BARE,1,This variant was absent from gnomAD v2.1.1 (PM2_Supporting).,MAP2K1,P/LP,True
1723651,SCV007537824.1,PP3,PP3,APPLIED_BARE,1,"The computational prediction tool REVEL gives a score of 0.845, suggesting that this variant may impact the protein (PP3).",MAP2K1,P/LP,True
1723651,SCV007537824.1,PP2,PP2,APPLIED_BARE,1,"This variant is located in the MAP2K1 gene, which has been defined by the ClinGen RASopathy Expert Panel as a gene with a low rate of benign missense variants and pathogenic missense variants are common (PP2).",MAP2K1,P/LP,True
1723651,SCV007537824.1,PM5,PM5,APPLIED_BARE,1,"Another missense variant c.124C>T (p.Leu42Phe) in the same codon has been has been classified as pathogenic for RASopathy by the ClinGen RASopathy VCEP (PM5, ClinVar Variation ID: 44587).",MAP2K1,P/LP,True
1723651,SCV007537824.1,PS2_Moderate,PS2,APPLIED,5,"In summary, this variant meets criteria to be classified as likely pathogenic for autosomal dominant RASopathy based on the ACMG/AMP criteria applied, as specified by the ClinGen RASopathy Variant Curation Expert Panel: PS2_Moderate, PM5, PM2_Supporting, PP2, PP3 (Specification Version 2.3.0).",MAP2K1,P/LP,True
1723651,SCV007537824.1,PM5,PM5,APPLIED,5,"In summary, this variant meets criteria to be classified as likely pathogenic for autosomal dominant RASopathy based on the ACMG/AMP criteria applied, as specified by the ClinGen RASopathy Variant Curation Expert Panel: PS2_Moderate, PM5, PM2_Supporting, PP2, PP3 (Specification Version 2.3.0).",MAP2K1,P/LP,True
1723651,SCV007537824.1,PM2_Supporting,PM2,APPLIED,5,"In summary, this variant meets criteria to be classified as likely pathogenic for autosomal dominant RASopathy based on the ACMG/AMP criteria applied, as specified by the ClinGen RASopathy Variant Curation Expert Panel: PS2_Moderate, PM5, PM2_Supporting, PP2, PP3 (Specification Version 2.3.0).",MAP2K1,P/LP,True
1723651,SCV007537824.1,PP2,PP2,APPLIED,5,"In summary, this variant meets criteria to be classified as likely pathogenic for autosomal dominant RASopathy based on the ACMG/AMP criteria applied, as specified by the ClinGen RASopathy Variant Curation Expert Panel: PS2_Moderate, PM5, PM2_Supporting, PP2, PP3 (Specification Version 2.3.0).",MAP2K1,P/LP,True
1723651,SCV007537824.1,PP3,PP3,APPLIED,5,"In summary, this variant meets criteria to be classified as likely pathogenic for autosomal dominant RASopathy based on the ACMG/AMP criteria applied, as specified by the ClinGen RASopathy Variant Curation Expert Panel: PS2_Moderate, PM5, PM2_Supporting, PP2, PP3 (Specification Version 2.3.0).",MAP2K1,P/LP,True
2078744,SCV006059791.1,PVS1_Moderate,PVS1,APPLIED_BARE,1,"It is predicted to cause skipping of biologically-relevant-exon 10/21, resulting in a frameshift leading to nonsense mediated decay in a gene in which loss-of-function is an established disease mechanism (PVS1_Moderate).",,,False
2078744,SCV006059791.1,PM2_Supporting,PM2,APPLIED_BARE,2,"The highest population minor allele frequency in gnomAD v2.1.1 is 0.000008998 (1/111130 alleles) in the European (non-Finnish) population, which is lower than the ClinGen RASopathy VCEP threshold (≤0.000025) for PM2_Supporting, meeting this criterion (PM2_Supporting).",,,False
2078744,SCV006059791.1,PM2_Supporting,PM2,APPLIED_BARE,2,"The highest population minor allele frequency in gnomAD v2.1.1 is 0.000008998 (1/111130 alleles) in the European (non-Finnish) population, which is lower than the ClinGen RASopathy VCEP threshold (≤0.000025) for PM2_Supporting, meeting this criterion (PM2_Supporting).",,,False
2078744,SCV006059791.1,PS1,PS1,APPLIED_BARE,1,"A variant causing the same canonical splice site change, resulting from a different nucleotide change c.1149+1G>A, is classified as likely pathogenic for autosomal recessive RASopathy by the ClinGen RASopathy VCEP (PS1).",,,False
2078744,SCV006059791.1,PM3,PM3,APPLIED_BARE,2,"They were compound heterozygous for the variant and a pathogenic or likely pathogenic variant and were confirmed in trans by family testing (c.1084C>T (p.Arg362*), c.2062C>T (p.R688C), 1.25 PM3 points, PMIDs: 30859559 and 31182298) (PM3).",,,False
2078744,SCV006059791.1,PM3,PM3,APPLIED_BARE,2,"They were compound heterozygous for the variant and a pathogenic or likely pathogenic variant and were confirmed in trans by family testing (c.1084C>T (p.Arg362*), c.2062C>T (p.R688C), 1.25 PM3 points, PMIDs: 30859559 and 31182298) (PM3).",,,False
2078744,SCV006059791.1,PS1,PS1,APPLIED,4,"In summary, this variant meets the criteria to be classified as likely pathogenic for autosomal recessive RASopathy based on the ACMG/AMP criteria applied, as specified by the ClinGen RASopathy VCEP: PS1, PVS1_Moderate, PM3, PM2_Supporting.",,,False
2078744,SCV006059791.1,PVS1_Moderate,PVS1,APPLIED,4,"In summary, this variant meets the criteria to be classified as likely pathogenic for autosomal recessive RASopathy based on the ACMG/AMP criteria applied, as specified by the ClinGen RASopathy VCEP: PS1, PVS1_Moderate, PM3, PM2_Supporting.",,,False
2078744,SCV006059791.1,PM3,PM3,APPLIED,4,"In summary, this variant meets the criteria to be classified as likely pathogenic for autosomal recessive RASopathy based on the ACMG/AMP criteria applied, as specified by the ClinGen RASopathy VCEP: PS1, PVS1_Moderate, PM3, PM2_Supporting.",,,False
2078744,SCV006059791.1,PM2_Supporting,PM2,APPLIED,4,"In summary, this variant meets the criteria to be classified as likely pathogenic for autosomal recessive RASopathy based on the ACMG/AMP criteria applied, as specified by the ClinGen RASopathy VCEP: PS1, PVS1_Moderate, PM3, PM2_Supporting.",,,False
3541717,SCV006059789.1,PM2_Supporting,PM2,APPLIED_BARE,1,This variant is absent from gnomAD v2.1.1 (PM2_Supporting).,LZTR1,VUS,True
3541717,SCV006059789.1,BP4,BP4,NOT_MET,1,"The computational predictor REVEL gives a score of 0.287, which is below the threshold of 0.3, evidence that does not predict a damaging effect on LZTR1 function (BP4).",LZTR1,VUS,True
3541717,SCV006059789.1,PM3,PM3,APPLIED_BARE,2,"They were homozygous for the variant (0.5 PM3 points, PMID: 29469822) (PM3_Supporting).",LZTR1,VUS,True
3541717,SCV006059789.1,PM3_Supporting,PM3,APPLIED_BARE,2,"They were homozygous for the variant (0.5 PM3 points, PMID: 29469822) (PM3_Supporting).",LZTR1,VUS,True
3541717,SCV006059789.1,PS3_Supporting,PS3,APPLIED_BARE,1,LZTR1 stability in COS-1 cells showed significantly reduced expression levels compared to wildtype indicating that this variant impacts protein function (PMID:30481304)(PS3_Supporting).,LZTR1,VUS,True
3541717,SCV006059789.1,PS3_Supporting,PS3,APPLIED,4,"In summary, this variant meets the criteria to be classified as uncertain significance with conflicting evidence for autosomal recessive RASopathy based on the ACMG/AMP criteria applied, as specified by the ClinGen RASopathy VCEP: PS3_Supporting, PM2_Supporting, PM3_Supporting, BP4.",LZTR1,VUS,True
3541717,SCV006059789.1,PM2_Supporting,PM2,APPLIED,4,"In summary, this variant meets the criteria to be classified as uncertain significance with conflicting evidence for autosomal recessive RASopathy based on the ACMG/AMP criteria applied, as specified by the ClinGen RASopathy VCEP: PS3_Supporting, PM2_Supporting, PM3_Supporting, BP4.",LZTR1,VUS,True
3541717,SCV006059789.1,PM3_Supporting,PM3,APPLIED,4,"In summary, this variant meets the criteria to be classified as uncertain significance with conflicting evidence for autosomal recessive RASopathy based on the ACMG/AMP criteria applied, as specified by the ClinGen RASopathy VCEP: PS3_Supporting, PM2_Supporting, PM3_Supporting, BP4.",LZTR1,VUS,True
3541717,SCV006059789.1,BP4,BP4,APPLIED,4,"In summary, this variant meets the criteria to be classified as uncertain significance with conflicting evidence for autosomal recessive RASopathy based on the ACMG/AMP criteria applied, as specified by the ClinGen RASopathy VCEP: PS3_Supporting, PM2_Supporting, PM3_Supporting, BP4.",LZTR1,VUS,True
