accession,hgvs_nt,hgvs_splice,hgvs_pro,score
urn:mavedb:00000057-a-1#1,,,p.Glu30Tyr,-0.0703159741666033
urn:mavedb:00000057-a-1#2,,,p.Asp29Tyr,-0.134632901268585
urn:mavedb:00000057-a-1#3,,,p.Val28Tyr,0.0324185391774407
urn:mavedb:00000057-a-1#4,,,p.Phe27Tyr,0.1751977204312311
urn:mavedb:00000057-a-1#5,,,p.His26Tyr,0.0851140564920791
urn:mavedb:00000057-a-1#6,,,p.Asn25Tyr,-0.1526154596442675
urn:mavedb:00000057-a-1#7,,,p.Gln24Tyr,-0.351210047398401
urn:mavedb:00000057-a-1#8,,,p.Ile23Tyr,-0.0016650378199884
urn:mavedb:00000057-a-1#9,,,p.Leu22Tyr,-0.0721846180766245
urn:mavedb:00000057-a-1#10,,,p.Gln21Tyr,-0.0396749639408751
urn:mavedb:00000057-a-1#11,,,p.Ile20Tyr,-0.2756847528694035
urn:mavedb:00000057-a-1#12,,,p.Thr19Tyr,-0.7906787276359977
urn:mavedb:00000057-a-1#13,,,p.Leu18Tyr,-0.4698385558414182
urn:mavedb:00000057-a-1#14,,,p.Ala17Tyr,-0.7309703640084051
urn:mavedb:00000057-a-1#15,,,p.Ser16Tyr,-0.7885630272703952
urn:mavedb:00000057-a-1#16,,,p.Lys15Tyr,-0.7189898748231659
urn:mavedb:00000057-a-1#17,,,p.Gly14Tyr,-0.6869926797977021
urn:mavedb:00000057-a-1#18,,,p.Val13Tyr,-0.4907758888393948
urn:mavedb:00000057-a-1#19,,,p.Gly12Tyr,0.075070045644333
urn:mavedb:00000057-a-1#20,,,p.Gly11Tyr,-0.0040418209205765
urn:mavedb:00000057-a-1#21,,,p.Ala10Tyr,-0.2074966715178209
urn:mavedb:00000057-a-1#22,,,p.Gly9Tyr,-0.6969817462096939
urn:mavedb:00000057-a-1#23,,,p.Val8Tyr,0.0712695667977864
urn:mavedb:00000057-a-1#24,,,p.Val7Tyr,-0.531275365058099
urn:mavedb:00000057-a-1#25,,,p.Val6Tyr,-0.0948440515651084
urn:mavedb:00000057-a-1#26,,,p.Leu5Tyr,-0.3630350300354291
urn:mavedb:00000057-a-1#27,,,p.Lys4Tyr,-0.2445079023671982
urn:mavedb:00000057-a-1#28,,,p.Tyr3=,0.0
urn:mavedb:00000057-a-1#29,,,p.Glu2Tyr,-0.3324921802013446
urn:mavedb:00000057-a-1#30,,,p.Thr1Tyr,0.0403073971252294
urn:mavedb:00000057-a-1#31,,,p.His165Trp,-0.053005373392834
urn:mavedb:00000057-a-1#32,,,p.Gln164Trp,-0.2113877839092615
urn:mavedb:00000057-a-1#33,,,p.Arg163Trp,-0.0085348240220191
urn:mavedb:00000057-a-1#34,,,p.Ile162Trp,-0.2743241702566555
urn:mavedb:00000057-a-1#35,,,p.Glu161Trp,0.0725386419917198
urn:mavedb:00000057-a-1#36,,,p.Arg160Trp,-0.1216347531362273
urn:mavedb:00000057-a-1#37,,,p.Val159Trp,0.0127829571304456
urn:mavedb:00000057-a-1#38,,,p.Leu158Trp,-0.2247159835475635
urn:mavedb:00000057-a-1#39,,,p.Thr157Trp,0.1871539874499756
urn:mavedb:00000057-a-1#40,,,p.Tyr156Trp,0.0723433802779514
urn:mavedb:00000057-a-1#41,,,p.Phe155Trp,0.0748940428954337
urn:mavedb:00000057-a-1#42,,,p.Ala154Trp,-0.5839078709988448
urn:mavedb:00000057-a-1#43,,,p.Asp153Trp,-0.105720305453816
urn:mavedb:00000057-a-1#44,,,p.Glu152Trp,-0.0468578678673218
urn:mavedb:00000057-a-1#45,,,p.Val151Trp,-0.0327624771473552
urn:mavedb:00000057-a-1#46,,,p.Gly150Trp,0.002849561436371
urn:mavedb:00000057-a-1#47,,,p.Gln149Trp,-0.1974678709028566
urn:mavedb:00000057-a-1#48,,,p.Arg148Trp,0.3043440172343377
urn:mavedb:00000057-a-1#49,,,p.Thr147Trp,-0.0418550587414588
urn:mavedb:00000057-a-1#50,,,p.Lys146Trp,0.2178816014490156
urn:mavedb:00000057-a-1#51,,,p.Ala145Trp,-0.4757209694096923
urn:mavedb:00000057-a-1#52,,,p.Ser144Trp,-0.4219134124797983
urn:mavedb:00000057-a-1#53,,,p.Thr143Trp,-0.6414020367127824
urn:mavedb:00000057-a-1#54,,,p.Glu142Trp,-0.5172997926783125
urn:mavedb:00000057-a-1#55,,,p.Ile141Trp,-0.2956406722919064
urn:mavedb:00000057-a-1#56,,,p.Tyr140Trp,-0.2685501836805861
urn:mavedb:00000057-a-1#57,,,p.Pro139Trp,-0.3836959348545389
urn:mavedb:00000057-a-1#58,,,p.Ile138Trp,-0.1254228498310495
urn:mavedb:00000057-a-1#59,,,p.Gly137Trp,-0.5550128323847185
urn:mavedb:00000057-a-1#60,,,p.Tyr136Trp,0.0001457397523522
urn:mavedb:00000057-a-1#61,,,p.Ser135Trp,0.0120425118719577
urn:mavedb:00000057-a-1#62,,,p.Arg134Trp,-0.3364639908055522
urn:mavedb:00000057-a-1#63,,,p.Ala133Trp,-0.3274442307120531
urn:mavedb:00000057-a-1#64,,,p.Leu132Trp,0.1127785024328207
urn:mavedb:00000057-a-1#65,,,p.Asp131Trp,-0.1364259471700076
urn:mavedb:00000057-a-1#66,,,p.Gln130Trp,-0.1038201481097167
urn:mavedb:00000057-a-1#67,,,p.Ala129Trp,0.057529122840378
urn:mavedb:00000057-a-1#68,,,p.Gln128Trp,0.0283507315000921
urn:mavedb:00000057-a-1#69,,,p.Arg127Trp,0.0447981063252492
urn:mavedb:00000057-a-1#70,,,p.Ser126Trp,-0.1480405261814927
urn:mavedb:00000057-a-1#71,,,p.Glu125Trp,-0.0689384960460336
urn:mavedb:00000057-a-1#72,,,p.Val124Trp,0.1236273355064764
urn:mavedb:00000057-a-1#73,,,p.Thr123Trp,-0.1313393761833893
urn:mavedb:00000057-a-1#74,,,p.Arg122Trp,-0.0290837062675468
urn:mavedb:00000057-a-1#75,,,p.Ala121Trp,-0.1816734958122562
urn:mavedb:00000057-a-1#76,,,p.Ala120Trp,-0.1895932072927929
urn:mavedb:00000057-a-1#77,,,p.Leu119Trp,0.1754953857953538
urn:mavedb:00000057-a-1#78,,,p.Asp118Trp,-0.6242644036447139
urn:mavedb:00000057-a-1#79,,,p.Cys117Trp,-0.2292611783256457
urn:mavedb:00000057-a-1#80,,,p.Lys116Trp,0.2503350618236193
urn:mavedb:00000057-a-1#81,,,p.Asn115Trp,-0.8158072907460647
urn:mavedb:00000057-a-1#82,,,p.Gly114Trp,-0.5198724143156099
urn:mavedb:00000057-a-1#83,,,p.Val113Trp,-0.7029824990176514
urn:mavedb:00000057-a-1#84,,,p.Leu112Trp,0.0843999294698906
urn:mavedb:00000057-a-1#85,,,p.Val111Trp,-0.7274155981277808
urn:mavedb:00000057-a-1#86,,,p.Met110Trp,-0.1131923264505435
urn:mavedb:00000057-a-1#87,,,p.Pro109Trp,-0.2324810385881352
urn:mavedb:00000057-a-1#88,,,p.Val108Trp,-0.0717525098092028
urn:mavedb:00000057-a-1#89,,,p.Asp107Trp,0.0344142456777915
urn:mavedb:00000057-a-1#90,,,p.Asp106Trp,0.1072991830103148
urn:mavedb:00000057-a-1#91,,,p.Ser105Trp,-0.0957721465699853
urn:mavedb:00000057-a-1#92,,,p.Asp104Trp,-0.1482466671893395
urn:mavedb:00000057-a-1#93,,,p.Lys103Trp,-0.0202373372393154
urn:mavedb:00000057-a-1#94,,,p.Val102Trp,0.0769152064393103
urn:mavedb:00000057-a-1#95,,,p.Arg101Trp,-0.2734464481766203
urn:mavedb:00000057-a-1#96,,,p.Lys100Trp,-0.2326023675462304
urn:mavedb:00000057-a-1#97,,,p.Ile99Trp,-0.2888620855096969
urn:mavedb:00000057-a-1#98,,,p.Gln98Trp,0.3412782030392087
urn:mavedb:00000057-a-1#99,,,p.Glu97Trp,-0.2964995741697424
urn:mavedb:00000057-a-1#100,,,p.Arg96Trp,0.2067610548787377
urn:mavedb:00000057-a-1#101,,,p.Tyr95Trp,0.019957598762493
urn:mavedb:00000057-a-1#102,,,p.Gln94Trp,0.6991912874492016
urn:mavedb:00000057-a-1#103,,,p.His93Trp,0.1070033400774552
urn:mavedb:00000057-a-1#104,,,p.Ile92Trp,-0.0098945731402611
urn:mavedb:00000057-a-1#105,,,p.Asp91Trp,0.2375534873065276
urn:mavedb:00000057-a-1#106,,,p.Glu90Trp,-0.0842826901665585
urn:mavedb:00000057-a-1#107,,,p.Phe89Trp,0.1459990560005905
urn:mavedb:00000057-a-1#108,,,p.Ser88Trp,-0.0519941912812003
urn:mavedb:00000057-a-1#109,,,p.Lys87Trp,-0.1072321689641959
urn:mavedb:00000057-a-1#110,,,p.Thr86Trp,-0.0848150563270362
urn:mavedb:00000057-a-1#111,,,p.Asn85Trp,-0.2720668087338102
urn:mavedb:00000057-a-1#112,,,p.Asn84Trp,-0.2815278693940942
urn:mavedb:00000057-a-1#113,,,p.Ile83Trp,-0.07531723404237
urn:mavedb:00000057-a-1#114,,,p.Ala82Trp,-0.2879782913670565
urn:mavedb:00000057-a-1#115,,,p.Phe81Trp,-0.1070828336830359
urn:mavedb:00000057-a-1#116,,,p.Val80Trp,-0.5652469902926639
urn:mavedb:00000057-a-1#117,,,p.Cys79Trp,-0.002200658870155
urn:mavedb:00000057-a-1#118,,,p.Leu78Trp,-0.4072760035378057
urn:mavedb:00000057-a-1#119,,,p.Phe77Trp,-0.2111396077811778
urn:mavedb:00000057-a-1#120,,,p.Gly76Trp,-0.6592541492027848
urn:mavedb:00000057-a-1#121,,,p.Glu75Trp,-0.066941403077737
urn:mavedb:00000057-a-1#122,,,p.Gly74Trp,-0.3093802961813949
urn:mavedb:00000057-a-1#123,,,p.Thr73Trp,0.2302354643451696
urn:mavedb:00000057-a-1#124,,,p.Arg72Trp,-0.0678538700827101
urn:mavedb:00000057-a-1#125,,,p.Met71Trp,0.2634004848207346
urn:mavedb:00000057-a-1#126,,,p.Tyr70Trp,-0.1554697505834522
urn:mavedb:00000057-a-1#127,,,p.Gln69Trp,0.0261609479478915
urn:mavedb:00000057-a-1#128,,,p.Asp68Trp,-0.2497398689499447
urn:mavedb:00000057-a-1#129,,,p.Arg67Trp,0.2250144958466708
urn:mavedb:00000057-a-1#130,,,p.Met66Trp,0.2309738275990194
urn:mavedb:00000057-a-1#131,,,p.Ala65Trp,0.0566597159143349
urn:mavedb:00000057-a-1#132,,,p.Ser64Trp,-0.0195455540471909
urn:mavedb:00000057-a-1#133,,,p.Tyr63Trp,0.048575256621019
urn:mavedb:00000057-a-1#134,,,p.Glu62Trp,0.5184598027185794
urn:mavedb:00000057-a-1#135,,,p.Glu61Trp,0.0915758986613479
urn:mavedb:00000057-a-1#136,,,p.Gln60Trp,0.2639573580183574
urn:mavedb:00000057-a-1#137,,,p.Gly59Trp,-0.3488254051824782
urn:mavedb:00000057-a-1#138,,,p.Ala58Trp,-0.4998091449641449
urn:mavedb:00000057-a-1#139,,,p.Thr57Trp,-0.3455855201568857
urn:mavedb:00000057-a-1#140,,,p.Asp56Trp,-0.7075206287459834
urn:mavedb:00000057-a-1#141,,,p.Leu55Trp,0.0487300321938467
urn:mavedb:00000057-a-1#142,,,p.Ile54Trp,-0.5380609305274167
urn:mavedb:00000057-a-1#143,,,p.Asp53Trp,-0.4276419141847389
urn:mavedb:00000057-a-1#144,,,p.Leu52Trp,-0.0884318902612776
urn:mavedb:00000057-a-1#145,,,p.Leu51Trp,0.0545219346959443
urn:mavedb:00000057-a-1#146,,,p.Cys50Trp,0.0880642507015889
urn:mavedb:00000057-a-1#147,,,p.Thr49Trp,-0.0779521326651268
urn:mavedb:00000057-a-1#148,,,p.Glu48Trp,-0.2023437231085664
urn:mavedb:00000057-a-1#149,,,p.Gly47Trp,-0.2595523705788427
urn:mavedb:00000057-a-1#150,,,p.Asp46Trp,-0.2976304591627482
urn:mavedb:00000057-a-1#151,,,p.Ile45Trp,-0.0762676455952706
urn:mavedb:00000057-a-1#152,,,p.Val44Trp,0.0050500407730444
urn:mavedb:00000057-a-1#153,,,p.Val43Trp,0.0396605620735321
urn:mavedb:00000057-a-1#154,,,p.Gln42Trp,-0.138382343452582
urn:mavedb:00000057-a-1#155,,,p.Lys41Trp,0.0892250571962355
urn:mavedb:00000057-a-1#156,,,p.Arg40Trp,-0.321750691292079
urn:mavedb:00000057-a-1#157,,,p.Tyr39Trp,-0.3743451589456836
urn:mavedb:00000057-a-1#158,,,p.Ser38Trp,-0.5400452520112677
urn:mavedb:00000057-a-1#159,,,p.Asp37Trp,-0.6985192802999451
urn:mavedb:00000057-a-1#160,,,p.Glu36Trp,-0.4824337062284432
urn:mavedb:00000057-a-1#161,,,p.Ile35Trp,-0.2903171805605254
urn:mavedb:00000057-a-1#162,,,p.Thr34Trp,-0.6887885276109775
urn:mavedb:00000057-a-1#163,,,p.Pro33Trp,-0.5021524629663208
urn:mavedb:00000057-a-1#164,,,p.Asp32Trp,-0.4007455196487881
urn:mavedb:00000057-a-1#165,,,p.Tyr31Trp,-0.437956452705384
urn:mavedb:00000057-a-1#166,,,p.Glu30Trp,-0.4387246979007801
urn:mavedb:00000057-a-1#167,,,p.Asp29Trp,-0.0513730014592262
urn:mavedb:00000057-a-1#168,,,p.Val28Trp,0.1467175749318314
urn:mavedb:00000057-a-1#169,,,p.Phe27Trp,0.2211165419072829
urn:mavedb:00000057-a-1#170,,,p.His26Trp,0.2620902100135642
urn:mavedb:00000057-a-1#171,,,p.Asn25Trp,-0.0983668757900547
urn:mavedb:00000057-a-1#172,,,p.Gln24Trp,-0.214038684184386
urn:mavedb:00000057-a-1#173,,,p.Ile23Trp,-0.4489352200190791
urn:mavedb:00000057-a-1#174,,,p.Leu22Trp,-0.0152387060803127
urn:mavedb:00000057-a-1#175,,,p.Gln21Trp,-0.1121995641822128
urn:mavedb:00000057-a-1#176,,,p.Ile20Trp,-0.0534097106910728
urn:mavedb:00000057-a-1#177,,,p.Thr19Trp,-0.6003030461074084
urn:mavedb:00000057-a-1#178,,,p.Leu18Trp,-0.5867101960584149
urn:mavedb:00000057-a-1#179,,,p.Ala17Trp,-0.4579621150244704
urn:mavedb:00000057-a-1#180,,,p.Ser16Trp,-0.6742155987704281
urn:mavedb:00000057-a-1#181,,,p.Lys15Trp,-0.6921659620272342
urn:mavedb:00000057-a-1#182,,,p.Gly14Trp,-0.6714609491519764
urn:mavedb:00000057-a-1#183,,,p.Val13Trp,-0.7681925865126165
urn:mavedb:00000057-a-1#184,,,p.Gly12Trp,-0.0034350942388113
urn:mavedb:00000057-a-1#185,,,p.Gly11Trp,0.0820584480632743
urn:mavedb:00000057-a-1#186,,,p.Ala10Trp,-0.024494872111529
urn:mavedb:00000057-a-1#187,,,p.Gly9Trp,-0.7320704719442543
urn:mavedb:00000057-a-1#188,,,p.Val8Trp,-0.0225999551792861
urn:mavedb:00000057-a-1#189,,,p.Val7Trp,-0.290354158348945
urn:mavedb:00000057-a-1#190,,,p.Val6Trp,-0.1566389918545961
urn:mavedb:00000057-a-1#191,,,p.Leu5Trp,-0.3845987430022037
urn:mavedb:00000057-a-1#192,,,p.Lys4Trp,-0.459507928035431
urn:mavedb:00000057-a-1#193,,,p.Tyr3Trp,-0.1149867636115117
urn:mavedb:00000057-a-1#194,,,p.Glu2Trp,-0.5089438873472161
urn:mavedb:00000057-a-1#195,,,p.Thr1Trp,-0.1442878176164523
urn:mavedb:00000057-a-1#196,,,p.His165Val,0.0541997883649205
urn:mavedb:00000057-a-1#197,,,p.Gln164Val,-0.2433063984146879
urn:mavedb:00000057-a-1#198,,,p.Arg163Val,-0.0999903277787688
urn:mavedb:00000057-a-1#199,,,p.Ile162Val,-0.1409317648397819
urn:mavedb:00000057-a-1#200,,,p.Glu161Val,0.0022453082383154
urn:mavedb:00000057-a-1#201,,,p.Arg160Val,-0.1716413959680887
urn:mavedb:00000057-a-1#202,,,p.Val159=,0.0
urn:mavedb:00000057-a-1#203,,,p.Leu158Val,-0.1426104847881816
urn:mavedb:00000057-a-1#204,,,p.Thr157Val,0.0552420085414431
urn:mavedb:00000057-a-1#205,,,p.Tyr156Val,0.1975393720529042
urn:mavedb:00000057-a-1#206,,,p.Phe155Val,0.1574478192875702
urn:mavedb:00000057-a-1#207,,,p.Ala154Val,0.1873646496738318
urn:mavedb:00000057-a-1#208,,,p.Asp153Val,-0.1269843499165078
urn:mavedb:00000057-a-1#209,,,p.Glu152Val,0.0550766516933183
urn:mavedb:00000057-a-1#210,,,p.Val151=,0.0
urn:mavedb:00000057-a-1#211,,,p.Gly150Val,0.0582098589423457
urn:mavedb:00000057-a-1#212,,,p.Gln149Val,-0.10273857084496
urn:mavedb:00000057-a-1#213,,,p.Arg148Val,0.1225922646081256
urn:mavedb:00000057-a-1#214,,,p.Thr147Val,-0.0244692608427896
urn:mavedb:00000057-a-1#215,,,p.Lys146Val,0.2011883249596
urn:mavedb:00000057-a-1#216,,,p.Ala145Val,-0.0909122112289172
urn:mavedb:00000057-a-1#217,,,p.Pro109Val,0.0135540232308155
urn:mavedb:00000057-a-1#218,,,p.Val108=,0.0
urn:mavedb:00000057-a-1#219,,,p.Asp107Val,0.0920467821795631
urn:mavedb:00000057-a-1#220,,,p.Asp106Val,0.0979085296311107
urn:mavedb:00000057-a-1#221,,,p.Ser105Val,0.0650752220865968
urn:mavedb:00000057-a-1#222,,,p.Asp104Val,0.0034700335533601
urn:mavedb:00000057-a-1#223,,,p.Lys103Val,-0.0037143897903521
urn:mavedb:00000057-a-1#224,,,p.Val102=,0.0
urn:mavedb:00000057-a-1#225,,,p.Arg101Val,-0.1436212248390611
urn:mavedb:00000057-a-1#226,,,p.Lys100Val,-0.0197024309952256
urn:mavedb:00000057-a-1#227,,,p.Ile99Val,-0.0648747044197516
urn:mavedb:00000057-a-1#228,,,p.Gln98Val,0.1906788299763781
urn:mavedb:00000057-a-1#229,,,p.Glu97Val,-0.1818323963256404
urn:mavedb:00000057-a-1#230,,,p.Arg96Val,0.3647930135295032
urn:mavedb:00000057-a-1#231,,,p.Tyr95Val,0.4101518011368901
urn:mavedb:00000057-a-1#232,,,p.Gln94Val,0.1323958027812684
urn:mavedb:00000057-a-1#233,,,p.His93Val,0.2748088006363992
urn:mavedb:00000057-a-1#234,,,p.Ile92Val,0.006074156389437
urn:mavedb:00000057-a-1#235,,,p.Asp91Val,0.2275793980523167
urn:mavedb:00000057-a-1#236,,,p.Glu90Val,0.001111627186497
urn:mavedb:00000057-a-1#237,,,p.Phe89Val,-0.0431907684320473
urn:mavedb:00000057-a-1#238,,,p.Ser88Val,-0.2248266756518887
urn:mavedb:00000057-a-1#239,,,p.Lys87Val,-0.0541410697547429
urn:mavedb:00000057-a-1#240,,,p.Thr86Val,0.1140811861124586
urn:mavedb:00000057-a-1#241,,,p.Asn85Val,-0.2733070512383213
urn:mavedb:00000057-a-1#242,,,p.Asn84Val,-0.1025482471521739
urn:mavedb:00000057-a-1#243,,,p.Ile83Val,0.2213684583088284
urn:mavedb:00000057-a-1#244,,,p.Ala82Val,-0.0337638665344906
urn:mavedb:00000057-a-1#245,,,p.Phe81Val,0.0035990825958635
urn:mavedb:00000057-a-1#246,,,p.Val80=,0.0
urn:mavedb:00000057-a-1#247,,,p.Cys79Val,0.2399781079370157
urn:mavedb:00000057-a-1#248,,,p.Leu78Val,0.0948126979178086
urn:mavedb:00000057-a-1#249,,,p.Phe77Val,-0.0986515758750986
urn:mavedb:00000057-a-1#250,,,p.Gly76Val,0.1368876253420879
urn:mavedb:00000057-a-1#251,,,p.Glu75Val,0.1625272765236876
urn:mavedb:00000057-a-1#252,,,p.Gly74Val,0.2257674594342491
urn:mavedb:00000057-a-1#253,,,p.Thr73Val,0.0830748387834316
urn:mavedb:00000057-a-1#254,,,p.Arg72Val,-0.0383836414209708
urn:mavedb:00000057-a-1#255,,,p.Met71Val,0.0016547741875003
urn:mavedb:00000057-a-1#256,,,p.Tyr70Val,0.2635389249693628
urn:mavedb:00000057-a-1#257,,,p.Gln69Val,-0.1073041191270678
urn:mavedb:00000057-a-1#258,,,p.Asp68Val,-0.2959624137925553
urn:mavedb:00000057-a-1#259,,,p.Arg67Val,0.2737279194929036
urn:mavedb:00000057-a-1#260,,,p.Met66Val,0.5375998755281429
urn:mavedb:00000057-a-1#261,,,p.Ala65Val,0.1898353837286264
urn:mavedb:00000057-a-1#262,,,p.Ser64Val,0.0473541285722237
urn:mavedb:00000057-a-1#263,,,p.Tyr63Val,0.1456672189033124
urn:mavedb:00000057-a-1#264,,,p.Glu62Val,0.3917701345934597
urn:mavedb:00000057-a-1#265,,,p.Glu61Val,0.3166668636746459
urn:mavedb:00000057-a-1#266,,,p.Gln60Val,0.3887601172008901
urn:mavedb:00000057-a-1#267,,,p.Gly59Val,-0.3619073634957801
urn:mavedb:00000057-a-1#268,,,p.Ala58Val,-0.3793516799144097
urn:mavedb:00000057-a-1#269,,,p.Thr57Val,-0.0832462164120671
urn:mavedb:00000057-a-1#270,,,p.Asp56Val,-0.6066660017447125
urn:mavedb:00000057-a-1#271,,,p.Leu55Val,-0.0282165655992321
urn:mavedb:00000057-a-1#272,,,p.Ile54Val,-0.0599029865332597
urn:mavedb:00000057-a-1#273,,,p.Asp53Val,-0.5591067391883011
urn:mavedb:00000057-a-1#274,,,p.Leu52Val,0.2189838270526868
urn:mavedb:00000057-a-1#275,,,p.Leu51Val,0.1855466919775532
urn:mavedb:00000057-a-1#276,,,p.Cys50Val,0.0681574232861278
urn:mavedb:00000057-a-1#277,,,p.Thr49Val,0.0630133837765004
urn:mavedb:00000057-a-1#278,,,p.Glu48Val,-0.0010627489907855
urn:mavedb:00000057-a-1#279,,,p.Gly47Val,-0.1553057077232579
urn:mavedb:00000057-a-1#280,,,p.Asp46Val,-0.1147784712442435
urn:mavedb:00000057-a-1#281,,,p.Ile45Val,0.0879040467035331
urn:mavedb:00000057-a-1#282,,,p.Val44=,0.0
urn:mavedb:00000057-a-1#283,,,p.Val43=,0.0
urn:mavedb:00000057-a-1#284,,,p.Gln42Val,-0.0328051655189262
urn:mavedb:00000057-a-1#285,,,p.Lys41Val,0.2245321233151496
urn:mavedb:00000057-a-1#286,,,p.Arg40Val,-0.0272615424962192
urn:mavedb:00000057-a-1#287,,,p.Tyr39Val,-0.6381874020691336
urn:mavedb:00000057-a-1#288,,,p.Ser38Val,0.3147491452569878
urn:mavedb:00000057-a-1#289,,,p.Asp37Val,-0.7100033495499338
urn:mavedb:00000057-a-1#290,,,p.Glu36Val,-0.5563508298841358
urn:mavedb:00000057-a-1#291,,,p.Ile35Val,-0.223663020769902
urn:mavedb:00000057-a-1#292,,,p.Thr34Val,-0.6693778013690798
urn:mavedb:00000057-a-1#293,,,p.Pro33Val,-0.4490117763143578
urn:mavedb:00000057-a-1#294,,,p.Asp32Val,-0.4194852939905121
urn:mavedb:00000057-a-1#295,,,p.Tyr31Val,-0.4893448938814654
urn:mavedb:00000057-a-1#296,,,p.Glu30Val,-0.271870027007856
urn:mavedb:00000057-a-1#297,,,p.Asp29Val,-0.1375822632552444
urn:mavedb:00000057-a-1#298,,,p.Val28=,0.0
urn:mavedb:00000057-a-1#299,,,p.Phe27Val,-0.436399239593026
urn:mavedb:00000057-a-1#300,,,p.His26Val,-0.0676094104257113
urn:mavedb:00000057-a-1#301,,,p.Asn25Val,-0.2641458254848357
urn:mavedb:00000057-a-1#302,,,p.Gln24Val,0.2866844831653538
urn:mavedb:00000057-a-1#303,,,p.Ile23Val,-0.2089386759176027
urn:mavedb:00000057-a-1#304,,,p.Leu22Val,0.0005519238951314
urn:mavedb:00000057-a-1#305,,,p.Gln21Val,-0.2460943553365868
urn:mavedb:00000057-a-1#306,,,p.Ile20Val,0.1172033237614124
urn:mavedb:00000057-a-1#307,,,p.Thr19Val,0.0616761870614803
urn:mavedb:00000057-a-1#308,,,p.Leu18Val,0.0730223906338899
urn:mavedb:00000057-a-1#309,,,p.Ala17Val,-0.0298739782880444
urn:mavedb:00000057-a-1#310,,,p.Ser16Val,-0.631059627249126
urn:mavedb:00000057-a-1#311,,,p.Lys15Val,-0.7600354450990072
urn:mavedb:00000057-a-1#312,,,p.Gly14Val,-0.7472648567835323
urn:mavedb:00000057-a-1#313,,,p.Val13=,0.0
urn:mavedb:00000057-a-1#314,,,p.Gly12Val,0.1683178076013098
urn:mavedb:00000057-a-1#315,,,p.Gly11Val,0.0222419714001959
urn:mavedb:00000057-a-1#316,,,p.Ala10Val,-0.1472402706499128
urn:mavedb:00000057-a-1#317,,,p.Gly9Val,-0.6883108729977465
urn:mavedb:00000057-a-1#318,,,p.Val8=,0.0
urn:mavedb:00000057-a-1#319,,,p.Val7=,0.0
urn:mavedb:00000057-a-1#320,,,p.Val6=,0.0
urn:mavedb:00000057-a-1#321,,,p.Leu5Val,0.071280044220912
urn:mavedb:00000057-a-1#322,,,p.Lys4Val,-0.2550227473510531
urn:mavedb:00000057-a-1#323,,,p.Tyr3Val,-0.0228452441017441
urn:mavedb:00000057-a-1#324,,,p.Glu2Val,-0.2136502909416828
urn:mavedb:00000057-a-1#325,,,p.Thr1Val,-0.0054899095414332
urn:mavedb:00000057-a-1#326,,,p.His165Thr,0.0733869791374392
urn:mavedb:00000057-a-1#327,,,p.Gln164Thr,-0.0620497149503586
urn:mavedb:00000057-a-1#328,,,p.Arg163Thr,-0.0392744879170509
urn:mavedb:00000057-a-1#329,,,p.Ile162Thr,-0.157160517351036
urn:mavedb:00000057-a-1#330,,,p.Glu161Thr,-0.0012150357306367
urn:mavedb:00000057-a-1#331,,,p.His165Tyr,-0.0099566282352741
urn:mavedb:00000057-a-1#332,,,p.Gln164Tyr,-0.3737930279060265
urn:mavedb:00000057-a-1#333,,,p.Arg163Tyr,-0.1659255302772692
urn:mavedb:00000057-a-1#334,,,p.Ile162Tyr,-0.2564039989841519
urn:mavedb:00000057-a-1#335,,,p.Glu161Tyr,-0.023256420036632
urn:mavedb:00000057-a-1#336,,,p.Arg160Tyr,-0.1586075584245269
urn:mavedb:00000057-a-1#337,,,p.Val159Tyr,-0.1216286286600242
urn:mavedb:00000057-a-1#338,,,p.Leu158Tyr,-0.6920203910864638
urn:mavedb:00000057-a-1#339,,,p.Thr157Tyr,0.0923816383908381
urn:mavedb:00000057-a-1#340,,,p.Tyr156=,0.0
urn:mavedb:00000057-a-1#341,,,p.Phe155Tyr,-0.0493221461043575
urn:mavedb:00000057-a-1#342,,,p.Ala154Tyr,-0.6031126703628067
urn:mavedb:00000057-a-1#343,,,p.Asp153Tyr,-0.1675134300189285
urn:mavedb:00000057-a-1#344,,,p.Glu152Tyr,0.1197128555320094
urn:mavedb:00000057-a-1#345,,,p.Val151Tyr,0.131339355643645
urn:mavedb:00000057-a-1#346,,,p.Gly150Tyr,-0.1412833334717477
urn:mavedb:00000057-a-1#347,,,p.Gln149Tyr,-0.1447991598681503
urn:mavedb:00000057-a-1#348,,,p.Arg148Tyr,0.1843092018768706
urn:mavedb:00000057-a-1#349,,,p.Thr147Tyr,0.0094290623990305
urn:mavedb:00000057-a-1#350,,,p.Lys146Tyr,0.1879666901958902
urn:mavedb:00000057-a-1#351,,,p.Ala145Tyr,-0.6575791452193827
urn:mavedb:00000057-a-1#352,,,p.Ser144Tyr,-0.1326562556191583
urn:mavedb:00000057-a-1#353,,,p.Thr143Tyr,-0.5293421879147914
urn:mavedb:00000057-a-1#354,,,p.Glu142Tyr,-0.5217782899178003
urn:mavedb:00000057-a-1#355,,,p.Ile141Tyr,-0.0999797481591202
urn:mavedb:00000057-a-1#356,,,p.Tyr140=,0.0
urn:mavedb:00000057-a-1#357,,,p.Pro139Tyr,-0.1850931519147122
urn:mavedb:00000057-a-1#358,,,p.Ile138Tyr,-0.1584559002133242
urn:mavedb:00000057-a-1#359,,,p.Gly137Tyr,-0.4276495092117396
urn:mavedb:00000057-a-1#360,,,p.Tyr136=,0.0
urn:mavedb:00000057-a-1#361,,,p.Ser135Tyr,0.0587310269469941
urn:mavedb:00000057-a-1#362,,,p.Arg134Tyr,-0.202000584945022
urn:mavedb:00000057-a-1#363,,,p.Ala133Tyr,-0.1805860711159432
urn:mavedb:00000057-a-1#364,,,p.Leu132Tyr,-0.003630004515703
urn:mavedb:00000057-a-1#365,,,p.Asp131Tyr,-0.1051944827226033
urn:mavedb:00000057-a-1#366,,,p.Gln130Tyr,0.0548893244802066
urn:mavedb:00000057-a-1#367,,,p.Ala129Tyr,-0.0763575872855758
urn:mavedb:00000057-a-1#368,,,p.Gln128Tyr,-0.093370819528877
urn:mavedb:00000057-a-1#369,,,p.Arg127Tyr,-0.0927252303902275
urn:mavedb:00000057-a-1#370,,,p.Ser126Tyr,-0.0100044283714178
urn:mavedb:00000057-a-1#371,,,p.Glu125Tyr,-0.0617538472537967
urn:mavedb:00000057-a-1#372,,,p.Val124Tyr,0.1034612620056301
urn:mavedb:00000057-a-1#373,,,p.Thr123Tyr,0.0470149144109228
urn:mavedb:00000057-a-1#374,,,p.Arg122Tyr,0.2020892336774947
urn:mavedb:00000057-a-1#375,,,p.Ala121Tyr,-0.1995572872356798
urn:mavedb:00000057-a-1#376,,,p.Ala120Tyr,-0.1915766444783789
urn:mavedb:00000057-a-1#377,,,p.Leu119Tyr,0.1758947472068108
urn:mavedb:00000057-a-1#378,,,p.Asp118Tyr,-0.5989754361469449
urn:mavedb:00000057-a-1#379,,,p.Cys117Tyr,-0.0892550018206369
urn:mavedb:00000057-a-1#380,,,p.Lys116Tyr,0.2454056335445535
urn:mavedb:00000057-a-1#381,,,p.Asn115Tyr,-0.5222584064798271
urn:mavedb:00000057-a-1#382,,,p.Gly114Tyr,-0.4736751756458586
urn:mavedb:00000057-a-1#383,,,p.Val113Tyr,-0.5066397099466922
urn:mavedb:00000057-a-1#384,,,p.Leu112Tyr,-0.1740248782116715
urn:mavedb:00000057-a-1#385,,,p.Val111Tyr,-0.2706128215279484
urn:mavedb:00000057-a-1#386,,,p.Met110Tyr,-0.5893015986378772
urn:mavedb:00000057-a-1#387,,,p.Pro109Tyr,-0.1841449675624192
urn:mavedb:00000057-a-1#388,,,p.Val108Tyr,-0.025542531647169
urn:mavedb:00000057-a-1#389,,,p.Asp107Tyr,0.0267032473811289
urn:mavedb:00000057-a-1#390,,,p.Asp106Tyr,0.1849297488747856
urn:mavedb:00000057-a-1#391,,,p.Ser105Tyr,-0.0626654039213113
urn:mavedb:00000057-a-1#392,,,p.Asp104Tyr,-0.0736835655261212
urn:mavedb:00000057-a-1#393,,,p.Lys103Tyr,-0.0254712241994303
urn:mavedb:00000057-a-1#394,,,p.Val102Tyr,0.1287080641248556
urn:mavedb:00000057-a-1#395,,,p.Arg101Tyr,-0.1067908733602432
urn:mavedb:00000057-a-1#396,,,p.Lys100Tyr,-0.2266581315339653
urn:mavedb:00000057-a-1#397,,,p.Ile99Tyr,-0.5127905461113637
urn:mavedb:00000057-a-1#398,,,p.Gln98Tyr,0.4928567066031273
urn:mavedb:00000057-a-1#399,,,p.Glu97Tyr,-0.2208968006582543
urn:mavedb:00000057-a-1#400,,,p.Arg96Tyr,0.2077599340204507
urn:mavedb:00000057-a-1#401,,,p.Tyr95=,0.0
urn:mavedb:00000057-a-1#402,,,p.Gln94Tyr,0.3148949466424091
urn:mavedb:00000057-a-1#403,,,p.His93Tyr,0.0081833658693585
urn:mavedb:00000057-a-1#404,,,p.Ile92Tyr,-0.1339811141324593
urn:mavedb:00000057-a-1#405,,,p.Asp91Tyr,0.1119263995773306
urn:mavedb:00000057-a-1#406,,,p.Glu90Tyr,-0.0895825283960218
urn:mavedb:00000057-a-1#407,,,p.Phe89Tyr,-0.0278844321131266
urn:mavedb:00000057-a-1#408,,,p.Ser88Tyr,-0.293126486985698
urn:mavedb:00000057-a-1#409,,,p.Lys87Tyr,-0.1908489022153146
urn:mavedb:00000057-a-1#410,,,p.Thr86Tyr,-0.0091224983739968
urn:mavedb:00000057-a-1#411,,,p.Asn85Tyr,-0.2492267994195923
urn:mavedb:00000057-a-1#412,,,p.Asn84Tyr,-0.1351622785225333
urn:mavedb:00000057-a-1#413,,,p.Ile83Tyr,0.131989676079559
urn:mavedb:00000057-a-1#414,,,p.Ala82Tyr,-0.4638873436088041
urn:mavedb:00000057-a-1#415,,,p.Phe81Tyr,0.0488207460441725
urn:mavedb:00000057-a-1#416,,,p.Val80Tyr,-0.5297983353052359
urn:mavedb:00000057-a-1#417,,,p.Cys79Tyr,0.4017670912099917
urn:mavedb:00000057-a-1#418,,,p.Leu78Tyr,-0.2568520846559171
urn:mavedb:00000057-a-1#419,,,p.Phe77Tyr,0.0741777339283688
urn:mavedb:00000057-a-1#420,,,p.Gly76Tyr,-0.0826307221008885
urn:mavedb:00000057-a-1#421,,,p.Glu75Tyr,0.0761223132716658
urn:mavedb:00000057-a-1#422,,,p.Gly74Tyr,0.0082733840805158
urn:mavedb:00000057-a-1#423,,,p.Thr73Tyr,0.0531825573886272
urn:mavedb:00000057-a-1#424,,,p.Arg72Tyr,0.0294961901258612
urn:mavedb:00000057-a-1#425,,,p.Met71Tyr,0.0834532134209557
urn:mavedb:00000057-a-1#426,,,p.Tyr70=,0.0
urn:mavedb:00000057-a-1#427,,,p.Gln69Tyr,0.099663857179749
urn:mavedb:00000057-a-1#428,,,p.Asp68Tyr,-0.2587060918681172
urn:mavedb:00000057-a-1#429,,,p.Arg67Tyr,0.1882002043066984
urn:mavedb:00000057-a-1#430,,,p.Met66Tyr,0.172219980793581
urn:mavedb:00000057-a-1#431,,,p.Ala65Tyr,0.0277017654427265
urn:mavedb:00000057-a-1#432,,,p.Ser64Tyr,0.0365620134533779
urn:mavedb:00000057-a-1#433,,,p.Tyr63=,0.0
urn:mavedb:00000057-a-1#434,,,p.Glu62Tyr,0.4850882092691062
urn:mavedb:00000057-a-1#435,,,p.Glu61Tyr,0.3698799092526714
urn:mavedb:00000057-a-1#436,,,p.Gln60Tyr,0.2891108564171253
urn:mavedb:00000057-a-1#437,,,p.Gly59Tyr,-0.3886396311733565
urn:mavedb:00000057-a-1#438,,,p.Ala58Tyr,-0.4788476126543614
urn:mavedb:00000057-a-1#439,,,p.Thr57Tyr,-0.3866690782826129
urn:mavedb:00000057-a-1#440,,,p.Asp56Tyr,-0.5286637403395211
urn:mavedb:00000057-a-1#441,,,p.Leu55Tyr,-0.2467987186816095
urn:mavedb:00000057-a-1#442,,,p.Ile54Tyr,-0.7669756028689709
urn:mavedb:00000057-a-1#443,,,p.Asp53Tyr,-0.3370060858866659
urn:mavedb:00000057-a-1#444,,,p.Leu52Tyr,-0.0089211362389457
urn:mavedb:00000057-a-1#445,,,p.Leu51Tyr,-0.0205338494856947
urn:mavedb:00000057-a-1#446,,,p.Cys50Tyr,0.1117454497188489
urn:mavedb:00000057-a-1#447,,,p.Thr49Tyr,0.1203051531406095
urn:mavedb:00000057-a-1#448,,,p.Glu48Tyr,0.1027903136214502
urn:mavedb:00000057-a-1#449,,,p.Gly47Tyr,-0.2696322998787945
urn:mavedb:00000057-a-1#450,,,p.Asp46Tyr,-0.1245973744885412
urn:mavedb:00000057-a-1#451,,,p.Ile45Tyr,-0.0226412980035224
urn:mavedb:00000057-a-1#452,,,p.Val44Tyr,0.0160030847639271
urn:mavedb:00000057-a-1#453,,,p.Val43Tyr,0.285895998930101
urn:mavedb:00000057-a-1#454,,,p.Gln42Tyr,-0.059978446119094
urn:mavedb:00000057-a-1#455,,,p.Lys41Tyr,0.0377920615632522
urn:mavedb:00000057-a-1#456,,,p.Arg40Tyr,-0.2754971461360531
urn:mavedb:00000057-a-1#457,,,p.Tyr39=,0.0
urn:mavedb:00000057-a-1#458,,,p.Ser38Tyr,-0.4236321633277577
urn:mavedb:00000057-a-1#459,,,p.Asp37Tyr,-0.7057973823058916
urn:mavedb:00000057-a-1#460,,,p.Glu36Tyr,-0.2924499973477797
urn:mavedb:00000057-a-1#461,,,p.Ile35Tyr,-0.22557472396491
urn:mavedb:00000057-a-1#462,,,p.Thr34Tyr,-0.6486972196238172
urn:mavedb:00000057-a-1#463,,,p.Pro33Tyr,-0.6946825774904639
urn:mavedb:00000057-a-1#464,,,p.Asp32Tyr,-0.5818383685181638
urn:mavedb:00000057-a-1#465,,,p.Tyr31=,0.0
urn:mavedb:00000057-a-1#466,,,p.Arg160Thr,-0.0415827067086942
urn:mavedb:00000057-a-1#467,,,p.Val159Thr,-0.2024537456078869
urn:mavedb:00000057-a-1#468,,,p.Leu158Thr,-0.5173674894538903
urn:mavedb:00000057-a-1#469,,,p.Thr157=,0.0
urn:mavedb:00000057-a-1#470,,,p.Tyr156Thr,0.1404747756308926
urn:mavedb:00000057-a-1#471,,,p.Phe155Thr,-0.3334031923188551
urn:mavedb:00000057-a-1#472,,,p.Ala154Thr,-0.0827886055844603
urn:mavedb:00000057-a-1#473,,,p.Asp153Thr,-0.0755459368037554
urn:mavedb:00000057-a-1#474,,,p.Glu152Thr,0.0025716104135611
urn:mavedb:00000057-a-1#475,,,p.Val151Thr,0.0705862473328319
urn:mavedb:00000057-a-1#476,,,p.Gly150Thr,0.0964027019773712
urn:mavedb:00000057-a-1#477,,,p.Gln149Thr,-0.011212463242343
urn:mavedb:00000057-a-1#478,,,p.Arg148Thr,0.0741050457117966
urn:mavedb:00000057-a-1#479,,,p.Thr147=,0.0
urn:mavedb:00000057-a-1#480,,,p.Lys146Thr,0.2278996537452599
urn:mavedb:00000057-a-1#481,,,p.Ala145Thr,-0.0277360145005963
urn:mavedb:00000057-a-1#482,,,p.Ser144Thr,0.1787464143143887
urn:mavedb:00000057-a-1#483,,,p.Thr143=,0.0
urn:mavedb:00000057-a-1#484,,,p.Glu142Thr,-0.2512423541001209
urn:mavedb:00000057-a-1#485,,,p.Ile141Thr,-0.1474201808191581
urn:mavedb:00000057-a-1#486,,,p.Tyr140Thr,-0.560222512464401
urn:mavedb:00000057-a-1#487,,,p.Pro139Thr,0.0059701460279632
urn:mavedb:00000057-a-1#488,,,p.Ile138Thr,-0.2444282204461305
urn:mavedb:00000057-a-1#489,,,p.Gly137Thr,-0.2698258365384772
urn:mavedb:00000057-a-1#490,,,p.Tyr136Thr,-0.1528359305067195
urn:mavedb:00000057-a-1#491,,,p.Ser135Thr,-0.1109324393950214
urn:mavedb:00000057-a-1#492,,,p.Arg134Thr,-0.191799356666722
urn:mavedb:00000057-a-1#493,,,p.Ala133Thr,-0.3068017679881853
urn:mavedb:00000057-a-1#494,,,p.Leu132Thr,-0.178803690280506
urn:mavedb:00000057-a-1#495,,,p.Asp131Thr,-0.1285913021702425
urn:mavedb:00000057-a-1#496,,,p.Gln130Thr,-0.0501019685790549
urn:mavedb:00000057-a-1#497,,,p.Ala129Thr,-0.1579267381431363
urn:mavedb:00000057-a-1#498,,,p.Gln128Thr,0.0137321019189434
urn:mavedb:00000057-a-1#499,,,p.Arg127Thr,0.1028041142471225
urn:mavedb:00000057-a-1#500,,,p.Ser126Thr,0.0278926252051994
urn:mavedb:00000057-a-1#501,,,p.Glu125Thr,0.0724633685625028
urn:mavedb:00000057-a-1#502,,,p.Val124Thr,0.0338012454038885
urn:mavedb:00000057-a-1#503,,,p.Thr123=,0.0
urn:mavedb:00000057-a-1#504,,,p.Arg122Thr,0.1200889095655627
urn:mavedb:00000057-a-1#505,,,p.Ala121Thr,0.0163750653282979
urn:mavedb:00000057-a-1#506,,,p.Ala120Thr,0.0033717820630349
urn:mavedb:00000057-a-1#507,,,p.Leu119Thr,0.2881158121442169
urn:mavedb:00000057-a-1#508,,,p.Asp118Thr,-0.4085578853486663
urn:mavedb:00000057-a-1#509,,,p.Cys117Thr,-0.0512929717969169
urn:mavedb:00000057-a-1#510,,,p.Lys116Thr,-0.0261385019600574
urn:mavedb:00000057-a-1#511,,,p.Asn115Thr,0.4245102404669428
urn:mavedb:00000057-a-1#512,,,p.Gly114Thr,-0.4417583212747075
urn:mavedb:00000057-a-1#513,,,p.Val113Thr,-0.5107079448129458
urn:mavedb:00000057-a-1#514,,,p.Leu112Thr,-0.5990768955350718
urn:mavedb:00000057-a-1#515,,,p.Val111Thr,-0.4079446759000904
urn:mavedb:00000057-a-1#516,,,p.Met110Thr,-0.3328017365436237
urn:mavedb:00000057-a-1#517,,,p.Pro109Thr,-0.1089420332801372
urn:mavedb:00000057-a-1#518,,,p.Val108Thr,-0.122363507359693
urn:mavedb:00000057-a-1#519,,,p.Asp107Thr,0.0876195669647983
urn:mavedb:00000057-a-1#520,,,p.Asp106Thr,0.0739719867359789
urn:mavedb:00000057-a-1#521,,,p.Ser105Thr,0.1097161274156947
urn:mavedb:00000057-a-1#522,,,p.Asp104Thr,-0.0271036921936416
urn:mavedb:00000057-a-1#523,,,p.Lys103Thr,0.1736082125413972
urn:mavedb:00000057-a-1#524,,,p.Val102Thr,-0.0712525095727538
urn:mavedb:00000057-a-1#525,,,p.Arg101Thr,-0.1000633305391196
urn:mavedb:00000057-a-1#526,,,p.Lys100Thr,-0.1242488136448044
urn:mavedb:00000057-a-1#527,,,p.Ile99Thr,-0.3487749892510011
urn:mavedb:00000057-a-1#528,,,p.Gln98Thr,0.1901582064805242
urn:mavedb:00000057-a-1#529,,,p.Glu97Thr,0.0239479438496839
urn:mavedb:00000057-a-1#530,,,p.Arg96Thr,0.048774534786785
urn:mavedb:00000057-a-1#531,,,p.Tyr95Thr,0.154748759470014
urn:mavedb:00000057-a-1#532,,,p.Gln94Thr,0.0999234518478435
urn:mavedb:00000057-a-1#533,,,p.His93Thr,0.1193623305871968
urn:mavedb:00000057-a-1#534,,,p.Ile92Thr,-0.2337519667445783
urn:mavedb:00000057-a-1#535,,,p.Asp91Thr,0.0846451228827176
urn:mavedb:00000057-a-1#536,,,p.Glu90Thr,0.0319416450394407
urn:mavedb:00000057-a-1#537,,,p.Phe89Thr,-0.3216533380325031
urn:mavedb:00000057-a-1#538,,,p.Ser88Thr,0.0248803079984056
urn:mavedb:00000057-a-1#539,,,p.Lys87Thr,0.0376178629199708
urn:mavedb:00000057-a-1#540,,,p.Thr86=,0.0
urn:mavedb:00000057-a-1#541,,,p.Asn85Thr,-0.075674956580357
urn:mavedb:00000057-a-1#542,,,p.Asn84Thr,0.0355405185723631
urn:mavedb:00000057-a-1#543,,,p.Ile83Thr,0.2775872595044805
urn:mavedb:00000057-a-1#544,,,p.Ala82Thr,0.1570246087422381
urn:mavedb:00000057-a-1#545,,,p.Phe81Thr,-0.2625008421767575
urn:mavedb:00000057-a-1#546,,,p.Val80Thr,-0.1987485726439221
urn:mavedb:00000057-a-1#547,,,p.Cys79Thr,-0.3167545361310317
urn:mavedb:00000057-a-1#548,,,p.Leu78Thr,-0.5787765562303755
urn:mavedb:00000057-a-1#549,,,p.Phe77Thr,-0.4588287232589156
urn:mavedb:00000057-a-1#550,,,p.Gly76Thr,-0.3698478393596199
urn:mavedb:00000057-a-1#551,,,p.Glu75Thr,0.116742125693265
urn:mavedb:00000057-a-1#552,,,p.Gly74Thr,0.0801328479476312
urn:mavedb:00000057-a-1#553,,,p.Thr73=,0.0
urn:mavedb:00000057-a-1#554,,,p.Arg72Thr,-0.0009423878703403
urn:mavedb:00000057-a-1#555,,,p.Met71Thr,0.0623104154984409
urn:mavedb:00000057-a-1#556,,,p.Tyr70Thr,0.1647682262396491
urn:mavedb:00000057-a-1#557,,,p.Gln69Thr,0.0335173125695663
urn:mavedb:00000057-a-1#558,,,p.Asp68Thr,-0.0804725496041127
urn:mavedb:00000057-a-1#559,,,p.Arg67Thr,0.2696162557656378
urn:mavedb:00000057-a-1#560,,,p.Met66Thr,0.1145666233002272
urn:mavedb:00000057-a-1#561,,,p.Ala65Thr,0.0890716747452447
urn:mavedb:00000057-a-1#562,,,p.Ser64Thr,-0.040763727039772
urn:mavedb:00000057-a-1#563,,,p.Tyr63Thr,0.1525539467569783
urn:mavedb:00000057-a-1#564,,,p.Glu62Thr,0.3599111171774608
urn:mavedb:00000057-a-1#565,,,p.Glu61Thr,0.2175726935781062
urn:mavedb:00000057-a-1#566,,,p.Gln60Thr,0.3755565899201048
urn:mavedb:00000057-a-1#567,,,p.Gly59Thr,-0.4348792053970839
urn:mavedb:00000057-a-1#568,,,p.Tyr140Gln,-0.4879863220146586
urn:mavedb:00000057-a-1#569,,,p.Pro139Gln,-0.0170573842039418
urn:mavedb:00000057-a-1#570,,,p.Ile138Gln,-0.467451100367823
urn:mavedb:00000057-a-1#571,,,p.Gly137Gln,-0.2358451043278776
urn:mavedb:00000057-a-1#572,,,p.Tyr136Gln,0.0036709698402607
urn:mavedb:00000057-a-1#573,,,p.Ser135Gln,-0.0195309092598884
urn:mavedb:00000057-a-1#574,,,p.Arg134Gln,0.0242699903152193
urn:mavedb:00000057-a-1#575,,,p.Ala133Gln,-0.331652973951955
urn:mavedb:00000057-a-1#576,,,p.Leu132Gln,-0.1832369142161115
urn:mavedb:00000057-a-1#577,,,p.Asp131Gln,0.114377133272588
urn:mavedb:00000057-a-1#578,,,p.Gln130=,0.0
urn:mavedb:00000057-a-1#579,,,p.Ala129Gln,-0.2641599829667535
urn:mavedb:00000057-a-1#580,,,p.Gln128=,0.0
urn:mavedb:00000057-a-1#581,,,p.Arg127Gln,0.0612954618009135
urn:mavedb:00000057-a-1#582,,,p.Ser126Gln,-0.0442913564548222
urn:mavedb:00000057-a-1#583,,,p.Glu125Gln,0.0327658845486366
urn:mavedb:00000057-a-1#584,,,p.Val124Gln,0.0300499332137418
urn:mavedb:00000057-a-1#585,,,p.Thr123Gln,0.016380577650421
urn:mavedb:00000057-a-1#586,,,p.Arg122Gln,0.0990643644569652
urn:mavedb:00000057-a-1#587,,,p.Ala121Gln,0.0540592089824929
urn:mavedb:00000057-a-1#588,,,p.Ala120Gln,0.0845434277116152
urn:mavedb:00000057-a-1#589,,,p.Leu119Gln,0.2313447853402269
urn:mavedb:00000057-a-1#590,,,p.Asp118Gln,-0.4101970813399135
urn:mavedb:00000057-a-1#591,,,p.Cys117Gln,-0.0793687918440415
urn:mavedb:00000057-a-1#592,,,p.Lys116Gln,0.2393784491975992
urn:mavedb:00000057-a-1#593,,,p.Asn115Gln,0.220638550164836
urn:mavedb:00000057-a-1#594,,,p.Gly114Gln,-0.2517089082136609
urn:mavedb:00000057-a-1#595,,,p.Val113Gln,-0.5795297089320881
urn:mavedb:00000057-a-1#596,,,p.Leu112Gln,-0.4280105884101697
urn:mavedb:00000057-a-1#597,,,p.Val111Gln,-0.4776365763568226
urn:mavedb:00000057-a-1#598,,,p.Met110Gln,-0.585508624723952
urn:mavedb:00000057-a-1#599,,,p.Pro109Gln,-0.2436791052448717
urn:mavedb:00000057-a-1#600,,,p.Val108Gln,-0.3145757840747539
urn:mavedb:00000057-a-1#601,,,p.Asp107Gln,0.0486991785511935
urn:mavedb:00000057-a-1#602,,,p.Asp106Gln,0.1856365884045144
urn:mavedb:00000057-a-1#603,,,p.Ser105Gln,0.094289269290997
urn:mavedb:00000057-a-1#604,,,p.Asp104Gln,0.1909488350468504
urn:mavedb:00000057-a-1#605,,,p.Lys103Gln,-0.1649733863828641
urn:mavedb:00000057-a-1#606,,,p.Val102Gln,0.0491159217529826
urn:mavedb:00000057-a-1#607,,,p.Arg101Gln,-0.0962574940080495
urn:mavedb:00000057-a-1#608,,,p.Lys100Gln,0.0805252246770214
urn:mavedb:00000057-a-1#609,,,p.Ile99Gln,-0.4707162728546769
urn:mavedb:00000057-a-1#610,,,p.Gln98=,0.0
urn:mavedb:00000057-a-1#611,,,p.Glu97Gln,0.1804085099007311
urn:mavedb:00000057-a-1#612,,,p.Arg96Gln,-0.0235820666090371
urn:mavedb:00000057-a-1#613,,,p.Tyr95Gln,-0.2674577293037209
urn:mavedb:00000057-a-1#614,,,p.Gln94=,0.0
urn:mavedb:00000057-a-1#615,,,p.His93Gln,0.3329296817513219
urn:mavedb:00000057-a-1#616,,,p.Ile92Gln,-0.2949249996195316
urn:mavedb:00000057-a-1#617,,,p.Asp91Gln,0.249282338162338
urn:mavedb:00000057-a-1#618,,,p.Glu90Gln,0.1103097398692772
urn:mavedb:00000057-a-1#619,,,p.Phe89Gln,0.0508268125641703
urn:mavedb:00000057-a-1#620,,,p.Ser88Gln,-0.0113930906937341
urn:mavedb:00000057-a-1#621,,,p.Lys87Gln,0.1060496215719257
urn:mavedb:00000057-a-1#622,,,p.Thr86Gln,0.1306625671602959
urn:mavedb:00000057-a-1#623,,,p.Asn85Gln,-0.0138131008094574
urn:mavedb:00000057-a-1#624,,,p.Asn84Gln,0.0244071161892307
urn:mavedb:00000057-a-1#625,,,p.Ile83Gln,0.081791389695087
urn:mavedb:00000057-a-1#626,,,p.Ala82Gln,0.3520130624171059
urn:mavedb:00000057-a-1#627,,,p.Phe81Gln,-0.4358267243027321
urn:mavedb:00000057-a-1#628,,,p.Val80Gln,-0.2959960351541115
urn:mavedb:00000057-a-1#629,,,p.Cys79Gln,-0.3828057222367282
urn:mavedb:00000057-a-1#630,,,p.Leu78Gln,-0.5719707936684351
urn:mavedb:00000057-a-1#631,,,p.Phe77Gln,-0.5365091865566007
urn:mavedb:00000057-a-1#632,,,p.Gly76Gln,-0.582953020767872
urn:mavedb:00000057-a-1#633,,,p.Glu75Gln,0.0809187274472539
urn:mavedb:00000057-a-1#634,,,p.Gly74Gln,0.032970924026463
urn:mavedb:00000057-a-1#635,,,p.Thr73Gln,0.2941124047798886
urn:mavedb:00000057-a-1#636,,,p.Arg72Gln,0.0736659198574803
urn:mavedb:00000057-a-1#637,,,p.Met71Gln,0.045679341772599
urn:mavedb:00000057-a-1#638,,,p.Tyr70Gln,-0.0599751723933128
urn:mavedb:00000057-a-1#639,,,p.Gln69=,0.0
urn:mavedb:00000057-a-1#640,,,p.Asp68Gln,-0.1098707632765826
urn:mavedb:00000057-a-1#641,,,p.Arg67Gln,0.1861013804435617
urn:mavedb:00000057-a-1#642,,,p.Met66Gln,0.1443137999021169
urn:mavedb:00000057-a-1#643,,,p.Ala65Gln,0.1182983743191291
urn:mavedb:00000057-a-1#644,,,p.Ser64Gln,-0.0304133716273237
urn:mavedb:00000057-a-1#645,,,p.Tyr63Gln,0.182688295052324
urn:mavedb:00000057-a-1#646,,,p.Glu62Gln,0.3320335723057995
urn:mavedb:00000057-a-1#647,,,p.Glu61Gln,0.1994455608298861
urn:mavedb:00000057-a-1#648,,,p.Gln60=,0.0
urn:mavedb:00000057-a-1#649,,,p.Gly59Gln,-0.3852269507237419
urn:mavedb:00000057-a-1#650,,,p.Ala58Gln,-0.1509866344903065
urn:mavedb:00000057-a-1#651,,,p.Thr57Gln,-0.332926941898032
urn:mavedb:00000057-a-1#652,,,p.Asp56Gln,-0.5796894975386626
urn:mavedb:00000057-a-1#653,,,p.Leu55Gln,-0.2816482514541066
urn:mavedb:00000057-a-1#654,,,p.Ile54Gln,-0.8262362083667549
urn:mavedb:00000057-a-1#655,,,p.Asp53Gln,-0.4333747764245421
urn:mavedb:00000057-a-1#656,,,p.Leu52Gln,-0.4634677960203357
urn:mavedb:00000057-a-1#657,,,p.Leu51Gln,0.1032095970237231
urn:mavedb:00000057-a-1#658,,,p.Cys50Gln,-0.0759298073759794
urn:mavedb:00000057-a-1#659,,,p.Thr49Gln,-0.0688921425617449
urn:mavedb:00000057-a-1#660,,,p.Glu48Gln,0.086629559243006
urn:mavedb:00000057-a-1#661,,,p.Gly47Gln,0.0094164056005191
urn:mavedb:00000057-a-1#662,,,p.Asp46Gln,-0.0852957588103808
urn:mavedb:00000057-a-1#663,,,p.Ile45Gln,-0.1653348877180595
urn:mavedb:00000057-a-1#664,,,p.Val44Gln,0.0023069216732362
urn:mavedb:00000057-a-1#665,,,p.Val43Gln,-0.1123363081364294
urn:mavedb:00000057-a-1#666,,,p.Gln42=,0.0
urn:mavedb:00000057-a-1#667,,,p.Lys41Gln,-0.0109662106141748
urn:mavedb:00000057-a-1#668,,,p.Arg40Gln,-0.3266981819047717
urn:mavedb:00000057-a-1#669,,,p.Tyr39Gln,-0.7305394928967441
urn:mavedb:00000057-a-1#670,,,p.Ser38Gln,-0.0867111296010952
urn:mavedb:00000057-a-1#671,,,p.Asp37Gln,-0.8015817697313088
urn:mavedb:00000057-a-1#672,,,p.Glu36Gln,-0.5375237009257873
urn:mavedb:00000057-a-1#673,,,p.Ile35Gln,-0.4696940862998724
urn:mavedb:00000057-a-1#674,,,p.Thr34Gln,-0.6520866042859084
urn:mavedb:00000057-a-1#675,,,p.Pro33Gln,-0.3170328546510485
urn:mavedb:00000057-a-1#676,,,p.Asp32Gln,-0.2970920479572815
urn:mavedb:00000057-a-1#677,,,p.Tyr31Gln,-0.5063647549438222
urn:mavedb:00000057-a-1#678,,,p.Glu30Gln,-0.3274339620259477
urn:mavedb:00000057-a-1#679,,,p.Asp29Gln,0.7053340824392164
urn:mavedb:00000057-a-1#680,,,p.Val28Gln,-0.2234415398479581
urn:mavedb:00000057-a-1#681,,,p.Phe27Gln,-0.5235010371201501
urn:mavedb:00000057-a-1#682,,,p.Ser144Val,0.1016649347647593
urn:mavedb:00000057-a-1#683,,,p.Thr143Val,0.2382658033539757
urn:mavedb:00000057-a-1#684,,,p.Glu142Val,-0.2145961759995692
urn:mavedb:00000057-a-1#685,,,p.Ile141Val,0.0622937593810885
urn:mavedb:00000057-a-1#686,,,p.Tyr140Val,-0.0385534731324386
urn:mavedb:00000057-a-1#687,,,p.Pro139Val,-0.0709283462047824
urn:mavedb:00000057-a-1#688,,,p.Ile138Val,-0.071775121364736
urn:mavedb:00000057-a-1#689,,,p.Gly137Val,-0.3763534853630985
urn:mavedb:00000057-a-1#690,,,p.Tyr136Val,0.0043153458688821
urn:mavedb:00000057-a-1#691,,,p.Ser135Val,-0.1026625589681944
urn:mavedb:00000057-a-1#692,,,p.Arg134Val,-0.1273659592645955
urn:mavedb:00000057-a-1#693,,,p.Ala133Val,-0.2536617936466739
urn:mavedb:00000057-a-1#694,,,p.Leu132Val,0.003147554680857
urn:mavedb:00000057-a-1#695,,,p.Asp131Val,-0.2052792141664881
urn:mavedb:00000057-a-1#696,,,p.Gln130Val,0.0030392123081585
urn:mavedb:00000057-a-1#697,,,p.Ala129Val,-0.0113853430441281
urn:mavedb:00000057-a-1#698,,,p.Gln128Val,-0.0154612358309537
urn:mavedb:00000057-a-1#699,,,p.Arg127Val,0.0595203200225282
urn:mavedb:00000057-a-1#700,,,p.Ser126Val,-0.0013904287611507
urn:mavedb:00000057-a-1#701,,,p.Glu125Val,-0.0636765746418356
urn:mavedb:00000057-a-1#702,,,p.Val124=,0.0
urn:mavedb:00000057-a-1#703,,,p.Thr123Val,0.0149806738330133
urn:mavedb:00000057-a-1#704,,,p.Arg122Val,0.0434232908735943
urn:mavedb:00000057-a-1#705,,,p.Ala121Val,-0.0381570453814948
urn:mavedb:00000057-a-1#706,,,p.Ala120Val,-0.0502254899684062
urn:mavedb:00000057-a-1#707,,,p.Leu119Val,0.2350250127389784
urn:mavedb:00000057-a-1#708,,,p.Asp118Val,-0.4075196632741685
urn:mavedb:00000057-a-1#709,,,p.Cys117Val,-0.0235714741468368
urn:mavedb:00000057-a-1#710,,,p.Lys116Val,0.2472422513726058
urn:mavedb:00000057-a-1#711,,,p.Asn115Val,0.0848301835822239
urn:mavedb:00000057-a-1#712,,,p.Gly114Val,-0.1581996865902701
urn:mavedb:00000057-a-1#713,,,p.Val113=,0.0
urn:mavedb:00000057-a-1#714,,,p.Leu112Val,0.0123130899393859
urn:mavedb:00000057-a-1#715,,,p.Val111=,0.0
urn:mavedb:00000057-a-1#716,,,p.Met110Val,-0.197220158936787
urn:mavedb:00000057-a-1#717,,,p.His26Gln,0.0323065903674886
urn:mavedb:00000057-a-1#718,,,p.Asn25Gln,0.0944924984114268
urn:mavedb:00000057-a-1#719,,,p.Gln24=,0.0
urn:mavedb:00000057-a-1#720,,,p.Ile23Gln,-0.0865471203119137
urn:mavedb:00000057-a-1#721,,,p.Leu22Gln,0.2139733818573344
urn:mavedb:00000057-a-1#722,,,p.Gln21=,0.0
urn:mavedb:00000057-a-1#723,,,p.Ile20Gln,-0.3088086936971302
urn:mavedb:00000057-a-1#724,,,p.Thr19Gln,-0.3874764631213637
urn:mavedb:00000057-a-1#725,,,p.Leu18Gln,-0.3081162197561962
urn:mavedb:00000057-a-1#726,,,p.Ala17Gln,0.1235215892712951
urn:mavedb:00000057-a-1#727,,,p.Ser16Gln,-0.5717333720181338
urn:mavedb:00000057-a-1#728,,,p.Lys15Gln,-0.6270750000263434
urn:mavedb:00000057-a-1#729,,,p.Gly14Gln,-0.608559330660666
urn:mavedb:00000057-a-1#730,,,p.Val13Gln,0.1384207859782151
urn:mavedb:00000057-a-1#731,,,p.Gly12Gln,0.1303901503737353
urn:mavedb:00000057-a-1#732,,,p.Gly11Gln,0.0933223311206034
urn:mavedb:00000057-a-1#733,,,p.Ala10Gln,-0.0926371751550826
urn:mavedb:00000057-a-1#734,,,p.Gly9Gln,-0.5641648003883629
urn:mavedb:00000057-a-1#735,,,p.Val8Gln,-0.4033464308500394
urn:mavedb:00000057-a-1#736,,,p.Val7Gln,-0.4945890092834315
urn:mavedb:00000057-a-1#737,,,p.Val6Gln,-0.2086756786773214
urn:mavedb:00000057-a-1#738,,,p.Leu5Gln,-0.7533755532552769
urn:mavedb:00000057-a-1#739,,,p.Lys4Gln,0.0654775510274082
urn:mavedb:00000057-a-1#740,,,p.Tyr3Gln,-0.1317915982408102
urn:mavedb:00000057-a-1#741,,,p.Glu2Gln,-0.2423458068721474
urn:mavedb:00000057-a-1#742,,,p.Thr1Gln,-0.094775350409293
urn:mavedb:00000057-a-1#743,,,p.His165Pro,0.0884970613392165
urn:mavedb:00000057-a-1#744,,,p.Gln164Pro,-0.1316074983647779
urn:mavedb:00000057-a-1#745,,,p.Arg163Pro,-0.2973157182771639
urn:mavedb:00000057-a-1#746,,,p.Ile162Pro,-0.5171577967278824
urn:mavedb:00000057-a-1#747,,,p.Glu161Pro,-0.3966939636254759
urn:mavedb:00000057-a-1#748,,,p.Arg160Pro,-0.6375927671890733
urn:mavedb:00000057-a-1#749,,,p.Val159Pro,-0.6542931127172322
urn:mavedb:00000057-a-1#750,,,p.Leu158Pro,-0.6047707190434649
urn:mavedb:00000057-a-1#751,,,p.Thr157Pro,-0.3692220667877775
urn:mavedb:00000057-a-1#752,,,p.Tyr156Pro,-0.2870247843890368
urn:mavedb:00000057-a-1#753,,,p.Phe155Pro,-0.5596159504596616
urn:mavedb:00000057-a-1#754,,,p.Ala154Pro,0.0351637404986147
urn:mavedb:00000057-a-1#755,,,p.Asp153Pro,-0.2468508242733711
urn:mavedb:00000057-a-1#756,,,p.Glu152Pro,-0.1706015435230113
urn:mavedb:00000057-a-1#757,,,p.Val151Pro,0.0027242321804436
urn:mavedb:00000057-a-1#758,,,p.Gly150Pro,0.0154995808252632
urn:mavedb:00000057-a-1#759,,,p.Gln149Pro,-0.02578511514193
urn:mavedb:00000057-a-1#760,,,p.Arg148Pro,0.0892728446141655
urn:mavedb:00000057-a-1#761,,,p.Thr147Pro,-0.2428256008399722
urn:mavedb:00000057-a-1#762,,,p.Lys146Pro,0.1681456168929662
urn:mavedb:00000057-a-1#763,,,p.Ala145Pro,0.1056014107853875
urn:mavedb:00000057-a-1#764,,,p.Ser144Pro,-0.7252068807570649
urn:mavedb:00000057-a-1#765,,,p.Thr143Pro,-0.3145390418249878
urn:mavedb:00000057-a-1#766,,,p.Glu142Pro,-0.2684456208968051
urn:mavedb:00000057-a-1#767,,,p.Ile141Pro,-0.6190070310223785
urn:mavedb:00000057-a-1#768,,,p.Tyr140Pro,-0.6319405753980725
urn:mavedb:00000057-a-1#769,,,p.Pro139=,0.0
urn:mavedb:00000057-a-1#770,,,p.Ile138Pro,-0.5324857179223748
urn:mavedb:00000057-a-1#771,,,p.Gly137Pro,-0.4584761495477593
urn:mavedb:00000057-a-1#772,,,p.Tyr136Pro,-0.427076284442553
urn:mavedb:00000057-a-1#773,,,p.Ser135Pro,-0.334143594651636
urn:mavedb:00000057-a-1#774,,,p.Arg134Pro,-0.5052056789515134
urn:mavedb:00000057-a-1#775,,,p.Ala133Pro,-0.4372904140863477
urn:mavedb:00000057-a-1#776,,,p.Leu132Pro,-0.3689993763913323
urn:mavedb:00000057-a-1#777,,,p.Asp131Pro,-0.3358302923169575
urn:mavedb:00000057-a-1#778,,,p.Gln130Pro,-0.2211344556275558
urn:mavedb:00000057-a-1#779,,,p.Ala129Pro,-0.2270026271331016
urn:mavedb:00000057-a-1#780,,,p.Gln128Pro,-0.1637694773380769
urn:mavedb:00000057-a-1#781,,,p.Arg127Pro,-0.1227610406992383
urn:mavedb:00000057-a-1#782,,,p.Ser126Pro,-0.081053625011805
urn:mavedb:00000057-a-1#783,,,p.Glu125Pro,-0.057275578319664
urn:mavedb:00000057-a-1#784,,,p.Val124Pro,0.0927055925305863
urn:mavedb:00000057-a-1#785,,,p.Thr123Pro,0.0314594037127332
urn:mavedb:00000057-a-1#786,,,p.Arg122Pro,0.0841108336911483
urn:mavedb:00000057-a-1#787,,,p.Ala121Pro,0.1308336478465537
urn:mavedb:00000057-a-1#788,,,p.Ala120Pro,-0.0458245293888157
urn:mavedb:00000057-a-1#789,,,p.Leu119Pro,0.0106956035206911
urn:mavedb:00000057-a-1#790,,,p.Asp118Pro,-0.6058004798684303
urn:mavedb:00000057-a-1#791,,,p.Cys117Pro,-0.4720583361658367
urn:mavedb:00000057-a-1#792,,,p.Lys116Pro,-0.648082561159066
urn:mavedb:00000057-a-1#793,,,p.Asn115Pro,-0.6059266724981818
urn:mavedb:00000057-a-1#794,,,p.Gly114Pro,-0.5636409842562728
urn:mavedb:00000057-a-1#795,,,p.Val113Pro,-0.6026595287494996
urn:mavedb:00000057-a-1#796,,,p.Leu112Pro,-0.5811936459728337
urn:mavedb:00000057-a-1#797,,,p.Val111Pro,-0.6353534824314298
urn:mavedb:00000057-a-1#798,,,p.Met110Pro,-0.6493593692330792
urn:mavedb:00000057-a-1#799,,,p.Pro109=,0.0
urn:mavedb:00000057-a-1#800,,,p.Val108Pro,-0.0175999132816798
urn:mavedb:00000057-a-1#801,,,p.Asp107Pro,0.0184024172362438
urn:mavedb:00000057-a-1#802,,,p.Asp106Pro,-0.0241084811853749
urn:mavedb:00000057-a-1#803,,,p.Ser105Pro,-0.1593457803287428
urn:mavedb:00000057-a-1#804,,,p.Asp104Pro,0.0311920698215334
urn:mavedb:00000057-a-1#805,,,p.Lys103Pro,-0.4352010577362561
urn:mavedb:00000057-a-1#806,,,p.Val102Pro,-0.3774737090247729
urn:mavedb:00000057-a-1#807,,,p.Arg101Pro,-0.4369236385704417
urn:mavedb:00000057-a-1#808,,,p.Lys100Pro,-0.4246673776383548
urn:mavedb:00000057-a-1#809,,,p.Ile99Pro,-0.5279594707461845
urn:mavedb:00000057-a-1#810,,,p.Gln98Pro,-0.5898532457862414
urn:mavedb:00000057-a-1#811,,,p.Glu97Pro,-0.39062998025039
urn:mavedb:00000057-a-1#812,,,p.Arg96Pro,-0.2212119631603495
urn:mavedb:00000057-a-1#813,,,p.Tyr95Pro,-0.7837202935590508
urn:mavedb:00000057-a-1#814,,,p.Gln94Pro,-0.1645454661272744
urn:mavedb:00000057-a-1#815,,,p.His93Pro,0.0961818065835448
urn:mavedb:00000057-a-1#816,,,p.Ile92Pro,-0.4532775601693576
urn:mavedb:00000057-a-1#817,,,p.Asp91Pro,-0.2466675490968335
urn:mavedb:00000057-a-1#818,,,p.Glu90Pro,-0.1563146914336826
urn:mavedb:00000057-a-1#819,,,p.Asp153Leu,-0.0899992781041319
urn:mavedb:00000057-a-1#820,,,p.Glu152Leu,0.073920941566301
urn:mavedb:00000057-a-1#821,,,p.Val151Leu,0.1371314484226474
urn:mavedb:00000057-a-1#822,,,p.Gly150Leu,0.0011185467524785
urn:mavedb:00000057-a-1#823,,,p.Gln149Leu,-0.0598922797539167
urn:mavedb:00000057-a-1#824,,,p.Arg148Leu,0.253490951338136
urn:mavedb:00000057-a-1#825,,,p.Thr147Leu,-0.0093698135208427
urn:mavedb:00000057-a-1#826,,,p.Lys146Leu,0.1865007033209657
urn:mavedb:00000057-a-1#827,,,p.Ala145Leu,-0.4137487498163337
urn:mavedb:00000057-a-1#828,,,p.Ser144Leu,-0.4811555136361408
urn:mavedb:00000057-a-1#829,,,p.Thr143Leu,0.3249798031953634
urn:mavedb:00000057-a-1#830,,,p.Glu142Leu,-0.2618848494769813
urn:mavedb:00000057-a-1#831,,,p.Ile141Leu,-0.0180482218443458
urn:mavedb:00000057-a-1#832,,,p.Tyr140Leu,-0.1238373856501925
urn:mavedb:00000057-a-1#833,,,p.Pro139Leu,-0.1448236906725143
urn:mavedb:00000057-a-1#834,,,p.Ile138Leu,0.0447978931708938
urn:mavedb:00000057-a-1#835,,,p.Gly137Leu,-0.3879946515404691
urn:mavedb:00000057-a-1#836,,,p.Tyr136Leu,0.1821773617536416
urn:mavedb:00000057-a-1#837,,,p.Ser135Leu,0.002146482031888
urn:mavedb:00000057-a-1#838,,,p.Arg134Leu,-0.0850493981146187
urn:mavedb:00000057-a-1#839,,,p.Ala133Leu,-0.2460853879135444
urn:mavedb:00000057-a-1#840,,,p.Leu132=,0.0
urn:mavedb:00000057-a-1#841,,,p.Asp131Leu,-0.0086301672276741
urn:mavedb:00000057-a-1#842,,,p.Gln130Leu,0.0409816051231763
urn:mavedb:00000057-a-1#843,,,p.Ala129Leu,0.1606691020545759
urn:mavedb:00000057-a-1#844,,,p.Gln128Leu,0.029022916833515
urn:mavedb:00000057-a-1#845,,,p.Arg127Leu,0.008085835009787
urn:mavedb:00000057-a-1#846,,,p.Ser126Leu,-0.0320431167802346
urn:mavedb:00000057-a-1#847,,,p.Glu125Leu,0.0476680714122664
urn:mavedb:00000057-a-1#848,,,p.Val124Leu,0.0188714333907528
urn:mavedb:00000057-a-1#849,,,p.Thr123Leu,-0.0201443121891453
urn:mavedb:00000057-a-1#850,,,p.Arg122Leu,0.0682023674669163
urn:mavedb:00000057-a-1#851,,,p.Ala121Leu,-0.0761044824907564
urn:mavedb:00000057-a-1#852,,,p.Ala120Leu,-0.042355784808099
urn:mavedb:00000057-a-1#853,,,p.Leu119=,0.0
urn:mavedb:00000057-a-1#854,,,p.Asp118Leu,-0.7065429695997268
urn:mavedb:00000057-a-1#855,,,p.Cys117Leu,-0.1067277376608896
urn:mavedb:00000057-a-1#856,,,p.Lys116Leu,0.2729646699575514
urn:mavedb:00000057-a-1#857,,,p.Asn115Leu,0.3058882179674957
urn:mavedb:00000057-a-1#858,,,p.Gly114Leu,-0.0387139126222034
urn:mavedb:00000057-a-1#859,,,p.Val113Leu,0.1001174507749624
urn:mavedb:00000057-a-1#860,,,p.Leu112=,0.0
urn:mavedb:00000057-a-1#861,,,p.Val111Leu,-0.160962112743254
urn:mavedb:00000057-a-1#862,,,p.Met110Leu,-0.0960769963633912
urn:mavedb:00000057-a-1#863,,,p.Pro109Leu,-0.0961129640535339
urn:mavedb:00000057-a-1#864,,,p.Val108Leu,-0.0270083175068181
urn:mavedb:00000057-a-1#865,,,p.Asp107Leu,-0.0001247952693881
urn:mavedb:00000057-a-1#866,,,p.Asp106Leu,0.2184472120227373
urn:mavedb:00000057-a-1#867,,,p.Ser105Leu,0.0649721635009166
urn:mavedb:00000057-a-1#868,,,p.Asp104Leu,0.0336663578331836
urn:mavedb:00000057-a-1#869,,,p.Lys103Leu,0.0753412811447502
urn:mavedb:00000057-a-1#870,,,p.Val102Leu,0.2561761959199559
urn:mavedb:00000057-a-1#871,,,p.Arg101Leu,-0.1474622640499787
urn:mavedb:00000057-a-1#872,,,p.Lys100Leu,0.1360634330209202
urn:mavedb:00000057-a-1#873,,,p.Ile99Leu,0.0286188525334441
urn:mavedb:00000057-a-1#874,,,p.Gln98Leu,0.3728567148209607
urn:mavedb:00000057-a-1#875,,,p.Glu97Leu,-0.0419324845248572
urn:mavedb:00000057-a-1#876,,,p.Arg96Leu,0.4079876662007817
urn:mavedb:00000057-a-1#877,,,p.Tyr95Leu,0.181464354185288
urn:mavedb:00000057-a-1#878,,,p.Gln94Leu,0.1460280862511832
urn:mavedb:00000057-a-1#879,,,p.His93Leu,0.3628445291039621
urn:mavedb:00000057-a-1#880,,,p.Ile92Leu,0.1638308681726587
urn:mavedb:00000057-a-1#881,,,p.Asp91Leu,0.3340465667931393
urn:mavedb:00000057-a-1#882,,,p.Glu90Leu,0.0619763182513605
urn:mavedb:00000057-a-1#883,,,p.Phe89Leu,0.1259608953801477
urn:mavedb:00000057-a-1#884,,,p.Ser88Leu,-0.3308520797005909
urn:mavedb:00000057-a-1#885,,,p.Lys87Leu,0.0219493687707001
urn:mavedb:00000057-a-1#886,,,p.Thr86Leu,0.1297674150168626
urn:mavedb:00000057-a-1#887,,,p.Asn85Leu,0.1094695916575881
urn:mavedb:00000057-a-1#888,,,p.Asn84Leu,-0.1429883770108503
urn:mavedb:00000057-a-1#889,,,p.Ile83Leu,0.2802441258029702
urn:mavedb:00000057-a-1#890,,,p.Ala82Leu,-0.5166877352876431
urn:mavedb:00000057-a-1#891,,,p.Phe81Leu,0.0684255262352839
urn:mavedb:00000057-a-1#892,,,p.Val80Leu,-0.0024510066800729
urn:mavedb:00000057-a-1#893,,,p.Cys79Leu,0.2348069797389852
urn:mavedb:00000057-a-1#894,,,p.Leu78=,0.0
urn:mavedb:00000057-a-1#895,,,p.Phe77Leu,-0.2916876947865405
urn:mavedb:00000057-a-1#896,,,p.Gly76Leu,0.2971311945107591
urn:mavedb:00000057-a-1#897,,,p.Glu75Leu,-0.0728349089887322
urn:mavedb:00000057-a-1#898,,,p.Gly74Leu,-0.1771797022369889
urn:mavedb:00000057-a-1#899,,,p.Thr73Leu,0.0568840174324781
urn:mavedb:00000057-a-1#900,,,p.Arg72Leu,0.000638323081908
urn:mavedb:00000057-a-1#901,,,p.Met71Leu,0.3642179759110296
urn:mavedb:00000057-a-1#902,,,p.Tyr70Leu,0.4062891777522349
urn:mavedb:00000057-a-1#903,,,p.Gln69Leu,-0.0647715562149128
urn:mavedb:00000057-a-1#904,,,p.Asp68Leu,-0.1625924869024007
urn:mavedb:00000057-a-1#905,,,p.Arg67Leu,0.2776026132648037
urn:mavedb:00000057-a-1#906,,,p.Met66Leu,0.0791956853053661
urn:mavedb:00000057-a-1#907,,,p.Ala65Leu,0.2718628494500143
urn:mavedb:00000057-a-1#908,,,p.Ser64Leu,0.0330241440048001
urn:mavedb:00000057-a-1#909,,,p.Tyr63Leu,-0.0256427472614359
urn:mavedb:00000057-a-1#910,,,p.Glu62Leu,0.2413699233384722
urn:mavedb:00000057-a-1#911,,,p.Glu61Leu,0.4050140262677406
urn:mavedb:00000057-a-1#912,,,p.Gln60Leu,0.2621024263775188
urn:mavedb:00000057-a-1#913,,,p.Gly59Leu,-0.5491448146162743
urn:mavedb:00000057-a-1#914,,,p.Ala58Leu,-0.4885853300579621
urn:mavedb:00000057-a-1#915,,,p.Thr57Leu,0.262595336838598
urn:mavedb:00000057-a-1#916,,,p.Asp56Leu,-0.6222943345844016
urn:mavedb:00000057-a-1#917,,,p.Leu55=,0.0
urn:mavedb:00000057-a-1#918,,,p.Ile54Leu,-0.0096769844980143
urn:mavedb:00000057-a-1#919,,,p.Asp53Leu,-0.4503889742862015
urn:mavedb:00000057-a-1#920,,,p.Leu52=,0.0
urn:mavedb:00000057-a-1#921,,,p.Leu51=,0.0
urn:mavedb:00000057-a-1#922,,,p.Cys50Leu,-0.0039453299159235
urn:mavedb:00000057-a-1#923,,,p.Thr49Leu,0.0191200344326327
urn:mavedb:00000057-a-1#924,,,p.Glu48Leu,-0.1911041566064456
urn:mavedb:00000057-a-1#925,,,p.Gly47Leu,-0.1492470389632734
urn:mavedb:00000057-a-1#926,,,p.Asp46Leu,-0.0662646312549746
urn:mavedb:00000057-a-1#927,,,p.Ile45Leu,-0.1724164318625613
urn:mavedb:00000057-a-1#928,,,p.Val44Leu,0.015505545542506
urn:mavedb:00000057-a-1#929,,,p.Val43Leu,0.1075364263570863
urn:mavedb:00000057-a-1#930,,,p.Gln42Leu,-0.1237448535392629
urn:mavedb:00000057-a-1#931,,,p.Lys41Leu,0.0220591956699486
urn:mavedb:00000057-a-1#932,,,p.Arg40Leu,-0.2867238990635612
urn:mavedb:00000057-a-1#933,,,p.His165Arg,0.1180355174889169
urn:mavedb:00000057-a-1#934,,,p.Gln164Arg,0.0466138417150792
urn:mavedb:00000057-a-1#935,,,p.Arg163=,0.0
urn:mavedb:00000057-a-1#936,,,p.Ile162Arg,-0.2245793611783361
urn:mavedb:00000057-a-1#937,,,p.Glu161Arg,0.0884804712277332
urn:mavedb:00000057-a-1#938,,,p.Arg160=,0.0
urn:mavedb:00000057-a-1#939,,,p.Val159Arg,-0.3257850313981286
urn:mavedb:00000057-a-1#940,,,p.Leu158Arg,-0.6359590836024435
urn:mavedb:00000057-a-1#941,,,p.Thr157Arg,0.0387256667093423
urn:mavedb:00000057-a-1#942,,,p.Tyr156Arg,0.2555533795832211
urn:mavedb:00000057-a-1#943,,,p.Phe155Arg,-0.6499178066905595
urn:mavedb:00000057-a-1#944,,,p.Ala154Arg,-0.6111169237441378
urn:mavedb:00000057-a-1#945,,,p.Asp153Arg,-0.1395583252868547
urn:mavedb:00000057-a-1#946,,,p.Glu152Arg,-0.0633695778372229
urn:mavedb:00000057-a-1#947,,,p.Val151Arg,-0.4363580262047038
urn:mavedb:00000057-a-1#948,,,p.Gly150Arg,-0.1669016476440036
urn:mavedb:00000057-a-1#949,,,p.Gln149Arg,-0.012100287659575
urn:mavedb:00000057-a-1#950,,,p.Arg148=,0.0
urn:mavedb:00000057-a-1#951,,,p.Thr147Arg,-0.0608432028172026
urn:mavedb:00000057-a-1#952,,,p.Lys146Arg,0.0780677881684266
urn:mavedb:00000057-a-1#953,,,p.Ala145Arg,-0.6397910842255312
urn:mavedb:00000057-a-1#954,,,p.Ser144Arg,-0.2000987624261273
urn:mavedb:00000057-a-1#955,,,p.Thr143Arg,-0.5638047213409902
urn:mavedb:00000057-a-1#956,,,p.Glu142Arg,-0.3541733831910126
urn:mavedb:00000057-a-1#957,,,p.Ile141Arg,-0.2029400921555656
urn:mavedb:00000057-a-1#958,,,p.Tyr140Arg,-0.6028408430109143
urn:mavedb:00000057-a-1#959,,,p.Pro139Arg,-0.0697822062906146
urn:mavedb:00000057-a-1#960,,,p.Ile138Arg,-0.3403197395422036
urn:mavedb:00000057-a-1#961,,,p.Gly137Arg,-0.1835800321272116
urn:mavedb:00000057-a-1#962,,,p.Tyr136Arg,-0.2314410730086359
urn:mavedb:00000057-a-1#963,,,p.Ser135Arg,0.0728693600088249
urn:mavedb:00000057-a-1#964,,,p.Arg134=,0.0
urn:mavedb:00000057-a-1#965,,,p.Ala133Arg,-0.4017734248935956
urn:mavedb:00000057-a-1#966,,,p.Leu132Arg,-0.0962975704201458
urn:mavedb:00000057-a-1#967,,,p.Asp131Arg,-0.0318741745295957
urn:mavedb:00000057-a-1#968,,,p.Gln130Arg,-0.0196139463486739
urn:mavedb:00000057-a-1#969,,,p.Ala129Arg,-0.2796866312871317
urn:mavedb:00000057-a-1#970,,,p.Gln128Arg,0.0703032575175743
urn:mavedb:00000057-a-1#971,,,p.Arg127=,0.0
urn:mavedb:00000057-a-1#972,,,p.Ser126Arg,0.0352288500532249
urn:mavedb:00000057-a-1#973,,,p.Glu125Arg,-0.1268406197565256
urn:mavedb:00000057-a-1#974,,,p.Val124Arg,0.021895039524444
urn:mavedb:00000057-a-1#975,,,p.Thr123Arg,-0.0567086916398715
urn:mavedb:00000057-a-1#976,,,p.Arg122=,0.0
urn:mavedb:00000057-a-1#977,,,p.Ala121Arg,-0.0625698341143774
urn:mavedb:00000057-a-1#978,,,p.Ala120Arg,-0.0430214130843266
urn:mavedb:00000057-a-1#979,,,p.Leu119Arg,0.167296115723939
urn:mavedb:00000057-a-1#980,,,p.Asp118Arg,-0.6311161142501622
urn:mavedb:00000057-a-1#981,,,p.Cys117Arg,-0.0930811315422232
urn:mavedb:00000057-a-1#982,,,p.Lys116Arg,0.277817137504846
urn:mavedb:00000057-a-1#983,,,p.Asn115Arg,-0.6091977504584961
urn:mavedb:00000057-a-1#984,,,p.Gly114Arg,-0.3637192721886475
urn:mavedb:00000057-a-1#985,,,p.Val113Arg,-0.5394087303982213
urn:mavedb:00000057-a-1#986,,,p.Leu112Arg,-0.6361100629309361
urn:mavedb:00000057-a-1#987,,,p.Val111Arg,-0.5484678535975513
urn:mavedb:00000057-a-1#988,,,p.Met110Arg,-0.6110725096670028
urn:mavedb:00000057-a-1#989,,,p.Pro109Arg,-0.0739742440567248
urn:mavedb:00000057-a-1#990,,,p.Val108Arg,-0.3609467104595706
urn:mavedb:00000057-a-1#991,,,p.Asp107Arg,0.0785772329958688
urn:mavedb:00000057-a-1#992,,,p.Asp106Arg,-0.0144761830822189
urn:mavedb:00000057-a-1#993,,,p.Ser105Arg,0.0857121783706231
urn:mavedb:00000057-a-1#994,,,p.Asp104Arg,0.0588399501702413
urn:mavedb:00000057-a-1#995,,,p.Lys103Arg,0.0166549674472426
urn:mavedb:00000057-a-1#996,,,p.Val102Arg,-0.1406918899353113
urn:mavedb:00000057-a-1#997,,,p.Arg101=,0.0
urn:mavedb:00000057-a-1#998,,,p.Lys100Arg,0.1803019209459058
urn:mavedb:00000057-a-1#999,,,p.Ile99Arg,-0.3350907542210677
urn:mavedb:00000057-a-1#1000,,,p.Gln98Arg,0.2214181375554928
urn:mavedb:00000057-a-1#1001,,,p.Glu97Arg,0.0271320607243673
urn:mavedb:00000057-a-1#1002,,,p.Arg96=,0.0
urn:mavedb:00000057-a-1#1003,,,p.Tyr95Arg,-0.4080333661456971
urn:mavedb:00000057-a-1#1004,,,p.Gln94Arg,0.4812091493519952
urn:mavedb:00000057-a-1#1005,,,p.His93Arg,0.2142807048339961
urn:mavedb:00000057-a-1#1006,,,p.Ile92Arg,-0.4802949924966555
urn:mavedb:00000057-a-1#1007,,,p.Asp91Arg,0.420434319985925
urn:mavedb:00000057-a-1#1008,,,p.Glu90Arg,-0.0157536223630722
urn:mavedb:00000057-a-1#1009,,,p.Phe89Arg,-0.2063672374077524
urn:mavedb:00000057-a-1#1010,,,p.Ser88Arg,-0.3548403792452668
urn:mavedb:00000057-a-1#1011,,,p.Lys87Arg,0.0827192513085321
urn:mavedb:00000057-a-1#1012,,,p.Thr86Arg,0.1308508728393741
urn:mavedb:00000057-a-1#1013,,,p.Asn85Arg,-0.1344714243166892
urn:mavedb:00000057-a-1#1014,,,p.Asn84Arg,-0.1411353849355557
urn:mavedb:00000057-a-1#1015,,,p.Ile83Arg,-0.042734012373916
urn:mavedb:00000057-a-1#1016,,,p.Ala82Arg,-0.0616619800387335
urn:mavedb:00000057-a-1#1017,,,p.Phe81Arg,-0.5886465287255174
urn:mavedb:00000057-a-1#1018,,,p.Val80Arg,-0.5878459767284963
urn:mavedb:00000057-a-1#1019,,,p.Cys79Arg,-0.5939240096923878
urn:mavedb:00000057-a-1#1020,,,p.Leu78Arg,-0.5529788218644155
urn:mavedb:00000057-a-1#1021,,,p.Phe77Arg,-0.5491597286379379
urn:mavedb:00000057-a-1#1022,,,p.Gly76Arg,-0.4608141336466424
urn:mavedb:00000057-a-1#1023,,,p.Glu75Arg,-0.1190992746487669
urn:mavedb:00000057-a-1#1024,,,p.Gly74Arg,-0.1482956788351898
urn:mavedb:00000057-a-1#1025,,,p.Thr73Arg,-0.0029623469518103
urn:mavedb:00000057-a-1#1026,,,p.Arg72=,0.0
urn:mavedb:00000057-a-1#1027,,,p.Met71Arg,-0.099968801984263
urn:mavedb:00000057-a-1#1028,,,p.Tyr70Arg,-0.1366062561160201
urn:mavedb:00000057-a-1#1029,,,p.Gln69Arg,0.0127151706367426
urn:mavedb:00000057-a-1#1030,,,p.Asp68Arg,-0.157526910013397
urn:mavedb:00000057-a-1#1031,,,p.Arg67=,0.0
urn:mavedb:00000057-a-1#1032,,,p.Met66Arg,0.1408608806042194
urn:mavedb:00000057-a-1#1033,,,p.Ala65Arg,0.0219425554162769
urn:mavedb:00000057-a-1#1034,,,p.Ser64Arg,-0.0312749981896638
urn:mavedb:00000057-a-1#1035,,,p.Tyr63Arg,0.2178225569950585
urn:mavedb:00000057-a-1#1036,,,p.Glu62Arg,0.1654237635920122
urn:mavedb:00000057-a-1#1037,,,p.Glu61Arg,0.2480138091865174
urn:mavedb:00000057-a-1#1038,,,p.Gln60Arg,0.2868408910509585
urn:mavedb:00000057-a-1#1039,,,p.Gly59Arg,-0.3393368083778874
urn:mavedb:00000057-a-1#1040,,,p.Ala58Arg,0.0577714429411504
urn:mavedb:00000057-a-1#1041,,,p.Thr57Arg,-0.4526543462990703
urn:mavedb:00000057-a-1#1042,,,p.Asp56Arg,-0.6072413461446977
urn:mavedb:00000057-a-1#1043,,,p.Leu55Arg,-0.533035295762732
urn:mavedb:00000057-a-1#1044,,,p.Ile54Arg,-0.6915952533420198
urn:mavedb:00000057-a-1#1045,,,p.Asp53Arg,-0.5967718737123999
urn:mavedb:00000057-a-1#1046,,,p.Leu52Arg,-0.6144578387894424
urn:mavedb:00000057-a-1#1047,,,p.Leu51Arg,-0.2810568634851442
urn:mavedb:00000057-a-1#1048,,,p.Cys50Arg,-0.1720431692018627
urn:mavedb:00000057-a-1#1049,,,p.Thr49Arg,-0.0117813782510626
urn:mavedb:00000057-a-1#1050,,,p.Glu48Arg,-0.03426540534675
urn:mavedb:00000057-a-1#1051,,,p.Gly47Arg,-0.1093373901034664
urn:mavedb:00000057-a-1#1052,,,p.Asp46Arg,0.0153251019091906
urn:mavedb:00000057-a-1#1053,,,p.Ile45Arg,-0.1788034312915155
urn:mavedb:00000057-a-1#1054,,,p.Val44Arg,0.0257647734875661
urn:mavedb:00000057-a-1#1055,,,p.Val43Arg,0.13445129632017
urn:mavedb:00000057-a-1#1056,,,p.Gln42Arg,-0.0461009334125622
urn:mavedb:00000057-a-1#1057,,,p.Lys41Arg,0.0642281802083165
urn:mavedb:00000057-a-1#1058,,,p.Arg40=,0.0
urn:mavedb:00000057-a-1#1059,,,p.Tyr39Arg,-0.7243778548824016
urn:mavedb:00000057-a-1#1060,,,p.Ser38Arg,-0.5645288267567882
urn:mavedb:00000057-a-1#1061,,,p.Asp37Arg,-0.7042881687999103
urn:mavedb:00000057-a-1#1062,,,p.Glu36Arg,-0.7048274847125106
urn:mavedb:00000057-a-1#1063,,,p.Ile35Arg,-0.5074027504592352
urn:mavedb:00000057-a-1#1064,,,p.Thr34Arg,-0.7880214822406887
urn:mavedb:00000057-a-1#1065,,,p.Pro33Arg,-0.2312304799651692
urn:mavedb:00000057-a-1#1066,,,p.Asp32Arg,-0.6357413707668286
urn:mavedb:00000057-a-1#1067,,,p.Tyr31Arg,-0.6048263348700968
urn:mavedb:00000057-a-1#1068,,,p.Glu30Arg,-0.4993171430602552
urn:mavedb:00000057-a-1#1069,,,p.Asp29Arg,-0.1540699602638615
urn:mavedb:00000057-a-1#1070,,,p.Val28Arg,-0.4249946080835221
urn:mavedb:00000057-a-1#1071,,,p.Phe27Arg,-0.5785124884683304
urn:mavedb:00000057-a-1#1072,,,p.His26Arg,-0.4387943505376729
urn:mavedb:00000057-a-1#1073,,,p.Asn25Arg,0.1096296502021555
urn:mavedb:00000057-a-1#1074,,,p.Gln24Arg,-0.194457102275458
urn:mavedb:00000057-a-1#1075,,,p.Ile23Arg,-0.4897548354655967
urn:mavedb:00000057-a-1#1076,,,p.Leu22Arg,0.0518143403011403
urn:mavedb:00000057-a-1#1077,,,p.Gln21Arg,-0.0676510073656025
urn:mavedb:00000057-a-1#1078,,,p.Ile20Arg,-0.5750230180738988
urn:mavedb:00000057-a-1#1079,,,p.Thr19Arg,-0.5989562523375486
urn:mavedb:00000057-a-1#1080,,,p.Leu18Arg,-0.6317699703208443
urn:mavedb:00000057-a-1#1081,,,p.Ala17Arg,-0.3850912826774675
urn:mavedb:00000057-a-1#1082,,,p.Ser16Arg,-0.7254491593239909
urn:mavedb:00000057-a-1#1083,,,p.Lys15Arg,-0.7313909975947404
urn:mavedb:00000057-a-1#1084,,,p.Gly14Arg,-0.6876483440064783
urn:mavedb:00000057-a-1#1085,,,p.Val13Arg,-0.7090693061251517
urn:mavedb:00000057-a-1#1086,,,p.Gly12Arg,0.0139021201626025
urn:mavedb:00000057-a-1#1087,,,p.Gly11Arg,0.3771225191507227
urn:mavedb:00000057-a-1#1088,,,p.Ala10Arg,-0.1031584765955251
urn:mavedb:00000057-a-1#1089,,,p.Gly9Arg,-0.6687903241297617
urn:mavedb:00000057-a-1#1090,,,p.Val8Arg,-0.4204107205695937
urn:mavedb:00000057-a-1#1091,,,p.Val7Arg,-0.5963529567707507
urn:mavedb:00000057-a-1#1092,,,p.Val6Arg,-0.3869290712705089
urn:mavedb:00000057-a-1#1093,,,p.Leu5Arg,-0.6807881467378324
urn:mavedb:00000057-a-1#1094,,,p.Lys4Arg,0.0264015528961673
urn:mavedb:00000057-a-1#1095,,,p.Tyr3Arg,0.3239687197604552
urn:mavedb:00000057-a-1#1096,,,p.Glu2Arg,-0.4716052768107792
urn:mavedb:00000057-a-1#1097,,,p.Thr1Arg,0.0613109672726193
urn:mavedb:00000057-a-1#1098,,,p.His165Gln,0.0903826206823337
urn:mavedb:00000057-a-1#1099,,,p.Gln164=,0.0
urn:mavedb:00000057-a-1#1100,,,p.Arg163Gln,0.1416189706074501
urn:mavedb:00000057-a-1#1101,,,p.Ile162Gln,-0.3416759238039692
urn:mavedb:00000057-a-1#1102,,,p.Glu161Gln,0.1438038085260349
urn:mavedb:00000057-a-1#1103,,,p.Arg160Gln,0.2480652013523945
urn:mavedb:00000057-a-1#1104,,,p.Val159Gln,-0.4569191387619468
urn:mavedb:00000057-a-1#1105,,,p.Leu158Gln,-0.6249739940772168
urn:mavedb:00000057-a-1#1106,,,p.Thr157Gln,0.1946122511877796
urn:mavedb:00000057-a-1#1107,,,p.Tyr156Gln,0.6583874512522725
urn:mavedb:00000057-a-1#1108,,,p.Phe155Gln,-0.643456790944697
urn:mavedb:00000057-a-1#1109,,,p.Ala154Gln,-0.5197476014678726
urn:mavedb:00000057-a-1#1110,,,p.Asp153Gln,-0.040267870522127
urn:mavedb:00000057-a-1#1111,,,p.Glu152Gln,-0.0506686954393801
urn:mavedb:00000057-a-1#1112,,,p.Val151Gln,-0.0374809305478434
urn:mavedb:00000057-a-1#1113,,,p.Gly150Gln,0.1220375455655293
urn:mavedb:00000057-a-1#1114,,,p.Gln149=,0.0
urn:mavedb:00000057-a-1#1115,,,p.Arg148Gln,0.2166928015678814
urn:mavedb:00000057-a-1#1116,,,p.Thr147Gln,0.0634369611489534
urn:mavedb:00000057-a-1#1117,,,p.Lys146Gln,0.4207925186577636
urn:mavedb:00000057-a-1#1118,,,p.Ala145Gln,-0.6110408187448386
urn:mavedb:00000057-a-1#1119,,,p.Ser144Gln,0.1349835236592667
urn:mavedb:00000057-a-1#1120,,,p.Thr143Gln,-0.4033511478821585
urn:mavedb:00000057-a-1#1121,,,p.Glu142Gln,-0.0756129881033293
urn:mavedb:00000057-a-1#1122,,,p.Ile141Gln,-0.2450984408324403
urn:mavedb:00000057-a-1#1123,,,p.Tyr39Leu,-0.5767426858478535
urn:mavedb:00000057-a-1#1124,,,p.Ser38Leu,0.1424970948412147
urn:mavedb:00000057-a-1#1125,,,p.Asp37Leu,-0.6406969337548035
urn:mavedb:00000057-a-1#1126,,,p.Glu36Leu,-0.3469015563489209
urn:mavedb:00000057-a-1#1127,,,p.Ile35Leu,-0.1842236607718452
urn:mavedb:00000057-a-1#1128,,,p.Thr34Leu,-0.6933985448224008
urn:mavedb:00000057-a-1#1129,,,p.Pro33Leu,-0.531478315428239
urn:mavedb:00000057-a-1#1130,,,p.Asp32Leu,-0.3624294956256766
urn:mavedb:00000057-a-1#1131,,,p.Tyr31Leu,-0.0119745932437604
urn:mavedb:00000057-a-1#1132,,,p.Glu30Leu,-0.2694025901750961
urn:mavedb:00000057-a-1#1133,,,p.Asp29Leu,-0.2789368741057973
urn:mavedb:00000057-a-1#1134,,,p.Val28Leu,-0.0698686472534618
urn:mavedb:00000057-a-1#1135,,,p.Phe27Leu,-0.4151234762705122
urn:mavedb:00000057-a-1#1136,,,p.His26Leu,0.2793746522793018
urn:mavedb:00000057-a-1#1137,,,p.Asn25Leu,-0.1213520472395149
urn:mavedb:00000057-a-1#1138,,,p.Gln24Leu,-0.1492275926159434
urn:mavedb:00000057-a-1#1139,,,p.Ile23Leu,0.4438558722540351
urn:mavedb:00000057-a-1#1140,,,p.Leu22=,0.0
urn:mavedb:00000057-a-1#1141,,,p.Gln21Leu,-0.229633708333843
urn:mavedb:00000057-a-1#1142,,,p.Ile20Leu,-0.2331680203164309
urn:mavedb:00000057-a-1#1143,,,p.Thr19Leu,-0.0178673024665225
urn:mavedb:00000057-a-1#1144,,,p.Leu18=,0.0
urn:mavedb:00000057-a-1#1145,,,p.Ala17Leu,-0.594122165684656
urn:mavedb:00000057-a-1#1146,,,p.Ser16Leu,-0.685587880551739
urn:mavedb:00000057-a-1#1147,,,p.Lys15Leu,-0.7113173083302293
urn:mavedb:00000057-a-1#1148,,,p.Gly14Leu,-0.6301658911779497
urn:mavedb:00000057-a-1#1149,,,p.Val13Leu,-0.0772952476015082
urn:mavedb:00000057-a-1#1150,,,p.Gly12Leu,0.0736800498939002
urn:mavedb:00000057-a-1#1151,,,p.Gly11Leu,0.2635025207405018
urn:mavedb:00000057-a-1#1152,,,p.Ala10Leu,-0.0265147867783751
urn:mavedb:00000057-a-1#1153,,,p.Gly9Leu,-0.6460980887547825
urn:mavedb:00000057-a-1#1154,,,p.Val8Leu,0.0314702667809792
urn:mavedb:00000057-a-1#1155,,,p.Val7Leu,0.1078690987222865
urn:mavedb:00000057-a-1#1156,,,p.Val6Leu,0.0411941506628402
urn:mavedb:00000057-a-1#1157,,,p.Leu5=,0.0
urn:mavedb:00000057-a-1#1158,,,p.Lys4Leu,-0.2902752997795658
urn:mavedb:00000057-a-1#1159,,,p.Tyr3Leu,0.0312478562914204
urn:mavedb:00000057-a-1#1160,,,p.Glu2Leu,-0.1093375047732176
urn:mavedb:00000057-a-1#1161,,,p.Thr1Leu,-0.0545863037482959
urn:mavedb:00000057-a-1#1162,,,p.His165Lys,0.2291369497651917
urn:mavedb:00000057-a-1#1163,,,p.Gln164Lys,0.1041197820496634
urn:mavedb:00000057-a-1#1164,,,p.Arg163Lys,0.1078973401438399
urn:mavedb:00000057-a-1#1165,,,p.Ile162Lys,-0.1872273542762732
urn:mavedb:00000057-a-1#1166,,,p.Glu161Lys,0.2138208041408113
urn:mavedb:00000057-a-1#1167,,,p.Arg160Lys,0.0809198569617776
urn:mavedb:00000057-a-1#1168,,,p.Val159Lys,-0.1224709803648176
urn:mavedb:00000057-a-1#1169,,,p.Leu158Lys,-0.5853253957634436
urn:mavedb:00000057-a-1#1170,,,p.Thr157Lys,0.210428453497998
urn:mavedb:00000057-a-1#1171,,,p.Tyr156Lys,0.3447880642464039
urn:mavedb:00000057-a-1#1172,,,p.Phe155Lys,-0.6814623669896629
urn:mavedb:00000057-a-1#1173,,,p.Ala154Lys,-0.5623292281347974
urn:mavedb:00000057-a-1#1174,,,p.Asp153Lys,0.0031303130754766
urn:mavedb:00000057-a-1#1175,,,p.Glu152Lys,0.1413585880694355
urn:mavedb:00000057-a-1#1176,,,p.Val151Lys,-0.3626535034528802
urn:mavedb:00000057-a-1#1177,,,p.Gly150Lys,-0.0923328446612948
urn:mavedb:00000057-a-1#1178,,,p.Gln149Lys,0.0224988844838907
urn:mavedb:00000057-a-1#1179,,,p.Arg148Lys,-0.0284766645523026
urn:mavedb:00000057-a-1#1180,,,p.Thr147Lys,0.0049223378484867
urn:mavedb:00000057-a-1#1181,,,p.Lys146=,0.0
urn:mavedb:00000057-a-1#1182,,,p.Ala145Lys,-0.5104189621397571
urn:mavedb:00000057-a-1#1183,,,p.Ser144Lys,-0.0939970961978139
urn:mavedb:00000057-a-1#1184,,,p.Thr143Lys,-0.6828240321370752
urn:mavedb:00000057-a-1#1185,,,p.Glu142Lys,-0.1583676560103815
urn:mavedb:00000057-a-1#1186,,,p.Ile141Lys,-0.2637726860813768
urn:mavedb:00000057-a-1#1187,,,p.Tyr140Lys,-0.7356687818321843
urn:mavedb:00000057-a-1#1188,,,p.Pro139Lys,-0.1193329453281721
urn:mavedb:00000057-a-1#1189,,,p.Ile138Lys,-0.4426588032694389
urn:mavedb:00000057-a-1#1190,,,p.Gly137Lys,-0.1267677603261535
urn:mavedb:00000057-a-1#1191,,,p.Tyr136Lys,-0.2016469875911948
urn:mavedb:00000057-a-1#1192,,,p.Ser135Lys,0.1267354891342491
urn:mavedb:00000057-a-1#1193,,,p.Arg134Lys,0.1304611351022657
urn:mavedb:00000057-a-1#1194,,,p.Ala133Lys,-0.3804522883440521
urn:mavedb:00000057-a-1#1195,,,p.Leu132Lys,-0.1546977684106873
urn:mavedb:00000057-a-1#1196,,,p.Asp131Lys,-0.0495135754838888
urn:mavedb:00000057-a-1#1197,,,p.Gln130Lys,0.0383594250172565
urn:mavedb:00000057-a-1#1198,,,p.Ala129Lys,-0.1843615417454766
urn:mavedb:00000057-a-1#1199,,,p.Gln128Lys,0.0100523099550689
urn:mavedb:00000057-a-1#1200,,,p.Arg127Lys,0.1794381837163745
urn:mavedb:00000057-a-1#1201,,,p.Ser126Lys,-0.1130626657862542
urn:mavedb:00000057-a-1#1202,,,p.Glu125Lys,-0.1654649317523231
urn:mavedb:00000057-a-1#1203,,,p.Val124Lys,0.0380710603793268
urn:mavedb:00000057-a-1#1204,,,p.Thr123Lys,0.5554452829280622
urn:mavedb:00000057-a-1#1205,,,p.Arg122Lys,0.029243470855369
urn:mavedb:00000057-a-1#1206,,,p.Ala121Lys,0.0491090510477196
urn:mavedb:00000057-a-1#1207,,,p.Ala120Lys,-0.0246600033047006
urn:mavedb:00000057-a-1#1208,,,p.Leu119Lys,0.2158650884434226
urn:mavedb:00000057-a-1#1209,,,p.Asp118Lys,-0.6340028700065108
urn:mavedb:00000057-a-1#1210,,,p.Cys117Lys,-0.0743320910796383
urn:mavedb:00000057-a-1#1211,,,p.Lys116=,0.0
urn:mavedb:00000057-a-1#1212,,,p.Asn115Lys,-0.9513161971211636
urn:mavedb:00000057-a-1#1213,,,p.Gly114Lys,-0.5879496736931002
urn:mavedb:00000057-a-1#1214,,,p.Val113Lys,-0.475348557090105
urn:mavedb:00000057-a-1#1215,,,p.Leu112Lys,-0.6666976639884216
urn:mavedb:00000057-a-1#1216,,,p.Val111Lys,-0.6321594597486282
urn:mavedb:00000057-a-1#1217,,,p.Met110Lys,-0.4538214487354853
urn:mavedb:00000057-a-1#1218,,,p.Pro109Lys,0.0258598863419004
urn:mavedb:00000057-a-1#1219,,,p.Val108Lys,-0.3032597269753231
urn:mavedb:00000057-a-1#1220,,,p.Asp107Lys,-0.0213037978412232
urn:mavedb:00000057-a-1#1221,,,p.Asp106Lys,-0.1362700138311496
urn:mavedb:00000057-a-1#1222,,,p.Ser105Lys,0.1062876390453555
urn:mavedb:00000057-a-1#1223,,,p.Asp104Lys,0.0676553569086813
urn:mavedb:00000057-a-1#1224,,,p.Lys103=,0.0
urn:mavedb:00000057-a-1#1225,,,p.Phe89Lys,-0.2394288826611324
urn:mavedb:00000057-a-1#1226,,,p.Ser88Lys,-0.2094443474955807
urn:mavedb:00000057-a-1#1227,,,p.Lys87=,0.0
urn:mavedb:00000057-a-1#1228,,,p.Thr86Lys,0.2375058385847171
urn:mavedb:00000057-a-1#1229,,,p.Asn85Lys,0.0253600652797327
urn:mavedb:00000057-a-1#1230,,,p.Asn84Lys,-0.1020341264627411
urn:mavedb:00000057-a-1#1231,,,p.Ile83Lys,0.0918945543513749
urn:mavedb:00000057-a-1#1232,,,p.Ala82Lys,0.0691526618715911
urn:mavedb:00000057-a-1#1233,,,p.Phe81Lys,-0.5579747639066015
urn:mavedb:00000057-a-1#1234,,,p.Val80Lys,-0.6749162775666959
urn:mavedb:00000057-a-1#1235,,,p.Cys79Lys,-0.4494104472177518
urn:mavedb:00000057-a-1#1236,,,p.Leu78Lys,-0.5943817994241597
urn:mavedb:00000057-a-1#1237,,,p.Phe77Lys,-0.4924429031309869
urn:mavedb:00000057-a-1#1238,,,p.Gly76Lys,-0.5293836126402279
urn:mavedb:00000057-a-1#1239,,,p.Glu75Lys,-0.0645312497182144
urn:mavedb:00000057-a-1#1240,,,p.Gly74Lys,-0.1948691611719686
urn:mavedb:00000057-a-1#1241,,,p.Thr73Lys,-0.0840670107016423
urn:mavedb:00000057-a-1#1242,,,p.Arg72Lys,-0.0129389453459093
urn:mavedb:00000057-a-1#1243,,,p.Met71Lys,-0.0188197846636666
urn:mavedb:00000057-a-1#1244,,,p.Tyr70Lys,-0.2222293704855536
urn:mavedb:00000057-a-1#1245,,,p.Gln69Lys,0.0005829617535913
urn:mavedb:00000057-a-1#1246,,,p.Asp68Lys,-0.0754306505476287
urn:mavedb:00000057-a-1#1247,,,p.Arg67Lys,0.248274506097824
urn:mavedb:00000057-a-1#1248,,,p.Met66Lys,0.091968748994125
urn:mavedb:00000057-a-1#1249,,,p.Ala65Lys,0.7237080845280176
urn:mavedb:00000057-a-1#1250,,,p.Ser64Lys,-0.0897406689807462
urn:mavedb:00000057-a-1#1251,,,p.Tyr63Lys,-0.0235208570480133
urn:mavedb:00000057-a-1#1252,,,p.Glu62Lys,0.0893879198106909
urn:mavedb:00000057-a-1#1253,,,p.Glu61Lys,0.1016360660083527
urn:mavedb:00000057-a-1#1254,,,p.Gln60Lys,0.4578878929587009
urn:mavedb:00000057-a-1#1255,,,p.Gly59Lys,-0.3035298089080828
urn:mavedb:00000057-a-1#1256,,,p.Ala58Lys,-0.150839665514892
urn:mavedb:00000057-a-1#1257,,,p.Thr57Lys,-0.4406685089158509
urn:mavedb:00000057-a-1#1258,,,p.Asp56Lys,-0.5958928819643218
urn:mavedb:00000057-a-1#1259,,,p.Leu55Lys,-0.5230338039714355
urn:mavedb:00000057-a-1#1260,,,p.Ile54Lys,-0.6472361592919543
urn:mavedb:00000057-a-1#1261,,,p.Asp53Lys,-0.6289329045136233
urn:mavedb:00000057-a-1#1262,,,p.Leu52Lys,-0.7441457130892675
urn:mavedb:00000057-a-1#1263,,,p.Leu51Lys,-0.2476054812162161
urn:mavedb:00000057-a-1#1264,,,p.Cys50Lys,-0.198623125597906
urn:mavedb:00000057-a-1#1265,,,p.Thr49Lys,0.0032291086774154
urn:mavedb:00000057-a-1#1266,,,p.Glu48Lys,-0.0767448288420475
urn:mavedb:00000057-a-1#1267,,,p.Gly47Lys,-0.0706903582234807
urn:mavedb:00000057-a-1#1268,,,p.Asp46Lys,0.002369002939442
urn:mavedb:00000057-a-1#1269,,,p.Ile45Lys,-0.1828439267334879
urn:mavedb:00000057-a-1#1270,,,p.Val44Lys,-0.1180980765373922
urn:mavedb:00000057-a-1#1271,,,p.Val43Lys,0.1194960771246963
urn:mavedb:00000057-a-1#1272,,,p.Gln42Lys,-0.0835287697992571
urn:mavedb:00000057-a-1#1273,,,p.Lys41=,0.0
urn:mavedb:00000057-a-1#1274,,,p.Arg40Lys,-0.5057140453381446
urn:mavedb:00000057-a-1#1275,,,p.Tyr39Lys,-0.8401352527967938
urn:mavedb:00000057-a-1#1276,,,p.Ser38Lys,-0.4074558191064558
urn:mavedb:00000057-a-1#1277,,,p.Asp37Lys,-0.7704947646434129
urn:mavedb:00000057-a-1#1278,,,p.Glu36Lys,-0.6219506099551673
urn:mavedb:00000057-a-1#1279,,,p.Ile35Lys,-0.5921246388339102
urn:mavedb:00000057-a-1#1280,,,p.Thr34Lys,-0.6249915725821159
urn:mavedb:00000057-a-1#1281,,,p.Pro33Lys,-0.2401658318119421
urn:mavedb:00000057-a-1#1282,,,p.Asp32Lys,-0.6576465016752342
urn:mavedb:00000057-a-1#1283,,,p.Tyr31Lys,-0.6544093672880995
urn:mavedb:00000057-a-1#1284,,,p.Glu30Lys,-0.4656367329083573
urn:mavedb:00000057-a-1#1285,,,p.Asp29Lys,-0.0519380738182794
urn:mavedb:00000057-a-1#1286,,,p.Val28Lys,-0.6813607943146808
urn:mavedb:00000057-a-1#1287,,,p.Phe27Lys,-0.6043756614040391
urn:mavedb:00000057-a-1#1288,,,p.His26Lys,-0.2600067455394603
urn:mavedb:00000057-a-1#1289,,,p.Asn25Lys,0.1904146703879987
urn:mavedb:00000057-a-1#1290,,,p.Gln24Lys,-0.3032036596648397
urn:mavedb:00000057-a-1#1291,,,p.Ile23Lys,0.065861215033641
urn:mavedb:00000057-a-1#1292,,,p.Leu22Lys,0.200935152752921
urn:mavedb:00000057-a-1#1293,,,p.Gln21Lys,0.1630917920129138
urn:mavedb:00000057-a-1#1294,,,p.Ile20Lys,-0.6148042105707776
urn:mavedb:00000057-a-1#1295,,,p.Thr19Lys,-0.5351924577967886
urn:mavedb:00000057-a-1#1296,,,p.Leu18Lys,-0.4486820891809731
urn:mavedb:00000057-a-1#1297,,,p.Ala17Lys,-0.4008337308730009
urn:mavedb:00000057-a-1#1298,,,p.Ser16Lys,-0.687109010613296
urn:mavedb:00000057-a-1#1299,,,p.Lys15=,0.0
urn:mavedb:00000057-a-1#1300,,,p.Gly14Lys,-0.5563026105341636
urn:mavedb:00000057-a-1#1301,,,p.Val13Lys,-0.6124760731379361
urn:mavedb:00000057-a-1#1302,,,p.Gly12Lys,-0.0385159507958698
urn:mavedb:00000057-a-1#1303,,,p.Gly11Lys,0.4251810037839948
urn:mavedb:00000057-a-1#1304,,,p.Ala10Lys,0.0114018042945125
urn:mavedb:00000057-a-1#1305,,,p.Gly9Lys,-0.8345523369557888
urn:mavedb:00000057-a-1#1306,,,p.Val8Lys,-0.5521413031289719
urn:mavedb:00000057-a-1#1307,,,p.Val7Lys,-0.4060189748638818
urn:mavedb:00000057-a-1#1308,,,p.Val6Lys,-0.3822479257999197
urn:mavedb:00000057-a-1#1309,,,p.Leu5Lys,-0.7579883126668352
urn:mavedb:00000057-a-1#1310,,,p.Lys4=,0.0
urn:mavedb:00000057-a-1#1311,,,p.Tyr3Lys,0.052194858696054
urn:mavedb:00000057-a-1#1312,,,p.Glu2Lys,-0.3751919794795573
urn:mavedb:00000057-a-1#1313,,,p.Thr1Lys,0.0012153155423502
urn:mavedb:00000057-a-1#1314,,,p.His165Ile,0.1529569285160391
urn:mavedb:00000057-a-1#1315,,,p.Gln164Ile,-0.2770180704997855
urn:mavedb:00000057-a-1#1316,,,p.Arg163Ile,0.0637835695992829
urn:mavedb:00000057-a-1#1317,,,p.Ile162=,0.0
urn:mavedb:00000057-a-1#1318,,,p.Glu161Ile,0.145585041054896
urn:mavedb:00000057-a-1#1319,,,p.Arg160Ile,-0.3323509319955659
urn:mavedb:00000057-a-1#1320,,,p.Val159Ile,0.2510745789936075
urn:mavedb:00000057-a-1#1321,,,p.Leu158Ile,0.9480718015852292
urn:mavedb:00000057-a-1#1322,,,p.Thr157Ile,-0.0940470455055924
urn:mavedb:00000057-a-1#1323,,,p.Tyr156Ile,0.253878347651251
urn:mavedb:00000057-a-1#1324,,,p.Phe155Ile,0.2563924194317633
urn:mavedb:00000057-a-1#1325,,,p.Ala154Ile,0.2811887996227125
urn:mavedb:00000057-a-1#1326,,,p.Asp153Ile,-0.127313977291133
urn:mavedb:00000057-a-1#1327,,,p.Glu152Ile,0.1078495513557037
urn:mavedb:00000057-a-1#1328,,,p.Val151Ile,0.2343031598555036
urn:mavedb:00000057-a-1#1329,,,p.Gly150Ile,0.0127687373259034
urn:mavedb:00000057-a-1#1330,,,p.Gln149Ile,0.040806466055546
urn:mavedb:00000057-a-1#1331,,,p.Arg148Ile,0.1765948187610026
urn:mavedb:00000057-a-1#1332,,,p.Thr147Ile,-0.0121889241266416
urn:mavedb:00000057-a-1#1333,,,p.Lys146Ile,0.1510893990917136
urn:mavedb:00000057-a-1#1334,,,p.Ala145Ile,-0.4236121559330679
urn:mavedb:00000057-a-1#1335,,,p.Ser144Ile,-0.0054524518733733
urn:mavedb:00000057-a-1#1336,,,p.Thr143Ile,0.3828278691276668
urn:mavedb:00000057-a-1#1337,,,p.Glu142Ile,-0.2703723997491387
urn:mavedb:00000057-a-1#1338,,,p.Ile141=,0.0
urn:mavedb:00000057-a-1#1339,,,p.Ala58Thr,0.0503447776671485
urn:mavedb:00000057-a-1#1340,,,p.Thr57=,0.0
urn:mavedb:00000057-a-1#1341,,,p.Asp56Thr,-0.5372681016549079
urn:mavedb:00000057-a-1#1342,,,p.Leu55Thr,0.0478112190621127
urn:mavedb:00000057-a-1#1343,,,p.Ile54Thr,-0.1329061317196915
urn:mavedb:00000057-a-1#1344,,,p.Asp53Thr,-0.488130562829931
urn:mavedb:00000057-a-1#1345,,,p.Leu52Thr,-0.116694619632187
urn:mavedb:00000057-a-1#1346,,,p.Leu51Thr,0.2430729401780565
urn:mavedb:00000057-a-1#1347,,,p.Cys50Thr,0.0089255846788935
urn:mavedb:00000057-a-1#1348,,,p.Thr49=,0.0
urn:mavedb:00000057-a-1#1349,,,p.Glu48Thr,0.117759471994384
urn:mavedb:00000057-a-1#1350,,,p.Gly47Thr,0.0031062736455192
urn:mavedb:00000057-a-1#1351,,,p.Asp46Thr,-0.1709913722330459
urn:mavedb:00000057-a-1#1352,,,p.Ile45Thr,-0.1223648511024101
urn:mavedb:00000057-a-1#1353,,,p.Val44Thr,0.0415928495509271
urn:mavedb:00000057-a-1#1354,,,p.Val43Thr,-0.0447230197512145
urn:mavedb:00000057-a-1#1355,,,p.Gln42Thr,-0.0276065913494783
urn:mavedb:00000057-a-1#1356,,,p.Lys41Thr,0.0614719566517715
urn:mavedb:00000057-a-1#1357,,,p.Arg40Thr,0.0177674419381319
urn:mavedb:00000057-a-1#1358,,,p.Tyr39Thr,-0.7586757923897094
urn:mavedb:00000057-a-1#1359,,,p.Ser38Thr,0.0741267566880604
urn:mavedb:00000057-a-1#1360,,,p.Asp37Thr,-0.7089216550774678
urn:mavedb:00000057-a-1#1361,,,p.Glu36Thr,-0.667329303151465
urn:mavedb:00000057-a-1#1362,,,p.Ile35Thr,-0.4421993976406789
urn:mavedb:00000057-a-1#1363,,,p.Thr34=,0.0
urn:mavedb:00000057-a-1#1364,,,p.Pro33Thr,-0.4463451377594984
urn:mavedb:00000057-a-1#1365,,,p.Asp32Thr,-0.3781654413010061
urn:mavedb:00000057-a-1#1366,,,p.Tyr31Thr,-0.4802843439425851
urn:mavedb:00000057-a-1#1367,,,p.Glu30Thr,-0.2100523087709412
urn:mavedb:00000057-a-1#1368,,,p.Asp29Thr,-0.1088994322821345
urn:mavedb:00000057-a-1#1369,,,p.Val28Thr,-0.0848178756684133
urn:mavedb:00000057-a-1#1370,,,p.Phe27Thr,-0.5214282696784621
urn:mavedb:00000057-a-1#1371,,,p.His26Thr,-0.1130806558061037
urn:mavedb:00000057-a-1#1372,,,p.Asn25Thr,0.1100955957841045
urn:mavedb:00000057-a-1#1373,,,p.Gln24Thr,0.1851015447306841
urn:mavedb:00000057-a-1#1374,,,p.Ile23Thr,-0.1225637249165369
urn:mavedb:00000057-a-1#1375,,,p.Leu22Thr,0.1982690034224818
urn:mavedb:00000057-a-1#1376,,,p.Gln21Thr,0.0225993163409285
urn:mavedb:00000057-a-1#1377,,,p.Ile20Thr,-0.3435981820579708
urn:mavedb:00000057-a-1#1378,,,p.Thr19=,0.0
urn:mavedb:00000057-a-1#1379,,,p.Leu18Thr,-0.0668598370758406
urn:mavedb:00000057-a-1#1380,,,p.Ala17Thr,-0.1750932404231922
urn:mavedb:00000057-a-1#1381,,,p.Ser16Thr,-0.0984382785362296
urn:mavedb:00000057-a-1#1382,,,p.Lys15Thr,-0.3644196432410458
urn:mavedb:00000057-a-1#1383,,,p.Gly14Thr,-0.6767517632570972
urn:mavedb:00000057-a-1#1384,,,p.Val13Thr,0.1795852904163933
urn:mavedb:00000057-a-1#1385,,,p.Gly12Thr,0.1406534571120608
urn:mavedb:00000057-a-1#1386,,,p.Gly11Thr,0.1711807280942009
urn:mavedb:00000057-a-1#1387,,,p.Ala10Thr,-0.0875656618005207
urn:mavedb:00000057-a-1#1388,,,p.Gly9Thr,-0.7148248711114131
urn:mavedb:00000057-a-1#1389,,,p.Val8Thr,-0.343872117662802
urn:mavedb:00000057-a-1#1390,,,p.Val7Thr,-0.1370678987961121
urn:mavedb:00000057-a-1#1391,,,p.Val6Thr,-0.2657308029814772
urn:mavedb:00000057-a-1#1392,,,p.Leu5Thr,-0.4195017002186935
urn:mavedb:00000057-a-1#1393,,,p.Lys4Thr,-0.1203708041994265
urn:mavedb:00000057-a-1#1394,,,p.Tyr3Thr,0.144893578209475
urn:mavedb:00000057-a-1#1395,,,p.Glu2Thr,-0.2864100895387954
urn:mavedb:00000057-a-1#1396,,,p.Thr1=,0.0
urn:mavedb:00000057-a-1#1397,,,p.His165Ser,0.0969313592947243
urn:mavedb:00000057-a-1#1398,,,p.Gln164Ser,0.0201883629940962
urn:mavedb:00000057-a-1#1399,,,p.Arg163Ser,0.0226719607987833
urn:mavedb:00000057-a-1#1400,,,p.Ile162Ser,-0.2445091031378617
urn:mavedb:00000057-a-1#1401,,,p.Glu161Ser,0.0323351754338337
urn:mavedb:00000057-a-1#1402,,,p.Arg160Ser,0.0235244785644815
urn:mavedb:00000057-a-1#1403,,,p.Val159Ser,-0.3820863262376025
urn:mavedb:00000057-a-1#1404,,,p.Leu158Ser,-0.5271575776322396
urn:mavedb:00000057-a-1#1405,,,p.Thr157Ser,-0.004448408369754
urn:mavedb:00000057-a-1#1406,,,p.Tyr156Ser,0.2001279999457335
urn:mavedb:00000057-a-1#1407,,,p.Phe155Ser,-0.556432574455188
urn:mavedb:00000057-a-1#1408,,,p.Ala154Ser,-0.1765526859998167
urn:mavedb:00000057-a-1#1409,,,p.Asp153Ser,-0.0998615945357676
urn:mavedb:00000057-a-1#1410,,,p.Glu152Ser,0.0237860071556182
urn:mavedb:00000057-a-1#1411,,,p.Val151Ser,0.0429129971359053
urn:mavedb:00000057-a-1#1412,,,p.Gly150Ser,0.0902343897334832
urn:mavedb:00000057-a-1#1413,,,p.Gln149Ser,-0.0594636535877339
urn:mavedb:00000057-a-1#1414,,,p.Arg148Ser,0.0525781931383898
urn:mavedb:00000057-a-1#1415,,,p.Thr147Ser,0.1061315630043157
urn:mavedb:00000057-a-1#1416,,,p.Lys146Ser,0.3377626231074265
urn:mavedb:00000057-a-1#1417,,,p.Ala145Ser,0.2418606662638687
urn:mavedb:00000057-a-1#1418,,,p.Ser144=,0.0
urn:mavedb:00000057-a-1#1419,,,p.Thr143Ser,-0.0514895959065905
urn:mavedb:00000057-a-1#1420,,,p.Glu142Ser,-0.3073469346335046
urn:mavedb:00000057-a-1#1421,,,p.Ile141Ser,-0.2992208697390132
urn:mavedb:00000057-a-1#1422,,,p.Tyr140Ser,-0.5349787409229199
urn:mavedb:00000057-a-1#1423,,,p.Pro139Ser,-0.1251604222738388
urn:mavedb:00000057-a-1#1424,,,p.Ile138Ser,-0.1900874072458612
urn:mavedb:00000057-a-1#1425,,,p.Gly137Ser,-0.1070699840347599
urn:mavedb:00000057-a-1#1426,,,p.Tyr136Ser,-0.1228037735703712
urn:mavedb:00000057-a-1#1427,,,p.Ser135=,0.0
urn:mavedb:00000057-a-1#1428,,,p.Arg134Ser,-0.0057632297377133
urn:mavedb:00000057-a-1#1429,,,p.Ala133Ser,-0.2146439586349767
urn:mavedb:00000057-a-1#1430,,,p.Leu132Ser,-0.1866619394238228
urn:mavedb:00000057-a-1#1431,,,p.Asp131Ser,-0.0460334272200962
urn:mavedb:00000057-a-1#1432,,,p.Gln130Ser,0.0011168369988112
urn:mavedb:00000057-a-1#1433,,,p.Ala129Ser,-0.24336219163255
urn:mavedb:00000057-a-1#1434,,,p.Gln128Ser,0.0254164075649718
urn:mavedb:00000057-a-1#1435,,,p.Arg127Ser,0.0381233483052685
urn:mavedb:00000057-a-1#1436,,,p.Ser126=,0.0
urn:mavedb:00000057-a-1#1437,,,p.Glu125Ser,0.1149632671670713
urn:mavedb:00000057-a-1#1438,,,p.Val124Ser,0.0618527832331486
urn:mavedb:00000057-a-1#1439,,,p.Thr123Ser,0.1179723487168009
urn:mavedb:00000057-a-1#1440,,,p.Arg122Ser,0.1677531605291288
urn:mavedb:00000057-a-1#1441,,,p.Ala121Ser,0.0390869319613435
urn:mavedb:00000057-a-1#1442,,,p.Ala120Ser,0.0032666517596034
urn:mavedb:00000057-a-1#1443,,,p.Leu119Ser,0.3189665947180864
urn:mavedb:00000057-a-1#1444,,,p.Asp118Ser,-0.4064341928447217
urn:mavedb:00000057-a-1#1445,,,p.Cys117Ser,0.0150000134345181
urn:mavedb:00000057-a-1#1446,,,p.Lys116Ser,0.2215631510609879
urn:mavedb:00000057-a-1#1447,,,p.Asn115Ser,0.2467601157649325
urn:mavedb:00000057-a-1#1448,,,p.Gly114Ser,-0.0474881367335031
urn:mavedb:00000057-a-1#1449,,,p.Val113Ser,-0.4649512996220703
urn:mavedb:00000057-a-1#1450,,,p.Leu112Ser,-0.6006901774069309
urn:mavedb:00000057-a-1#1451,,,p.Val111Ser,-0.5531941606357706
urn:mavedb:00000057-a-1#1452,,,p.Met110Ser,-0.5630881937224188
urn:mavedb:00000057-a-1#1453,,,p.Pro109Ser,-0.1788594889146155
urn:mavedb:00000057-a-1#1454,,,p.Val108Ser,-0.2792191656376683
urn:mavedb:00000057-a-1#1455,,,p.Asp107Ser,0.088815979416059
urn:mavedb:00000057-a-1#1456,,,p.Asp106Ser,0.085351277713094
urn:mavedb:00000057-a-1#1457,,,p.Ser105=,0.0
urn:mavedb:00000057-a-1#1458,,,p.Asp104Ser,0.0314883405998462
urn:mavedb:00000057-a-1#1459,,,p.Lys103Ser,-0.0490814358825108
urn:mavedb:00000057-a-1#1460,,,p.Val102Ser,-0.0469003328084594
urn:mavedb:00000057-a-1#1461,,,p.Val43Ser,-0.056879092494959
urn:mavedb:00000057-a-1#1462,,,p.Gln42Ser,0.0887727448868029
urn:mavedb:00000057-a-1#1463,,,p.Lys41Ser,0.0410794565811772
urn:mavedb:00000057-a-1#1464,,,p.Arg40Ser,-0.2866606870375929
urn:mavedb:00000057-a-1#1465,,,p.Tyr39Ser,-0.6940463868811593
urn:mavedb:00000057-a-1#1466,,,p.Ser38=,0.0
urn:mavedb:00000057-a-1#1467,,,p.Asp37Ser,-0.6412342805582409
urn:mavedb:00000057-a-1#1468,,,p.Glu36Ser,-0.4855730852509933
urn:mavedb:00000057-a-1#1469,,,p.Ile35Ser,-0.5812161234228315
urn:mavedb:00000057-a-1#1470,,,p.Thr34Ser,-0.5554722857903486
urn:mavedb:00000057-a-1#1471,,,p.Pro33Ser,-0.4405800862621833
urn:mavedb:00000057-a-1#1472,,,p.Asp32Ser,-0.421467708385169
urn:mavedb:00000057-a-1#1473,,,p.Tyr31Ser,-0.5662291916035316
urn:mavedb:00000057-a-1#1474,,,p.Glu30Ser,-0.329970462550595
urn:mavedb:00000057-a-1#1475,,,p.Asp29Ser,-0.1836892439440218
urn:mavedb:00000057-a-1#1476,,,p.Val28Ser,-0.0890499639157365
urn:mavedb:00000057-a-1#1477,,,p.Phe27Ser,-0.4908032301248296
urn:mavedb:00000057-a-1#1478,,,p.His26Ser,0.1547306718518168
urn:mavedb:00000057-a-1#1479,,,p.Asn25Ser,0.0919921728168751
urn:mavedb:00000057-a-1#1480,,,p.Gln24Ser,0.3274868167402734
urn:mavedb:00000057-a-1#1481,,,p.Ile23Ser,-0.0645339200316862
urn:mavedb:00000057-a-1#1482,,,p.Leu22Ser,0.140902714868818
urn:mavedb:00000057-a-1#1483,,,p.Gln21Ser,0.1826211612614872
urn:mavedb:00000057-a-1#1484,,,p.Ile20Ser,-0.4362080074481556
urn:mavedb:00000057-a-1#1485,,,p.Thr19Ser,0.1766833318025858
urn:mavedb:00000057-a-1#1486,,,p.Leu18Ser,-0.1277627111443143
urn:mavedb:00000057-a-1#1487,,,p.Ala17Ser,-0.3699133300382757
urn:mavedb:00000057-a-1#1488,,,p.Ser16=,0.0
urn:mavedb:00000057-a-1#1489,,,p.Lys15Ser,-0.2399029786892059
urn:mavedb:00000057-a-1#1490,,,p.Gly14Ser,-0.6558103351662377
urn:mavedb:00000057-a-1#1491,,,p.Val13Ser,0.2294091098516402
urn:mavedb:00000057-a-1#1492,,,p.Gly12Ser,0.0732119178602597
urn:mavedb:00000057-a-1#1493,,,p.Gly11Ser,0.1145605047627202
urn:mavedb:00000057-a-1#1494,,,p.Ala10Ser,0.0396054287739572
urn:mavedb:00000057-a-1#1495,,,p.Gly9Ser,-0.5910123261820251
urn:mavedb:00000057-a-1#1496,,,p.Val8Ser,-0.4865478572397682
urn:mavedb:00000057-a-1#1497,,,p.Val7Ser,-0.3518004341487089
urn:mavedb:00000057-a-1#1498,,,p.Val6Ser,-0.4201347518864647
urn:mavedb:00000057-a-1#1499,,,p.Leu5Ser,-0.6671575783151341
urn:mavedb:00000057-a-1#1500,,,p.Lys4Ser,0.0468923871017198
urn:mavedb:00000057-a-1#1501,,,p.Tyr3Ser,-0.0825342837688812
urn:mavedb:00000057-a-1#1502,,,p.Glu2Ser,-0.3816925919607603
urn:mavedb:00000057-a-1#1503,,,p.Thr1Ser,-0.0300161141769415
urn:mavedb:00000057-a-1#1504,,,p.Phe89Pro,-0.4055772635105306
urn:mavedb:00000057-a-1#1505,,,p.Ser88Pro,-0.2657055968892766
urn:mavedb:00000057-a-1#1506,,,p.Lys87Pro,0.0494417391337905
urn:mavedb:00000057-a-1#1507,,,p.Thr86Pro,0.1955692326392021
urn:mavedb:00000057-a-1#1508,,,p.Asn85Pro,-0.5768272303038036
urn:mavedb:00000057-a-1#1509,,,p.Asn84Pro,-0.0452925781923026
urn:mavedb:00000057-a-1#1510,,,p.Ile83Pro,0.1619307943773238
urn:mavedb:00000057-a-1#1511,,,p.Ala82Pro,-0.2701136397516071
urn:mavedb:00000057-a-1#1512,,,p.Phe81Pro,-0.5735656588333026
urn:mavedb:00000057-a-1#1513,,,p.Val80Pro,-0.5032423135285005
urn:mavedb:00000057-a-1#1514,,,p.Cys79Pro,-0.5898490227572077
urn:mavedb:00000057-a-1#1515,,,p.Leu78Pro,-0.5878154026763582
urn:mavedb:00000057-a-1#1516,,,p.Phe77Pro,-0.608003760240453
urn:mavedb:00000057-a-1#1517,,,p.Gly76Pro,-0.6377433142755988
urn:mavedb:00000057-a-1#1518,,,p.Glu75Pro,-0.4329308869893579
urn:mavedb:00000057-a-1#1519,,,p.Gly74Pro,-0.0936266611231467
urn:mavedb:00000057-a-1#1520,,,p.Thr73Pro,-0.0282287221498758
urn:mavedb:00000057-a-1#1521,,,p.Arg72Pro,0.0593755899427949
urn:mavedb:00000057-a-1#1522,,,p.Met71Pro,-0.1009894546552305
urn:mavedb:00000057-a-1#1523,,,p.Tyr70Pro,-0.0276502389245672
urn:mavedb:00000057-a-1#1524,,,p.Gln69Pro,0.0327052565188095
urn:mavedb:00000057-a-1#1525,,,p.Asp68Pro,-0.1763531685395525
urn:mavedb:00000057-a-1#1526,,,p.Arg67Pro,0.3340937674262768
urn:mavedb:00000057-a-1#1527,,,p.Met66Pro,0.1245842750204258
urn:mavedb:00000057-a-1#1528,,,p.Ala65Pro,0.2091721525350612
urn:mavedb:00000057-a-1#1529,,,p.Ser64Pro,0.1383725238855167
urn:mavedb:00000057-a-1#1530,,,p.Tyr63Pro,0.1814200127029187
urn:mavedb:00000057-a-1#1531,,,p.Glu62Pro,0.4142585288697253
urn:mavedb:00000057-a-1#1532,,,p.Glu61Pro,0.1448263417775726
urn:mavedb:00000057-a-1#1533,,,p.Gln60Pro,0.1923342084890916
urn:mavedb:00000057-a-1#1534,,,p.Gly59Pro,-0.032515964188658
urn:mavedb:00000057-a-1#1535,,,p.Ala58Pro,0.1004536207078483
urn:mavedb:00000057-a-1#1536,,,p.Thr57Pro,-0.5051294795895346
urn:mavedb:00000057-a-1#1537,,,p.Asp56Pro,-0.6114754647733058
urn:mavedb:00000057-a-1#1538,,,p.Leu55Pro,-0.700731597520371
urn:mavedb:00000057-a-1#1539,,,p.Ile54Pro,-0.7045920293915378
urn:mavedb:00000057-a-1#1540,,,p.Asp53Pro,-0.3974776694433598
urn:mavedb:00000057-a-1#1541,,,p.Leu52Pro,-0.5502242650509622
urn:mavedb:00000057-a-1#1542,,,p.Leu51Pro,-0.0930961909970748
urn:mavedb:00000057-a-1#1543,,,p.Cys50Pro,-0.099683438961678
urn:mavedb:00000057-a-1#1544,,,p.Thr49Pro,0.0100304117121259
urn:mavedb:00000057-a-1#1545,,,p.Glu48Pro,-0.1694763025757509
urn:mavedb:00000057-a-1#1546,,,p.Gly47Pro,-0.1867345690823454
urn:mavedb:00000057-a-1#1547,,,p.Asp46Pro,-0.3245554841167821
urn:mavedb:00000057-a-1#1548,,,p.Ile45Pro,-0.2669680006196183
urn:mavedb:00000057-a-1#1549,,,p.Val44Pro,-0.0287769240979163
urn:mavedb:00000057-a-1#1550,,,p.Val43Pro,-0.1605218803694297
urn:mavedb:00000057-a-1#1551,,,p.Gln42Pro,0.1295873015552944
urn:mavedb:00000057-a-1#1552,,,p.Lys41Pro,0.0833053160113942
urn:mavedb:00000057-a-1#1553,,,p.Arg40Pro,-0.6927709931689582
urn:mavedb:00000057-a-1#1554,,,p.Tyr39Pro,-0.7815700341584045
urn:mavedb:00000057-a-1#1555,,,p.Ser38Pro,-0.5988713424476231
urn:mavedb:00000057-a-1#1556,,,p.Asp37Pro,-0.7073156913707046
urn:mavedb:00000057-a-1#1557,,,p.Glu36Pro,-0.684518114059411
urn:mavedb:00000057-a-1#1558,,,p.Ile35Pro,-0.6537655671197632
urn:mavedb:00000057-a-1#1559,,,p.Thr34Pro,-0.7177292403564406
urn:mavedb:00000057-a-1#1560,,,p.Pro33=,0.0
urn:mavedb:00000057-a-1#1561,,,p.Asp32Pro,-0.6918215504897004
urn:mavedb:00000057-a-1#1562,,,p.Tyr31Pro,-0.4345219025095824
urn:mavedb:00000057-a-1#1563,,,p.Glu30Pro,-0.3000890983906869
urn:mavedb:00000057-a-1#1564,,,p.Asp29Pro,0.0486402872833151
urn:mavedb:00000057-a-1#1565,,,p.Val28Pro,-0.1531317892219013
urn:mavedb:00000057-a-1#1566,,,p.Phe27Pro,-0.6113120264079965
urn:mavedb:00000057-a-1#1567,,,p.His26Pro,-0.5616179851056369
urn:mavedb:00000057-a-1#1568,,,p.Asn25Pro,-0.0501800373839543
urn:mavedb:00000057-a-1#1569,,,p.Gln24Pro,-0.6328877999069344
urn:mavedb:00000057-a-1#1570,,,p.Ile23Pro,-0.6269243064226544
urn:mavedb:00000057-a-1#1571,,,p.Leu22Pro,-0.6374171047949801
urn:mavedb:00000057-a-1#1572,,,p.Gln21Pro,-0.6818253272863621
urn:mavedb:00000057-a-1#1573,,,p.Ile20Pro,-0.6855566603717792
urn:mavedb:00000057-a-1#1574,,,p.Thr19Pro,-0.3956689134786285
urn:mavedb:00000057-a-1#1575,,,p.Leu18Pro,-0.6319392876961613
urn:mavedb:00000057-a-1#1576,,,p.Ala17Pro,-0.581793043750398
urn:mavedb:00000057-a-1#1577,,,p.Ser16Pro,-0.6905921685117393
urn:mavedb:00000057-a-1#1578,,,p.Lys15Pro,-0.7177308441429965
urn:mavedb:00000057-a-1#1579,,,p.Gly14Pro,-0.6558755158102421
urn:mavedb:00000057-a-1#1580,,,p.Val13Pro,-0.1914624686430496
urn:mavedb:00000057-a-1#1581,,,p.Gly12Pro,0.1255695747303103
urn:mavedb:00000057-a-1#1582,,,p.Gly11Pro,-0.1076393166636822
urn:mavedb:00000057-a-1#1583,,,p.Ala10Pro,-0.0472305558961245
urn:mavedb:00000057-a-1#1584,,,p.Gly9Pro,-0.6864486126660108
urn:mavedb:00000057-a-1#1585,,,p.Val8Pro,-0.6694629849381509
urn:mavedb:00000057-a-1#1586,,,p.Val7Pro,-0.5624194487338291
urn:mavedb:00000057-a-1#1587,,,p.Val6Pro,-0.4809428904288774
urn:mavedb:00000057-a-1#1588,,,p.Leu5Pro,-0.5929344958374029
urn:mavedb:00000057-a-1#1589,,,p.Lys4Pro,-0.173838678138014
urn:mavedb:00000057-a-1#1590,,,p.Tyr3Pro,-0.1300581164340425
urn:mavedb:00000057-a-1#1591,,,p.Glu2Pro,-0.2232980237852725
urn:mavedb:00000057-a-1#1592,,,p.Thr1Pro,-0.0081206641349614
urn:mavedb:00000057-a-1#1593,,,p.His165Asn,0.0595568494395073
urn:mavedb:00000057-a-1#1594,,,p.Gln164Asn,-0.0711021810585594
urn:mavedb:00000057-a-1#1595,,,p.Arg163Asn,0.0242258334153286
urn:mavedb:00000057-a-1#1596,,,p.Ile162Asn,-0.4196081643317857
urn:mavedb:00000057-a-1#1597,,,p.Glu161Asn,-0.0096151180890066
urn:mavedb:00000057-a-1#1598,,,p.Arg160Asn,0.1126563630106931
urn:mavedb:00000057-a-1#1599,,,p.Val159Asn,-0.5278684572597455
urn:mavedb:00000057-a-1#1600,,,p.Leu158Asn,-0.6746977313014899
urn:mavedb:00000057-a-1#1601,,,p.Thr157Asn,-0.166184231653056
urn:mavedb:00000057-a-1#1602,,,p.Tyr156Asn,0.4165760312928693
urn:mavedb:00000057-a-1#1603,,,p.Phe155Asn,-0.5650172801021011
urn:mavedb:00000057-a-1#1604,,,p.Ala154Asn,-0.608186962288406
urn:mavedb:00000057-a-1#1605,,,p.Asp153Asn,-0.1463014840160387
urn:mavedb:00000057-a-1#1606,,,p.Glu152Asn,-0.0214344636096615
urn:mavedb:00000057-a-1#1607,,,p.Val151Asn,-0.0562423812426247
urn:mavedb:00000057-a-1#1608,,,p.Gly150Asn,-0.004651530243523
urn:mavedb:00000057-a-1#1609,,,p.Gln149Asn,-0.0230278384113854
urn:mavedb:00000057-a-1#1610,,,p.Arg148Asn,0.0789573230742196
urn:mavedb:00000057-a-1#1611,,,p.Thr147Asn,0.1190974468318005
urn:mavedb:00000057-a-1#1612,,,p.Lys146Asn,0.3253816475503678
urn:mavedb:00000057-a-1#1613,,,p.Ala145Asn,-0.0162964611939405
urn:mavedb:00000057-a-1#1614,,,p.Ser144Asn,0.277963241675819
urn:mavedb:00000057-a-1#1615,,,p.Thr143Asn,-0.1118747613117835
urn:mavedb:00000057-a-1#1616,,,p.Glu142Asn,-0.2729353888198423
urn:mavedb:00000057-a-1#1617,,,p.Ile141Asn,-0.32280064907212
urn:mavedb:00000057-a-1#1618,,,p.Tyr140Asn,-0.6290643140546529
urn:mavedb:00000057-a-1#1619,,,p.Pro139Asn,-0.134518167498728
urn:mavedb:00000057-a-1#1620,,,p.Ile138Asn,-0.2496006593872325
urn:mavedb:00000057-a-1#1621,,,p.Gly137Asn,0.0240420965607199
urn:mavedb:00000057-a-1#1622,,,p.Tyr136Asn,-0.1251629698618668
urn:mavedb:00000057-a-1#1623,,,p.Ser135Asn,0.0074536689781131
urn:mavedb:00000057-a-1#1624,,,p.Arg134Asn,0.0669299011208794
urn:mavedb:00000057-a-1#1625,,,p.Ala133Asn,-0.3172888245155547
urn:mavedb:00000057-a-1#1626,,,p.Leu132Asn,-0.161863814733103
urn:mavedb:00000057-a-1#1627,,,p.Asp131Asn,-0.0658343688745418
urn:mavedb:00000057-a-1#1628,,,p.Gln130Asn,-0.0644170212738807
urn:mavedb:00000057-a-1#1629,,,p.Ala129Asn,-0.1050966120146101
urn:mavedb:00000057-a-1#1630,,,p.Gln128Asn,-0.0983832280702737
urn:mavedb:00000057-a-1#1631,,,p.Arg127Asn,-0.0555248364796631
urn:mavedb:00000057-a-1#1632,,,p.Ser126Asn,-0.1050765668099892
urn:mavedb:00000057-a-1#1633,,,p.Glu125Asn,0.0099312429412839
urn:mavedb:00000057-a-1#1634,,,p.Val124Asn,-0.0007353322856745
urn:mavedb:00000057-a-1#1635,,,p.Thr123Asn,0.0144033939082237
urn:mavedb:00000057-a-1#1636,,,p.Arg122Asn,0.1578338030751449
urn:mavedb:00000057-a-1#1637,,,p.Ala121Asn,-0.022826551715621
urn:mavedb:00000057-a-1#1638,,,p.Ala120Asn,0.0596790161684819
urn:mavedb:00000057-a-1#1639,,,p.Leu119Asn,0.3268276494275319
urn:mavedb:00000057-a-1#1640,,,p.Asp118Asn,-0.2793355790957074
urn:mavedb:00000057-a-1#1641,,,p.Cys117Asn,-0.004672185016559
urn:mavedb:00000057-a-1#1642,,,p.Lys116Asn,0.3096455064448881
urn:mavedb:00000057-a-1#1643,,,p.Asn115=,0.0
urn:mavedb:00000057-a-1#1644,,,p.Gly114Asn,-0.1744850711851502
urn:mavedb:00000057-a-1#1645,,,p.Val113Asn,-0.4410556772360549
urn:mavedb:00000057-a-1#1646,,,p.Leu112Asn,-0.4410076121730906
urn:mavedb:00000057-a-1#1647,,,p.Val111Asn,-0.774963922763356
urn:mavedb:00000057-a-1#1648,,,p.Met110Asn,-0.5596444820835387
urn:mavedb:00000057-a-1#1649,,,p.Pro109Asn,-0.1208881127562342
urn:mavedb:00000057-a-1#1650,,,p.Val108Asn,-0.549306427609483
urn:mavedb:00000057-a-1#1651,,,p.Asp107Asn,0.1240223902917835
urn:mavedb:00000057-a-1#1652,,,p.Asp106Asn,0.102907909295425
urn:mavedb:00000057-a-1#1653,,,p.Ser105Asn,-0.2554130951584235
urn:mavedb:00000057-a-1#1654,,,p.Asp104Asn,0.1403764172666644
urn:mavedb:00000057-a-1#1655,,,p.Lys103Asn,-0.0443230373047242
urn:mavedb:00000057-a-1#1656,,,p.Val102Asn,-0.0603475904730823
urn:mavedb:00000057-a-1#1657,,,p.Arg101Asn,0.0131628809384265
urn:mavedb:00000057-a-1#1658,,,p.Lys100Asn,-0.170257623032161
urn:mavedb:00000057-a-1#1659,,,p.Ile99Asn,-0.4817799549372783
urn:mavedb:00000057-a-1#1660,,,p.Gln98Asn,0.1716322480099954
urn:mavedb:00000057-a-1#1661,,,p.Glu97Asn,0.0931486209786487
urn:mavedb:00000057-a-1#1662,,,p.Arg96Asn,-0.3484222465876945
urn:mavedb:00000057-a-1#1663,,,p.Tyr95Asn,-0.1896093534937726
urn:mavedb:00000057-a-1#1664,,,p.Gln94Asn,0.3054429052153421
urn:mavedb:00000057-a-1#1665,,,p.His93Asn,0.1403800427579165
urn:mavedb:00000057-a-1#1666,,,p.Ile92Asn,-0.3770690715648013
urn:mavedb:00000057-a-1#1667,,,p.Asp91Asn,0.1608142731882564
urn:mavedb:00000057-a-1#1668,,,p.Glu90Asn,0.0475183904454157
urn:mavedb:00000057-a-1#1669,,,p.Phe89Asn,-0.3397209531207745
urn:mavedb:00000057-a-1#1670,,,p.Ser88Asn,-0.1545460824956449
urn:mavedb:00000057-a-1#1671,,,p.Lys87Asn,0.056571496601051
urn:mavedb:00000057-a-1#1672,,,p.Thr86Asn,0.0443793066396125
urn:mavedb:00000057-a-1#1673,,,p.Asn85=,0.0
urn:mavedb:00000057-a-1#1674,,,p.Asn84=,0.0
urn:mavedb:00000057-a-1#1675,,,p.Ile83Asn,-0.00456193401127
urn:mavedb:00000057-a-1#1676,,,p.Ala82Asn,0.4928621858628535
urn:mavedb:00000057-a-1#1677,,,p.Val13Asn,-0.0214081924350325
urn:mavedb:00000057-a-1#1678,,,p.Gly12Asn,0.2874572292150606
urn:mavedb:00000057-a-1#1679,,,p.Gly11Asn,0.2484513500823424
urn:mavedb:00000057-a-1#1680,,,p.Ala10Asn,-0.0375485801318361
urn:mavedb:00000057-a-1#1681,,,p.Gly9Asn,-0.6250605026820825
urn:mavedb:00000057-a-1#1682,,,p.Val8Asn,-0.6205489963210725
urn:mavedb:00000057-a-1#1683,,,p.Val7Asn,-0.571756457266692
urn:mavedb:00000057-a-1#1684,,,p.Val6Asn,-0.1598072122588331
urn:mavedb:00000057-a-1#1685,,,p.Leu5Asn,-0.6046677763166827
urn:mavedb:00000057-a-1#1686,,,p.Lys4Asn,0.6979569264111827
urn:mavedb:00000057-a-1#1687,,,p.Tyr3Asn,-0.109847294994944
urn:mavedb:00000057-a-1#1688,,,p.Glu2Asn,-0.20501798970982
urn:mavedb:00000057-a-1#1689,,,p.Thr1Asn,0.06717182515204
urn:mavedb:00000057-a-1#1690,,,p.His165Met,0.120184028823591
urn:mavedb:00000057-a-1#1691,,,p.Gln164Met,-0.1371599955574974
urn:mavedb:00000057-a-1#1692,,,p.Arg163Met,0.0547458473923423
urn:mavedb:00000057-a-1#1693,,,p.Ile162Met,0.1768777888450521
urn:mavedb:00000057-a-1#1694,,,p.Glu161Met,0.1835927044851348
urn:mavedb:00000057-a-1#1695,,,p.Arg160Met,-0.0381898256039711
urn:mavedb:00000057-a-1#1696,,,p.Val159Met,0.8218803476839988
urn:mavedb:00000057-a-1#1697,,,p.Leu158Met,-0.1524340700325644
urn:mavedb:00000057-a-1#1698,,,p.Thr157Met,0.0246883303876637
urn:mavedb:00000057-a-1#1699,,,p.Tyr156Met,0.1920348063492497
urn:mavedb:00000057-a-1#1700,,,p.Phe155Met,0.0589265846987247
urn:mavedb:00000057-a-1#1701,,,p.Ala154Met,0.2300984449928224
urn:mavedb:00000057-a-1#1702,,,p.Asp153Met,-0.2071929961355668
urn:mavedb:00000057-a-1#1703,,,p.Glu152Met,0.2098531456804685
urn:mavedb:00000057-a-1#1704,,,p.Val151Met,0.1533852753995759
urn:mavedb:00000057-a-1#1705,,,p.Gly150Met,-0.0442659380920086
urn:mavedb:00000057-a-1#1706,,,p.Gln149Met,-0.137462707700784
urn:mavedb:00000057-a-1#1707,,,p.Arg148Met,0.2806919086497313
urn:mavedb:00000057-a-1#1708,,,p.Thr147Met,-0.0486379414514594
urn:mavedb:00000057-a-1#1709,,,p.Lys146Met,0.1215917061041644
urn:mavedb:00000057-a-1#1710,,,p.Ala145Met,-0.2774331272072375
urn:mavedb:00000057-a-1#1711,,,p.Ser144Met,-0.1079087018543414
urn:mavedb:00000057-a-1#1712,,,p.Thr143Met,0.3413065830201323
urn:mavedb:00000057-a-1#1713,,,p.Glu142Met,-0.2660378788306571
urn:mavedb:00000057-a-1#1714,,,p.Ile141Met,-0.1836957939213309
urn:mavedb:00000057-a-1#1715,,,p.Tyr140Met,-0.2102633035872257
urn:mavedb:00000057-a-1#1716,,,p.Pro139Met,-0.0847540969766222
urn:mavedb:00000057-a-1#1717,,,p.Ile138Met,-0.0425769570679549
urn:mavedb:00000057-a-1#1718,,,p.Gly137Met,-0.4407555061348485
urn:mavedb:00000057-a-1#1719,,,p.Tyr136Met,0.0004634249114003
urn:mavedb:00000057-a-1#1720,,,p.Ser135Met,-0.1006728170236378
urn:mavedb:00000057-a-1#1721,,,p.Arg134Met,-0.0606132331892057
urn:mavedb:00000057-a-1#1722,,,p.Ala133Met,-0.2572986080477512
urn:mavedb:00000057-a-1#1723,,,p.Leu132Met,0.0469172518890576
urn:mavedb:00000057-a-1#1724,,,p.Asp131Met,-0.0250290466030672
urn:mavedb:00000057-a-1#1725,,,p.Gln130Met,0.0048274536025806
urn:mavedb:00000057-a-1#1726,,,p.Ala129Met,0.0714879648062253
urn:mavedb:00000057-a-1#1727,,,p.Gln128Met,0.0026748699028392
urn:mavedb:00000057-a-1#1728,,,p.Arg127Met,-0.0696608080343109
urn:mavedb:00000057-a-1#1729,,,p.Ser126Met,-0.040650452591077
urn:mavedb:00000057-a-1#1730,,,p.Glu125Met,0.0063187934715426
urn:mavedb:00000057-a-1#1731,,,p.Val124Met,-0.0215006601899184
urn:mavedb:00000057-a-1#1732,,,p.Thr123Met,-0.1015949928726185
urn:mavedb:00000057-a-1#1733,,,p.Arg122Met,-0.0092834817974672
urn:mavedb:00000057-a-1#1734,,,p.Ala121Met,-0.0115079064000146
urn:mavedb:00000057-a-1#1735,,,p.Ala120Met,-0.1137894354312885
urn:mavedb:00000057-a-1#1736,,,p.Leu119Met,0.2536113685730022
urn:mavedb:00000057-a-1#1737,,,p.Asp118Met,-0.6140882940436914
urn:mavedb:00000057-a-1#1738,,,p.Cys117Met,-0.0351161165010795
urn:mavedb:00000057-a-1#1739,,,p.Lys116Met,0.3426371180556372
urn:mavedb:00000057-a-1#1740,,,p.Asn115Met,0.4734024372450832
urn:mavedb:00000057-a-1#1741,,,p.Gly114Met,-0.0232016046011539
urn:mavedb:00000057-a-1#1742,,,p.Val113Met,-0.0322837730810672
urn:mavedb:00000057-a-1#1743,,,p.Leu112Met,-0.0901017341278481
urn:mavedb:00000057-a-1#1744,,,p.Val111Met,-0.1713542938793343
urn:mavedb:00000057-a-1#1745,,,p.Met110=,0.0
urn:mavedb:00000057-a-1#1746,,,p.Pro109Met,-0.1422903295023166
urn:mavedb:00000057-a-1#1747,,,p.Val108Met,-0.0106509353855736
urn:mavedb:00000057-a-1#1748,,,p.Asp107Met,0.15573582291378
urn:mavedb:00000057-a-1#1749,,,p.Asp106Met,0.0218920477655008
urn:mavedb:00000057-a-1#1750,,,p.Ser105Met,0.0756070700166104
urn:mavedb:00000057-a-1#1751,,,p.Asp104Met,0.0150527933983264
urn:mavedb:00000057-a-1#1752,,,p.Lys103Met,0.079573161106976
urn:mavedb:00000057-a-1#1753,,,p.Val102Met,0.1448562242988504
urn:mavedb:00000057-a-1#1754,,,p.Arg101Met,-0.1054251034796745
urn:mavedb:00000057-a-1#1755,,,p.Lys100Met,-0.1036755125661823
urn:mavedb:00000057-a-1#1756,,,p.Ile99Met,-0.1940284370434444
urn:mavedb:00000057-a-1#1757,,,p.Gln98Met,0.3365118639543145
urn:mavedb:00000057-a-1#1758,,,p.Glu97Met,0.1310076849438176
urn:mavedb:00000057-a-1#1759,,,p.Arg96Met,0.3277898685032057
urn:mavedb:00000057-a-1#1760,,,p.Tyr95Met,0.3054886940688832
urn:mavedb:00000057-a-1#1761,,,p.Gln94Met,0.2328754104568378
urn:mavedb:00000057-a-1#1762,,,p.His93Met,0.2917943839290405
urn:mavedb:00000057-a-1#1763,,,p.Ile92Met,-0.0114875210021732
urn:mavedb:00000057-a-1#1764,,,p.Asp91Met,0.3809610619570974
urn:mavedb:00000057-a-1#1765,,,p.Glu90Met,0.0444010851217071
urn:mavedb:00000057-a-1#1766,,,p.Phe89Met,0.0379634774982571
urn:mavedb:00000057-a-1#1767,,,p.Ser88Met,-0.0630264968448731
urn:mavedb:00000057-a-1#1768,,,p.Lys87Met,0.0763297442416276
urn:mavedb:00000057-a-1#1769,,,p.Thr86Met,0.0902863358019293
urn:mavedb:00000057-a-1#1770,,,p.Asn85Met,-0.1226231718304491
urn:mavedb:00000057-a-1#1771,,,p.Asn84Met,0.0499853147906822
urn:mavedb:00000057-a-1#1772,,,p.Ile83Met,0.3461481915551544
urn:mavedb:00000057-a-1#1773,,,p.Ala82Met,0.0563526442217391
urn:mavedb:00000057-a-1#1774,,,p.Phe81Met,0.0793599044832336
urn:mavedb:00000057-a-1#1775,,,p.Val80Met,0.1379414350482751
urn:mavedb:00000057-a-1#1776,,,p.Cys79Met,0.2510121264749629
urn:mavedb:00000057-a-1#1777,,,p.Leu78Met,0.1124572783574042
urn:mavedb:00000057-a-1#1778,,,p.Phe77Met,-0.2448746250414913
urn:mavedb:00000057-a-1#1779,,,p.Gly76Met,0.164003376843162
urn:mavedb:00000057-a-1#1780,,,p.Glu75Met,0.1358990823237837
urn:mavedb:00000057-a-1#1781,,,p.Gly74Met,0.1074016715595468
urn:mavedb:00000057-a-1#1782,,,p.Thr73Met,0.1406330920067006
urn:mavedb:00000057-a-1#1783,,,p.Arg72Met,-0.0630535860411237
urn:mavedb:00000057-a-1#1784,,,p.Met71=,0.0
urn:mavedb:00000057-a-1#1785,,,p.Tyr70Met,0.2564268747024465
urn:mavedb:00000057-a-1#1786,,,p.Gln69Met,0.0068915810232377
urn:mavedb:00000057-a-1#1787,,,p.Asp68Met,-0.0785564250896844
urn:mavedb:00000057-a-1#1788,,,p.Arg67Met,0.3080636016134781
urn:mavedb:00000057-a-1#1789,,,p.Met66=,0.0
urn:mavedb:00000057-a-1#1790,,,p.Ala65Met,0.2059763080920927
urn:mavedb:00000057-a-1#1791,,,p.Ser64Met,-0.0312863252790399
urn:mavedb:00000057-a-1#1792,,,p.Tyr63Met,0.0194135517304404
urn:mavedb:00000057-a-1#1793,,,p.Glu62Met,0.2800321576949416
urn:mavedb:00000057-a-1#1794,,,p.Glu61Met,0.7137406764878245
urn:mavedb:00000057-a-1#1795,,,p.Gln60Met,0.2453824078950832
urn:mavedb:00000057-a-1#1796,,,p.Gly59Met,-0.4262122616609993
urn:mavedb:00000057-a-1#1797,,,p.Ala58Met,0.021412994082081
urn:mavedb:00000057-a-1#1798,,,p.Thr57Met,-0.0257657282363642
urn:mavedb:00000057-a-1#1799,,,p.Asp56Met,-0.6517705855729048
urn:mavedb:00000057-a-1#1800,,,p.Leu55Met,-0.1193012821351033
urn:mavedb:00000057-a-1#1801,,,p.Ile54Met,0.0683755278163268
urn:mavedb:00000057-a-1#1802,,,p.Asp53Met,-0.3369734464747444
urn:mavedb:00000057-a-1#1803,,,p.Leu52Met,0.0594269149683899
urn:mavedb:00000057-a-1#1804,,,p.Leu51Met,0.0687961108264669
urn:mavedb:00000057-a-1#1805,,,p.Cys50Met,-0.0869202928186982
urn:mavedb:00000057-a-1#1806,,,p.Thr49Met,0.0054047159336728
urn:mavedb:00000057-a-1#1807,,,p.Glu48Met,0.0247234988101944
urn:mavedb:00000057-a-1#1808,,,p.Gly47Met,-0.1019614798823129
urn:mavedb:00000057-a-1#1809,,,p.Asp46Met,-0.0325807055692736
urn:mavedb:00000057-a-1#1810,,,p.Ile45Met,-0.1037790718398631
urn:mavedb:00000057-a-1#1811,,,p.Val44Met,0.0607781793184036
urn:mavedb:00000057-a-1#1812,,,p.Val43Met,0.0154257563930085
urn:mavedb:00000057-a-1#1813,,,p.Gln42Met,-0.0331843262945655
urn:mavedb:00000057-a-1#1814,,,p.Lys41Met,-0.1455587929364812
urn:mavedb:00000057-a-1#1815,,,p.Arg40Met,0.125834958939754
urn:mavedb:00000057-a-1#1816,,,p.Tyr39Met,-0.7512891194291716
urn:mavedb:00000057-a-1#1817,,,p.Ser38Met,-0.2388259230876809
urn:mavedb:00000057-a-1#1818,,,p.Asp37Met,-0.7736161754507037
urn:mavedb:00000057-a-1#1819,,,p.Glu36Met,-0.5635574180212064
urn:mavedb:00000057-a-1#1820,,,p.Ile35Met,-0.2335239541971641
urn:mavedb:00000057-a-1#1821,,,p.Thr34Met,-0.9297945852586484
urn:mavedb:00000057-a-1#1822,,,p.Pro33Met,-0.4210599280232716
urn:mavedb:00000057-a-1#1823,,,p.Asp32Met,-0.3893995046671165
urn:mavedb:00000057-a-1#1824,,,p.Tyr31Met,-0.0847443737577169
urn:mavedb:00000057-a-1#1825,,,p.Glu30Met,-0.2324898836043742
urn:mavedb:00000057-a-1#1826,,,p.Asp29Met,-0.0178181790662958
urn:mavedb:00000057-a-1#1827,,,p.Val28Met,-0.0050561977603624
urn:mavedb:00000057-a-1#1828,,,p.Phe27Met,-0.2810192963625529
urn:mavedb:00000057-a-1#1829,,,p.His26Met,0.2422153924384581
urn:mavedb:00000057-a-1#1830,,,p.Asn25Met,-0.0483049354848369
urn:mavedb:00000057-a-1#1831,,,p.Gln24Met,-0.0411559126833
urn:mavedb:00000057-a-1#1832,,,p.Ile23Met,0.2165041777673909
urn:mavedb:00000057-a-1#1833,,,p.Leu22Met,-0.0155491343008295
urn:mavedb:00000057-a-1#1834,,,p.Gln21Met,0.0568769945379907
urn:mavedb:00000057-a-1#1835,,,p.Ile20Met,-0.3530733089777785
urn:mavedb:00000057-a-1#1836,,,p.Thr19Met,-0.299964989955761
urn:mavedb:00000057-a-1#1837,,,p.Leu18Met,0.2523338954633161
urn:mavedb:00000057-a-1#1838,,,p.Ala17Met,-0.2366778569527502
urn:mavedb:00000057-a-1#1839,,,p.Ser16Met,-0.6644866546500122
urn:mavedb:00000057-a-1#1840,,,p.Lys15Met,-0.721973832152307
urn:mavedb:00000057-a-1#1841,,,p.Gly14Met,-0.7367692100422321
urn:mavedb:00000057-a-1#1842,,,p.Val13Met,0.2066562450923986
urn:mavedb:00000057-a-1#1843,,,p.Gly12Met,0.0571857171332006
urn:mavedb:00000057-a-1#1844,,,p.Gly11Met,0.0683148081749836
urn:mavedb:00000057-a-1#1845,,,p.Ala10Met,-0.1125573479174497
urn:mavedb:00000057-a-1#1846,,,p.Gly9Met,-0.7571728056105684
urn:mavedb:00000057-a-1#1847,,,p.Val8Met,-0.1745893355578175
urn:mavedb:00000057-a-1#1848,,,p.Val7Met,-0.0408489205503934
urn:mavedb:00000057-a-1#1849,,,p.Val6Met,-0.0703416501989802
urn:mavedb:00000057-a-1#1850,,,p.Leu5Met,0.0154374113875003
urn:mavedb:00000057-a-1#1851,,,p.Lys4Met,-0.1770081589517814
urn:mavedb:00000057-a-1#1852,,,p.Tyr3Met,-0.1181558180286775
urn:mavedb:00000057-a-1#1853,,,p.Glu2Met,-0.1930623227224362
urn:mavedb:00000057-a-1#1854,,,p.Thr1Met,-0.0718183087486576
urn:mavedb:00000057-a-1#1855,,,p.His165Leu,0.1235141202228071
urn:mavedb:00000057-a-1#1856,,,p.Gln164Leu,-0.268073817390609
urn:mavedb:00000057-a-1#1857,,,p.Arg163Leu,0.0597304575013368
urn:mavedb:00000057-a-1#1858,,,p.Ile162Leu,0.108449641612732
urn:mavedb:00000057-a-1#1859,,,p.Glu161Leu,0.1092319968225086
urn:mavedb:00000057-a-1#1860,,,p.Arg160Leu,-0.1109422101754491
urn:mavedb:00000057-a-1#1861,,,p.Val159Leu,0.161315115484568
urn:mavedb:00000057-a-1#1862,,,p.Leu158=,0.0
urn:mavedb:00000057-a-1#1863,,,p.Thr157Leu,0.0616865731565564
urn:mavedb:00000057-a-1#1864,,,p.Tyr156Leu,0.1246231830626983
urn:mavedb:00000057-a-1#1865,,,p.Phe155Leu,0.0033338321686105
urn:mavedb:00000057-a-1#1866,,,p.Ala154Leu,0.3067066699853295
urn:mavedb:00000057-a-1#1867,,,p.Arg101Ser,-0.0623917069903416
urn:mavedb:00000057-a-1#1868,,,p.Lys100Ser,-0.1758487651896483
urn:mavedb:00000057-a-1#1869,,,p.Ile99Ser,-0.3470535971640729
urn:mavedb:00000057-a-1#1870,,,p.Gln98Ser,0.112353431416715
urn:mavedb:00000057-a-1#1871,,,p.Glu97Ser,1.9912832852349988e-05
urn:mavedb:00000057-a-1#1872,,,p.Arg96Ser,-0.0440781311173791
urn:mavedb:00000057-a-1#1873,,,p.Tyr95Ser,-0.1327291895209115
urn:mavedb:00000057-a-1#1874,,,p.Gln94Ser,0.169086027727426
urn:mavedb:00000057-a-1#1875,,,p.His93Ser,0.1797065495650364
urn:mavedb:00000057-a-1#1876,,,p.Ile92Ser,-0.2023629464304512
urn:mavedb:00000057-a-1#1877,,,p.Asp91Ser,0.1989751152160162
urn:mavedb:00000057-a-1#1878,,,p.Glu90Ser,0.3565064420850207
urn:mavedb:00000057-a-1#1879,,,p.Phe89Ser,-0.1644897512463688
urn:mavedb:00000057-a-1#1880,,,p.Ser88=,0.0
urn:mavedb:00000057-a-1#1881,,,p.Lys87Ser,0.0217279462424098
urn:mavedb:00000057-a-1#1882,,,p.Thr86Ser,0.0902631628021761
urn:mavedb:00000057-a-1#1883,,,p.Asn85Ser,-0.0120863236320502
urn:mavedb:00000057-a-1#1884,,,p.Asn84Ser,0.1112381702158666
urn:mavedb:00000057-a-1#1885,,,p.Ile83Ser,0.1627277962875427
urn:mavedb:00000057-a-1#1886,,,p.Ala82Ser,0.2292697265727814
urn:mavedb:00000057-a-1#1887,,,p.Phe81Ser,-0.3617080430262522
urn:mavedb:00000057-a-1#1888,,,p.Val80Ser,-0.3459472924083071
urn:mavedb:00000057-a-1#1889,,,p.Cys79Ser,-0.5027078984506349
urn:mavedb:00000057-a-1#1890,,,p.Leu78Ser,-0.5773582239982716
urn:mavedb:00000057-a-1#1891,,,p.Phe77Ser,-0.5701733542290216
urn:mavedb:00000057-a-1#1892,,,p.Gly76Ser,-0.3400559598904625
urn:mavedb:00000057-a-1#1893,,,p.Glu75Ser,0.0341214406310022
urn:mavedb:00000057-a-1#1894,,,p.Gly74Ser,0.0436984040965631
urn:mavedb:00000057-a-1#1895,,,p.Thr73Ser,0.2482369429727898
urn:mavedb:00000057-a-1#1896,,,p.Arg72Ser,0.11856925720874
urn:mavedb:00000057-a-1#1897,,,p.Met71Ser,-0.0804502156795786
urn:mavedb:00000057-a-1#1898,,,p.Tyr70Ser,0.0052693565445333
urn:mavedb:00000057-a-1#1899,,,p.Gln69Ser,0.1122855487817638
urn:mavedb:00000057-a-1#1900,,,p.Asp68Ser,-0.0792267855159911
urn:mavedb:00000057-a-1#1901,,,p.Arg67Ser,0.3879483592864532
urn:mavedb:00000057-a-1#1902,,,p.Met66Ser,0.1352317397730306
urn:mavedb:00000057-a-1#1903,,,p.Ala65Ser,0.1478633685101756
urn:mavedb:00000057-a-1#1904,,,p.Ser64=,0.0
urn:mavedb:00000057-a-1#1905,,,p.Tyr63Ser,0.1677029596430678
urn:mavedb:00000057-a-1#1906,,,p.Glu62Ser,0.4116984574775277
urn:mavedb:00000057-a-1#1907,,,p.Glu61Ser,0.1429229359597793
urn:mavedb:00000057-a-1#1908,,,p.Gln60Ser,0.2456315982549639
urn:mavedb:00000057-a-1#1909,,,p.Gly59Ser,-0.2266275419881781
urn:mavedb:00000057-a-1#1910,,,p.Ala58Ser,0.2097888161163634
urn:mavedb:00000057-a-1#1911,,,p.Thr57Ser,0.072053838928111
urn:mavedb:00000057-a-1#1912,,,p.Asp56Ser,-0.7007715511061698
urn:mavedb:00000057-a-1#1913,,,p.Leu55Ser,-0.0961108479154036
urn:mavedb:00000057-a-1#1914,,,p.Ile54Ser,-0.4152277678926791
urn:mavedb:00000057-a-1#1915,,,p.Asp53Ser,-0.3794689209656485
urn:mavedb:00000057-a-1#1916,,,p.Leu52Ser,-0.4348242691943055
urn:mavedb:00000057-a-1#1917,,,p.Leu51Ser,0.1729398013745257
urn:mavedb:00000057-a-1#1918,,,p.Cys50Ser,-0.0957449619622985
urn:mavedb:00000057-a-1#1919,,,p.Thr49Ser,0.0453984921653532
urn:mavedb:00000057-a-1#1920,,,p.Glu48Ser,0.1548837901687722
urn:mavedb:00000057-a-1#1921,,,p.Gly47Ser,-0.0903659135988133
urn:mavedb:00000057-a-1#1922,,,p.Asp46Ser,-0.0469172279421378
urn:mavedb:00000057-a-1#1923,,,p.Ile45Ser,0.0273245111727921
urn:mavedb:00000057-a-1#1924,,,p.Val44Ser,0.0270995999789926
urn:mavedb:00000057-a-1#1925,,,p.Tyr140Ile,-0.1045482223497011
urn:mavedb:00000057-a-1#1926,,,p.Pro139Ile,-0.0893331831750057
urn:mavedb:00000057-a-1#1927,,,p.Ile138=,0.0
urn:mavedb:00000057-a-1#1928,,,p.Gly137Ile,-0.3152833457838098
urn:mavedb:00000057-a-1#1929,,,p.Tyr136Ile,0.0974094351022461
urn:mavedb:00000057-a-1#1930,,,p.Ser135Ile,-0.1299737878809174
urn:mavedb:00000057-a-1#1931,,,p.Arg134Ile,0.0815155853608224
urn:mavedb:00000057-a-1#1932,,,p.Ala133Ile,-0.0487257834376548
urn:mavedb:00000057-a-1#1933,,,p.Leu132Ile,-0.0313366460997701
urn:mavedb:00000057-a-1#1934,,,p.Asp131Ile,-0.0570325535387784
urn:mavedb:00000057-a-1#1935,,,p.Gln130Ile,-0.0394484867501517
urn:mavedb:00000057-a-1#1936,,,p.Ala129Ile,0.1733267388471891
urn:mavedb:00000057-a-1#1937,,,p.Gln128Ile,0.1694812042406852
urn:mavedb:00000057-a-1#1938,,,p.Arg127Ile,-0.0039730491649451
urn:mavedb:00000057-a-1#1939,,,p.Ser126Ile,0.0372208009157708
urn:mavedb:00000057-a-1#1940,,,p.Glu125Ile,-0.03618487790923
urn:mavedb:00000057-a-1#1941,,,p.Val124Ile,0.0905440352860966
urn:mavedb:00000057-a-1#1942,,,p.Thr123Ile,-0.1280600740275823
urn:mavedb:00000057-a-1#1943,,,p.Arg122Ile,-0.0549540973804186
urn:mavedb:00000057-a-1#1944,,,p.Ala121Ile,-0.1445846505914031
urn:mavedb:00000057-a-1#1945,,,p.Ala120Ile,-0.0996520877461887
urn:mavedb:00000057-a-1#1946,,,p.Leu119Ile,0.0547969346357138
urn:mavedb:00000057-a-1#1947,,,p.Asp118Ile,-0.6198440603156232
urn:mavedb:00000057-a-1#1948,,,p.Cys117Ile,-0.1559647707497557
urn:mavedb:00000057-a-1#1949,,,p.Lys116Ile,0.1979383631251629
urn:mavedb:00000057-a-1#1950,,,p.Asn115Ile,-0.3969324929934106
urn:mavedb:00000057-a-1#1951,,,p.Gly114Ile,-0.3378527192589682
urn:mavedb:00000057-a-1#1952,,,p.Val113Ile,0.1219710113549065
urn:mavedb:00000057-a-1#1953,,,p.Leu112Ile,0.1178562369213294
urn:mavedb:00000057-a-1#1954,,,p.Val111Ile,0.0809770651875499
urn:mavedb:00000057-a-1#1955,,,p.Met110Ile,0.068856327778719
urn:mavedb:00000057-a-1#1956,,,p.Pro109Ile,-0.117636521938651
urn:mavedb:00000057-a-1#1957,,,p.Val108Ile,0.0916607452883409
urn:mavedb:00000057-a-1#1958,,,p.Asp107Ile,0.019873452286584
urn:mavedb:00000057-a-1#1959,,,p.Asp106Ile,-0.0281803947904167
urn:mavedb:00000057-a-1#1960,,,p.Ser105Ile,0.1469821245402099
urn:mavedb:00000057-a-1#1961,,,p.Asp104Ile,-0.2360879539153985
urn:mavedb:00000057-a-1#1962,,,p.Lys103Ile,-0.0106712567926069
urn:mavedb:00000057-a-1#1963,,,p.Val102Ile,0.1612676564723835
urn:mavedb:00000057-a-1#1964,,,p.Arg101Ile,-0.2016327859078095
urn:mavedb:00000057-a-1#1965,,,p.Lys100Ile,-0.1616735852996417
urn:mavedb:00000057-a-1#1966,,,p.Ile99=,0.0
urn:mavedb:00000057-a-1#1967,,,p.Gln98Ile,0.2733314500245568
urn:mavedb:00000057-a-1#1968,,,p.Glu97Ile,-0.2769793793098174
urn:mavedb:00000057-a-1#1969,,,p.Arg96Ile,0.4145759786045704
urn:mavedb:00000057-a-1#1970,,,p.Tyr95Ile,0.3243120249027851
urn:mavedb:00000057-a-1#1971,,,p.Gln94Ile,-0.0037897750988822
urn:mavedb:00000057-a-1#1972,,,p.His93Ile,0.2108007371998876
urn:mavedb:00000057-a-1#1973,,,p.Ile92=,0.0
urn:mavedb:00000057-a-1#1974,,,p.Asp91Ile,0.0854980646871966
urn:mavedb:00000057-a-1#1975,,,p.Glu90Ile,-0.038357742065859
urn:mavedb:00000057-a-1#1976,,,p.Phe89Ile,0.0520913929669776
urn:mavedb:00000057-a-1#1977,,,p.Ser88Ile,-0.3133017730723534
urn:mavedb:00000057-a-1#1978,,,p.Lys87Ile,-0.0994195747875733
urn:mavedb:00000057-a-1#1979,,,p.Thr86Ile,0.0939011884300257
urn:mavedb:00000057-a-1#1980,,,p.Asn85Ile,-0.2443155498277894
urn:mavedb:00000057-a-1#1981,,,p.Asn84Ile,-0.2263509083339944
urn:mavedb:00000057-a-1#1982,,,p.Ile83=,0.0
urn:mavedb:00000057-a-1#1983,,,p.Ala82Ile,-0.3228446334973217
urn:mavedb:00000057-a-1#1984,,,p.Phe81Ile,0.0387962666439864
urn:mavedb:00000057-a-1#1985,,,p.Val80Ile,0.0526414126551921
urn:mavedb:00000057-a-1#1986,,,p.Cys79Ile,0.2559190182910378
urn:mavedb:00000057-a-1#1987,,,p.Leu78Ile,0.082179978415276
urn:mavedb:00000057-a-1#1988,,,p.Phe77Ile,-0.1599021573998582
urn:mavedb:00000057-a-1#1989,,,p.Gly76Ile,0.2753018351000096
urn:mavedb:00000057-a-1#1990,,,p.Glu75Ile,0.095342602001037
urn:mavedb:00000057-a-1#1991,,,p.Gly74Ile,0.2057223828695408
urn:mavedb:00000057-a-1#1992,,,p.Thr73Ile,-0.0360237105302668
urn:mavedb:00000057-a-1#1993,,,p.Arg72Ile,-0.0259311891084824
urn:mavedb:00000057-a-1#1994,,,p.Met71Ile,-0.0104240481758144
urn:mavedb:00000057-a-1#1995,,,p.Tyr70Ile,0.3854349941927577
urn:mavedb:00000057-a-1#1996,,,p.Gln69Ile,-0.1156648512257527
urn:mavedb:00000057-a-1#1997,,,p.Asp68Ile,-0.2681230130273496
urn:mavedb:00000057-a-1#1998,,,p.Arg67Ile,0.3261572669055003
urn:mavedb:00000057-a-1#1999,,,p.Met66Ile,0.1344231702458452
urn:mavedb:00000057-a-1#2000,,,p.Ala65Ile,0.2701331468580055
urn:mavedb:00000057-a-1#2001,,,p.Ser64Ile,-0.0118306480612578
urn:mavedb:00000057-a-1#2002,,,p.Tyr63Ile,0.203225007929145
urn:mavedb:00000057-a-1#2003,,,p.Glu62Ile,0.2520012726306176
urn:mavedb:00000057-a-1#2004,,,p.Glu61Ile,0.2685393014953109
urn:mavedb:00000057-a-1#2005,,,p.Gln60Ile,0.3212393118800901
urn:mavedb:00000057-a-1#2006,,,p.Gly59Ile,-0.544244520672885
urn:mavedb:00000057-a-1#2007,,,p.Ala58Ile,-0.4342845554403304
urn:mavedb:00000057-a-1#2008,,,p.Thr57Ile,0.0974737560554492
urn:mavedb:00000057-a-1#2009,,,p.Asp56Ile,-0.6756038244868868
urn:mavedb:00000057-a-1#2010,,,p.Leu55Ile,0.0745125376464938
urn:mavedb:00000057-a-1#2011,,,p.Ile54=,0.0
urn:mavedb:00000057-a-1#2012,,,p.Asp53Ile,-0.4487608478090213
urn:mavedb:00000057-a-1#2013,,,p.Leu52Ile,0.056215557163367
urn:mavedb:00000057-a-1#2014,,,p.Leu51Ile,0.3006127186201993
urn:mavedb:00000057-a-1#2015,,,p.Cys50Ile,-0.0751956724499823
urn:mavedb:00000057-a-1#2016,,,p.Thr49Ile,-0.1278075510273516
urn:mavedb:00000057-a-1#2017,,,p.Glu48Ile,-0.1936291208036744
urn:mavedb:00000057-a-1#2018,,,p.Gly47Ile,-0.1936516248110798
urn:mavedb:00000057-a-1#2019,,,p.Asp46Ile,0.0213304008389614
urn:mavedb:00000057-a-1#2020,,,p.Ile45=,0.0
urn:mavedb:00000057-a-1#2021,,,p.Val44Ile,0.0061156738624056
urn:mavedb:00000057-a-1#2022,,,p.Val43Ile,0.1831289766321974
urn:mavedb:00000057-a-1#2023,,,p.Gln42Ile,-0.2278207747545969
urn:mavedb:00000057-a-1#2024,,,p.Lys41Ile,0.0770135059927065
urn:mavedb:00000057-a-1#2025,,,p.Arg40Ile,-0.0704914493222802
urn:mavedb:00000057-a-1#2026,,,p.Tyr39Ile,-0.6990018676645424
urn:mavedb:00000057-a-1#2027,,,p.Thr57His,-0.32283098099062
urn:mavedb:00000057-a-1#2028,,,p.Asp56His,-0.6674350616299003
urn:mavedb:00000057-a-1#2029,,,p.Leu55His,-0.2357480644860699
urn:mavedb:00000057-a-1#2030,,,p.Ile54His,-0.6574268106607772
urn:mavedb:00000057-a-1#2031,,,p.Asp53His,-0.4096307610277447
urn:mavedb:00000057-a-1#2032,,,p.Leu52His,-0.6636925291063002
urn:mavedb:00000057-a-1#2033,,,p.Leu51His,-0.0117657428105016
urn:mavedb:00000057-a-1#2034,,,p.Cys50His,-0.1156283609263252
urn:mavedb:00000057-a-1#2035,,,p.Thr49His,0.0207652797310691
urn:mavedb:00000057-a-1#2036,,,p.Glu48His,-0.0347033175667072
urn:mavedb:00000057-a-1#2037,,,p.Gly47His,-0.1464863033321382
urn:mavedb:00000057-a-1#2038,,,p.Asp46His,0.0719283954444014
urn:mavedb:00000057-a-1#2039,,,p.Ile45His,-0.2208598608575082
urn:mavedb:00000057-a-1#2040,,,p.Val44His,-0.0319775183673141
urn:mavedb:00000057-a-1#2041,,,p.Val43His,0.2198835200078575
urn:mavedb:00000057-a-1#2042,,,p.Gln42His,-0.0142062990819979
urn:mavedb:00000057-a-1#2043,,,p.Lys41His,0.0703018329757353
urn:mavedb:00000057-a-1#2044,,,p.Arg40His,-0.256243679566955
urn:mavedb:00000057-a-1#2045,,,p.Tyr39His,-0.5891814518689755
urn:mavedb:00000057-a-1#2046,,,p.Ser38His,-0.5951297027862757
urn:mavedb:00000057-a-1#2047,,,p.Asp37His,-0.684257812880765
urn:mavedb:00000057-a-1#2048,,,p.Glu36His,-0.3511843946100421
urn:mavedb:00000057-a-1#2049,,,p.Ile35His,-0.3762056794831569
urn:mavedb:00000057-a-1#2050,,,p.Thr34His,-0.9050737624037972
urn:mavedb:00000057-a-1#2051,,,p.Pro33His,-0.4956462945365756
urn:mavedb:00000057-a-1#2052,,,p.Asp32His,-0.5046857730326533
urn:mavedb:00000057-a-1#2053,,,p.Tyr31His,-0.1417613825055258
urn:mavedb:00000057-a-1#2054,,,p.Glu30His,-0.4196618106547821
urn:mavedb:00000057-a-1#2055,,,p.Asp29His,-0.4615037575928218
urn:mavedb:00000057-a-1#2056,,,p.Val28His,-0.1942026970762922
urn:mavedb:00000057-a-1#2057,,,p.Phe27His,-0.2773997640605662
urn:mavedb:00000057-a-1#2058,,,p.His26=,0.0
urn:mavedb:00000057-a-1#2059,,,p.Asn25His,0.1041854688611893
urn:mavedb:00000057-a-1#2060,,,p.Gln24His,-0.2997430422925528
urn:mavedb:00000057-a-1#2061,,,p.Ile23His,0.0647834411194783
urn:mavedb:00000057-a-1#2062,,,p.Leu22His,0.1919407471665817
urn:mavedb:00000057-a-1#2063,,,p.Gln21His,0.0223743560462366
urn:mavedb:00000057-a-1#2064,,,p.Ile20His,-0.6838113796956429
urn:mavedb:00000057-a-1#2065,,,p.Thr19His,-0.7652578084208648
urn:mavedb:00000057-a-1#2066,,,p.Leu18His,-0.5079960793961935
urn:mavedb:00000057-a-1#2067,,,p.Ala17His,-0.4619851499647605
urn:mavedb:00000057-a-1#2068,,,p.Ser16His,-0.7198743327204327
urn:mavedb:00000057-a-1#2069,,,p.Lys15His,-0.5427581819937237
urn:mavedb:00000057-a-1#2070,,,p.Gly14His,-0.7454931196211214
urn:mavedb:00000057-a-1#2071,,,p.Val13His,-0.0095461988044112
urn:mavedb:00000057-a-1#2072,,,p.Gly12His,0.1151321968217624
urn:mavedb:00000057-a-1#2073,,,p.Gly11His,0.1532101539501875
urn:mavedb:00000057-a-1#2074,,,p.Ala10His,-0.1736396323026725
urn:mavedb:00000057-a-1#2075,,,p.Gly9His,-0.5987275362430592
urn:mavedb:00000057-a-1#2076,,,p.Val8His,-0.1674133994331383
urn:mavedb:00000057-a-1#2077,,,p.Val7His,-0.3528149926569186
urn:mavedb:00000057-a-1#2078,,,p.Val6His,-0.0421548266562942
urn:mavedb:00000057-a-1#2079,,,p.Leu5His,-0.6500112432792556
urn:mavedb:00000057-a-1#2080,,,p.Lys4His,0.1958103612962292
urn:mavedb:00000057-a-1#2081,,,p.Tyr3His,0.3742425942619399
urn:mavedb:00000057-a-1#2082,,,p.Glu2His,-0.2827455023225324
urn:mavedb:00000057-a-1#2083,,,p.Thr1His,0.0178596731698162
urn:mavedb:00000057-a-1#2084,,,p.His165Gly,0.072288745033726
urn:mavedb:00000057-a-1#2085,,,p.Gln164Gly,0.8158744281812439
urn:mavedb:00000057-a-1#2086,,,p.Arg163Gly,0.0033226015116437
urn:mavedb:00000057-a-1#2087,,,p.Ile162Gly,-0.3774359424237485
urn:mavedb:00000057-a-1#2088,,,p.Glu161Gly,-0.0573153573019753
urn:mavedb:00000057-a-1#2089,,,p.Arg160Gly,-0.0324064041930724
urn:mavedb:00000057-a-1#2090,,,p.Val159Gly,-0.3731121683959904
urn:mavedb:00000057-a-1#2091,,,p.Leu158Gly,-0.6126389114488049
urn:mavedb:00000057-a-1#2092,,,p.Thr157Gly,-0.1752948996496727
urn:mavedb:00000057-a-1#2093,,,p.Tyr156Gly,0.0953646441032451
urn:mavedb:00000057-a-1#2094,,,p.Phe155Gly,-0.473842085428745
urn:mavedb:00000057-a-1#2095,,,p.Ala154Gly,-0.192692097254166
urn:mavedb:00000057-a-1#2096,,,p.Asp153Gly,-0.1719083517058187
urn:mavedb:00000057-a-1#2097,,,p.Glu152Gly,-0.0946597907968557
urn:mavedb:00000057-a-1#2098,,,p.Val151Gly,0.0474286099440832
urn:mavedb:00000057-a-1#2099,,,p.Gly150=,0.0
urn:mavedb:00000057-a-1#2100,,,p.Gln149Gly,-0.0068073159214283
urn:mavedb:00000057-a-1#2101,,,p.Arg148Gly,0.1337863912060593
urn:mavedb:00000057-a-1#2102,,,p.Thr147Gly,0.1756741499157485
urn:mavedb:00000057-a-1#2103,,,p.Lys146Gly,0.3578868852424909
urn:mavedb:00000057-a-1#2104,,,p.Ala145Gly,0.2261872029629466
urn:mavedb:00000057-a-1#2105,,,p.Ser144Gly,0.1095375083760546
urn:mavedb:00000057-a-1#2106,,,p.Thr143Gly,-0.0752708975567442
urn:mavedb:00000057-a-1#2107,,,p.Glu142Gly,-0.2623411857614363
urn:mavedb:00000057-a-1#2108,,,p.Ile141Gly,-0.4898821045750885
urn:mavedb:00000057-a-1#2109,,,p.Tyr140Gly,-0.6248597378870142
urn:mavedb:00000057-a-1#2110,,,p.Pro139Gly,-0.2380607311886272
urn:mavedb:00000057-a-1#2111,,,p.Ile138Gly,-0.3711299304807048
urn:mavedb:00000057-a-1#2112,,,p.Gly137=,0.0
urn:mavedb:00000057-a-1#2113,,,p.Tyr136Gly,-0.2503443467636957
urn:mavedb:00000057-a-1#2114,,,p.Ser135Gly,-0.1833327210647314
urn:mavedb:00000057-a-1#2115,,,p.Arg134Gly,-0.171846756254803
urn:mavedb:00000057-a-1#2116,,,p.Ala133Gly,-0.2666703045772364
urn:mavedb:00000057-a-1#2117,,,p.Leu132Gly,-0.3180742449636089
urn:mavedb:00000057-a-1#2118,,,p.Asp131Gly,-0.1785312337005893
urn:mavedb:00000057-a-1#2119,,,p.Gln130Gly,-0.090192169094159
urn:mavedb:00000057-a-1#2120,,,p.Ala129Gly,0.0460866361023698
urn:mavedb:00000057-a-1#2121,,,p.Gln128Gly,-0.1191888962646219
urn:mavedb:00000057-a-1#2122,,,p.Arg127Gly,-0.055512636354893
urn:mavedb:00000057-a-1#2123,,,p.Ser126Gly,-0.0461340436060376
urn:mavedb:00000057-a-1#2124,,,p.Glu125Gly,0.0323883666398669
urn:mavedb:00000057-a-1#2125,,,p.Val124Gly,0.0298237029788703
urn:mavedb:00000057-a-1#2126,,,p.Thr123Gly,0.0814504716559233
urn:mavedb:00000057-a-1#2127,,,p.Arg122Gly,0.1342002738161956
urn:mavedb:00000057-a-1#2128,,,p.Ala121Gly,0.054756841221601
urn:mavedb:00000057-a-1#2129,,,p.Ala120Gly,0.1097017924073931
urn:mavedb:00000057-a-1#2130,,,p.Leu119Gly,0.3634141515783115
urn:mavedb:00000057-a-1#2131,,,p.Asp118Gly,-0.2671399383105369
urn:mavedb:00000057-a-1#2132,,,p.Cys117Gly,0.0837393897406484
urn:mavedb:00000057-a-1#2133,,,p.Lys116Gly,0.4243404086098188
urn:mavedb:00000057-a-1#2134,,,p.Asn115Gly,0.0113898007190615
urn:mavedb:00000057-a-1#2135,,,p.Gly114=,0.0
urn:mavedb:00000057-a-1#2136,,,p.Val113Gly,-0.5361982670952141
urn:mavedb:00000057-a-1#2137,,,p.Leu112Gly,-0.5699880373827153
urn:mavedb:00000057-a-1#2138,,,p.Val111Gly,-0.4404042027213349
urn:mavedb:00000057-a-1#2139,,,p.Met110Gly,-0.5896411122578723
urn:mavedb:00000057-a-1#2140,,,p.Pro109Gly,-0.3887985207503252
urn:mavedb:00000057-a-1#2141,,,p.Phe81Asn,-0.5865599536967638
urn:mavedb:00000057-a-1#2142,,,p.Val80Asn,-0.4257026495417528
urn:mavedb:00000057-a-1#2143,,,p.Cys79Asn,-0.5664750300722946
urn:mavedb:00000057-a-1#2144,,,p.Leu78Asn,-0.5270144032996921
urn:mavedb:00000057-a-1#2145,,,p.Phe77Asn,-0.5905777065190716
urn:mavedb:00000057-a-1#2146,,,p.Gly76Asn,-0.4351391696688932
urn:mavedb:00000057-a-1#2147,,,p.Glu75Asn,-0.0026043682988536
urn:mavedb:00000057-a-1#2148,,,p.Gly74Asn,-0.189068560591894
urn:mavedb:00000057-a-1#2149,,,p.Thr73Asn,0.189693771308581
urn:mavedb:00000057-a-1#2150,,,p.Arg72Asn,0.0670079400862583
urn:mavedb:00000057-a-1#2151,,,p.Met71Asn,0.0115641669155775
urn:mavedb:00000057-a-1#2152,,,p.Tyr70Asn,0.1452991340606775
urn:mavedb:00000057-a-1#2153,,,p.Gln69Asn,0.2138294338481397
urn:mavedb:00000057-a-1#2154,,,p.Asp68Asn,0.0009892664405595
urn:mavedb:00000057-a-1#2155,,,p.Arg67Asn,0.2285375777153827
urn:mavedb:00000057-a-1#2156,,,p.Met66Asn,0.0845483543967261
urn:mavedb:00000057-a-1#2157,,,p.Ala65Asn,0.1573556846338279
urn:mavedb:00000057-a-1#2158,,,p.Ser64Asn,0.1826885594277444
urn:mavedb:00000057-a-1#2159,,,p.Tyr63Asn,0.3539589656647007
urn:mavedb:00000057-a-1#2160,,,p.Glu62Asn,0.503035416038426
urn:mavedb:00000057-a-1#2161,,,p.Glu61Asn,0.2748667915222518
urn:mavedb:00000057-a-1#2162,,,p.Gln60Asn,0.3660958059590024
urn:mavedb:00000057-a-1#2163,,,p.Gly59Asn,-0.5689205216196708
urn:mavedb:00000057-a-1#2164,,,p.Ala58Asn,0.1730707957947034
urn:mavedb:00000057-a-1#2165,,,p.Thr57Asn,-0.3794624715663857
urn:mavedb:00000057-a-1#2166,,,p.Asp56Asn,-0.5803345800170912
urn:mavedb:00000057-a-1#2167,,,p.Leu55Asn,0.0242572555493421
urn:mavedb:00000057-a-1#2168,,,p.Ile54Asn,-0.5442712365039151
urn:mavedb:00000057-a-1#2169,,,p.Asp53Asn,-0.2989606302534898
urn:mavedb:00000057-a-1#2170,,,p.Leu52Asn,-0.3908368016424277
urn:mavedb:00000057-a-1#2171,,,p.Leu51Asn,-0.0190825769238272
urn:mavedb:00000057-a-1#2172,,,p.Cys50Asn,-0.1306758539432776
urn:mavedb:00000057-a-1#2173,,,p.Thr49Asn,0.0361604065679108
urn:mavedb:00000057-a-1#2174,,,p.Glu48Asn,0.0836885772089871
urn:mavedb:00000057-a-1#2175,,,p.Gly47Asn,-0.0565853836571421
urn:mavedb:00000057-a-1#2176,,,p.Asp46Asn,0.0362118647135864
urn:mavedb:00000057-a-1#2177,,,p.Ile45Asn,-0.0236164529309721
urn:mavedb:00000057-a-1#2178,,,p.Val44Asn,0.1953649742316327
urn:mavedb:00000057-a-1#2179,,,p.Val43Asn,0.0889552178210373
urn:mavedb:00000057-a-1#2180,,,p.Gln42Asn,-0.121473842358443
urn:mavedb:00000057-a-1#2181,,,p.Lys41Asn,0.2557251236564348
urn:mavedb:00000057-a-1#2182,,,p.Arg40Asn,-0.2643409830844598
urn:mavedb:00000057-a-1#2183,,,p.Tyr39Asn,-0.7076407417627826
urn:mavedb:00000057-a-1#2184,,,p.Ser38Asn,-0.4365770200394901
urn:mavedb:00000057-a-1#2185,,,p.Asp37Asn,-0.6341251921444051
urn:mavedb:00000057-a-1#2186,,,p.Glu36Asn,-0.5219833506422323
urn:mavedb:00000057-a-1#2187,,,p.Ile35Asn,-0.2592177265643503
urn:mavedb:00000057-a-1#2188,,,p.Thr34Asn,-0.6932990944558134
urn:mavedb:00000057-a-1#2189,,,p.Pro33Asn,-0.5470626779191912
urn:mavedb:00000057-a-1#2190,,,p.Asp32Asn,-0.3790212825325068
urn:mavedb:00000057-a-1#2191,,,p.Tyr31Asn,-0.5120912956258851
urn:mavedb:00000057-a-1#2192,,,p.Glu30Asn,-0.2891823333936054
urn:mavedb:00000057-a-1#2193,,,p.Asp29Asn,0.1004976481042185
urn:mavedb:00000057-a-1#2194,,,p.Val28Asn,-0.1366189455301865
urn:mavedb:00000057-a-1#2195,,,p.Phe27Asn,-0.5906504440120466
urn:mavedb:00000057-a-1#2196,,,p.His26Asn,0.0246155629293632
urn:mavedb:00000057-a-1#2197,,,p.Asn25=,0.0
urn:mavedb:00000057-a-1#2198,,,p.Gln24Asn,0.1301368649393016
urn:mavedb:00000057-a-1#2199,,,p.Ile23Asn,0.3350554657170977
urn:mavedb:00000057-a-1#2200,,,p.Leu22Asn,0.2945735247071916
urn:mavedb:00000057-a-1#2201,,,p.Gln21Asn,0.1598667372675785
urn:mavedb:00000057-a-1#2202,,,p.Ile20Asn,-0.5607001181433495
urn:mavedb:00000057-a-1#2203,,,p.Thr19Asn,-0.0205904633438672
urn:mavedb:00000057-a-1#2204,,,p.Leu18Asn,-0.3141392459551863
urn:mavedb:00000057-a-1#2205,,,p.Ala17Asn,0.0860793005086888
urn:mavedb:00000057-a-1#2206,,,p.Ser16Asn,-0.6741186948441349
urn:mavedb:00000057-a-1#2207,,,p.Lys15Asn,-0.6343093535401317
urn:mavedb:00000057-a-1#2208,,,p.Gly14Asn,-0.6940316987518786
urn:mavedb:00000057-a-1#2209,,,p.Val102Lys,-0.2128236496927444
urn:mavedb:00000057-a-1#2210,,,p.Arg101Lys,-0.0345219772846767
urn:mavedb:00000057-a-1#2211,,,p.Lys100=,0.0
urn:mavedb:00000057-a-1#2212,,,p.Ile99Lys,-0.3909355824882812
urn:mavedb:00000057-a-1#2213,,,p.Gln98Lys,0.1364416030789109
urn:mavedb:00000057-a-1#2214,,,p.Glu97Lys,0.1087105644651452
urn:mavedb:00000057-a-1#2215,,,p.Arg96Lys,0.0334210053299601
urn:mavedb:00000057-a-1#2216,,,p.Tyr95Lys,-0.1571856574426611
urn:mavedb:00000057-a-1#2217,,,p.Gln94Lys,0.3301712135198627
urn:mavedb:00000057-a-1#2218,,,p.His93Lys,0.2547761938096199
urn:mavedb:00000057-a-1#2219,,,p.Ile92Lys,-0.4411168519966492
urn:mavedb:00000057-a-1#2220,,,p.Asp91Lys,0.9050540206726976
urn:mavedb:00000057-a-1#2221,,,p.Glu90Lys,0.0032234350037027
urn:mavedb:00000057-a-1#2222,,,p.Val108Gly,-0.4155817849170803
urn:mavedb:00000057-a-1#2223,,,p.Asp107Gly,-0.0048744797551381
urn:mavedb:00000057-a-1#2224,,,p.Asp106Gly,0.1295195947490027
urn:mavedb:00000057-a-1#2225,,,p.Ser105Gly,0.0377192081284289
urn:mavedb:00000057-a-1#2226,,,p.Asp104Gly,0.2495333267110313
urn:mavedb:00000057-a-1#2227,,,p.Lys103Gly,-0.2249333855465965
urn:mavedb:00000057-a-1#2228,,,p.Val102Gly,-0.1240332155756348
urn:mavedb:00000057-a-1#2229,,,p.Arg101Gly,-0.118140703041536
urn:mavedb:00000057-a-1#2230,,,p.Lys100Gly,-0.2186182642415616
urn:mavedb:00000057-a-1#2231,,,p.Ile99Gly,-0.5760726462185949
urn:mavedb:00000057-a-1#2232,,,p.Gln98Gly,0.0211803713072443
urn:mavedb:00000057-a-1#2233,,,p.Glu97Gly,-0.232542132672169
urn:mavedb:00000057-a-1#2234,,,p.Arg96Gly,-0.0976247904531708
urn:mavedb:00000057-a-1#2235,,,p.Tyr95Gly,-0.1964186027986034
urn:mavedb:00000057-a-1#2236,,,p.Gln94Gly,0.1238932471112041
urn:mavedb:00000057-a-1#2237,,,p.His93Gly,0.0896881486748267
urn:mavedb:00000057-a-1#2238,,,p.Ile92Gly,-0.3492788078250042
urn:mavedb:00000057-a-1#2239,,,p.Asp91Gly,0.0149224812954938
urn:mavedb:00000057-a-1#2240,,,p.Glu90Gly,-0.0723059423838198
urn:mavedb:00000057-a-1#2241,,,p.Phe89Gly,-0.3204147834688047
urn:mavedb:00000057-a-1#2242,,,p.Ser88Gly,-0.0571771727312784
urn:mavedb:00000057-a-1#2243,,,p.Lys87Gly,0.0534941868329297
urn:mavedb:00000057-a-1#2244,,,p.Thr86Gly,0.0240264927954918
urn:mavedb:00000057-a-1#2245,,,p.Asn85Gly,0.0101177100223755
urn:mavedb:00000057-a-1#2246,,,p.Asn84Gly,0.3306519657228125
urn:mavedb:00000057-a-1#2247,,,p.Ile83Gly,0.2183792125940905
urn:mavedb:00000057-a-1#2248,,,p.Ala82Gly,0.2248245509926065
urn:mavedb:00000057-a-1#2249,,,p.Phe81Gly,-0.2642409950372763
urn:mavedb:00000057-a-1#2250,,,p.Val80Gly,-0.5341988666662233
urn:mavedb:00000057-a-1#2251,,,p.Cys79Gly,-0.3566905708349363
urn:mavedb:00000057-a-1#2252,,,p.Leu78Gly,-0.5516486936470847
urn:mavedb:00000057-a-1#2253,,,p.Phe77Gly,-0.6154242595424724
urn:mavedb:00000057-a-1#2254,,,p.Gly76=,0.0
urn:mavedb:00000057-a-1#2255,,,p.Glu75Gly,-0.1550742750644629
urn:mavedb:00000057-a-1#2256,,,p.Gly74=,0.0
urn:mavedb:00000057-a-1#2257,,,p.Thr73Gly,0.137093435746398
urn:mavedb:00000057-a-1#2258,,,p.Arg72Gly,0.1331925427238502
urn:mavedb:00000057-a-1#2259,,,p.Met71Gly,-0.1152509512997133
urn:mavedb:00000057-a-1#2260,,,p.Tyr70Gly,0.0434383210073611
urn:mavedb:00000057-a-1#2261,,,p.Gln69Gly,0.016883445510928
urn:mavedb:00000057-a-1#2262,,,p.Asp68Gly,-0.1612877557951746
urn:mavedb:00000057-a-1#2263,,,p.Arg67Gly,0.2585581208913357
urn:mavedb:00000057-a-1#2264,,,p.Met66Gly,0.1655686709429269
urn:mavedb:00000057-a-1#2265,,,p.Ala65Gly,0.1901027554996605
urn:mavedb:00000057-a-1#2266,,,p.Ser64Gly,0.7817814398069318
urn:mavedb:00000057-a-1#2267,,,p.Tyr63Gly,0.0645028238313195
urn:mavedb:00000057-a-1#2268,,,p.Glu62Gly,0.3519794800209413
urn:mavedb:00000057-a-1#2269,,,p.Glu61Gly,0.2507560903984523
urn:mavedb:00000057-a-1#2270,,,p.Gln60Gly,0.2825904404839379
urn:mavedb:00000057-a-1#2271,,,p.Gly59=,0.0
urn:mavedb:00000057-a-1#2272,,,p.Ala58Gly,0.0719809310490986
urn:mavedb:00000057-a-1#2273,,,p.Thr57Gly,-0.2707065370451155
urn:mavedb:00000057-a-1#2274,,,p.Asp56Gly,-0.5679666873994118
urn:mavedb:00000057-a-1#2275,,,p.Leu55Gly,-0.0815925943905567
urn:mavedb:00000057-a-1#2276,,,p.Ile54Gly,-0.6813357299791962
urn:mavedb:00000057-a-1#2277,,,p.Asp53Gly,-0.4015940317900209
urn:mavedb:00000057-a-1#2278,,,p.Leu52Gly,-0.5014364515909029
urn:mavedb:00000057-a-1#2279,,,p.Leu51Gly,-0.0914821359854767
urn:mavedb:00000057-a-1#2280,,,p.Cys50Gly,-0.0911913418701554
urn:mavedb:00000057-a-1#2281,,,p.Thr49Gly,-0.0541813285453586
urn:mavedb:00000057-a-1#2282,,,p.Glu48Gly,-0.0637541008817709
urn:mavedb:00000057-a-1#2283,,,p.Gly47=,0.0
urn:mavedb:00000057-a-1#2284,,,p.Asp46Gly,0.0705665533512985
urn:mavedb:00000057-a-1#2285,,,p.Ile45Gly,-0.3175953918964214
urn:mavedb:00000057-a-1#2286,,,p.Val44Gly,-0.0815579651203577
urn:mavedb:00000057-a-1#2287,,,p.Val43Gly,0.003194545627843
urn:mavedb:00000057-a-1#2288,,,p.Gln42Gly,0.0973898892222671
urn:mavedb:00000057-a-1#2289,,,p.Lys41Gly,0.0656131863764097
urn:mavedb:00000057-a-1#2290,,,p.Arg40Gly,-0.2141775640295353
urn:mavedb:00000057-a-1#2291,,,p.Tyr39Gly,-0.7117819060209548
urn:mavedb:00000057-a-1#2292,,,p.Ser38Gly,-0.1258399910244995
urn:mavedb:00000057-a-1#2293,,,p.Asp37Gly,-0.6915249665096034
urn:mavedb:00000057-a-1#2294,,,p.Glu36Gly,-0.6242240163168999
urn:mavedb:00000057-a-1#2295,,,p.Ile35Gly,-0.6612217156874567
urn:mavedb:00000057-a-1#2296,,,p.Thr34Gly,-0.7665340503780119
urn:mavedb:00000057-a-1#2297,,,p.Pro33Gly,-0.4886658759329512
urn:mavedb:00000057-a-1#2298,,,p.Asp32Gly,-0.4878518382328034
urn:mavedb:00000057-a-1#2299,,,p.Tyr31Gly,-0.6830233784222954
urn:mavedb:00000057-a-1#2300,,,p.Glu30Gly,-0.353061377468405
urn:mavedb:00000057-a-1#2301,,,p.Asp29Gly,-0.0378633173910008
urn:mavedb:00000057-a-1#2302,,,p.Val28Gly,-0.2604869337039673
urn:mavedb:00000057-a-1#2303,,,p.Phe27Gly,-0.6007299203805998
urn:mavedb:00000057-a-1#2304,,,p.His26Gly,0.2400772926866354
urn:mavedb:00000057-a-1#2305,,,p.Asn25Gly,-0.0434517057234246
urn:mavedb:00000057-a-1#2306,,,p.Gln24Gly,0.563895506875828
urn:mavedb:00000057-a-1#2307,,,p.Ile23Gly,0.3247848783303277
urn:mavedb:00000057-a-1#2308,,,p.Leu22Gly,0.0094111570001153
urn:mavedb:00000057-a-1#2309,,,p.Gln21Gly,0.1307067149761723
urn:mavedb:00000057-a-1#2310,,,p.Ile20Gly,-0.3188696328632298
urn:mavedb:00000057-a-1#2311,,,p.Thr19Gly,-0.073530048758085
urn:mavedb:00000057-a-1#2312,,,p.Leu18Gly,-0.3143386337789169
urn:mavedb:00000057-a-1#2313,,,p.Ala17Gly,0.1570137129424775
urn:mavedb:00000057-a-1#2314,,,p.Ser16Gly,-0.6391078788963205
urn:mavedb:00000057-a-1#2315,,,p.Lys15Gly,-0.5811017620659755
urn:mavedb:00000057-a-1#2316,,,p.Gly14=,0.0
urn:mavedb:00000057-a-1#2317,,,p.Val13Gly,0.1607582994005807
urn:mavedb:00000057-a-1#2318,,,p.Gly12=,0.0
urn:mavedb:00000057-a-1#2319,,,p.Gly11=,0.0
urn:mavedb:00000057-a-1#2320,,,p.Ala10Gly,0.0179086504301881
urn:mavedb:00000057-a-1#2321,,,p.Gly9=,0.0
urn:mavedb:00000057-a-1#2322,,,p.Val8Gly,-0.5478895593083823
urn:mavedb:00000057-a-1#2323,,,p.Val7Gly,-0.5756693485376504
urn:mavedb:00000057-a-1#2324,,,p.Gln21Phe,-0.0317658657902419
urn:mavedb:00000057-a-1#2325,,,p.Ile20Phe,-0.6031231012834699
urn:mavedb:00000057-a-1#2326,,,p.Thr19Phe,-0.6771814851663428
urn:mavedb:00000057-a-1#2327,,,p.Leu18Phe,0.1971628848391512
urn:mavedb:00000057-a-1#2328,,,p.Ala17Phe,-0.6170445868680237
urn:mavedb:00000057-a-1#2329,,,p.Ser16Phe,-0.6962708464800788
urn:mavedb:00000057-a-1#2330,,,p.Lys15Phe,-0.6269767342799726
urn:mavedb:00000057-a-1#2331,,,p.Gly14Phe,-0.7540956059367471
urn:mavedb:00000057-a-1#2332,,,p.Val13Phe,-0.3554239178473368
urn:mavedb:00000057-a-1#2333,,,p.Gly12Phe,0.0753384142288407
urn:mavedb:00000057-a-1#2334,,,p.Gly11Phe,-0.1054200272660748
urn:mavedb:00000057-a-1#2335,,,p.Ala10Phe,0.0380150186320441
urn:mavedb:00000057-a-1#2336,,,p.Gly9Phe,-0.6111414485177915
urn:mavedb:00000057-a-1#2337,,,p.Val8Phe,0.1463731074720126
urn:mavedb:00000057-a-1#2338,,,p.Val7Phe,-0.1269622476639057
urn:mavedb:00000057-a-1#2339,,,p.Val6Phe,-0.1037502302653716
urn:mavedb:00000057-a-1#2340,,,p.Leu5Phe,0.0985959086304425
urn:mavedb:00000057-a-1#2341,,,p.Lys4Phe,-0.306310036372966
urn:mavedb:00000057-a-1#2342,,,p.Tyr3Phe,0.0223334512354312
urn:mavedb:00000057-a-1#2343,,,p.Glu2Phe,-0.2992900384287376
urn:mavedb:00000057-a-1#2344,,,p.Thr1Phe,-0.0304967856136327
urn:mavedb:00000057-a-1#2345,,,p.His165Glu,0.1116383344370216
urn:mavedb:00000057-a-1#2346,,,p.Gln164Glu,-0.0124718438449922
urn:mavedb:00000057-a-1#2347,,,p.Arg163Glu,-0.0034976648646372
urn:mavedb:00000057-a-1#2348,,,p.Ile162Glu,-0.4631993132005693
urn:mavedb:00000057-a-1#2349,,,p.Glu161=,0.0
urn:mavedb:00000057-a-1#2350,,,p.Arg160Glu,0.1920321809354188
urn:mavedb:00000057-a-1#2351,,,p.Val159Glu,-0.3336795914446033
urn:mavedb:00000057-a-1#2352,,,p.Leu158Glu,-0.7023086146821895
urn:mavedb:00000057-a-1#2353,,,p.Thr157Glu,0.0454809637624364
urn:mavedb:00000057-a-1#2354,,,p.Tyr156Glu,0.2900099854989041
urn:mavedb:00000057-a-1#2355,,,p.Phe155Glu,-0.7011679447591005
urn:mavedb:00000057-a-1#2356,,,p.Ala154Glu,-0.5601912600676735
urn:mavedb:00000057-a-1#2357,,,p.Asp153Glu,0.0743995692368106
urn:mavedb:00000057-a-1#2358,,,p.Glu152=,0.0
urn:mavedb:00000057-a-1#2359,,,p.Val151Glu,-0.2394098953594259
urn:mavedb:00000057-a-1#2360,,,p.Gly150Glu,0.2713425189780085
urn:mavedb:00000057-a-1#2361,,,p.Gln149Glu,0.06460306532405
urn:mavedb:00000057-a-1#2362,,,p.Arg148Glu,0.1378487821874667
urn:mavedb:00000057-a-1#2363,,,p.Thr147Glu,0.0978738316293507
urn:mavedb:00000057-a-1#2364,,,p.Lys146Glu,0.2424013206328112
urn:mavedb:00000057-a-1#2365,,,p.Ala145Glu,-0.7611007345044544
urn:mavedb:00000057-a-1#2366,,,p.Ser144Glu,0.2144900491144862
urn:mavedb:00000057-a-1#2367,,,p.Thr143Glu,-0.5507271819471788
urn:mavedb:00000057-a-1#2368,,,p.Glu142=,0.0
urn:mavedb:00000057-a-1#2369,,,p.Ile141Glu,-0.182024652451755
urn:mavedb:00000057-a-1#2370,,,p.Tyr140Glu,-0.6397535501712449
urn:mavedb:00000057-a-1#2371,,,p.Pro139Glu,-0.0330232146945353
urn:mavedb:00000057-a-1#2372,,,p.Ile138Glu,-0.5099821126512185
urn:mavedb:00000057-a-1#2373,,,p.Gly137Glu,-0.2550167991194895
urn:mavedb:00000057-a-1#2374,,,p.Tyr136Glu,-0.0214098515381195
urn:mavedb:00000057-a-1#2375,,,p.Ser135Glu,0.0382149652033138
urn:mavedb:00000057-a-1#2376,,,p.Arg134Glu,0.077091061985785
urn:mavedb:00000057-a-1#2377,,,p.Ala133Glu,-0.3518136208165422
urn:mavedb:00000057-a-1#2378,,,p.Leu132Glu,-0.1644278605786678
urn:mavedb:00000057-a-1#2379,,,p.Asp131Glu,-0.0220002882689763
urn:mavedb:00000057-a-1#2380,,,p.Gln130Glu,0.0655268100047146
urn:mavedb:00000057-a-1#2381,,,p.Ala129Glu,-0.2712634616378012
urn:mavedb:00000057-a-1#2382,,,p.Gln128Glu,0.0712600240846483
urn:mavedb:00000057-a-1#2383,,,p.Arg127Glu,-0.0549279160803352
urn:mavedb:00000057-a-1#2384,,,p.Ser126Glu,0.0326374838489533
urn:mavedb:00000057-a-1#2385,,,p.Glu125=,0.0
urn:mavedb:00000057-a-1#2386,,,p.Val124Glu,0.108462924465399
urn:mavedb:00000057-a-1#2387,,,p.Thr123Glu,0.143350537651841
urn:mavedb:00000057-a-1#2388,,,p.Arg122Glu,0.1590081385045475
urn:mavedb:00000057-a-1#2389,,,p.Ala121Glu,0.0219642604544706
urn:mavedb:00000057-a-1#2390,,,p.Ala120Glu,0.1330631724719374
urn:mavedb:00000057-a-1#2391,,,p.Leu119Glu,0.3680706278200768
urn:mavedb:00000057-a-1#2392,,,p.Asp118Glu,0.1699421987171743
urn:mavedb:00000057-a-1#2393,,,p.Cys117Glu,0.1251429176606087
urn:mavedb:00000057-a-1#2394,,,p.Lys116Glu,-0.1608825539948602
urn:mavedb:00000057-a-1#2395,,,p.Asn115Glu,-0.6025208917017727
urn:mavedb:00000057-a-1#2396,,,p.Gly114Glu,-0.4044358054756655
urn:mavedb:00000057-a-1#2397,,,p.Val113Glu,-0.5136690995074786
urn:mavedb:00000057-a-1#2398,,,p.Leu112Glu,-0.4809938460858576
urn:mavedb:00000057-a-1#2399,,,p.Val111Glu,-0.7109746689599887
urn:mavedb:00000057-a-1#2400,,,p.Met110Glu,-0.5689626753707555
urn:mavedb:00000057-a-1#2401,,,p.Pro109Glu,-0.4796989581625892
urn:mavedb:00000057-a-1#2402,,,p.Val108Glu,-0.3898056233188234
urn:mavedb:00000057-a-1#2403,,,p.Asp107Glu,-0.0408460712196458
urn:mavedb:00000057-a-1#2404,,,p.Asp106Glu,0.1663473382038725
urn:mavedb:00000057-a-1#2405,,,p.Ser105Glu,-0.0727632763487994
urn:mavedb:00000057-a-1#2406,,,p.Asp104Glu,0.0651336854342419
urn:mavedb:00000057-a-1#2407,,,p.Lys103Glu,-0.2611697973779301
urn:mavedb:00000057-a-1#2408,,,p.Val102Glu,0.1102075327819597
urn:mavedb:00000057-a-1#2409,,,p.Arg101Glu,-0.2252770829794145
urn:mavedb:00000057-a-1#2410,,,p.Lys100Glu,-0.1667437400164668
urn:mavedb:00000057-a-1#2411,,,p.Ile99Glu,-0.5595669769990189
urn:mavedb:00000057-a-1#2412,,,p.Gln98Glu,0.2128304923399053
urn:mavedb:00000057-a-1#2413,,,p.Glu97=,0.0
urn:mavedb:00000057-a-1#2414,,,p.Arg96Glu,-0.2894190536032553
urn:mavedb:00000057-a-1#2415,,,p.Tyr95Glu,-0.0817103354534212
urn:mavedb:00000057-a-1#2416,,,p.Gln94Glu,0.1538061710352352
urn:mavedb:00000057-a-1#2417,,,p.His93Glu,0.2792348341738823
urn:mavedb:00000057-a-1#2418,,,p.Ile92Glu,-0.4624466953945643
urn:mavedb:00000057-a-1#2419,,,p.Asp91Glu,0.0580634709089688
urn:mavedb:00000057-a-1#2420,,,p.Glu90=,0.0
urn:mavedb:00000057-a-1#2421,,,p.Phe89Glu,-0.3469403081632271
urn:mavedb:00000057-a-1#2422,,,p.Ser88Glu,-0.1243857377285759
urn:mavedb:00000057-a-1#2423,,,p.Lys87Glu,-0.026846656156336
urn:mavedb:00000057-a-1#2424,,,p.Thr86Glu,0.07830719131791
urn:mavedb:00000057-a-1#2425,,,p.Asn85Glu,0.03853277070861
urn:mavedb:00000057-a-1#2426,,,p.Asn84Glu,0.2595819096357041
urn:mavedb:00000057-a-1#2427,,,p.Ile83Glu,0.0602948006325132
urn:mavedb:00000057-a-1#2428,,,p.Ala82Glu,0.2620031841566703
urn:mavedb:00000057-a-1#2429,,,p.Phe81Glu,-0.6470300127117716
urn:mavedb:00000057-a-1#2430,,,p.Val80Glu,-0.5040397898941282
urn:mavedb:00000057-a-1#2431,,,p.Cys79Glu,-0.5635273806531014
urn:mavedb:00000057-a-1#2432,,,p.Leu78Glu,-0.5405933770156863
urn:mavedb:00000057-a-1#2433,,,p.Phe77Glu,-0.5272895932938491
urn:mavedb:00000057-a-1#2434,,,p.Gly76Glu,-0.555097550953307
urn:mavedb:00000057-a-1#2435,,,p.Glu75=,0.0
urn:mavedb:00000057-a-1#2436,,,p.Gly74Glu,-0.3002932160005392
urn:mavedb:00000057-a-1#2437,,,p.Thr73Glu,0.3665184438262072
urn:mavedb:00000057-a-1#2438,,,p.Ser38Ile,-0.0820687976448787
urn:mavedb:00000057-a-1#2439,,,p.Asp37Ile,-0.8477605098587353
urn:mavedb:00000057-a-1#2440,,,p.Glu36Ile,-0.6133758495835422
urn:mavedb:00000057-a-1#2441,,,p.Ile35=,0.0
urn:mavedb:00000057-a-1#2442,,,p.Thr34Ile,-0.7255345703933722
urn:mavedb:00000057-a-1#2443,,,p.Pro33Ile,-0.4004238541623032
urn:mavedb:00000057-a-1#2444,,,p.Asp32Ile,-0.2143246355698201
urn:mavedb:00000057-a-1#2445,,,p.Tyr31Ile,-0.1856880210449813
urn:mavedb:00000057-a-1#2446,,,p.Glu30Ile,-0.1922628833991284
urn:mavedb:00000057-a-1#2447,,,p.Asp29Ile,-0.328235572231932
urn:mavedb:00000057-a-1#2448,,,p.Val28Ile,0.1454867594220921
urn:mavedb:00000057-a-1#2449,,,p.Phe27Ile,-0.4894610320540253
urn:mavedb:00000057-a-1#2450,,,p.His26Ile,0.1639475876364851
urn:mavedb:00000057-a-1#2451,,,p.Asn25Ile,-0.2050356221285512
urn:mavedb:00000057-a-1#2452,,,p.Gln24Ile,0.2319682037515213
urn:mavedb:00000057-a-1#2453,,,p.Ile23=,0.0
urn:mavedb:00000057-a-1#2454,,,p.Leu22Ile,-0.0946734333200578
urn:mavedb:00000057-a-1#2455,,,p.Gln21Ile,-0.2778653312168517
urn:mavedb:00000057-a-1#2456,,,p.Ile20=,0.0
urn:mavedb:00000057-a-1#2457,,,p.Thr19Ile,0.0027818376508568
urn:mavedb:00000057-a-1#2458,,,p.Leu18Ile,-0.0026523432937241
urn:mavedb:00000057-a-1#2459,,,p.Ala17Ile,-0.4121220835924399
urn:mavedb:00000057-a-1#2460,,,p.Ser16Ile,-0.5561061082254525
urn:mavedb:00000057-a-1#2461,,,p.Lys15Ile,-0.5096907186389523
urn:mavedb:00000057-a-1#2462,,,p.Gly14Ile,-0.7114303569954546
urn:mavedb:00000057-a-1#2463,,,p.Val13Ile,0.323632073769839
urn:mavedb:00000057-a-1#2464,,,p.Gly12Ile,0.0898127023670249
urn:mavedb:00000057-a-1#2465,,,p.Gly11Ile,0.1331491065669918
urn:mavedb:00000057-a-1#2466,,,p.Ala10Ile,-0.0668193536831582
urn:mavedb:00000057-a-1#2467,,,p.Gly9Ile,-0.8985124010678402
urn:mavedb:00000057-a-1#2468,,,p.Val8Ile,-0.062249909483936
urn:mavedb:00000057-a-1#2469,,,p.Val7Ile,0.1427299111232728
urn:mavedb:00000057-a-1#2470,,,p.Val6Ile,0.1216661910626688
urn:mavedb:00000057-a-1#2471,,,p.Leu5Ile,0.2704446348250877
urn:mavedb:00000057-a-1#2472,,,p.Lys4Ile,-0.4759242496852311
urn:mavedb:00000057-a-1#2473,,,p.Tyr3Ile,0.0582462649744162
urn:mavedb:00000057-a-1#2474,,,p.Glu2Ile,-0.3155099953655605
urn:mavedb:00000057-a-1#2475,,,p.Thr1Ile,0.1603354841777274
urn:mavedb:00000057-a-1#2476,,,p.His165=,0.0
urn:mavedb:00000057-a-1#2477,,,p.Gln164His,-0.0838021071392178
urn:mavedb:00000057-a-1#2478,,,p.Arg163His,-0.3227490263552134
urn:mavedb:00000057-a-1#2479,,,p.Ile162His,-0.2890888918638292
urn:mavedb:00000057-a-1#2480,,,p.Glu161His,0.0059253052582279
urn:mavedb:00000057-a-1#2481,,,p.Arg160His,-0.0674922275880803
urn:mavedb:00000057-a-1#2482,,,p.Val159His,-0.2631021966372808
urn:mavedb:00000057-a-1#2483,,,p.Leu158His,-0.6449598764963499
urn:mavedb:00000057-a-1#2484,,,p.Thr157His,0.0375159868920735
urn:mavedb:00000057-a-1#2485,,,p.Tyr156His,0.0602134307487712
urn:mavedb:00000057-a-1#2486,,,p.Phe155His,-0.5920560015393228
urn:mavedb:00000057-a-1#2487,,,p.Ala154His,-0.6078101828050929
urn:mavedb:00000057-a-1#2488,,,p.Asp153His,-0.0625889370067351
urn:mavedb:00000057-a-1#2489,,,p.Glu152His,-0.080824594732491
urn:mavedb:00000057-a-1#2490,,,p.Val151His,0.3121096816108718
urn:mavedb:00000057-a-1#2491,,,p.Gly150His,-0.0712711885677856
urn:mavedb:00000057-a-1#2492,,,p.Gln149His,-0.0314078319586071
urn:mavedb:00000057-a-1#2493,,,p.Arg148His,3.302097442952008
urn:mavedb:00000057-a-1#2494,,,p.Thr147His,0.0782866513819526
urn:mavedb:00000057-a-1#2495,,,p.Lys146His,0.2875501965493686
urn:mavedb:00000057-a-1#2496,,,p.Ala145His,-0.6798331011445131
urn:mavedb:00000057-a-1#2497,,,p.Ser144His,0.0525406730548567
urn:mavedb:00000057-a-1#2498,,,p.Thr143His,-0.6445024162097053
urn:mavedb:00000057-a-1#2499,,,p.Glu142His,-0.3619162001895508
urn:mavedb:00000057-a-1#2500,,,p.Ile141His,-0.1149694994214095
urn:mavedb:00000057-a-1#2501,,,p.Tyr140His,-0.4059091654999037
urn:mavedb:00000057-a-1#2502,,,p.Pro139His,-0.0952340766891531
urn:mavedb:00000057-a-1#2503,,,p.Ile138His,-0.1735476137651264
urn:mavedb:00000057-a-1#2504,,,p.Gly137His,-0.4061537959947104
urn:mavedb:00000057-a-1#2505,,,p.Tyr136His,5.124198227813778e-05
urn:mavedb:00000057-a-1#2506,,,p.Ser135His,0.0181580275668351
urn:mavedb:00000057-a-1#2507,,,p.Arg134His,0.0172367314492093
urn:mavedb:00000057-a-1#2508,,,p.Ala133His,-0.405657157773611
urn:mavedb:00000057-a-1#2509,,,p.Leu132His,-0.2101636314661908
urn:mavedb:00000057-a-1#2510,,,p.Asp131His,-0.1150781861607142
urn:mavedb:00000057-a-1#2511,,,p.Gln130His,-0.0297297659555372
urn:mavedb:00000057-a-1#2512,,,p.Ala129His,-0.3236491322306468
urn:mavedb:00000057-a-1#2513,,,p.Gln128His,0.0115671814527528
urn:mavedb:00000057-a-1#2514,,,p.Arg127His,-0.0951052898264872
urn:mavedb:00000057-a-1#2515,,,p.Ser126His,0.0470066606836515
urn:mavedb:00000057-a-1#2516,,,p.Glu125His,-0.1007944287075496
urn:mavedb:00000057-a-1#2517,,,p.Val124His,-0.0194571145010401
urn:mavedb:00000057-a-1#2518,,,p.Thr123His,-0.0178383228690722
urn:mavedb:00000057-a-1#2519,,,p.Arg122His,0.0803764567686386
urn:mavedb:00000057-a-1#2520,,,p.Ala121His,0.0132370986182989
urn:mavedb:00000057-a-1#2521,,,p.Ala120His,-0.0462673398719621
urn:mavedb:00000057-a-1#2522,,,p.Leu119His,0.2655389225394303
urn:mavedb:00000057-a-1#2523,,,p.Asp118His,-0.5891808330645765
urn:mavedb:00000057-a-1#2524,,,p.Cys117His,-0.03101118581163
urn:mavedb:00000057-a-1#2525,,,p.Lys116His,0.3231622507674225
urn:mavedb:00000057-a-1#2526,,,p.Asn115His,0.4430640982050532
urn:mavedb:00000057-a-1#2527,,,p.Gly114His,-0.4817785576363313
urn:mavedb:00000057-a-1#2528,,,p.Val113His,-0.6699914331657889
urn:mavedb:00000057-a-1#2529,,,p.Leu112His,-0.5737931768929104
urn:mavedb:00000057-a-1#2530,,,p.Val111His,-0.4420372319650956
urn:mavedb:00000057-a-1#2531,,,p.Met110His,-0.7835059532051359
urn:mavedb:00000057-a-1#2532,,,p.Pro109His,0.0354696808320775
urn:mavedb:00000057-a-1#2533,,,p.Val108His,-0.3776086718912889
urn:mavedb:00000057-a-1#2534,,,p.Asp107His,0.1366803624498634
urn:mavedb:00000057-a-1#2535,,,p.Asp106His,0.1182721321020688
urn:mavedb:00000057-a-1#2536,,,p.Ser105His,0.0776416688867919
urn:mavedb:00000057-a-1#2537,,,p.Asp104His,0.075997105163037
urn:mavedb:00000057-a-1#2538,,,p.Lys103His,0.080835618717355
urn:mavedb:00000057-a-1#2539,,,p.Val102His,0.0270045897439107
urn:mavedb:00000057-a-1#2540,,,p.Arg101His,-0.0306733746859323
urn:mavedb:00000057-a-1#2541,,,p.Lys100His,-0.0086549645466166
urn:mavedb:00000057-a-1#2542,,,p.Ile99His,-0.5054363903385715
urn:mavedb:00000057-a-1#2543,,,p.Gln98His,0.12446581341513
urn:mavedb:00000057-a-1#2544,,,p.Glu97His,-0.0991082261092416
urn:mavedb:00000057-a-1#2545,,,p.Arg96His,-0.0300707734671862
urn:mavedb:00000057-a-1#2546,,,p.Tyr95His,-0.3515989910499143
urn:mavedb:00000057-a-1#2547,,,p.Gln94His,0.2425505919457449
urn:mavedb:00000057-a-1#2548,,,p.His93=,0.0
urn:mavedb:00000057-a-1#2549,,,p.Ile92His,-0.5029309164696858
urn:mavedb:00000057-a-1#2550,,,p.Asp91His,0.0730587438469915
urn:mavedb:00000057-a-1#2551,,,p.Glu90His,-0.0713703943057799
urn:mavedb:00000057-a-1#2552,,,p.Phe89His,-0.150284659323188
urn:mavedb:00000057-a-1#2553,,,p.Ser88His,-0.1363910823025848
urn:mavedb:00000057-a-1#2554,,,p.Lys87His,-0.0858548522015111
urn:mavedb:00000057-a-1#2555,,,p.Thr86His,0.1389043187637345
urn:mavedb:00000057-a-1#2556,,,p.Asn85His,0.0146999880012312
urn:mavedb:00000057-a-1#2557,,,p.Asn84His,0.2560091813557214
urn:mavedb:00000057-a-1#2558,,,p.Ile83His,0.2747655494703156
urn:mavedb:00000057-a-1#2559,,,p.Ala82His,0.105764533718151
urn:mavedb:00000057-a-1#2560,,,p.Phe81His,-0.4653297802361686
urn:mavedb:00000057-a-1#2561,,,p.Val80His,-0.5404507425091544
urn:mavedb:00000057-a-1#2562,,,p.Cys79His,-0.3746882108345395
urn:mavedb:00000057-a-1#2563,,,p.Leu78His,-0.6404236111767795
urn:mavedb:00000057-a-1#2564,,,p.Phe77His,-0.3513294083259133
urn:mavedb:00000057-a-1#2565,,,p.Gly76His,-0.4396892188298833
urn:mavedb:00000057-a-1#2566,,,p.Glu75His,0.0655636609363859
urn:mavedb:00000057-a-1#2567,,,p.Gly74His,-0.0011383385684687
urn:mavedb:00000057-a-1#2568,,,p.Thr73His,0.1059384145003266
urn:mavedb:00000057-a-1#2569,,,p.Arg72His,0.0405463559350912
urn:mavedb:00000057-a-1#2570,,,p.Met71His,0.0331218345713254
urn:mavedb:00000057-a-1#2571,,,p.Tyr70His,0.1098223358945733
urn:mavedb:00000057-a-1#2572,,,p.Gln69His,0.0560370580371202
urn:mavedb:00000057-a-1#2573,,,p.Asp68His,-0.0701495986694841
urn:mavedb:00000057-a-1#2574,,,p.Arg67His,0.3211911610000929
urn:mavedb:00000057-a-1#2575,,,p.Met66His,0.2216767362026999
urn:mavedb:00000057-a-1#2576,,,p.Ala65His,-0.0216954825466948
urn:mavedb:00000057-a-1#2577,,,p.Ser64His,0.1519736950587167
urn:mavedb:00000057-a-1#2578,,,p.Tyr63His,0.0148177117382717
urn:mavedb:00000057-a-1#2579,,,p.Glu62His,0.532937535024955
urn:mavedb:00000057-a-1#2580,,,p.Glu61His,0.3339303655344588
urn:mavedb:00000057-a-1#2581,,,p.Gln60His,0.3378042126131703
urn:mavedb:00000057-a-1#2582,,,p.Gly59His,-0.2161035583618646
urn:mavedb:00000057-a-1#2583,,,p.Ala58His,-0.2671057744959039
urn:mavedb:00000057-a-1#2584,,,p.Arg72Glu,0.0642500306031114
urn:mavedb:00000057-a-1#2585,,,p.Met71Glu,-0.0509560269353125
urn:mavedb:00000057-a-1#2586,,,p.Tyr70Glu,0.3272356382531986
urn:mavedb:00000057-a-1#2587,,,p.Gln69Glu,0.1676048358199839
urn:mavedb:00000057-a-1#2588,,,p.Asp68Glu,-0.0063049623273696
urn:mavedb:00000057-a-1#2589,,,p.Arg67Glu,0.1666913077615137
urn:mavedb:00000057-a-1#2590,,,p.Met66Glu,0.047833326319938
urn:mavedb:00000057-a-1#2591,,,p.Ala65Glu,-0.0574607088363378
urn:mavedb:00000057-a-1#2592,,,p.Ser64Glu,-0.008672646088919
urn:mavedb:00000057-a-1#2593,,,p.Tyr63Glu,-0.0415587829015167
urn:mavedb:00000057-a-1#2594,,,p.Glu62=,0.0
urn:mavedb:00000057-a-1#2595,,,p.Glu61=,0.0
urn:mavedb:00000057-a-1#2596,,,p.Gln60Glu,0.2612611459833122
urn:mavedb:00000057-a-1#2597,,,p.Gly59Glu,-0.4354287633919059
urn:mavedb:00000057-a-1#2598,,,p.Ala58Glu,-0.2694506844623485
urn:mavedb:00000057-a-1#2599,,,p.Thr57Glu,-0.6038599161952234
urn:mavedb:00000057-a-1#2600,,,p.Asp56Glu,-0.5869787374682633
urn:mavedb:00000057-a-1#2601,,,p.Leu55Glu,0.3790582084694107
urn:mavedb:00000057-a-1#2602,,,p.Ile54Glu,-0.8350992702789966
urn:mavedb:00000057-a-1#2603,,,p.Asp53Glu,-0.08891289480428
urn:mavedb:00000057-a-1#2604,,,p.Leu52Glu,-0.6562189615444074
urn:mavedb:00000057-a-1#2605,,,p.Leu51Glu,0.3641272869448648
urn:mavedb:00000057-a-1#2606,,,p.Cys50Glu,-0.1672960489045193
urn:mavedb:00000057-a-1#2607,,,p.Thr49Glu,-0.0673972240303477
urn:mavedb:00000057-a-1#2608,,,p.Glu48=,0.0
urn:mavedb:00000057-a-1#2609,,,p.Gly47Glu,-0.1053055004725996
urn:mavedb:00000057-a-1#2610,,,p.Asp46Glu,0.2213571919431856
urn:mavedb:00000057-a-1#2611,,,p.Ile45Glu,-0.2502844926314647
urn:mavedb:00000057-a-1#2612,,,p.Val44Glu,-0.0801613240647924
urn:mavedb:00000057-a-1#2613,,,p.Val43Glu,-0.0884143505777391
urn:mavedb:00000057-a-1#2614,,,p.Gln42Glu,0.0698916781362505
urn:mavedb:00000057-a-1#2615,,,p.Lys41Glu,0.0295029306507371
urn:mavedb:00000057-a-1#2616,,,p.Arg40Glu,-0.5093405965841094
urn:mavedb:00000057-a-1#2617,,,p.Tyr39Glu,-0.6880608293504878
urn:mavedb:00000057-a-1#2618,,,p.Ser38Glu,-0.3604802616184324
urn:mavedb:00000057-a-1#2619,,,p.Asp37Glu,-0.6191493469871221
urn:mavedb:00000057-a-1#2620,,,p.Glu36=,0.0
urn:mavedb:00000057-a-1#2621,,,p.Ile35Glu,-0.6253055600168973
urn:mavedb:00000057-a-1#2622,,,p.Thr34Glu,-0.9046638610705348
urn:mavedb:00000057-a-1#2623,,,p.Pro33Glu,-0.4315868432166602
urn:mavedb:00000057-a-1#2624,,,p.Asp32Glu,0.001289571965561
urn:mavedb:00000057-a-1#2625,,,p.Tyr31Glu,-0.4891433952996234
urn:mavedb:00000057-a-1#2626,,,p.Glu30=,0.0
urn:mavedb:00000057-a-1#2627,,,p.Asp29Glu,-0.0503489195675465
urn:mavedb:00000057-a-1#2628,,,p.Val28Glu,0.0857715965930935
urn:mavedb:00000057-a-1#2629,,,p.Phe27Glu,-0.4545381423492476
urn:mavedb:00000057-a-1#2630,,,p.His26Glu,0.0364261107014991
urn:mavedb:00000057-a-1#2631,,,p.Asn25Glu,0.0406528958013522
urn:mavedb:00000057-a-1#2632,,,p.Gln24Glu,-0.6026885495349459
urn:mavedb:00000057-a-1#2633,,,p.Ile23Glu,-0.6032082412960869
urn:mavedb:00000057-a-1#2634,,,p.Leu22Glu,0.1915529162529913
urn:mavedb:00000057-a-1#2635,,,p.Gln21Glu,-0.0716074027297896
urn:mavedb:00000057-a-1#2636,,,p.Ile20Glu,-0.4313731936918729
urn:mavedb:00000057-a-1#2637,,,p.Thr19Glu,-0.4675293693233319
urn:mavedb:00000057-a-1#2638,,,p.Leu18Glu,-0.7469094598342008
urn:mavedb:00000057-a-1#2639,,,p.Ala17Glu,-0.6610642477649085
urn:mavedb:00000057-a-1#2640,,,p.Ser16Glu,-0.6367863116206871
urn:mavedb:00000057-a-1#2641,,,p.Lys15Glu,-0.6162810576248339
urn:mavedb:00000057-a-1#2642,,,p.Gly14Glu,-0.8068778416944921
urn:mavedb:00000057-a-1#2643,,,p.Val13Glu,-0.3468689091094768
urn:mavedb:00000057-a-1#2644,,,p.Gly12Glu,0.2647866351276789
urn:mavedb:00000057-a-1#2645,,,p.Gly11Glu,0.0105702033898183
urn:mavedb:00000057-a-1#2646,,,p.Ala10Glu,-0.0649269761028897
urn:mavedb:00000057-a-1#2647,,,p.Gly9Glu,-0.8054173280237314
urn:mavedb:00000057-a-1#2648,,,p.Val8Glu,-0.6415231357135631
urn:mavedb:00000057-a-1#2649,,,p.Val7Glu,-0.6269477809426451
urn:mavedb:00000057-a-1#2650,,,p.Val6Glu,-0.683865807345827
urn:mavedb:00000057-a-1#2651,,,p.Leu5Glu,-0.5848684279625409
urn:mavedb:00000057-a-1#2652,,,p.Lys4Glu,-0.1158043939197036
urn:mavedb:00000057-a-1#2653,,,p.Tyr3Glu,-0.498511661486142
urn:mavedb:00000057-a-1#2654,,,p.Glu2=,0.0
urn:mavedb:00000057-a-1#2655,,,p.Thr1Glu,-0.1237982671917711
urn:mavedb:00000057-a-1#2656,,,p.His165Asp,0.2482413402660464
urn:mavedb:00000057-a-1#2657,,,p.Gln164Asp,-0.0273441360044644
urn:mavedb:00000057-a-1#2658,,,p.Arg163Asp,0.0319461076560857
urn:mavedb:00000057-a-1#2659,,,p.Ile162Asp,-0.4129895778624405
urn:mavedb:00000057-a-1#2660,,,p.Glu161Asp,-0.0237286042024975
urn:mavedb:00000057-a-1#2661,,,p.Arg160Asp,-0.010908196997499
urn:mavedb:00000057-a-1#2662,,,p.Val159Asp,-0.6039423354738526
urn:mavedb:00000057-a-1#2663,,,p.Leu158Asp,-0.6586830254258738
urn:mavedb:00000057-a-1#2664,,,p.Thr157Asp,-0.1319916100008297
urn:mavedb:00000057-a-1#2665,,,p.Tyr156Asp,0.0027838389661853
urn:mavedb:00000057-a-1#2666,,,p.Phe155Asp,-0.6547406767798839
urn:mavedb:00000057-a-1#2667,,,p.Ala154Asp,-0.5565472752795233
urn:mavedb:00000057-a-1#2668,,,p.Asp153=,0.0
urn:mavedb:00000057-a-1#2669,,,p.Glu152Asp,0.0119308961125787
urn:mavedb:00000057-a-1#2670,,,p.Val151Asp,-0.083588906105337
urn:mavedb:00000057-a-1#2671,,,p.Gly150Asp,0.1779124431066449
urn:mavedb:00000057-a-1#2672,,,p.Gln149Asp,0.0252609658260511
urn:mavedb:00000057-a-1#2673,,,p.Arg148Asp,0.0286419909413187
urn:mavedb:00000057-a-1#2674,,,p.Thr147Asp,0.2828672472807817
urn:mavedb:00000057-a-1#2675,,,p.Lys146Asp,0.3239101694767875
urn:mavedb:00000057-a-1#2676,,,p.Ala145Asp,-0.7304387588990504
urn:mavedb:00000057-a-1#2677,,,p.Ser144Asp,0.4317674804468084
urn:mavedb:00000057-a-1#2678,,,p.Thr143Asp,-0.5859310202828455
urn:mavedb:00000057-a-1#2679,,,p.Glu142Asp,-0.1111743922420939
urn:mavedb:00000057-a-1#2680,,,p.Ile141Asp,-0.620191360519134
urn:mavedb:00000057-a-1#2681,,,p.Tyr140Asp,-0.6184484405617137
urn:mavedb:00000057-a-1#2682,,,p.Pro139Asp,0.0312048287681432
urn:mavedb:00000057-a-1#2683,,,p.Ile138Asp,-0.4568479417210234
urn:mavedb:00000057-a-1#2684,,,p.Gly137Asp,-0.0183990800617509
urn:mavedb:00000057-a-1#2685,,,p.Tyr136Asp,-0.1388555887391941
urn:mavedb:00000057-a-1#2686,,,p.Gln42Asp,-0.0012696407506885
urn:mavedb:00000057-a-1#2687,,,p.Lys41Asp,-0.0794294689042674
urn:mavedb:00000057-a-1#2688,,,p.Arg40Asp,-0.569496118189966
urn:mavedb:00000057-a-1#2689,,,p.Tyr39Asp,-0.7009268636209607
urn:mavedb:00000057-a-1#2690,,,p.Ser38Asp,-0.476050117919859
urn:mavedb:00000057-a-1#2691,,,p.Asp37=,0.0
urn:mavedb:00000057-a-1#2692,,,p.Glu36Asp,0.1462586142675017
urn:mavedb:00000057-a-1#2693,,,p.Ile35Asp,-0.6047840868319416
urn:mavedb:00000057-a-1#2694,,,p.Thr34Asp,-0.672602414737425
urn:mavedb:00000057-a-1#2695,,,p.Pro33Asp,-0.4254403878091773
urn:mavedb:00000057-a-1#2696,,,p.Asp32=,0.0
urn:mavedb:00000057-a-1#2697,,,p.Tyr31Asp,-0.4768546811450639
urn:mavedb:00000057-a-1#2698,,,p.Glu30Asp,-0.1779955943238762
urn:mavedb:00000057-a-1#2699,,,p.Asp29=,0.0
urn:mavedb:00000057-a-1#2700,,,p.Val28Asp,0.1700111668128109
urn:mavedb:00000057-a-1#2701,,,p.Phe27Asp,-0.6954985204919288
urn:mavedb:00000057-a-1#2702,,,p.His26Asp,0.1206774249719748
urn:mavedb:00000057-a-1#2703,,,p.Asn25Asp,0.0117211681706458
urn:mavedb:00000057-a-1#2704,,,p.Gln24Asp,-0.0729453121443037
urn:mavedb:00000057-a-1#2705,,,p.Ile23Asp,-0.2621570751084025
urn:mavedb:00000057-a-1#2706,,,p.Leu22Asp,-0.768828784079954
urn:mavedb:00000057-a-1#2707,,,p.Gln21Asp,0.2514696210501032
urn:mavedb:00000057-a-1#2708,,,p.Ile20Asp,-0.6167686611134388
urn:mavedb:00000057-a-1#2709,,,p.Thr19Asp,-0.5112431872488798
urn:mavedb:00000057-a-1#2710,,,p.Leu18Asp,-0.6658982212851196
urn:mavedb:00000057-a-1#2711,,,p.Ala17Asp,-0.6500395151103575
urn:mavedb:00000057-a-1#2712,,,p.Ser16Asp,-0.5872658550845481
urn:mavedb:00000057-a-1#2713,,,p.Lys15Asp,-0.6544412971796207
urn:mavedb:00000057-a-1#2714,,,p.Gly14Asp,-0.5799917078877863
urn:mavedb:00000057-a-1#2715,,,p.Val13Asp,-0.29041183202132
urn:mavedb:00000057-a-1#2716,,,p.Gly12Asp,0.2543448960911057
urn:mavedb:00000057-a-1#2717,,,p.Gly11Asp,0.0209793542669914
urn:mavedb:00000057-a-1#2718,,,p.Ala10Asp,-0.0213359250092562
urn:mavedb:00000057-a-1#2719,,,p.Gly9Asp,-0.3926396488944768
urn:mavedb:00000057-a-1#2720,,,p.Val8Asp,-0.7410980574486732
urn:mavedb:00000057-a-1#2721,,,p.Val7Asp,-0.5617826519765635
urn:mavedb:00000057-a-1#2722,,,p.Val6Asp,-0.6665995476920922
urn:mavedb:00000057-a-1#2723,,,p.Leu5Asp,-0.7884669912961539
urn:mavedb:00000057-a-1#2724,,,p.Lys4Asp,-0.2677642428709794
urn:mavedb:00000057-a-1#2725,,,p.Tyr3Asp,-0.3936035319941844
urn:mavedb:00000057-a-1#2726,,,p.Glu2Asp,-0.1621264685903531
urn:mavedb:00000057-a-1#2727,,,p.Thr1Asp,-0.0805303665708717
urn:mavedb:00000057-a-1#2728,,,p.His165Cys,0.1126775024557905
urn:mavedb:00000057-a-1#2729,,,p.Gln164Cys,-0.0561393059403281
urn:mavedb:00000057-a-1#2730,,,p.Arg163Cys,0.0096387836809379
urn:mavedb:00000057-a-1#2731,,,p.Ile162Cys,-0.1816928492772039
urn:mavedb:00000057-a-1#2732,,,p.Glu161Cys,0.0277936957295356
urn:mavedb:00000057-a-1#2733,,,p.Arg160Cys,0.025281192266922
urn:mavedb:00000057-a-1#2734,,,p.Val159Cys,-0.1864851473415294
urn:mavedb:00000057-a-1#2735,,,p.Leu158Cys,-0.2558782800194143
urn:mavedb:00000057-a-1#2736,,,p.Thr157Cys,-0.0261602674173879
urn:mavedb:00000057-a-1#2737,,,p.Tyr156Cys,0.1652044048724152
urn:mavedb:00000057-a-1#2738,,,p.Phe155Cys,-0.0419998901099124
urn:mavedb:00000057-a-1#2739,,,p.Ala154Cys,-0.0172252573932845
urn:mavedb:00000057-a-1#2740,,,p.Asp153Cys,-0.2081689159703404
urn:mavedb:00000057-a-1#2741,,,p.Glu152Cys,-0.0861324045047397
urn:mavedb:00000057-a-1#2742,,,p.Val151Cys,-0.0821434935758945
urn:mavedb:00000057-a-1#2743,,,p.Gly150Cys,0.0175778904876803
urn:mavedb:00000057-a-1#2744,,,p.Gln149Cys,-0.0958614877049247
urn:mavedb:00000057-a-1#2745,,,p.Arg148Cys,-0.0031902518634576
urn:mavedb:00000057-a-1#2746,,,p.Thr147Cys,0.1126740690064131
urn:mavedb:00000057-a-1#2747,,,p.Lys146Cys,0.2261535850388676
urn:mavedb:00000057-a-1#2748,,,p.Ala145Cys,0.1949113304409144
urn:mavedb:00000057-a-1#2749,,,p.Ser144Cys,0.320325469772552
urn:mavedb:00000057-a-1#2750,,,p.Thr143Cys,0.1516988427471361
urn:mavedb:00000057-a-1#2751,,,p.Glu142Cys,-0.3419753041936628
urn:mavedb:00000057-a-1#2752,,,p.Ile141Cys,-0.0725684612236057
urn:mavedb:00000057-a-1#2753,,,p.Tyr140Cys,-0.1448969195397593
urn:mavedb:00000057-a-1#2754,,,p.Pro139Cys,-0.155768844696317
urn:mavedb:00000057-a-1#2755,,,p.Ile138Cys,-0.0203422932135157
urn:mavedb:00000057-a-1#2756,,,p.Gly137Cys,-0.3101741388201866
urn:mavedb:00000057-a-1#2757,,,p.Tyr136Cys,0.0261406383842301
urn:mavedb:00000057-a-1#2758,,,p.Ser135Cys,-0.0872237783970487
urn:mavedb:00000057-a-1#2759,,,p.Arg134Cys,-0.1290926233075653
urn:mavedb:00000057-a-1#2760,,,p.Ala133Cys,-0.0754384980153492
urn:mavedb:00000057-a-1#2761,,,p.Leu132Cys,-0.1220626504978867
urn:mavedb:00000057-a-1#2762,,,p.Asp131Cys,-0.2704738747641376
urn:mavedb:00000057-a-1#2763,,,p.Gln130Cys,-0.1420365093701701
urn:mavedb:00000057-a-1#2764,,,p.Ala129Cys,-0.1001644497563013
urn:mavedb:00000057-a-1#2765,,,p.Gln128Cys,-0.007325133137108
urn:mavedb:00000057-a-1#2766,,,p.Arg127Cys,0.0294562102690095
urn:mavedb:00000057-a-1#2767,,,p.Ser126Cys,-0.0089187528694502
urn:mavedb:00000057-a-1#2768,,,p.Glu125Cys,-0.0999035593624544
urn:mavedb:00000057-a-1#2769,,,p.Val124Cys,-0.0639907864097125
urn:mavedb:00000057-a-1#2770,,,p.Thr123Cys,0.0465628516038789
urn:mavedb:00000057-a-1#2771,,,p.Arg122Cys,0.1239813337067312
urn:mavedb:00000057-a-1#2772,,,p.Ala121Cys,0.0149989039333416
urn:mavedb:00000057-a-1#2773,,,p.Ala120Cys,-0.185822340212349
urn:mavedb:00000057-a-1#2774,,,p.Leu119Cys,0.1712545389335907
urn:mavedb:00000057-a-1#2775,,,p.Asp118Cys,-0.0102788303657377
urn:mavedb:00000057-a-1#2776,,,p.Cys117=,0.0
urn:mavedb:00000057-a-1#2777,,,p.Lys116Cys,0.3048416763712722
urn:mavedb:00000057-a-1#2778,,,p.Asn115Cys,0.4142702455851846
urn:mavedb:00000057-a-1#2779,,,p.Gly114Cys,0.0230136200687386
urn:mavedb:00000057-a-1#2780,,,p.Val113Cys,-0.0355443443706126
urn:mavedb:00000057-a-1#2781,,,p.Leu112Cys,-0.2038645879904172
urn:mavedb:00000057-a-1#2782,,,p.Val111Cys,-0.2114823933511377
urn:mavedb:00000057-a-1#2783,,,p.Met110Cys,-0.3870650920203138
urn:mavedb:00000057-a-1#2784,,,p.Pro109Cys,-0.0430211726517349
urn:mavedb:00000057-a-1#2785,,,p.Val108Cys,-0.1485165445835892
urn:mavedb:00000057-a-1#2786,,,p.Asp107Cys,0.1558699856572641
urn:mavedb:00000057-a-1#2787,,,p.Asp106Cys,-0.0235918047965346
urn:mavedb:00000057-a-1#2788,,,p.Ser105Cys,0.0584926120155056
urn:mavedb:00000057-a-1#2789,,,p.Asp104Cys,0.1328189805124958
urn:mavedb:00000057-a-1#2790,,,p.Lys103Cys,0.0789279867913419
urn:mavedb:00000057-a-1#2791,,,p.Val102Cys,0.1072263015811922
urn:mavedb:00000057-a-1#2792,,,p.Arg101Cys,-0.0133157804698752
urn:mavedb:00000057-a-1#2793,,,p.Lys100Cys,0.0228379388379759
urn:mavedb:00000057-a-1#2794,,,p.Ile99Cys,-0.1895713659595736
urn:mavedb:00000057-a-1#2795,,,p.Gln98Cys,0.0643896770954186
urn:mavedb:00000057-a-1#2796,,,p.Glu97Cys,-0.1090654658559162
urn:mavedb:00000057-a-1#2797,,,p.Arg96Cys,0.39917632619092
urn:mavedb:00000057-a-1#2798,,,p.Tyr95Cys,0.2687704615696877
urn:mavedb:00000057-a-1#2799,,,p.Gln94Cys,0.0277727519708809
urn:mavedb:00000057-a-1#2800,,,p.Val6Gly,-0.3799984885644422
urn:mavedb:00000057-a-1#2801,,,p.Leu5Gly,-0.5842232283812023
urn:mavedb:00000057-a-1#2802,,,p.Lys4Gly,-0.0632831007717888
urn:mavedb:00000057-a-1#2803,,,p.Tyr3Gly,-0.4498045487809103
urn:mavedb:00000057-a-1#2804,,,p.Glu2Gly,-0.306891013614101
urn:mavedb:00000057-a-1#2805,,,p.Thr1Gly,0.0217700478975068
urn:mavedb:00000057-a-1#2806,,,p.His165Phe,0.1069892706285334
urn:mavedb:00000057-a-1#2807,,,p.Gln164Phe,-0.3141957693450389
urn:mavedb:00000057-a-1#2808,,,p.Arg163Phe,-0.0003708662956329
urn:mavedb:00000057-a-1#2809,,,p.Ile162Phe,-0.0784710279707134
urn:mavedb:00000057-a-1#2810,,,p.Glu161Phe,0.0254674043595531
urn:mavedb:00000057-a-1#2811,,,p.Arg160Phe,-0.2066743033096885
urn:mavedb:00000057-a-1#2812,,,p.Val159Phe,-0.096857262582428
urn:mavedb:00000057-a-1#2813,,,p.Leu158Phe,-0.4602660485121491
urn:mavedb:00000057-a-1#2814,,,p.Thr157Phe,0.0255613017775956
urn:mavedb:00000057-a-1#2815,,,p.Tyr156Phe,0.0700302316245404
urn:mavedb:00000057-a-1#2816,,,p.Phe155=,0.0
urn:mavedb:00000057-a-1#2817,,,p.Ala154Phe,-0.3784641962330241
urn:mavedb:00000057-a-1#2818,,,p.Asp153Phe,-0.1740135319351983
urn:mavedb:00000057-a-1#2819,,,p.Glu152Phe,0.4852183738592498
urn:mavedb:00000057-a-1#2820,,,p.Val151Phe,0.3083091073917952
urn:mavedb:00000057-a-1#2821,,,p.Gly150Phe,-0.1414015157671203
urn:mavedb:00000057-a-1#2822,,,p.Gln149Phe,0.0094977825865444
urn:mavedb:00000057-a-1#2823,,,p.Arg148Phe,0.2163105760136727
urn:mavedb:00000057-a-1#2824,,,p.Thr147Phe,-0.0135460574417735
urn:mavedb:00000057-a-1#2825,,,p.Lys146Phe,0.370652783592708
urn:mavedb:00000057-a-1#2826,,,p.Ala145Phe,-0.5372225748430989
urn:mavedb:00000057-a-1#2827,,,p.Ser144Phe,-0.3325221178841943
urn:mavedb:00000057-a-1#2828,,,p.Thr143Phe,-0.6379981640727149
urn:mavedb:00000057-a-1#2829,,,p.Glu142Phe,-0.3756013168702246
urn:mavedb:00000057-a-1#2830,,,p.Ile141Phe,0.1014008987655592
urn:mavedb:00000057-a-1#2831,,,p.Tyr140Phe,-0.0681007954651428
urn:mavedb:00000057-a-1#2832,,,p.Pro139Phe,-0.2182079969712105
urn:mavedb:00000057-a-1#2833,,,p.Ile138Phe,-0.1255331740957268
urn:mavedb:00000057-a-1#2834,,,p.Gly137Phe,-0.3900380630110713
urn:mavedb:00000057-a-1#2835,,,p.Tyr136Phe,0.1601699916349327
urn:mavedb:00000057-a-1#2836,,,p.Ser135Phe,0.0510693229021133
urn:mavedb:00000057-a-1#2837,,,p.Arg134Phe,-0.1287711580004704
urn:mavedb:00000057-a-1#2838,,,p.Ala133Phe,-0.2362052595691237
urn:mavedb:00000057-a-1#2839,,,p.Leu132Phe,0.1271671906503324
urn:mavedb:00000057-a-1#2840,,,p.Asp131Phe,-0.2098990223001429
urn:mavedb:00000057-a-1#2841,,,p.Gln130Phe,-0.0757210722747762
urn:mavedb:00000057-a-1#2842,,,p.Ala129Phe,-0.0368175448127683
urn:mavedb:00000057-a-1#2843,,,p.Gln128Phe,-0.0631734699544865
urn:mavedb:00000057-a-1#2844,,,p.Arg127Phe,0.0737555748047575
urn:mavedb:00000057-a-1#2845,,,p.Ser126Phe,-0.0115490238569643
urn:mavedb:00000057-a-1#2846,,,p.Glu125Phe,-0.0982215042895384
urn:mavedb:00000057-a-1#2847,,,p.Val124Phe,0.0870683808438401
urn:mavedb:00000057-a-1#2848,,,p.Thr123Phe,-0.0877461050761599
urn:mavedb:00000057-a-1#2849,,,p.Arg122Phe,0.0610738903175525
urn:mavedb:00000057-a-1#2850,,,p.Ala121Phe,-0.2052546146025934
urn:mavedb:00000057-a-1#2851,,,p.Ala120Phe,-0.0349934992758394
urn:mavedb:00000057-a-1#2852,,,p.Leu119Phe,0.2139807690717101
urn:mavedb:00000057-a-1#2853,,,p.Asp118Phe,-0.6709323353927983
urn:mavedb:00000057-a-1#2854,,,p.Cys117Phe,0.0219266019399243
urn:mavedb:00000057-a-1#2855,,,p.Lys116Phe,0.3615976433562394
urn:mavedb:00000057-a-1#2856,,,p.Asn115Phe,-0.7264150945233956
urn:mavedb:00000057-a-1#2857,,,p.Gly114Phe,-0.488408208654127
urn:mavedb:00000057-a-1#2858,,,p.Val113Phe,-0.6107902376106731
urn:mavedb:00000057-a-1#2859,,,p.Leu112Phe,-0.0221799685415822
urn:mavedb:00000057-a-1#2860,,,p.Val111Phe,-0.4874965194030436
urn:mavedb:00000057-a-1#2861,,,p.Met110Phe,0.0593557502660257
urn:mavedb:00000057-a-1#2862,,,p.Pro109Phe,-0.1653451255283973
urn:mavedb:00000057-a-1#2863,,,p.Val108Phe,0.075437107194624
urn:mavedb:00000057-a-1#2864,,,p.Asp107Phe,0.1608258070593204
urn:mavedb:00000057-a-1#2865,,,p.Asp106Phe,0.1240327015844117
urn:mavedb:00000057-a-1#2866,,,p.Ser105Phe,0.0153787419566147
urn:mavedb:00000057-a-1#2867,,,p.Asp104Phe,-0.035653015401963
urn:mavedb:00000057-a-1#2868,,,p.Lys103Phe,0.2045811010474942
urn:mavedb:00000057-a-1#2869,,,p.Val102Phe,0.1552577517466477
urn:mavedb:00000057-a-1#2870,,,p.Arg101Phe,-0.2226815747667101
urn:mavedb:00000057-a-1#2871,,,p.Lys100Phe,-0.1028724745766429
urn:mavedb:00000057-a-1#2872,,,p.Ile99Phe,-0.0972510927787406
urn:mavedb:00000057-a-1#2873,,,p.Gln98Phe,0.4205731699872391
urn:mavedb:00000057-a-1#2874,,,p.Glu97Phe,-0.3507051693980588
urn:mavedb:00000057-a-1#2875,,,p.Arg96Phe,0.2339028824059571
urn:mavedb:00000057-a-1#2876,,,p.Tyr95Phe,0.0681223784125448
urn:mavedb:00000057-a-1#2877,,,p.Gln94Phe,0.3301885589176762
urn:mavedb:00000057-a-1#2878,,,p.His93Phe,0.094690351142011
urn:mavedb:00000057-a-1#2879,,,p.Ile92Phe,0.2034227441281184
urn:mavedb:00000057-a-1#2880,,,p.Asp91Phe,0.2146621211731241
urn:mavedb:00000057-a-1#2881,,,p.Glu90Phe,-0.0123764427184348
urn:mavedb:00000057-a-1#2882,,,p.Phe89=,0.0
urn:mavedb:00000057-a-1#2883,,,p.Ser88Phe,-0.0261344975483065
urn:mavedb:00000057-a-1#2884,,,p.Lys87Phe,-0.0216077015271696
urn:mavedb:00000057-a-1#2885,,,p.Thr86Phe,0.0836126512616485
urn:mavedb:00000057-a-1#2886,,,p.Asn85Phe,-0.3963020374252573
urn:mavedb:00000057-a-1#2887,,,p.Asn84Phe,-0.214693692245581
urn:mavedb:00000057-a-1#2888,,,p.Ile83Phe,0.3821212678464096
urn:mavedb:00000057-a-1#2889,,,p.Ala82Phe,-0.648557036631196
urn:mavedb:00000057-a-1#2890,,,p.Phe81=,0.0
urn:mavedb:00000057-a-1#2891,,,p.Val80Phe,0.1932087599098842
urn:mavedb:00000057-a-1#2892,,,p.Cys79Phe,0.3623978829316466
urn:mavedb:00000057-a-1#2893,,,p.Leu78Phe,0.0272722799280539
urn:mavedb:00000057-a-1#2894,,,p.Phe77=,0.0
urn:mavedb:00000057-a-1#2895,,,p.Gly76Phe,0.6125872227128413
urn:mavedb:00000057-a-1#2896,,,p.Glu75Phe,0.0217422726944413
urn:mavedb:00000057-a-1#2897,,,p.Gly74Phe,-0.0451707266463186
urn:mavedb:00000057-a-1#2898,,,p.Thr73Phe,0.118048752280829
urn:mavedb:00000057-a-1#2899,,,p.Arg72Phe,0.0038779934054175
urn:mavedb:00000057-a-1#2900,,,p.Met71Phe,0.2582517705008063
urn:mavedb:00000057-a-1#2901,,,p.Tyr70Phe,0.2489266323642387
urn:mavedb:00000057-a-1#2902,,,p.Gln69Phe,-0.0098445941303194
urn:mavedb:00000057-a-1#2903,,,p.Asp68Phe,-0.1782938150884241
urn:mavedb:00000057-a-1#2904,,,p.Arg67Phe,0.2568028666601866
urn:mavedb:00000057-a-1#2905,,,p.Met66Phe,0.2429842979724768
urn:mavedb:00000057-a-1#2906,,,p.Ala65Phe,0.0476663154779695
urn:mavedb:00000057-a-1#2907,,,p.Ser64Phe,0.0618444188076277
urn:mavedb:00000057-a-1#2908,,,p.Tyr63Phe,0.0603729177238009
urn:mavedb:00000057-a-1#2909,,,p.Glu62Phe,0.4501700449214489
urn:mavedb:00000057-a-1#2910,,,p.Glu61Phe,0.4138027684684655
urn:mavedb:00000057-a-1#2911,,,p.Gln60Phe,0.2674120603367699
urn:mavedb:00000057-a-1#2912,,,p.Gly59Phe,-0.4805401461801636
urn:mavedb:00000057-a-1#2913,,,p.Ala58Phe,-0.5534462563052182
urn:mavedb:00000057-a-1#2914,,,p.Thr57Phe,-0.1986129236791597
urn:mavedb:00000057-a-1#2915,,,p.Asp56Phe,-0.6516361842065223
urn:mavedb:00000057-a-1#2916,,,p.Leu55Phe,-0.3803908948845856
urn:mavedb:00000057-a-1#2917,,,p.Ile54Phe,-0.0942147841480435
urn:mavedb:00000057-a-1#2918,,,p.Asp53Phe,-0.7427905897124183
urn:mavedb:00000057-a-1#2919,,,p.Leu52Phe,0.1139283971189332
urn:mavedb:00000057-a-1#2920,,,p.Leu51Phe,-0.0271394040610379
urn:mavedb:00000057-a-1#2921,,,p.Cys50Phe,0.0056378510192899
urn:mavedb:00000057-a-1#2922,,,p.Thr49Phe,-0.2386978698245103
urn:mavedb:00000057-a-1#2923,,,p.Glu48Phe,-0.1814511762200698
urn:mavedb:00000057-a-1#2924,,,p.Gly47Phe,-0.125012524264504
urn:mavedb:00000057-a-1#2925,,,p.Asp46Phe,-0.2331977181377184
urn:mavedb:00000057-a-1#2926,,,p.Ile45Phe,-0.1766581410429864
urn:mavedb:00000057-a-1#2927,,,p.Val44Phe,0.0048281681124951
urn:mavedb:00000057-a-1#2928,,,p.Val43Phe,0.1696859650545314
urn:mavedb:00000057-a-1#2929,,,p.Gln42Phe,-0.2338473972297302
urn:mavedb:00000057-a-1#2930,,,p.Lys41Phe,-0.0220571007231158
urn:mavedb:00000057-a-1#2931,,,p.Arg40Phe,-0.1775559213718378
urn:mavedb:00000057-a-1#2932,,,p.Tyr39Phe,-0.0709470495818326
urn:mavedb:00000057-a-1#2933,,,p.Ser38Phe,-0.475314848232525
urn:mavedb:00000057-a-1#2934,,,p.Asp37Phe,-0.8349136004275708
urn:mavedb:00000057-a-1#2935,,,p.Glu36Phe,-0.4000917281016623
urn:mavedb:00000057-a-1#2936,,,p.Ile35Phe,-0.2560362156649927
urn:mavedb:00000057-a-1#2937,,,p.Thr34Phe,-0.5228400332755639
urn:mavedb:00000057-a-1#2938,,,p.Pro33Phe,-0.5962354221384203
urn:mavedb:00000057-a-1#2939,,,p.Asp32Phe,-0.6554697162654286
urn:mavedb:00000057-a-1#2940,,,p.Tyr31Phe,-0.3129072851652913
urn:mavedb:00000057-a-1#2941,,,p.Glu30Phe,-0.3656344075507077
urn:mavedb:00000057-a-1#2942,,,p.Asp29Phe,-0.0990180897667395
urn:mavedb:00000057-a-1#2943,,,p.Val28Phe,0.0049982676848505
urn:mavedb:00000057-a-1#2944,,,p.Phe27=,0.0
urn:mavedb:00000057-a-1#2945,,,p.His26Phe,0.4373365045523594
urn:mavedb:00000057-a-1#2946,,,p.Asn25Phe,-0.2881026797708773
urn:mavedb:00000057-a-1#2947,,,p.Gln24Phe,-0.4389748304009693
urn:mavedb:00000057-a-1#2948,,,p.Ile23Phe,0.4950068353087834
urn:mavedb:00000057-a-1#2949,,,p.Leu22Phe,-0.007064409006083
urn:mavedb:00000057-a-1#2950,,,p.His93Cys,0.203285534299167
urn:mavedb:00000057-a-1#2951,,,p.Ile92Cys,-0.0615708816549525
urn:mavedb:00000057-a-1#2952,,,p.Asp91Cys,0.1570946799917646
urn:mavedb:00000057-a-1#2953,,,p.Glu90Cys,-0.0892668229530143
urn:mavedb:00000057-a-1#2954,,,p.Phe89Cys,-0.0798285177672665
urn:mavedb:00000057-a-1#2955,,,p.Ser88Cys,-0.0209053800918022
urn:mavedb:00000057-a-1#2956,,,p.Lys87Cys,-0.1635856733870165
urn:mavedb:00000057-a-1#2957,,,p.Thr86Cys,0.0183690041401748
urn:mavedb:00000057-a-1#2958,,,p.Asn85Cys,0.0652409403570881
urn:mavedb:00000057-a-1#2959,,,p.Asn84Cys,0.0898648219425007
urn:mavedb:00000057-a-1#2960,,,p.Ile83Cys,0.3377488516152686
urn:mavedb:00000057-a-1#2961,,,p.Ala82Cys,0.1369874882671421
urn:mavedb:00000057-a-1#2962,,,p.Phe81Cys,-0.0267781834735725
urn:mavedb:00000057-a-1#2963,,,p.Val80Cys,0.0255244060880498
urn:mavedb:00000057-a-1#2964,,,p.Cys79=,0.0
urn:mavedb:00000057-a-1#2965,,,p.Leu78Cys,-0.1706520804209206
urn:mavedb:00000057-a-1#2966,,,p.Phe77Cys,-0.3821775440561143
urn:mavedb:00000057-a-1#2967,,,p.Gly76Cys,0.0259513914961613
urn:mavedb:00000057-a-1#2968,,,p.Glu75Cys,0.0432774008173277
urn:mavedb:00000057-a-1#2969,,,p.Gly74Cys,0.1141998468240405
urn:mavedb:00000057-a-1#2970,,,p.Thr73Cys,0.1404425975216518
urn:mavedb:00000057-a-1#2971,,,p.Arg72Cys,-0.0403820686581571
urn:mavedb:00000057-a-1#2972,,,p.Met71Cys,-0.1589349335291252
urn:mavedb:00000057-a-1#2973,,,p.Tyr70Cys,0.1628414995407302
urn:mavedb:00000057-a-1#2974,,,p.Gln69Cys,-0.0498566476555461
urn:mavedb:00000057-a-1#2975,,,p.Asp68Cys,-0.2232933396725141
urn:mavedb:00000057-a-1#2976,,,p.Arg67Cys,0.218764339861715
urn:mavedb:00000057-a-1#2977,,,p.Met66Cys,0.1907078453643207
urn:mavedb:00000057-a-1#2978,,,p.Ala65Cys,0.0224627598026936
urn:mavedb:00000057-a-1#2979,,,p.Ser64Cys,0.1991405665689363
urn:mavedb:00000057-a-1#2980,,,p.Tyr63Cys,0.1263192015494119
urn:mavedb:00000057-a-1#2981,,,p.Glu62Cys,0.2451360299705817
urn:mavedb:00000057-a-1#2982,,,p.Glu61Cys,0.2258639319567941
urn:mavedb:00000057-a-1#2983,,,p.Gln60Cys,0.3639839023359605
urn:mavedb:00000057-a-1#2984,,,p.Gly59Cys,-0.349338214907859
urn:mavedb:00000057-a-1#2985,,,p.Ala58Cys,-0.1299104144078
urn:mavedb:00000057-a-1#2986,,,p.Thr57Cys,0.013488836817485
urn:mavedb:00000057-a-1#2987,,,p.Asp56Cys,-0.6946082115536951
urn:mavedb:00000057-a-1#2988,,,p.Leu55Cys,-0.0635942857230244
urn:mavedb:00000057-a-1#2989,,,p.Ile54Cys,-0.2534515129292071
urn:mavedb:00000057-a-1#2990,,,p.Asp53Cys,-0.5381796536390757
urn:mavedb:00000057-a-1#2991,,,p.Leu52Cys,0.0643587934986579
urn:mavedb:00000057-a-1#2992,,,p.Leu51Cys,0.0342276548679394
urn:mavedb:00000057-a-1#2993,,,p.Cys50=,0.0
urn:mavedb:00000057-a-1#2994,,,p.Thr49Cys,0.0367269473175211
urn:mavedb:00000057-a-1#2995,,,p.Glu48Cys,-0.7319776180247964
urn:mavedb:00000057-a-1#2996,,,p.Gly47Cys,-0.1769317152569013
urn:mavedb:00000057-a-1#2997,,,p.Asp46Cys,-0.0098213529924992
urn:mavedb:00000057-a-1#2998,,,p.Ile45Cys,0.0103496134756016
urn:mavedb:00000057-a-1#2999,,,p.Val44Cys,0.0189062894105205
urn:mavedb:00000057-a-1#3000,,,p.Val43Cys,0.1623289586866703
urn:mavedb:00000057-a-1#3001,,,p.Gln42Cys,-0.0580139749456205
urn:mavedb:00000057-a-1#3002,,,p.Lys41Cys,0.0024738000329049
urn:mavedb:00000057-a-1#3003,,,p.Arg40Cys,-0.0868104577885934
urn:mavedb:00000057-a-1#3004,,,p.Tyr39Cys,-0.5514386454808637
urn:mavedb:00000057-a-1#3005,,,p.Ser38Cys,-0.0821196327313352
urn:mavedb:00000057-a-1#3006,,,p.Asp37Cys,-0.7209878827808104
urn:mavedb:00000057-a-1#3007,,,p.Glu36Cys,-0.5987881737082763
urn:mavedb:00000057-a-1#3008,,,p.Ile35Cys,-0.3317765913428652
urn:mavedb:00000057-a-1#3009,,,p.Thr34Cys,-0.6711963041927497
urn:mavedb:00000057-a-1#3010,,,p.Pro33Cys,-0.5272522355056123
urn:mavedb:00000057-a-1#3011,,,p.Asp32Cys,-0.4273700509066606
urn:mavedb:00000057-a-1#3012,,,p.Tyr31Cys,-0.3658177379776507
urn:mavedb:00000057-a-1#3013,,,p.Glu30Cys,-0.1097506939985517
urn:mavedb:00000057-a-1#3014,,,p.Asp29Cys,-0.2202527330815013
urn:mavedb:00000057-a-1#3015,,,p.Val28Cys,0.0165999700450537
urn:mavedb:00000057-a-1#3016,,,p.Phe27Cys,-0.3593737816676071
urn:mavedb:00000057-a-1#3017,,,p.His26Cys,0.1449737123245482
urn:mavedb:00000057-a-1#3018,,,p.Asn25Cys,-0.2162061880645774
urn:mavedb:00000057-a-1#3019,,,p.Gln24Cys,0.1262548742391854
urn:mavedb:00000057-a-1#3020,,,p.Ile23Cys,-0.1423157834991553
urn:mavedb:00000057-a-1#3021,,,p.Leu22Cys,0.2277910224728189
urn:mavedb:00000057-a-1#3022,,,p.Gln21Cys,-0.0977816301308175
urn:mavedb:00000057-a-1#3023,,,p.Ile20Cys,-0.2353038216577956
urn:mavedb:00000057-a-1#3024,,,p.Thr19Cys,-0.0374676159483373
urn:mavedb:00000057-a-1#3025,,,p.Leu18Cys,-0.0988893674993364
urn:mavedb:00000057-a-1#3026,,,p.Ala17Cys,-0.1882107007714112
urn:mavedb:00000057-a-1#3027,,,p.Ser16Cys,-0.6778006453410305
urn:mavedb:00000057-a-1#3028,,,p.Lys15Cys,-0.3970791162802777
urn:mavedb:00000057-a-1#3029,,,p.Gly14Cys,-0.7297872893125046
urn:mavedb:00000057-a-1#3030,,,p.Val13Cys,0.2726275766353404
urn:mavedb:00000057-a-1#3031,,,p.Gly12Cys,0.0772290435687342
urn:mavedb:00000057-a-1#3032,,,p.Gly11Cys,0.1680958798886939
urn:mavedb:00000057-a-1#3033,,,p.Ala10Cys,0.0190621100570714
urn:mavedb:00000057-a-1#3034,,,p.Gly9Cys,-0.6336365443959184
urn:mavedb:00000057-a-1#3035,,,p.Val8Cys,-0.0813375087599746
urn:mavedb:00000057-a-1#3036,,,p.Val7Cys,0.1108367848312501
urn:mavedb:00000057-a-1#3037,,,p.Val6Cys,-0.0344359477910602
urn:mavedb:00000057-a-1#3038,,,p.Leu5Cys,-0.1754771049646916
urn:mavedb:00000057-a-1#3039,,,p.Lys4Cys,-0.2091674990131538
urn:mavedb:00000057-a-1#3040,,,p.Tyr3Cys,0.0085605809776394
urn:mavedb:00000057-a-1#3041,,,p.Glu2Cys,-0.3863701718980871
urn:mavedb:00000057-a-1#3042,,,p.Thr1Cys,0.016885083351729
urn:mavedb:00000057-a-1#3043,,,p.His165Ala,0.069216511986124
urn:mavedb:00000057-a-1#3044,,,p.Gln164Ala,-0.0354042728131651
urn:mavedb:00000057-a-1#3045,,,p.Arg163Ala,-0.0305493083209808
urn:mavedb:00000057-a-1#3046,,,p.Ile162Ala,-0.2219917907224944
urn:mavedb:00000057-a-1#3047,,,p.Glu161Ala,0.1585494916717761
urn:mavedb:00000057-a-1#3048,,,p.Arg160Ala,0.0591735224094681
urn:mavedb:00000057-a-1#3049,,,p.Val159Ala,-0.1529879969250932
urn:mavedb:00000057-a-1#3050,,,p.Leu158Ala,-0.2482698796591474
urn:mavedb:00000057-a-1#3051,,,p.Thr157Ala,0.0856459539164088
urn:mavedb:00000057-a-1#3052,,,p.Tyr156Ala,0.2662818794110021
urn:mavedb:00000057-a-1#3053,,,p.Phe155Ala,-0.2876167708739188
urn:mavedb:00000057-a-1#3054,,,p.Ala154=,0.0
urn:mavedb:00000057-a-1#3055,,,p.Asp153Ala,-0.0474728887372673
urn:mavedb:00000057-a-1#3056,,,p.Glu152Ala,-0.0100595424385306
urn:mavedb:00000057-a-1#3057,,,p.Val151Ala,0.1474746580162579
urn:mavedb:00000057-a-1#3058,,,p.Gly150Ala,0.0240409516963524
urn:mavedb:00000057-a-1#3059,,,p.Gln149Ala,-0.0318573236639862
urn:mavedb:00000057-a-1#3060,,,p.Arg148Ala,-0.0576571994583556
urn:mavedb:00000057-a-1#3061,,,p.Thr147Ala,0.0085872765067171
urn:mavedb:00000057-a-1#3062,,,p.Lys146Ala,0.1996673208501463
urn:mavedb:00000057-a-1#3063,,,p.Ala145=,0.0
urn:mavedb:00000057-a-1#3064,,,p.Ser144Ala,0.1479667851818517
urn:mavedb:00000057-a-1#3065,,,p.Thr143Ala,0.1463910989110179
urn:mavedb:00000057-a-1#3066,,,p.Glu142Ala,-0.2512230435932716
urn:mavedb:00000057-a-1#3067,,,p.Ile141Ala,-0.1478043275845496
urn:mavedb:00000057-a-1#3068,,,p.Tyr140Ala,-0.4253629012705475
urn:mavedb:00000057-a-1#3069,,,p.Pro139Ala,-0.0441343078382106
urn:mavedb:00000057-a-1#3070,,,p.Ile138Ala,-0.2268241609268392
urn:mavedb:00000057-a-1#3071,,,p.Gly137Ala,-0.3320738702728645
urn:mavedb:00000057-a-1#3072,,,p.Tyr136Ala,-0.1041536031757448
urn:mavedb:00000057-a-1#3073,,,p.Ser135Ala,0.0284749515423331
urn:mavedb:00000057-a-1#3074,,,p.Arg134Ala,0.0302115810805428
urn:mavedb:00000057-a-1#3075,,,p.Ala133=,0.0
urn:mavedb:00000057-a-1#3076,,,p.Leu132Ala,-0.1099524033469115
urn:mavedb:00000057-a-1#3077,,,p.Asp131Ala,-0.0165621333753928
urn:mavedb:00000057-a-1#3078,,,p.Gln130Ala,-0.0135607268931921
urn:mavedb:00000057-a-1#3079,,,p.Ala129=,0.0
urn:mavedb:00000057-a-1#3080,,,p.Gln128Ala,0.1314256413093466
urn:mavedb:00000057-a-1#3081,,,p.Arg127Ala,1.9764990009484944
urn:mavedb:00000057-a-1#3082,,,p.Ser126Ala,0.02739093006293
urn:mavedb:00000057-a-1#3083,,,p.Glu125Ala,-0.0170522910186678
urn:mavedb:00000057-a-1#3084,,,p.Val124Ala,0.0617954820055469
urn:mavedb:00000057-a-1#3085,,,p.Thr123Ala,0.0948301332632901
urn:mavedb:00000057-a-1#3086,,,p.Arg122Ala,0.0580244711018199
urn:mavedb:00000057-a-1#3087,,,p.Ala121=,0.0
urn:mavedb:00000057-a-1#3088,,,p.Ala120=,0.0
urn:mavedb:00000057-a-1#3089,,,p.Leu119Ala,0.3500921699531296
urn:mavedb:00000057-a-1#3090,,,p.Asp118Ala,-0.4931824928426864
urn:mavedb:00000057-a-1#3091,,,p.Cys117Ala,0.0866826591908063
urn:mavedb:00000057-a-1#3092,,,p.Lys116Ala,0.3232502712479169
urn:mavedb:00000057-a-1#3093,,,p.Asn115Ala,0.4681152547502115
urn:mavedb:00000057-a-1#3094,,,p.Gly114Ala,0.0083658695289218
urn:mavedb:00000057-a-1#3095,,,p.Val113Ala,-0.3049982373553394
urn:mavedb:00000057-a-1#3096,,,p.Leu112Ala,-0.3254492921250355
urn:mavedb:00000057-a-1#3097,,,p.Val111Ala,-0.1835178094268172
urn:mavedb:00000057-a-1#3098,,,p.Met110Ala,-0.4448582192758731
urn:mavedb:00000057-a-1#3099,,,p.Pro109Ala,-0.0683787822945621
urn:mavedb:00000057-a-1#3100,,,p.Val108Ala,-0.1023084688505772
urn:mavedb:00000057-a-1#3101,,,p.Asp107Ala,0.0172460027032395
urn:mavedb:00000057-a-1#3102,,,p.Asp106Ala,0.0885056157740775
urn:mavedb:00000057-a-1#3103,,,p.Ser105Ala,0.011172178270199
urn:mavedb:00000057-a-1#3104,,,p.Asp104Ala,0.1001843636959794
urn:mavedb:00000057-a-1#3105,,,p.Lys103Ala,-0.052150327878952
urn:mavedb:00000057-a-1#3106,,,p.Val102Ala,0.0369424450860754
urn:mavedb:00000057-a-1#3107,,,p.Arg101Ala,0.035651228614457
urn:mavedb:00000057-a-1#3108,,,p.Lys100Ala,0.0080525727278051
urn:mavedb:00000057-a-1#3109,,,p.Ile99Ala,-0.2587603926708356
urn:mavedb:00000057-a-1#3110,,,p.Gln98Ala,0.1348519429256825
urn:mavedb:00000057-a-1#3111,,,p.Glu97Ala,0.0477310509056977
urn:mavedb:00000057-a-1#3112,,,p.Arg96Ala,0.1067957573347224
urn:mavedb:00000057-a-1#3113,,,p.Tyr95Ala,0.2852116631339109
urn:mavedb:00000057-a-1#3114,,,p.Gln94Ala,0.2319657589093445
urn:mavedb:00000057-a-1#3115,,,p.His93Ala,0.2453394014530115
urn:mavedb:00000057-a-1#3116,,,p.Ile92Ala,-0.1189267263695749
urn:mavedb:00000057-a-1#3117,,,p.Asp91Ala,0.3062660443610464
urn:mavedb:00000057-a-1#3118,,,p.Glu90Ala,0.0668881929912785
urn:mavedb:00000057-a-1#3119,,,p.Phe89Ala,-0.0553925327119281
urn:mavedb:00000057-a-1#3120,,,p.Ser88Ala,0.1560811578703274
urn:mavedb:00000057-a-1#3121,,,p.Lys87Ala,0.1044286202762066
urn:mavedb:00000057-a-1#3122,,,p.Thr86Ala,0.1096124258993612
urn:mavedb:00000057-a-1#3123,,,p.Asn85Ala,-0.1281430489315249
urn:mavedb:00000057-a-1#3124,,,p.Asn84Ala,0.0980062422830857
urn:mavedb:00000057-a-1#3125,,,p.Ile83Ala,0.3115346148120362
urn:mavedb:00000057-a-1#3126,,,p.Ala82=,0.0
urn:mavedb:00000057-a-1#3127,,,p.Phe81Ala,-0.0758264194765538
urn:mavedb:00000057-a-1#3128,,,p.Val80Ala,-0.2797172812893119
urn:mavedb:00000057-a-1#3129,,,p.Cys79Ala,-0.0586531414153392
urn:mavedb:00000057-a-1#3130,,,p.Leu78Ala,-0.1458251563037505
urn:mavedb:00000057-a-1#3131,,,p.Phe77Ala,-0.4125737233157735
urn:mavedb:00000057-a-1#3132,,,p.Gly76Ala,0.2504217804723898
urn:mavedb:00000057-a-1#3133,,,p.Glu75Ala,0.0363504050020596
urn:mavedb:00000057-a-1#3134,,,p.Gly74Ala,0.2658839589163995
urn:mavedb:00000057-a-1#3135,,,p.Thr73Ala,0.21480248286662
urn:mavedb:00000057-a-1#3136,,,p.Arg72Ala,0.1789295813065999
urn:mavedb:00000057-a-1#3137,,,p.Met71Ala,-0.0595022704952167
urn:mavedb:00000057-a-1#3138,,,p.Tyr70Ala,0.0385398369116019
urn:mavedb:00000057-a-1#3139,,,p.Gln69Ala,0.0920901486479126
urn:mavedb:00000057-a-1#3140,,,p.Asp68Ala,-0.17856270839811
urn:mavedb:00000057-a-1#3141,,,p.Arg67Ala,0.2511953780188143
urn:mavedb:00000057-a-1#3142,,,p.Met66Ala,0.1899308674248396
urn:mavedb:00000057-a-1#3143,,,p.Ala65=,0.0
urn:mavedb:00000057-a-1#3144,,,p.Ser64Ala,-0.0866876362135594
urn:mavedb:00000057-a-1#3145,,,p.Tyr63Ala,0.1608339354137946
urn:mavedb:00000057-a-1#3146,,,p.Glu62Ala,0.2918405984838482
urn:mavedb:00000057-a-1#3147,,,p.Glu61Ala,0.2334280455501137
urn:mavedb:00000057-a-1#3148,,,p.Gln60Ala,0.2450962248942596
urn:mavedb:00000057-a-1#3149,,,p.Gly59Ala,-0.2951231919000446
urn:mavedb:00000057-a-1#3150,,,p.Ala58=,0.0
urn:mavedb:00000057-a-1#3151,,,p.Thr57Ala,-0.2661555767764708
urn:mavedb:00000057-a-1#3152,,,p.Asp56Ala,-0.6647674348563604
urn:mavedb:00000057-a-1#3153,,,p.Leu55Ala,-0.2361714038343712
urn:mavedb:00000057-a-1#3154,,,p.Ile54Ala,-0.3083193214658123
urn:mavedb:00000057-a-1#3155,,,p.Asp53Ala,-0.4171612409873997
urn:mavedb:00000057-a-1#3156,,,p.Leu52Ala,-0.1483498416409292
urn:mavedb:00000057-a-1#3157,,,p.Leu51Ala,0.0060551458068863
urn:mavedb:00000057-a-1#3158,,,p.Cys50Ala,-0.1041333604616878
urn:mavedb:00000057-a-1#3159,,,p.Thr49Ala,0.00187604854829
urn:mavedb:00000057-a-1#3160,,,p.Glu48Ala,-0.0135929930813806
urn:mavedb:00000057-a-1#3161,,,p.Gly47Ala,-0.0909950862010762
urn:mavedb:00000057-a-1#3162,,,p.Asp46Ala,0.006575368573972
urn:mavedb:00000057-a-1#3163,,,p.Ile45Ala,0.0465518598423907
urn:mavedb:00000057-a-1#3164,,,p.Val44Ala,-0.0785955484409406
urn:mavedb:00000057-a-1#3165,,,p.Val43Ala,0.0194888737540579
urn:mavedb:00000057-a-1#3166,,,p.Ser135Asp,0.0628811677446344
urn:mavedb:00000057-a-1#3167,,,p.Arg134Asp,-0.0346913591920074
urn:mavedb:00000057-a-1#3168,,,p.Ala133Asp,-0.4744507972056373
urn:mavedb:00000057-a-1#3169,,,p.Leu132Asp,-0.300999477100292
urn:mavedb:00000057-a-1#3170,,,p.Asp131=,0.0
urn:mavedb:00000057-a-1#3171,,,p.Gln130Asp,-0.149425857451402
urn:mavedb:00000057-a-1#3172,,,p.Ala129Asp,-0.2811558681734524
urn:mavedb:00000057-a-1#3173,,,p.Gln128Asp,0.014691655843922
urn:mavedb:00000057-a-1#3174,,,p.Arg127Asp,0.0106199071239935
urn:mavedb:00000057-a-1#3175,,,p.Ser126Asp,0.007799744375648
urn:mavedb:00000057-a-1#3176,,,p.Glu125Asp,0.0083289744017142
urn:mavedb:00000057-a-1#3177,,,p.Val124Asp,0.1758001762284189
urn:mavedb:00000057-a-1#3178,,,p.Thr123Asp,0.059505078714321
urn:mavedb:00000057-a-1#3179,,,p.Arg122Asp,0.1663648568949524
urn:mavedb:00000057-a-1#3180,,,p.Ala121Asp,0.0143681049776713
urn:mavedb:00000057-a-1#3181,,,p.Ala120Asp,0.0509820326862031
urn:mavedb:00000057-a-1#3182,,,p.Leu119Asp,0.3721574381938352
urn:mavedb:00000057-a-1#3183,,,p.Asp118=,0.0
urn:mavedb:00000057-a-1#3184,,,p.Cys117Asp,0.1217559811077
urn:mavedb:00000057-a-1#3185,,,p.Lys116Asp,-0.4582610594488469
urn:mavedb:00000057-a-1#3186,,,p.Asn115Asp,-0.296663391950578
urn:mavedb:00000057-a-1#3187,,,p.Gly114Asp,-0.6182865106486273
urn:mavedb:00000057-a-1#3188,,,p.Val113Asp,-0.7227066920806815
urn:mavedb:00000057-a-1#3189,,,p.Leu112Asp,-0.5305238323177477
urn:mavedb:00000057-a-1#3190,,,p.Val111Asp,-0.6391342514167839
urn:mavedb:00000057-a-1#3191,,,p.Met110Asp,-0.5892787324798543
urn:mavedb:00000057-a-1#3192,,,p.Pro109Asp,-0.4421035958073724
urn:mavedb:00000057-a-1#3193,,,p.Val108Asp,-0.4649291230620071
urn:mavedb:00000057-a-1#3194,,,p.Asp107=,0.0
urn:mavedb:00000057-a-1#3195,,,p.Asp106=,0.0
urn:mavedb:00000057-a-1#3196,,,p.Ser105Asp,-0.1197296894924492
urn:mavedb:00000057-a-1#3197,,,p.Asp104=,0.0
urn:mavedb:00000057-a-1#3198,,,p.Lys103Asp,-0.3419707992378947
urn:mavedb:00000057-a-1#3199,,,p.Val102Asp,-0.0910084132206015
urn:mavedb:00000057-a-1#3200,,,p.Arg101Asp,-0.1804930298252002
urn:mavedb:00000057-a-1#3201,,,p.Lys100Asp,-0.2117053053510048
urn:mavedb:00000057-a-1#3202,,,p.Ile99Asp,-0.5157383091782624
urn:mavedb:00000057-a-1#3203,,,p.Gln98Asp,0.1264849424332618
urn:mavedb:00000057-a-1#3204,,,p.Glu97Asp,-0.1054697356032874
urn:mavedb:00000057-a-1#3205,,,p.Arg96Asp,-0.5932250202801428
urn:mavedb:00000057-a-1#3206,,,p.Tyr95Asp,-0.3362367686401103
urn:mavedb:00000057-a-1#3207,,,p.Gln94Asp,0.7940158898601921
urn:mavedb:00000057-a-1#3208,,,p.His93Asp,0.1727814264121761
urn:mavedb:00000057-a-1#3209,,,p.Ile92Asp,-0.4482979754016517
urn:mavedb:00000057-a-1#3210,,,p.Asp91=,0.0
urn:mavedb:00000057-a-1#3211,,,p.Glu90Asp,0.1635960196484987
urn:mavedb:00000057-a-1#3212,,,p.Phe89Asp,-0.5136386499262316
urn:mavedb:00000057-a-1#3213,,,p.Ser88Asp,-0.0163692213355762
urn:mavedb:00000057-a-1#3214,,,p.Lys87Asp,0.0052746780965579
urn:mavedb:00000057-a-1#3215,,,p.Thr86Asp,0.1023119684980579
urn:mavedb:00000057-a-1#3216,,,p.Asn85Asp,0.2740365871685373
urn:mavedb:00000057-a-1#3217,,,p.Asn84Asp,0.2551841659637254
urn:mavedb:00000057-a-1#3218,,,p.Ile83Asp,0.0294561240694537
urn:mavedb:00000057-a-1#3219,,,p.Ala82Asp,0.3522139597855671
urn:mavedb:00000057-a-1#3220,,,p.Phe81Asp,-0.3674073964366828
urn:mavedb:00000057-a-1#3221,,,p.Val80Asp,-0.470345665779844
urn:mavedb:00000057-a-1#3222,,,p.Cys79Asp,-0.5130024576110948
urn:mavedb:00000057-a-1#3223,,,p.Leu78Asp,-0.6121960476616798
urn:mavedb:00000057-a-1#3224,,,p.Phe77Asp,-0.5698726246607401
urn:mavedb:00000057-a-1#3225,,,p.Gly76Asp,-0.6001500736189089
urn:mavedb:00000057-a-1#3226,,,p.Glu75Asp,0.241491913278744
urn:mavedb:00000057-a-1#3227,,,p.Gly74Asp,-0.3538730818953019
urn:mavedb:00000057-a-1#3228,,,p.Thr73Asp,0.3050651725552405
urn:mavedb:00000057-a-1#3229,,,p.Arg72Asp,0.0733977742183658
urn:mavedb:00000057-a-1#3230,,,p.Met71Asp,0.1774564133841076
urn:mavedb:00000057-a-1#3231,,,p.Tyr70Asp,0.4352734132997055
urn:mavedb:00000057-a-1#3232,,,p.Gln69Asp,0.2286621052194506
urn:mavedb:00000057-a-1#3233,,,p.Asp68=,0.0
urn:mavedb:00000057-a-1#3234,,,p.Arg67Asp,0.334314359140492
urn:mavedb:00000057-a-1#3235,,,p.Met66Asp,0.1375688616992758
urn:mavedb:00000057-a-1#3236,,,p.Ala65Asp,-0.0015856618301926
urn:mavedb:00000057-a-1#3237,,,p.Ser64Asp,0.1253669191659709
urn:mavedb:00000057-a-1#3238,,,p.Tyr63Asp,-0.0068779708096707
urn:mavedb:00000057-a-1#3239,,,p.Glu62Asp,0.3204900897681174
urn:mavedb:00000057-a-1#3240,,,p.Glu61Asp,0.2145604435611122
urn:mavedb:00000057-a-1#3241,,,p.Gln60Asp,0.1943669922591169
urn:mavedb:00000057-a-1#3242,,,p.Gly59Asp,-0.4231621846308864
urn:mavedb:00000057-a-1#3243,,,p.Ala58Asp,-0.3030391848979246
urn:mavedb:00000057-a-1#3244,,,p.Thr57Asp,-0.5592501159344914
urn:mavedb:00000057-a-1#3245,,,p.Asp56=,0.0
urn:mavedb:00000057-a-1#3246,,,p.Leu55Asp,0.2349266405698857
urn:mavedb:00000057-a-1#3247,,,p.Ile54Asp,-0.8149459789621691
urn:mavedb:00000057-a-1#3248,,,p.Asp53=,0.0
urn:mavedb:00000057-a-1#3249,,,p.Leu52Asp,-0.4855271946193717
urn:mavedb:00000057-a-1#3250,,,p.Leu51Asp,0.225134243504001
urn:mavedb:00000057-a-1#3251,,,p.Cys50Asp,-0.1743307852947676
urn:mavedb:00000057-a-1#3252,,,p.Thr49Asp,-0.1653670004280433
urn:mavedb:00000057-a-1#3253,,,p.Glu48Asp,0.0672615109039158
urn:mavedb:00000057-a-1#3254,,,p.Gly47Asp,-0.0328111406110068
urn:mavedb:00000057-a-1#3255,,,p.Asp46=,0.0
urn:mavedb:00000057-a-1#3256,,,p.Ile45Asp,-0.1502774912838282
urn:mavedb:00000057-a-1#3257,,,p.Val44Asp,0.0633416447851799
urn:mavedb:00000057-a-1#3258,,,p.Val43Asp,0.0135829908412862
urn:mavedb:00000057-a-1#3259,,,p.Gln42Ala,0.0111073014099697
urn:mavedb:00000057-a-1#3260,,,p.Lys41Ala,0.1838481775037744
urn:mavedb:00000057-a-1#3261,,,p.Arg40Ala,-0.2313669692296347
urn:mavedb:00000057-a-1#3262,,,p.Tyr39Ala,-0.7283038856879134
urn:mavedb:00000057-a-1#3263,,,p.Ser38Ala,-0.2888906307835704
urn:mavedb:00000057-a-1#3264,,,p.Asp37Ala,-0.7188669716511051
urn:mavedb:00000057-a-1#3265,,,p.Glu36Ala,-0.5717717373829099
urn:mavedb:00000057-a-1#3266,,,p.Ile35Ala,-0.4494763891364174
urn:mavedb:00000057-a-1#3267,,,p.Thr34Ala,-0.6746850277124923
urn:mavedb:00000057-a-1#3268,,,p.Pro33Ala,-0.1982027696613322
urn:mavedb:00000057-a-1#3269,,,p.Asp32Ala,-0.4143483085241313
urn:mavedb:00000057-a-1#3270,,,p.Tyr31Ala,-0.3412812419808684
urn:mavedb:00000057-a-1#3271,,,p.Glu30Ala,-0.2955224240208656
urn:mavedb:00000057-a-1#3272,,,p.Asp29Ala,-0.1463545079871493
urn:mavedb:00000057-a-1#3273,,,p.Val28Ala,-0.1569749459906986
urn:mavedb:00000057-a-1#3274,,,p.Phe27Ala,-0.4771410866532026
urn:mavedb:00000057-a-1#3275,,,p.His26Ala,0.7218755000453094
urn:mavedb:00000057-a-1#3276,,,p.Asn25Ala,0.0771800391966058
urn:mavedb:00000057-a-1#3277,,,p.Gln24Ala,0.2514862554863757
urn:mavedb:00000057-a-1#3278,,,p.Ile23Ala,-0.1550227760547911
urn:mavedb:00000057-a-1#3279,,,p.Leu22Ala,0.3207472976800733
urn:mavedb:00000057-a-1#3280,,,p.Gln21Ala,0.1404798769071515
urn:mavedb:00000057-a-1#3281,,,p.Ile20Ala,-0.2923408015218492
urn:mavedb:00000057-a-1#3282,,,p.Thr19Ala,0.1669845221473117
urn:mavedb:00000057-a-1#3283,,,p.Leu18Ala,0.0502371763333057
urn:mavedb:00000057-a-1#3284,,,p.Ala17=,0.0
urn:mavedb:00000057-a-1#3285,,,p.Ser16Ala,-0.7209768724033899
urn:mavedb:00000057-a-1#3286,,,p.Lys15Ala,-0.7132882376848884
urn:mavedb:00000057-a-1#3287,,,p.Gly14Ala,-0.7045824040805262
urn:mavedb:00000057-a-1#3288,,,p.Val13Ala,0.1084677064305419
urn:mavedb:00000057-a-1#3289,,,p.Gly12Ala,0.0978672621520242
urn:mavedb:00000057-a-1#3290,,,p.Gly11Ala,0.1657473679655263
urn:mavedb:00000057-a-1#3291,,,p.Ala10=,0.0
urn:mavedb:00000057-a-1#3292,,,p.Gly9Ala,-0.4634068703402046
urn:mavedb:00000057-a-1#3293,,,p.Val8Ala,-0.3115304433910177
urn:mavedb:00000057-a-1#3294,,,p.Val7Ala,-0.2154040968057874
urn:mavedb:00000057-a-1#3295,,,p.Val6Ala,-0.3372852472428645
urn:mavedb:00000057-a-1#3296,,,p.Leu5Ala,-0.258277731634362
urn:mavedb:00000057-a-1#3297,,,p.Lys4Ala,0.0022467050585797
urn:mavedb:00000057-a-1#3298,,,p.Tyr3Ala,-0.1612048571122177
urn:mavedb:00000057-a-1#3299,,,p.Glu2Ala,-0.3833069627243629
urn:mavedb:00000057-a-1#3300,,,p.Thr1Ala,0.0105391781038163
