accession,hgvs_nt,hgvs_splice,hgvs_pro,score
urn:mavedb:00000057-c-1#1,,,p.Gln128Tyr,-0.0827793824157315
urn:mavedb:00000057-c-1#2,,,p.Arg127Tyr,-0.377096964076391
urn:mavedb:00000057-c-1#3,,,p.Ser126Tyr,-0.0316634486395959
urn:mavedb:00000057-c-1#4,,,p.Glu125Tyr,-0.321264097245049
urn:mavedb:00000057-c-1#5,,,p.Val124Tyr,-0.136156071601488
urn:mavedb:00000057-c-1#6,,,p.Thr123Tyr,-0.266290176451309
urn:mavedb:00000057-c-1#7,,,p.Arg122Tyr,-0.0982836407980414
urn:mavedb:00000057-c-1#8,,,p.Ala121Tyr,0.0070950642842959
urn:mavedb:00000057-c-1#9,,,p.Ala120Tyr,-0.242032906276183
urn:mavedb:00000057-c-1#10,,,p.Leu119Tyr,-0.0775891841313585
urn:mavedb:00000057-c-1#11,,,p.Asp118Tyr,-1.58912040796307
urn:mavedb:00000057-c-1#12,,,p.Cys117Tyr,-0.138133433577655
urn:mavedb:00000057-c-1#13,,,p.Lys116Tyr,0.0094643770397582
urn:mavedb:00000057-c-1#14,,,p.Asn115Tyr,-1.58912040796307
urn:mavedb:00000057-c-1#15,,,p.Gly114Tyr,-1.03933028709461
urn:mavedb:00000057-c-1#16,,,p.Val113Tyr,-1.01917071858887
urn:mavedb:00000057-c-1#17,,,p.Leu112Tyr,-0.294649222463748
urn:mavedb:00000057-c-1#18,,,p.Val111Tyr,-0.6033851215581529
urn:mavedb:00000057-c-1#19,,,p.Met110Tyr,-0.4177746057712629
urn:mavedb:00000057-c-1#20,,,p.Pro109Tyr,-0.3384286271510019
urn:mavedb:00000057-c-1#21,,,p.Val108Tyr,-0.0440612151519986
urn:mavedb:00000057-c-1#22,,,p.Asp107Tyr,-0.1988204093171449
urn:mavedb:00000057-c-1#23,,,p.Asp106Tyr,0.202169443699457
urn:mavedb:00000057-c-1#24,,,p.Ser105Tyr,-0.0641463391025376
urn:mavedb:00000057-c-1#25,,,p.Asp104Tyr,-0.791584787692005
urn:mavedb:00000057-c-1#26,,,p.Lys103Tyr,-0.163885574409049
urn:mavedb:00000057-c-1#27,,,p.Val102Tyr,-0.192017705699852
urn:mavedb:00000057-c-1#28,,,p.Arg101Tyr,-0.6886929834701321
urn:mavedb:00000057-c-1#29,,,p.Lys100Tyr,-0.378929541631897
urn:mavedb:00000057-c-1#30,,,p.Ile99Tyr,-0.593150974102671
urn:mavedb:00000057-c-1#31,,,p.Gln98Tyr,0.131068957398983
urn:mavedb:00000057-c-1#32,,,p.Glu97Tyr,-0.1902207941391979
urn:mavedb:00000057-c-1#33,,,p.Arg96Tyr,0.0222764232718795
urn:mavedb:00000057-c-1#34,,,p.Tyr95=,0.0
urn:mavedb:00000057-c-1#35,,,p.Gln94Tyr,-0.0571891920437091
urn:mavedb:00000057-c-1#36,,,p.His93Tyr,-0.392620303382657
urn:mavedb:00000057-c-1#37,,,p.Ile92Tyr,-0.256593288401992
urn:mavedb:00000057-c-1#38,,,p.Asp91Tyr,0.0133682167114226
urn:mavedb:00000057-c-1#39,,,p.Glu90Tyr,-0.213900918210293
urn:mavedb:00000057-c-1#40,,,p.Phe89Tyr,0.0564181191188289
urn:mavedb:00000057-c-1#41,,,p.Ser88Tyr,-0.1768044837240839
urn:mavedb:00000057-c-1#42,,,p.Lys87Tyr,-0.409854798241044
urn:mavedb:00000057-c-1#43,,,p.Thr86Tyr,-0.362513086572227
urn:mavedb:00000057-c-1#44,,,p.Asn85Tyr,-0.2629543322130599
urn:mavedb:00000057-c-1#45,,,p.Asn84Tyr,0.0537374847348922
urn:mavedb:00000057-c-1#46,,,p.Ile83Tyr,-0.155592824428303
urn:mavedb:00000057-c-1#47,,,p.Ala82Tyr,-0.792016124351451
urn:mavedb:00000057-c-1#48,,,p.Phe81Tyr,-0.1526357454843299
urn:mavedb:00000057-c-1#49,,,p.Val80Tyr,-0.6164561034356789
urn:mavedb:00000057-c-1#50,,,p.Cys79Tyr,-0.0669152295796165
urn:mavedb:00000057-c-1#51,,,p.Leu78Tyr,-0.238371487626002
urn:mavedb:00000057-c-1#52,,,p.Phe77Tyr,0.0218899453044155
urn:mavedb:00000057-c-1#53,,,p.Gly76Tyr,-0.223965420226055
urn:mavedb:00000057-c-1#54,,,p.Glu75Tyr,-0.002717658270283
urn:mavedb:00000057-c-1#55,,,p.Gly74Tyr,-0.456982504585004
urn:mavedb:00000057-c-1#56,,,p.Thr73Tyr,0.111388442525978
urn:mavedb:00000057-c-1#57,,,p.Arg72Tyr,-0.6566290638220551
urn:mavedb:00000057-c-1#58,,,p.Met71Tyr,-0.218392062501411
urn:mavedb:00000057-c-1#59,,,p.Tyr70=,0.0
urn:mavedb:00000057-c-1#60,,,p.Gln69Tyr,-0.150443327430293
urn:mavedb:00000057-c-1#61,,,p.Asp68Tyr,-0.3980363942895739
urn:mavedb:00000057-c-1#62,,,p.Arg67Tyr,-0.241624375766665
urn:mavedb:00000057-c-1#63,,,p.Met66Tyr,-0.6727210659525821
urn:mavedb:00000057-c-1#64,,,p.Ala65Tyr,0.0895444628629132
urn:mavedb:00000057-c-1#65,,,p.Ser64Tyr,0.143204999994075
urn:mavedb:00000057-c-1#66,,,p.Tyr63=,0.0
urn:mavedb:00000057-c-1#67,,,p.Glu62Tyr,0.339260811587968
urn:mavedb:00000057-c-1#68,,,p.Glu61Tyr,0.0895971388891184
urn:mavedb:00000057-c-1#69,,,p.Gln60Tyr,0.170024131594514
urn:mavedb:00000057-c-1#70,,,p.Gly59Tyr,-0.65174877820546
urn:mavedb:00000057-c-1#71,,,p.Ala58Tyr,-0.5189942946445321
urn:mavedb:00000057-c-1#72,,,p.Thr57Tyr,-0.75438351622828
urn:mavedb:00000057-c-1#73,,,p.Asp56Tyr,-0.150217308597554
urn:mavedb:00000057-c-1#74,,,p.Leu55Tyr,-0.341964961608325
urn:mavedb:00000057-c-1#75,,,p.Ile54Tyr,-0.266448872078094
urn:mavedb:00000057-c-1#76,,,p.Asp53Tyr,-0.383469710850479
urn:mavedb:00000057-c-1#77,,,p.Leu52Tyr,-0.0553526114968057
urn:mavedb:00000057-c-1#78,,,p.Leu51Tyr,-0.283961889408197
urn:mavedb:00000057-c-1#79,,,p.Cys50Tyr,-0.0348290861735079
urn:mavedb:00000057-c-1#80,,,p.Thr49Tyr,-0.184855896528403
urn:mavedb:00000057-c-1#81,,,p.Glu48Tyr,0.0689857294696337
urn:mavedb:00000057-c-1#82,,,p.Gly47Tyr,-0.170805548466353
urn:mavedb:00000057-c-1#83,,,p.Asp46Tyr,-0.0537337335836174
urn:mavedb:00000057-c-1#84,,,p.Ile45Tyr,-0.2144358490035589
urn:mavedb:00000057-c-1#85,,,p.Val44Tyr,-0.186647142154177
urn:mavedb:00000057-c-1#86,,,p.Val43Tyr,-0.0269102350616517
urn:mavedb:00000057-c-1#87,,,p.Gln42Tyr,-0.217156820957787
urn:mavedb:00000057-c-1#88,,,p.Lys41Tyr,-0.154572720387077
urn:mavedb:00000057-c-1#89,,,p.Arg40Tyr,-0.219550350984753
urn:mavedb:00000057-c-1#90,,,p.Tyr39=,0.0
urn:mavedb:00000057-c-1#91,,,p.Ser38Tyr,-0.102790192953009
urn:mavedb:00000057-c-1#92,,,p.Asp37Tyr,-0.5591926671806751
urn:mavedb:00000057-c-1#93,,,p.Glu36Tyr,-0.0912123020754869
urn:mavedb:00000057-c-1#94,,,p.Ile35Tyr,-0.0739080265397412
urn:mavedb:00000057-c-1#95,,,p.Thr34Tyr,-0.357602054134738
urn:mavedb:00000057-c-1#96,,,p.Pro33Tyr,-0.456986330664871
urn:mavedb:00000057-c-1#97,,,p.Asp32Tyr,-0.646090071516186
urn:mavedb:00000057-c-1#98,,,p.Tyr31=,0.0
urn:mavedb:00000057-c-1#99,,,p.Glu30Tyr,-0.157183473950765
urn:mavedb:00000057-c-1#100,,,p.Asp29Tyr,-0.2036660485724239
urn:mavedb:00000057-c-1#101,,,p.Val28Tyr,-0.0875461921888272
urn:mavedb:00000057-c-1#102,,,p.Phe27Tyr,-0.0418542233008556
urn:mavedb:00000057-c-1#103,,,p.His26Tyr,0.045982367741326
urn:mavedb:00000057-c-1#104,,,p.Asn25Tyr,-0.159376562820466
urn:mavedb:00000057-c-1#105,,,p.Gln24Tyr,-0.5058125046759899
urn:mavedb:00000057-c-1#106,,,p.Ile23Tyr,-0.0268714771142864
urn:mavedb:00000057-c-1#107,,,p.Leu22Tyr,-0.0685892379192556
urn:mavedb:00000057-c-1#108,,,p.Gln21Tyr,-0.1065298829842769
urn:mavedb:00000057-c-1#109,,,p.Ile20Tyr,-0.0964898254838777
urn:mavedb:00000057-c-1#110,,,p.Thr19Tyr,-0.409156405177301
urn:mavedb:00000057-c-1#111,,,p.Leu18Tyr,-0.703204884513727
urn:mavedb:00000057-c-1#112,,,p.Ala17Tyr,-0.111694359268922
urn:mavedb:00000057-c-1#113,,,p.Ser16Tyr,-0.957392251003558
urn:mavedb:00000057-c-1#114,,,p.Lys15Tyr,-0.695841957291828
urn:mavedb:00000057-c-1#115,,,p.Gly14Tyr,-0.8201589673607721
urn:mavedb:00000057-c-1#116,,,p.Val13Tyr,-0.5558386768597819
urn:mavedb:00000057-c-1#117,,,p.Gly12Tyr,-0.316790806975471
urn:mavedb:00000057-c-1#118,,,p.Gly11Tyr,-0.110923063696224
urn:mavedb:00000057-c-1#119,,,p.Ala10Tyr,-0.4254303054489129
urn:mavedb:00000057-c-1#120,,,p.Gly9Tyr,-0.733900444042548
urn:mavedb:00000057-c-1#121,,,p.Val8Tyr,-0.429870320294094
urn:mavedb:00000057-c-1#122,,,p.Val7Tyr,-0.633724705743389
urn:mavedb:00000057-c-1#123,,,p.Val6Tyr,-0.23766001679334
urn:mavedb:00000057-c-1#124,,,p.Leu5Tyr,-0.363132763203364
urn:mavedb:00000057-c-1#125,,,p.Lys4Tyr,-0.336082284268426
urn:mavedb:00000057-c-1#126,,,p.Tyr3=,0.0
urn:mavedb:00000057-c-1#127,,,p.Glu2Tyr,0.136853741249134
urn:mavedb:00000057-c-1#128,,,p.Thr1Tyr,-0.102271281044278
urn:mavedb:00000057-c-1#129,,,p.His165Trp,-0.152536497514486
urn:mavedb:00000057-c-1#130,,,p.Gln164Trp,-0.392830374502772
urn:mavedb:00000057-c-1#131,,,p.Arg163Trp,-0.141134520635713
urn:mavedb:00000057-c-1#132,,,p.Ile162Trp,-0.400687513215885
urn:mavedb:00000057-c-1#133,,,p.Glu161Trp,-0.1609694149785709
urn:mavedb:00000057-c-1#134,,,p.Arg160Trp,-0.123349699302697
urn:mavedb:00000057-c-1#135,,,p.Val159Trp,-0.0598916662389213
urn:mavedb:00000057-c-1#136,,,p.Leu158Trp,-0.176314506124438
urn:mavedb:00000057-c-1#137,,,p.Thr157Trp,-0.182430635295589
urn:mavedb:00000057-c-1#138,,,p.Tyr156Trp,-0.0829515775335017
urn:mavedb:00000057-c-1#139,,,p.Phe155Trp,-0.119570946271883
urn:mavedb:00000057-c-1#140,,,p.Ala154Trp,-1.04565377151838
urn:mavedb:00000057-c-1#141,,,p.Asp153Trp,-0.494000571348356
urn:mavedb:00000057-c-1#142,,,p.Glu152Trp,-0.142047351421351
urn:mavedb:00000057-c-1#143,,,p.Val151Trp,-0.361328528873619
urn:mavedb:00000057-c-1#144,,,p.Gly150Trp,-0.1781555115626869
urn:mavedb:00000057-c-1#145,,,p.Gln149Trp,-0.202264701717452
urn:mavedb:00000057-c-1#146,,,p.Arg148Trp,0.136310993952193
urn:mavedb:00000057-c-1#147,,,p.Thr147Trp,-0.179752276549321
urn:mavedb:00000057-c-1#148,,,p.Lys146Trp,0.106776676109574
urn:mavedb:00000057-c-1#149,,,p.Ala145Trp,-0.5927025503325141
urn:mavedb:00000057-c-1#150,,,p.Ser144Trp,-0.664984247585041
urn:mavedb:00000057-c-1#151,,,p.Thr143Trp,-0.606814729276177
urn:mavedb:00000057-c-1#152,,,p.Glu142Trp,0.0
urn:mavedb:00000057-c-1#153,,,p.Ile141Trp,-0.615498742185047
urn:mavedb:00000057-c-1#154,,,p.Tyr140Trp,-0.417374765682705
urn:mavedb:00000057-c-1#155,,,p.Pro139Trp,-0.631002318163204
urn:mavedb:00000057-c-1#156,,,p.Ile138Trp,-0.53127630570094
urn:mavedb:00000057-c-1#157,,,p.Gly137Trp,-1.23370679698588
urn:mavedb:00000057-c-1#158,,,p.Tyr136Trp,-0.112661542424926
urn:mavedb:00000057-c-1#159,,,p.Ser135Trp,-0.33920829318099
urn:mavedb:00000057-c-1#160,,,p.Arg134Trp,-0.1932642529612
urn:mavedb:00000057-c-1#161,,,p.Ala133Trp,-0.215001922451213
urn:mavedb:00000057-c-1#162,,,p.Leu132Trp,0.017868173516671
urn:mavedb:00000057-c-1#163,,,p.Asp131Trp,-0.385220029856909
urn:mavedb:00000057-c-1#164,,,p.Gln130Trp,-0.164373525982593
urn:mavedb:00000057-c-1#165,,,p.Ala129Trp,-0.0883810791752424
urn:mavedb:00000057-c-1#166,,,p.Gln128Trp,0.127182895804024
urn:mavedb:00000057-c-1#167,,,p.Arg127Trp,-0.1784858565895339
urn:mavedb:00000057-c-1#168,,,p.Ser126Trp,-0.319474475639862
urn:mavedb:00000057-c-1#169,,,p.Glu125Trp,-0.193022922689305
urn:mavedb:00000057-c-1#170,,,p.Val124Trp,-0.280271321763127
urn:mavedb:00000057-c-1#171,,,p.Thr123Trp,-0.3550060250661589
urn:mavedb:00000057-c-1#172,,,p.Arg122Trp,-0.376509631132846
urn:mavedb:00000057-c-1#173,,,p.Ala121Trp,-0.257583916021986
urn:mavedb:00000057-c-1#174,,,p.Ala120Trp,-0.174875094892488
urn:mavedb:00000057-c-1#175,,,p.Leu119Trp,-0.273864833422258
urn:mavedb:00000057-c-1#176,,,p.Asp118Trp,-0.609160125641822
urn:mavedb:00000057-c-1#177,,,p.Cys117Trp,-0.0206879014287864
urn:mavedb:00000057-c-1#178,,,p.Lys116Trp,0.172617519908739
urn:mavedb:00000057-c-1#179,,,p.Asn115Trp,-0.7193754643587209
urn:mavedb:00000057-c-1#180,,,p.Gly114Trp,-0.8002200806210029
urn:mavedb:00000057-c-1#181,,,p.Val113Trp,-0.228822693478308
urn:mavedb:00000057-c-1#182,,,p.Leu112Trp,-0.330043531080471
urn:mavedb:00000057-c-1#183,,,p.Val111Trp,-1.03355644582913
urn:mavedb:00000057-c-1#184,,,p.Met110Trp,-0.228748153130283
urn:mavedb:00000057-c-1#185,,,p.Pro109Trp,-0.455117248773255
urn:mavedb:00000057-c-1#186,,,p.Val108Trp,-0.1867930562318299
urn:mavedb:00000057-c-1#187,,,p.Asp107Trp,-0.0983125729913918
urn:mavedb:00000057-c-1#188,,,p.Asp106Trp,-0.13312446578362
urn:mavedb:00000057-c-1#189,,,p.Ser105Trp,-0.330605102267187
urn:mavedb:00000057-c-1#190,,,p.Asp104Trp,-0.2121568682981389
urn:mavedb:00000057-c-1#191,,,p.Lys103Trp,-0.146828679990711
urn:mavedb:00000057-c-1#192,,,p.Val102Trp,-0.36698443394227
urn:mavedb:00000057-c-1#193,,,p.Arg101Trp,-0.387005813439857
urn:mavedb:00000057-c-1#194,,,p.Lys100Trp,-0.380534995923627
urn:mavedb:00000057-c-1#195,,,p.Ile99Trp,-0.47643442662066
urn:mavedb:00000057-c-1#196,,,p.Gln98Trp,-0.0082648153241835
urn:mavedb:00000057-c-1#197,,,p.Glu97Trp,-0.404450567824776
urn:mavedb:00000057-c-1#198,,,p.Arg96Trp,0.0695788558151371
urn:mavedb:00000057-c-1#199,,,p.Tyr95Trp,-0.271565022071838
urn:mavedb:00000057-c-1#200,,,p.Gln94Trp,0.2741597429183119
urn:mavedb:00000057-c-1#201,,,p.His93Trp,0.0515853066717122
urn:mavedb:00000057-c-1#202,,,p.Ile92Trp,-0.194325354343309
urn:mavedb:00000057-c-1#203,,,p.Asp91Trp,-0.0916805612376965
urn:mavedb:00000057-c-1#204,,,p.Glu90Trp,-0.151619584213923
urn:mavedb:00000057-c-1#205,,,p.Phe89Trp,0.0045402672790575
urn:mavedb:00000057-c-1#206,,,p.Ser88Trp,-0.324137385459825
urn:mavedb:00000057-c-1#207,,,p.Lys87Trp,-0.149322129562503
urn:mavedb:00000057-c-1#208,,,p.Thr86Trp,-0.1867930562318299
urn:mavedb:00000057-c-1#209,,,p.Asn85Trp,-0.260750811151897
urn:mavedb:00000057-c-1#210,,,p.Asn84Trp,-0.441467127168511
urn:mavedb:00000057-c-1#211,,,p.Ile83Trp,-0.130985973579767
urn:mavedb:00000057-c-1#212,,,p.Ala82Trp,-0.340297035381737
urn:mavedb:00000057-c-1#213,,,p.Phe81Trp,-0.108684209645987
urn:mavedb:00000057-c-1#214,,,p.Val80Trp,-0.56516470576964
urn:mavedb:00000057-c-1#215,,,p.Cys79Trp,-0.266468601448483
urn:mavedb:00000057-c-1#216,,,p.Leu78Trp,-0.506597430989586
urn:mavedb:00000057-c-1#217,,,p.Asp153Val,-0.121697544540594
urn:mavedb:00000057-c-1#218,,,p.Glu152Val,-0.1047513075684439
urn:mavedb:00000057-c-1#219,,,p.Val151=,0.0
urn:mavedb:00000057-c-1#220,,,p.Gly150Val,-0.170535818428384
urn:mavedb:00000057-c-1#221,,,p.Gln149Val,-0.203900467450458
urn:mavedb:00000057-c-1#222,,,p.Arg148Val,-0.0216728173593308
urn:mavedb:00000057-c-1#223,,,p.Thr147Val,-0.3204566233356989
urn:mavedb:00000057-c-1#224,,,p.Lys146Val,0.0249772324070803
urn:mavedb:00000057-c-1#225,,,p.Ala145Val,-0.0913117636783754
urn:mavedb:00000057-c-1#226,,,p.Ser144Val,-0.0072521878543119
urn:mavedb:00000057-c-1#227,,,p.Thr143Val,0.106420949004095
urn:mavedb:00000057-c-1#228,,,p.Glu142Val,-0.4832349484508739
urn:mavedb:00000057-c-1#229,,,p.Ile141Val,0.115513036569519
urn:mavedb:00000057-c-1#230,,,p.Tyr140Val,-0.1757698653275829
urn:mavedb:00000057-c-1#231,,,p.Pro139Val,-0.246249995623022
urn:mavedb:00000057-c-1#232,,,p.Ile138Val,-0.0884842210400447
urn:mavedb:00000057-c-1#233,,,p.Gly137Val,-0.3840947746446079
urn:mavedb:00000057-c-1#234,,,p.Tyr136Val,-0.0900896668469366
urn:mavedb:00000057-c-1#235,,,p.Ser135Val,-0.11294583991421
urn:mavedb:00000057-c-1#236,,,p.Arg134Val,-0.1149891828659319
urn:mavedb:00000057-c-1#237,,,p.Ala133Val,-0.283091582807995
urn:mavedb:00000057-c-1#238,,,p.Leu132Val,-0.122021876366532
urn:mavedb:00000057-c-1#239,,,p.Asp131Val,-0.596238937329069
urn:mavedb:00000057-c-1#240,,,p.Gln130Val,-0.1352424730718099
urn:mavedb:00000057-c-1#241,,,p.Ala129Val,-0.194817864397564
urn:mavedb:00000057-c-1#242,,,p.Gln128Val,-0.0111836988284988
urn:mavedb:00000057-c-1#243,,,p.Arg127Val,-0.0596448937931699
urn:mavedb:00000057-c-1#244,,,p.Ser126Val,-0.12186743239163
urn:mavedb:00000057-c-1#245,,,p.Glu125Val,-0.10971998986763
urn:mavedb:00000057-c-1#246,,,p.Val124=,0.0
urn:mavedb:00000057-c-1#247,,,p.Thr123Val,-0.1939396510453749
urn:mavedb:00000057-c-1#248,,,p.Arg122Val,-0.2270688772029389
urn:mavedb:00000057-c-1#249,,,p.Ala121Val,-0.0622192115748335
urn:mavedb:00000057-c-1#250,,,p.Ala120Val,-0.1929660138099939
urn:mavedb:00000057-c-1#251,,,p.Leu119Val,0.0069466933026403
urn:mavedb:00000057-c-1#252,,,p.Asp118Val,-0.556464131212195
urn:mavedb:00000057-c-1#253,,,p.Cys117Val,-0.130524237165559
urn:mavedb:00000057-c-1#254,,,p.Lys116Val,0.109309230129109
urn:mavedb:00000057-c-1#255,,,p.Asn115Val,-0.0726837620895862
urn:mavedb:00000057-c-1#256,,,p.Gly114Val,-0.344788656087899
urn:mavedb:00000057-c-1#257,,,p.Val113=,0.0
urn:mavedb:00000057-c-1#258,,,p.Leu112Val,-0.131424702203033
urn:mavedb:00000057-c-1#259,,,p.Val111=,0.0
urn:mavedb:00000057-c-1#260,,,p.Met110Val,-0.3804295185832739
urn:mavedb:00000057-c-1#261,,,p.Pro109Val,-0.124989938396782
urn:mavedb:00000057-c-1#262,,,p.Val108=,0.0
urn:mavedb:00000057-c-1#263,,,p.Asp107Val,-0.135454324071447
urn:mavedb:00000057-c-1#264,,,p.Asp106Val,-0.200464535474656
urn:mavedb:00000057-c-1#265,,,p.Ser105Val,0.10694787879975
urn:mavedb:00000057-c-1#266,,,p.Asp104Val,-0.0492543705106439
urn:mavedb:00000057-c-1#267,,,p.Lys103Val,-0.258855486760199
urn:mavedb:00000057-c-1#268,,,p.Val102=,0.0
urn:mavedb:00000057-c-1#269,,,p.Arg101Val,-0.298193300818235
urn:mavedb:00000057-c-1#270,,,p.Lys100Val,-0.173857321250329
urn:mavedb:00000057-c-1#271,,,p.Ile99Val,-0.256377479649679
urn:mavedb:00000057-c-1#272,,,p.His165Tyr,-0.0733671187763048
urn:mavedb:00000057-c-1#273,,,p.Gln164Tyr,-0.146680351225816
urn:mavedb:00000057-c-1#274,,,p.Arg163Tyr,-0.162712880726302
urn:mavedb:00000057-c-1#275,,,p.Ile162Tyr,-0.8709004045270109
urn:mavedb:00000057-c-1#276,,,p.Glu161Tyr,-0.128508997806733
urn:mavedb:00000057-c-1#277,,,p.Arg160Tyr,-0.0404833976676102
urn:mavedb:00000057-c-1#278,,,p.Val159Tyr,-0.444296900402757
urn:mavedb:00000057-c-1#279,,,p.Leu158Tyr,-0.994495188517389
urn:mavedb:00000057-c-1#280,,,p.Thr157Tyr,-0.0242369881277082
urn:mavedb:00000057-c-1#281,,,p.Tyr156=,0.0
urn:mavedb:00000057-c-1#282,,,p.Phe155Tyr,-0.0766562921520906
urn:mavedb:00000057-c-1#283,,,p.Ala154Tyr,-0.471475883483609
urn:mavedb:00000057-c-1#284,,,p.Asp153Tyr,-0.216340806269588
urn:mavedb:00000057-c-1#285,,,p.Glu152Tyr,-0.267328654258175
urn:mavedb:00000057-c-1#286,,,p.Val151Tyr,-0.0163871765956494
urn:mavedb:00000057-c-1#287,,,p.Gly150Tyr,-0.0917948116417902
urn:mavedb:00000057-c-1#288,,,p.Gln149Tyr,-0.565501466880692
urn:mavedb:00000057-c-1#289,,,p.Arg148Tyr,-0.0075508223965177
urn:mavedb:00000057-c-1#290,,,p.Thr147Tyr,-0.21747183004856
urn:mavedb:00000057-c-1#291,,,p.Lys146Tyr,-0.198723948012053
urn:mavedb:00000057-c-1#292,,,p.Ala145Tyr,-0.794897954219665
urn:mavedb:00000057-c-1#293,,,p.Ser144Tyr,-0.286577334930433
urn:mavedb:00000057-c-1#294,,,p.Thr143Tyr,-0.3860745340194899
urn:mavedb:00000057-c-1#295,,,p.Glu142Tyr,-0.7086230020206271
urn:mavedb:00000057-c-1#296,,,p.Ile141Tyr,-0.223879051192215
urn:mavedb:00000057-c-1#297,,,p.Tyr140=,0.0
urn:mavedb:00000057-c-1#298,,,p.Pro139Tyr,-0.292470389311906
urn:mavedb:00000057-c-1#299,,,p.Ile138Tyr,-0.648673117810793
urn:mavedb:00000057-c-1#300,,,p.Gly137Tyr,-1.08623536476797
urn:mavedb:00000057-c-1#301,,,p.Tyr136=,0.0
urn:mavedb:00000057-c-1#302,,,p.Ser135Tyr,-0.0558439180341002
urn:mavedb:00000057-c-1#303,,,p.Arg134Tyr,-0.0205619782518616
urn:mavedb:00000057-c-1#304,,,p.Ala133Tyr,-0.489409375628682
urn:mavedb:00000057-c-1#305,,,p.Leu132Tyr,-0.29262517810347
urn:mavedb:00000057-c-1#306,,,p.Asp131Tyr,-0.3477864271826349
urn:mavedb:00000057-c-1#307,,,p.Gln130Tyr,-0.1913463194797939
urn:mavedb:00000057-c-1#308,,,p.Ala129Tyr,-0.159933542745783
urn:mavedb:00000057-c-1#309,,,p.Gln98Val,-0.149832497558474
urn:mavedb:00000057-c-1#310,,,p.Glu97Val,-0.257519977386319
urn:mavedb:00000057-c-1#311,,,p.Arg96Val,0.138758637726011
urn:mavedb:00000057-c-1#312,,,p.Tyr95Val,0.0715696608229572
urn:mavedb:00000057-c-1#313,,,p.Gln94Val,-0.0555986922789851
urn:mavedb:00000057-c-1#314,,,p.His93Val,0.109993986908496
urn:mavedb:00000057-c-1#315,,,p.Ile92Val,-0.0843666512903714
urn:mavedb:00000057-c-1#316,,,p.Asp91Val,-0.009236916699032
urn:mavedb:00000057-c-1#317,,,p.Glu90Val,-0.0219500039023848
urn:mavedb:00000057-c-1#318,,,p.Phe89Val,0.0343148761007357
urn:mavedb:00000057-c-1#319,,,p.Ser88Val,-0.2321167682601989
urn:mavedb:00000057-c-1#320,,,p.Lys87Val,-0.240036515305596
urn:mavedb:00000057-c-1#321,,,p.Thr86Val,-0.0747344918399733
urn:mavedb:00000057-c-1#322,,,p.Asn85Val,-0.227739875903052
urn:mavedb:00000057-c-1#323,,,p.Asn84Val,-0.3318367318286789
urn:mavedb:00000057-c-1#324,,,p.Ile83Val,0.0365686208668314
urn:mavedb:00000057-c-1#325,,,p.Ala82Val,-0.216116885834352
urn:mavedb:00000057-c-1#326,,,p.Phe81Val,-0.18735531232166
urn:mavedb:00000057-c-1#327,,,p.Val80=,0.0
urn:mavedb:00000057-c-1#328,,,p.Cys79Val,0.116917688615212
urn:mavedb:00000057-c-1#329,,,p.Leu78Val,-0.122877430475048
urn:mavedb:00000057-c-1#330,,,p.Phe77Val,-0.4184884863726579
urn:mavedb:00000057-c-1#331,,,p.Gly76Val,-0.1238167095536
urn:mavedb:00000057-c-1#332,,,p.Glu75Val,-0.0650327574060652
urn:mavedb:00000057-c-1#333,,,p.Gly74Val,-0.372489935566162
urn:mavedb:00000057-c-1#334,,,p.Thr73Val,-0.254157383977753
urn:mavedb:00000057-c-1#335,,,p.Arg72Val,-0.416140760746275
urn:mavedb:00000057-c-1#336,,,p.Met71Val,-0.270041591052796
urn:mavedb:00000057-c-1#337,,,p.Tyr70Val,-0.113683443385945
urn:mavedb:00000057-c-1#338,,,p.Gln69Val,-0.5780997407980539
urn:mavedb:00000057-c-1#339,,,p.Asp68Val,-0.751814030527902
urn:mavedb:00000057-c-1#340,,,p.Arg67Val,0.153077377617617
urn:mavedb:00000057-c-1#341,,,p.Met66Val,-0.173356652034825
urn:mavedb:00000057-c-1#342,,,p.Ala65Val,-0.108045166609521
urn:mavedb:00000057-c-1#343,,,p.Ser64Val,-0.171102793632436
urn:mavedb:00000057-c-1#344,,,p.Tyr63Val,-0.122313961774752
urn:mavedb:00000057-c-1#345,,,p.Glu62Val,-0.296958719781062
urn:mavedb:00000057-c-1#346,,,p.Glu61Val,-0.0637704911317445
urn:mavedb:00000057-c-1#347,,,p.Gln60Val,0.162928231019307
urn:mavedb:00000057-c-1#348,,,p.Gly59Val,-0.480523717062452
urn:mavedb:00000057-c-1#349,,,p.Ala58Val,-0.3164078989007819
urn:mavedb:00000057-c-1#350,,,p.Thr57Val,-0.4392063649540689
urn:mavedb:00000057-c-1#351,,,p.Asp56Val,-0.8169398136668711
urn:mavedb:00000057-c-1#352,,,p.Leu55Val,-0.169929996448428
urn:mavedb:00000057-c-1#353,,,p.Ile54Val,-0.212994242065923
urn:mavedb:00000057-c-1#354,,,p.Asp53Val,-0.8788246254181229
urn:mavedb:00000057-c-1#355,,,p.Leu52Val,-0.0241703376272786
urn:mavedb:00000057-c-1#356,,,p.Leu51Val,0.0182052257029237
urn:mavedb:00000057-c-1#357,,,p.Cys50Val,-0.0259239887352822
urn:mavedb:00000057-c-1#358,,,p.Thr49Val,-0.109054419577924
urn:mavedb:00000057-c-1#359,,,p.Glu48Val,0.0036590421165916
urn:mavedb:00000057-c-1#360,,,p.Gly47Val,-0.318483871499148
urn:mavedb:00000057-c-1#361,,,p.Asp46Val,-0.2487145063029519
urn:mavedb:00000057-c-1#362,,,p.Ile45Val,-0.0016696878593891
urn:mavedb:00000057-c-1#363,,,p.Val44=,0.0
urn:mavedb:00000057-c-1#364,,,p.Val43=,0.0
urn:mavedb:00000057-c-1#365,,,p.Gln42Val,-0.147415671699718
urn:mavedb:00000057-c-1#366,,,p.Lys41Val,-0.0582778246493318
urn:mavedb:00000057-c-1#367,,,p.Arg40Val,0.008285388075393
urn:mavedb:00000057-c-1#368,,,p.Tyr39Val,-0.334785064620054
urn:mavedb:00000057-c-1#369,,,p.Ser38Val,0.298085022957008
urn:mavedb:00000057-c-1#370,,,p.Asp37Val,-0.559558749673094
urn:mavedb:00000057-c-1#371,,,p.Glu36Val,-0.4868937138494871
urn:mavedb:00000057-c-1#372,,,p.Ile35Val,-0.1514034466095589
urn:mavedb:00000057-c-1#373,,,p.Thr34Val,-0.6645972211700429
urn:mavedb:00000057-c-1#374,,,p.Pro33Val,-0.265890708581977
urn:mavedb:00000057-c-1#375,,,p.Asp32Val,-0.382273999776842
urn:mavedb:00000057-c-1#376,,,p.Tyr31Val,-0.489596522360518
urn:mavedb:00000057-c-1#377,,,p.Glu30Val,-0.0978156129236083
urn:mavedb:00000057-c-1#378,,,p.Asp29Val,-0.138358117109781
urn:mavedb:00000057-c-1#379,,,p.Val28=,0.0
urn:mavedb:00000057-c-1#380,,,p.Phe27Val,-0.2243800314602879
urn:mavedb:00000057-c-1#381,,,p.His26Val,-0.125932548830137
urn:mavedb:00000057-c-1#382,,,p.Asn25Val,-0.2275224496116839
urn:mavedb:00000057-c-1#383,,,p.Gln24Val,0.161542834037807
urn:mavedb:00000057-c-1#384,,,p.Ile23Val,-0.1806812413205309
urn:mavedb:00000057-c-1#385,,,p.Leu22Val,0.0412013873046238
urn:mavedb:00000057-c-1#386,,,p.Gln21Val,-0.198805561473417
urn:mavedb:00000057-c-1#387,,,p.Ile20Val,-0.204488206801188
urn:mavedb:00000057-c-1#388,,,p.Thr19Val,-0.0001574317928285
urn:mavedb:00000057-c-1#389,,,p.Leu18Val,-0.100490848705282
urn:mavedb:00000057-c-1#390,,,p.Ala17Val,-0.206393991448315
urn:mavedb:00000057-c-1#391,,,p.Ser16Val,-0.630717695654668
urn:mavedb:00000057-c-1#392,,,p.Lys15Val,-0.778747685083561
urn:mavedb:00000057-c-1#393,,,p.Gly14Val,-0.851802424686728
urn:mavedb:00000057-c-1#394,,,p.Val13=,0.0
urn:mavedb:00000057-c-1#395,,,p.Gly12Val,-0.0964273819060255
urn:mavedb:00000057-c-1#396,,,p.Gly11Val,-0.0863894911852516
urn:mavedb:00000057-c-1#397,,,p.Ala10Val,-0.0542522884565075
urn:mavedb:00000057-c-1#398,,,p.Gly9Val,-0.6086896678608821
urn:mavedb:00000057-c-1#399,,,p.Val8=,0.0
urn:mavedb:00000057-c-1#400,,,p.Val7=,0.0
urn:mavedb:00000057-c-1#401,,,p.Val6=,0.0
urn:mavedb:00000057-c-1#402,,,p.Leu5Val,-0.1713793352856519
urn:mavedb:00000057-c-1#403,,,p.Lys4Val,-0.2532874332753539
urn:mavedb:00000057-c-1#404,,,p.Tyr3Val,-0.0630465414848915
urn:mavedb:00000057-c-1#405,,,p.Glu2Val,-0.3664194817005129
urn:mavedb:00000057-c-1#406,,,p.Thr1Val,-0.235505126881656
urn:mavedb:00000057-c-1#407,,,p.His165Thr,-0.0057629991294392
urn:mavedb:00000057-c-1#408,,,p.Gln164Thr,-0.150951317860593
urn:mavedb:00000057-c-1#409,,,p.Arg163Thr,-0.144196475202764
urn:mavedb:00000057-c-1#410,,,p.Ile162Thr,-0.2045828527212739
urn:mavedb:00000057-c-1#411,,,p.Glu161Thr,-0.2332881840551419
urn:mavedb:00000057-c-1#412,,,p.Arg160Thr,-0.0810051398268323
urn:mavedb:00000057-c-1#413,,,p.Val159Thr,-0.288879651133617
urn:mavedb:00000057-c-1#414,,,p.Leu158Thr,-0.649575959956551
urn:mavedb:00000057-c-1#415,,,p.Thr157=,0.0
urn:mavedb:00000057-c-1#416,,,p.Tyr156Thr,-0.0185034311124483
urn:mavedb:00000057-c-1#417,,,p.Phe155Thr,-0.574055293235596
urn:mavedb:00000057-c-1#418,,,p.Ala154Thr,-0.489409375628682
urn:mavedb:00000057-c-1#419,,,p.Asp153Thr,-0.16628909536466
urn:mavedb:00000057-c-1#420,,,p.Glu152Thr,-0.0478690464903313
urn:mavedb:00000057-c-1#421,,,p.Val151Thr,-0.147153145365878
urn:mavedb:00000057-c-1#422,,,p.Gly150Thr,0.0563224713109163
urn:mavedb:00000057-c-1#423,,,p.Gln149Thr,-0.215942382389066
urn:mavedb:00000057-c-1#424,,,p.Arg148Thr,-0.0436645376823022
urn:mavedb:00000057-c-1#425,,,p.Thr147=,0.0
urn:mavedb:00000057-c-1#426,,,p.Lys146Thr,-0.0325821113003526
urn:mavedb:00000057-c-1#427,,,p.Ala145Thr,-0.29765370268788
urn:mavedb:00000057-c-1#428,,,p.Ser144Thr,-0.0733943950965417
urn:mavedb:00000057-c-1#429,,,p.Thr143=,0.0
urn:mavedb:00000057-c-1#430,,,p.Glu142Thr,-0.355121734196315
urn:mavedb:00000057-c-1#431,,,p.Ile141Thr,-0.348717321499257
urn:mavedb:00000057-c-1#432,,,p.Tyr140Thr,-1.01759993733209
urn:mavedb:00000057-c-1#433,,,p.Pro139Thr,-0.1321684416915569
urn:mavedb:00000057-c-1#434,,,p.Ile138Thr,-0.380100722174742
urn:mavedb:00000057-c-1#435,,,p.Gly137Thr,-0.253508692745883
urn:mavedb:00000057-c-1#436,,,p.Tyr136Thr,-0.2824385133023269
urn:mavedb:00000057-c-1#437,,,p.Ser135Thr,-0.0552797919114225
urn:mavedb:00000057-c-1#438,,,p.Arg134Thr,-0.018360408119436
urn:mavedb:00000057-c-1#439,,,p.Ala133Thr,-0.479991474737361
urn:mavedb:00000057-c-1#440,,,p.Leu132Thr,-0.1212879502470769
urn:mavedb:00000057-c-1#441,,,p.Asp131Thr,-0.459261526314622
urn:mavedb:00000057-c-1#442,,,p.Gln130Thr,-0.135397854330156
urn:mavedb:00000057-c-1#443,,,p.Ala129Thr,-0.413315729098151
urn:mavedb:00000057-c-1#444,,,p.Gln128Thr,-0.175272628675643
urn:mavedb:00000057-c-1#445,,,p.Arg127Thr,0.0283717944273114
urn:mavedb:00000057-c-1#446,,,p.Ser126Thr,-0.10959612505272
urn:mavedb:00000057-c-1#447,,,p.Glu125Thr,-0.0627165390717692
urn:mavedb:00000057-c-1#448,,,p.Val124Thr,-0.0614241480643569
urn:mavedb:00000057-c-1#449,,,p.Thr123=,0.0
urn:mavedb:00000057-c-1#450,,,p.Arg122Thr,0.0456135181818611
urn:mavedb:00000057-c-1#451,,,p.Ala121Thr,0.0036171224990269
urn:mavedb:00000057-c-1#452,,,p.Ala120Thr,-0.217702244350998
urn:mavedb:00000057-c-1#453,,,p.Leu119Thr,-0.0048124112924459
urn:mavedb:00000057-c-1#454,,,p.Asp118Thr,-0.5727716735322739
urn:mavedb:00000057-c-1#455,,,p.Cys117Thr,-0.1727971590168049
urn:mavedb:00000057-c-1#456,,,p.Lys116Thr,-0.1126350073818319
urn:mavedb:00000057-c-1#457,,,p.Asn115Thr,0.0472521410549678
urn:mavedb:00000057-c-1#458,,,p.Gly114Thr,-0.466691043215664
urn:mavedb:00000057-c-1#459,,,p.Val113Thr,-0.468666341142349
urn:mavedb:00000057-c-1#460,,,p.Leu112Thr,-0.6200268817300529
urn:mavedb:00000057-c-1#461,,,p.Val111Thr,-0.286408459377551
urn:mavedb:00000057-c-1#462,,,p.Met110Thr,-0.815342704440978
urn:mavedb:00000057-c-1#463,,,p.Pro109Thr,-0.154934915083805
urn:mavedb:00000057-c-1#464,,,p.Val108Thr,-0.0632979208263959
urn:mavedb:00000057-c-1#465,,,p.Asp107Thr,0.046904016640589
urn:mavedb:00000057-c-1#466,,,p.Asp106Thr,-0.158803631540908
urn:mavedb:00000057-c-1#467,,,p.Ser105Thr,-0.0323735579134916
urn:mavedb:00000057-c-1#468,,,p.Asp104Thr,-0.0439760788632613
urn:mavedb:00000057-c-1#469,,,p.Lys103Thr,-0.246276393838268
urn:mavedb:00000057-c-1#470,,,p.Asn85Arg,-0.4125646558165229
urn:mavedb:00000057-c-1#471,,,p.Asn84Arg,-0.5254040725418371
urn:mavedb:00000057-c-1#472,,,p.Ile83Arg,-0.1277917968928459
urn:mavedb:00000057-c-1#473,,,p.Ala82Arg,-0.4937431079043979
urn:mavedb:00000057-c-1#474,,,p.Phe81Arg,-0.8167788946611741
urn:mavedb:00000057-c-1#475,,,p.Val80Arg,-0.756435235490545
urn:mavedb:00000057-c-1#476,,,p.Cys79Arg,-0.524925592417539
urn:mavedb:00000057-c-1#477,,,p.Leu78Arg,-0.58109048456085
urn:mavedb:00000057-c-1#478,,,p.Phe77Arg,-1.01814445167217
urn:mavedb:00000057-c-1#479,,,p.Gly76Arg,-0.573040176795366
urn:mavedb:00000057-c-1#480,,,p.Glu75Arg,-0.3620656653650579
urn:mavedb:00000057-c-1#481,,,p.Gly74Arg,-0.281606804153115
urn:mavedb:00000057-c-1#482,,,p.Thr73Arg,-0.15960304532151
urn:mavedb:00000057-c-1#483,,,p.Arg72=,0.0
urn:mavedb:00000057-c-1#484,,,p.Met71Arg,-0.202646343023103
urn:mavedb:00000057-c-1#485,,,p.Tyr70Arg,-0.560306889149945
urn:mavedb:00000057-c-1#486,,,p.Gln69Arg,-0.366341623690791
urn:mavedb:00000057-c-1#487,,,p.Asp68Arg,-0.453811618898382
urn:mavedb:00000057-c-1#488,,,p.Arg67=,0.0
urn:mavedb:00000057-c-1#489,,,p.Met66Arg,-0.278580601920652
urn:mavedb:00000057-c-1#490,,,p.Ala65Arg,-0.3800084027300159
urn:mavedb:00000057-c-1#491,,,p.Ser64Arg,-0.126770758361213
urn:mavedb:00000057-c-1#492,,,p.Tyr63Arg,0.0191459913157377
urn:mavedb:00000057-c-1#493,,,p.Glu62Arg,0.0401933787473308
urn:mavedb:00000057-c-1#494,,,p.Glu61Arg,-0.122913646391331
urn:mavedb:00000057-c-1#495,,,p.Gln60Arg,0.0932337377481056
urn:mavedb:00000057-c-1#496,,,p.Gly59Arg,-0.381672231856644
urn:mavedb:00000057-c-1#497,,,p.Ala58Arg,-0.0611104987860112
urn:mavedb:00000057-c-1#498,,,p.Thr57Arg,-0.509471837326706
urn:mavedb:00000057-c-1#499,,,p.Asp56Arg,-1.18655151454228
urn:mavedb:00000057-c-1#500,,,p.Leu55Arg,-0.516838190876582
urn:mavedb:00000057-c-1#501,,,p.Ile54Arg,-0.069736320767233
urn:mavedb:00000057-c-1#502,,,p.Asp53Arg,-0.31041814748446
urn:mavedb:00000057-c-1#503,,,p.Leu52Arg,-0.4616679903201379
urn:mavedb:00000057-c-1#504,,,p.Leu51Arg,-0.29303640829516
urn:mavedb:00000057-c-1#505,,,p.Cys50Arg,-0.225867691993316
urn:mavedb:00000057-c-1#506,,,p.Thr49Arg,-0.10022349045076
urn:mavedb:00000057-c-1#507,,,p.Glu48Arg,-0.0653997664885397
urn:mavedb:00000057-c-1#508,,,p.Gly47Arg,-0.207757686153881
urn:mavedb:00000057-c-1#509,,,p.Asp46Arg,-0.0723912295052025
urn:mavedb:00000057-c-1#510,,,p.Ile45Arg,-0.1544443899778569
urn:mavedb:00000057-c-1#511,,,p.Val44Arg,-0.0368699472884704
urn:mavedb:00000057-c-1#512,,,p.Val43Arg,-0.0684456304243895
urn:mavedb:00000057-c-1#513,,,p.Gln42Arg,-0.0365714200203671
urn:mavedb:00000057-c-1#514,,,p.Lys41Arg,-0.0269377302127676
urn:mavedb:00000057-c-1#515,,,p.Arg40=,0.0
urn:mavedb:00000057-c-1#516,,,p.Tyr39Arg,-0.607776571056923
urn:mavedb:00000057-c-1#517,,,p.Ser38Arg,-0.378685319668371
urn:mavedb:00000057-c-1#518,,,p.Asp37Arg,-0.45084797865786
urn:mavedb:00000057-c-1#519,,,p.Glu36Arg,-0.6286553668698579
urn:mavedb:00000057-c-1#520,,,p.Ile35Arg,-0.246533036462608
urn:mavedb:00000057-c-1#521,,,p.Thr34Arg,-0.4927021407352929
urn:mavedb:00000057-c-1#522,,,p.Pro33Arg,-0.0590170505439125
urn:mavedb:00000057-c-1#523,,,p.Asp32Arg,-0.433475623570076
urn:mavedb:00000057-c-1#524,,,p.Tyr31Arg,-0.478498571766596
urn:mavedb:00000057-c-1#525,,,p.Phe77Trp,-0.8890476827777299
urn:mavedb:00000057-c-1#526,,,p.Gly76Trp,-0.305495655072818
urn:mavedb:00000057-c-1#527,,,p.Glu75Trp,-0.288889262409028
urn:mavedb:00000057-c-1#528,,,p.Gly74Trp,-0.6387970290510561
urn:mavedb:00000057-c-1#529,,,p.Thr73Trp,-0.064744696852193
urn:mavedb:00000057-c-1#530,,,p.Arg72Trp,-0.723102491217644
urn:mavedb:00000057-c-1#531,,,p.Met71Trp,-0.137368906048009
urn:mavedb:00000057-c-1#532,,,p.Tyr70Trp,-0.54661059231383
urn:mavedb:00000057-c-1#533,,,p.Gln69Trp,0.0223906322297793
urn:mavedb:00000057-c-1#534,,,p.Asp68Trp,-0.0380909349698442
urn:mavedb:00000057-c-1#535,,,p.Arg67Trp,-0.0466294630231512
urn:mavedb:00000057-c-1#536,,,p.Met66Trp,-0.4915400620315229
urn:mavedb:00000057-c-1#537,,,p.Ala65Trp,-0.6416554258992478
urn:mavedb:00000057-c-1#538,,,p.Ser64Trp,0.0572160590515474
urn:mavedb:00000057-c-1#539,,,p.Tyr63Trp,0.0501966701175096
urn:mavedb:00000057-c-1#540,,,p.Glu62Trp,0.312464674228284
urn:mavedb:00000057-c-1#541,,,p.Glu61Trp,0.0717119133775779
urn:mavedb:00000057-c-1#542,,,p.Gln60Trp,0.0351125885218648
urn:mavedb:00000057-c-1#543,,,p.Gly59Trp,-0.698597440534818
urn:mavedb:00000057-c-1#544,,,p.Ala58Trp,-1.01116724839817
urn:mavedb:00000057-c-1#545,,,p.Thr57Trp,-0.4836363333076121
urn:mavedb:00000057-c-1#546,,,p.Asp56Trp,-0.221082712893101
urn:mavedb:00000057-c-1#547,,,p.Leu55Trp,0.023889288922522
urn:mavedb:00000057-c-1#548,,,p.Ile54Trp,-0.290725241522882
urn:mavedb:00000057-c-1#549,,,p.Asp53Trp,-0.257829285923856
urn:mavedb:00000057-c-1#550,,,p.Leu52Trp,-0.2476823789394889
urn:mavedb:00000057-c-1#551,,,p.Leu51Trp,-0.0349624176521088
urn:mavedb:00000057-c-1#552,,,p.Cys50Trp,-0.1964969078477889
urn:mavedb:00000057-c-1#553,,,p.Thr49Trp,-0.274049250489865
urn:mavedb:00000057-c-1#554,,,p.Glu48Trp,-0.2824945525844231
urn:mavedb:00000057-c-1#555,,,p.Gly47Trp,-0.257992585598217
urn:mavedb:00000057-c-1#556,,,p.Asp46Trp,-0.0656126330329074
urn:mavedb:00000057-c-1#557,,,p.Ile45Trp,0.002149209570432
urn:mavedb:00000057-c-1#558,,,p.Val44Trp,-0.708326633321072
urn:mavedb:00000057-c-1#559,,,p.Val43Trp,-0.0488328316654483
urn:mavedb:00000057-c-1#560,,,p.Gln42Trp,-0.374840324678364
urn:mavedb:00000057-c-1#561,,,p.Lys41Trp,-0.463457353258532
urn:mavedb:00000057-c-1#562,,,p.Arg40Trp,-0.277429669720487
urn:mavedb:00000057-c-1#563,,,p.Tyr39Trp,-0.190466728308368
urn:mavedb:00000057-c-1#564,,,p.Ser38Trp,-0.6648878399496501
urn:mavedb:00000057-c-1#565,,,p.Asp37Trp,-0.4981142208252629
urn:mavedb:00000057-c-1#566,,,p.Glu36Trp,-0.350424444505921
urn:mavedb:00000057-c-1#567,,,p.Ile35Trp,-0.287000883385906
urn:mavedb:00000057-c-1#568,,,p.Thr34Trp,-0.433249586166111
urn:mavedb:00000057-c-1#569,,,p.Pro33Trp,-0.420330110513197
urn:mavedb:00000057-c-1#570,,,p.Asp32Trp,-0.318978134710743
urn:mavedb:00000057-c-1#571,,,p.Tyr31Trp,-0.178797967264191
urn:mavedb:00000057-c-1#572,,,p.Glu30Trp,-0.2815129558284099
urn:mavedb:00000057-c-1#573,,,p.Asp29Trp,0.0556073759465101
urn:mavedb:00000057-c-1#574,,,p.Val28Trp,-0.123210933029624
urn:mavedb:00000057-c-1#575,,,p.Phe27Trp,-0.0389810649843578
urn:mavedb:00000057-c-1#576,,,p.His26Trp,0.0946770228826162
urn:mavedb:00000057-c-1#577,,,p.Asn25Trp,-0.121021498599083
urn:mavedb:00000057-c-1#578,,,p.Gln24Trp,-0.258513797137846
urn:mavedb:00000057-c-1#579,,,p.Ile23Trp,-0.305478817133942
urn:mavedb:00000057-c-1#580,,,p.Leu22Trp,-0.147406131373116
urn:mavedb:00000057-c-1#581,,,p.Gln21Trp,0.064075832078212
urn:mavedb:00000057-c-1#582,,,p.Ile20Trp,-0.13719176819004
urn:mavedb:00000057-c-1#583,,,p.Thr19Trp,-0.4330224635782371
urn:mavedb:00000057-c-1#584,,,p.Leu18Trp,-0.439666200049621
urn:mavedb:00000057-c-1#585,,,p.Ala17Trp,-0.18018064104452
urn:mavedb:00000057-c-1#586,,,p.Ser16Trp,-0.6958788296116739
urn:mavedb:00000057-c-1#587,,,p.Lys15Trp,-0.2756074014558889
urn:mavedb:00000057-c-1#588,,,p.Gly14Trp,-0.396194487518486
urn:mavedb:00000057-c-1#589,,,p.Val13Trp,-0.616805764612323
urn:mavedb:00000057-c-1#590,,,p.Gly12Trp,-0.0035414881502506
urn:mavedb:00000057-c-1#591,,,p.Gly11Trp,-0.0833300413843652
urn:mavedb:00000057-c-1#592,,,p.Ala10Trp,-0.120695870494506
urn:mavedb:00000057-c-1#593,,,p.Gly9Trp,-0.925503907410885
urn:mavedb:00000057-c-1#594,,,p.Val8Trp,-0.0550956469751129
urn:mavedb:00000057-c-1#595,,,p.Val7Trp,-0.230880495276929
urn:mavedb:00000057-c-1#596,,,p.Val6Trp,-0.525479187895919
urn:mavedb:00000057-c-1#597,,,p.Leu5Trp,-1.33000033674036
urn:mavedb:00000057-c-1#598,,,p.Lys4Trp,-0.4425409563885539
urn:mavedb:00000057-c-1#599,,,p.Tyr3Trp,-0.154331900360133
urn:mavedb:00000057-c-1#600,,,p.Glu2Trp,-0.381477771222102
urn:mavedb:00000057-c-1#601,,,p.Thr1Trp,-0.149049207527798
urn:mavedb:00000057-c-1#602,,,p.His165Val,-0.13613574175882
urn:mavedb:00000057-c-1#603,,,p.Gln164Val,-0.347121074711808
urn:mavedb:00000057-c-1#604,,,p.Arg163Val,-0.2509231389278389
urn:mavedb:00000057-c-1#605,,,p.Ile162Val,-0.147081756376791
urn:mavedb:00000057-c-1#606,,,p.Glu161Val,-0.156330612128358
urn:mavedb:00000057-c-1#607,,,p.Arg160Val,-0.172235358296871
urn:mavedb:00000057-c-1#608,,,p.Val159=,0.0
urn:mavedb:00000057-c-1#609,,,p.Leu158Val,-0.267128913341679
urn:mavedb:00000057-c-1#610,,,p.Thr157Val,-0.179420166815257
urn:mavedb:00000057-c-1#611,,,p.Tyr156Val,-0.0380942323608968
urn:mavedb:00000057-c-1#612,,,p.Phe155Val,-0.0874141819150862
urn:mavedb:00000057-c-1#613,,,p.Ala154Val,0.0600056443749809
urn:mavedb:00000057-c-1#614,,,p.Glu30Arg,-0.392348501501755
urn:mavedb:00000057-c-1#615,,,p.Asp29Arg,-0.1556007289179969
urn:mavedb:00000057-c-1#616,,,p.Val28Arg,-0.36813456217674
urn:mavedb:00000057-c-1#617,,,p.Phe27Arg,-0.630730034310635
urn:mavedb:00000057-c-1#618,,,p.His26Arg,-0.279535196297177
urn:mavedb:00000057-c-1#619,,,p.Asn25Arg,-0.0102463918223936
urn:mavedb:00000057-c-1#620,,,p.Gln24Arg,-0.342685380652377
urn:mavedb:00000057-c-1#621,,,p.Ile23Arg,-0.296328885910381
urn:mavedb:00000057-c-1#622,,,p.Leu22Arg,-0.3021024513270139
urn:mavedb:00000057-c-1#623,,,p.Gln21Arg,-0.120090070072862
urn:mavedb:00000057-c-1#624,,,p.Ile20Arg,-0.350921187721103
urn:mavedb:00000057-c-1#625,,,p.Thr19Arg,-0.379924421750855
urn:mavedb:00000057-c-1#626,,,p.Leu18Arg,-0.498903177271262
urn:mavedb:00000057-c-1#627,,,p.Ala17Arg,-0.5785903500408289
urn:mavedb:00000057-c-1#628,,,p.Ser16Arg,-0.753730286093922
urn:mavedb:00000057-c-1#629,,,p.Lys15Arg,-0.624099425770401
urn:mavedb:00000057-c-1#630,,,p.Gly14Arg,-0.503131190930519
urn:mavedb:00000057-c-1#631,,,p.Val13Arg,-0.65634648541122
urn:mavedb:00000057-c-1#632,,,p.Gly12Arg,-0.0174958228545863
urn:mavedb:00000057-c-1#633,,,p.Gly11Arg,0.0444978082002228
urn:mavedb:00000057-c-1#634,,,p.Ala10Arg,-0.0095854570455549
urn:mavedb:00000057-c-1#635,,,p.Gly9Arg,-0.429987520930838
urn:mavedb:00000057-c-1#636,,,p.Val8Arg,-0.493137024248015
urn:mavedb:00000057-c-1#637,,,p.Val7Arg,-0.471091599686585
urn:mavedb:00000057-c-1#638,,,p.Val6Arg,-0.468783668007492
urn:mavedb:00000057-c-1#639,,,p.Leu5Arg,-0.6353758702795961
urn:mavedb:00000057-c-1#640,,,p.Lys4Arg,-0.047427530836953
urn:mavedb:00000057-c-1#641,,,p.Tyr3Arg,-0.0902764223396657
urn:mavedb:00000057-c-1#642,,,p.Glu2Arg,-0.266894560880813
urn:mavedb:00000057-c-1#643,,,p.Thr1Arg,-0.0237724041555361
urn:mavedb:00000057-c-1#644,,,p.His165Gln,0.0886943707828642
urn:mavedb:00000057-c-1#645,,,p.Gln164=,0.0
urn:mavedb:00000057-c-1#646,,,p.Arg163Gln,-0.148759662549417
urn:mavedb:00000057-c-1#647,,,p.Ile162Gln,-0.3418085027660169
urn:mavedb:00000057-c-1#648,,,p.Glu161Gln,-0.1762949210916189
urn:mavedb:00000057-c-1#649,,,p.Arg160Gln,-0.0030476556590468
urn:mavedb:00000057-c-1#650,,,p.Val159Gln,-0.5597297517219589
urn:mavedb:00000057-c-1#651,,,p.Leu158Gln,-0.254728955805538
urn:mavedb:00000057-c-1#652,,,p.Thr157Gln,-0.025552523380737
urn:mavedb:00000057-c-1#653,,,p.Tyr156Gln,0.0089018830320257
urn:mavedb:00000057-c-1#654,,,p.Phe155Gln,-0.769046187362968
urn:mavedb:00000057-c-1#655,,,p.Ala154Gln,-0.685282461802711
urn:mavedb:00000057-c-1#656,,,p.Asp153Gln,-0.0331319188122972
urn:mavedb:00000057-c-1#657,,,p.Glu152Gln,-0.135486420932552
urn:mavedb:00000057-c-1#658,,,p.Val151Gln,-0.21479678064059
urn:mavedb:00000057-c-1#659,,,p.Gly150Gln,0.0961156507952954
urn:mavedb:00000057-c-1#660,,,p.Gln149=,0.0
urn:mavedb:00000057-c-1#661,,,p.Arg148Gln,0.0066350706602949
urn:mavedb:00000057-c-1#662,,,p.Thr147Gln,-0.0922582915210077
urn:mavedb:00000057-c-1#663,,,p.Lys146Gln,-0.0137875116254338
urn:mavedb:00000057-c-1#664,,,p.Ala145Gln,-0.417321955148855
urn:mavedb:00000057-c-1#665,,,p.Ser144Gln,0.125227988124153
urn:mavedb:00000057-c-1#666,,,p.Thr143Gln,-0.274394545249484
urn:mavedb:00000057-c-1#667,,,p.Glu142Gln,-0.0300155721898041
urn:mavedb:00000057-c-1#668,,,p.Ile141Gln,-0.265367794315203
urn:mavedb:00000057-c-1#669,,,p.Tyr140Gln,-0.458543590888875
urn:mavedb:00000057-c-1#670,,,p.Pro139Gln,-0.16626506322229
urn:mavedb:00000057-c-1#671,,,p.Ile138Gln,-0.3432801785659889
urn:mavedb:00000057-c-1#672,,,p.Gly137Gln,-0.51653875040258
urn:mavedb:00000057-c-1#673,,,p.Tyr136Gln,-0.0939595141387923
urn:mavedb:00000057-c-1#674,,,p.Ser135Gln,-0.0419552422731224
urn:mavedb:00000057-c-1#675,,,p.Arg134Gln,-0.0320067127908914
urn:mavedb:00000057-c-1#676,,,p.Ala133Gln,-0.4160635341497229
urn:mavedb:00000057-c-1#677,,,p.Leu132Gln,-0.0904334858022569
urn:mavedb:00000057-c-1#678,,,p.Asp131Gln,-0.131873130275112
urn:mavedb:00000057-c-1#679,,,p.Gln130=,0.0
urn:mavedb:00000057-c-1#680,,,p.Ala129Gln,-0.395616327055842
urn:mavedb:00000057-c-1#681,,,p.Gln128=,0.0
urn:mavedb:00000057-c-1#682,,,p.Arg127Gln,-0.0248286471130377
urn:mavedb:00000057-c-1#683,,,p.Ser126Gln,-0.348502056830646
urn:mavedb:00000057-c-1#684,,,p.Glu125Gln,-0.17414283120974
urn:mavedb:00000057-c-1#685,,,p.Val124Gln,-0.38322964071043
urn:mavedb:00000057-c-1#686,,,p.Thr123Gln,-0.1088002147247839
urn:mavedb:00000057-c-1#687,,,p.Arg122Gln,-0.164146559314594
urn:mavedb:00000057-c-1#688,,,p.Ala121Gln,-0.295209566083976
urn:mavedb:00000057-c-1#689,,,p.Ala120Gln,-0.262781909634813
urn:mavedb:00000057-c-1#690,,,p.Leu119Gln,0.0493357697542007
urn:mavedb:00000057-c-1#691,,,p.Asp118Gln,-0.4531116863978879
urn:mavedb:00000057-c-1#692,,,p.Cys117Gln,-0.102332174264709
urn:mavedb:00000057-c-1#693,,,p.Lys116Gln,0.160234065209488
urn:mavedb:00000057-c-1#694,,,p.Asn115Gln,0.0171823869076284
urn:mavedb:00000057-c-1#695,,,p.Gly114Gln,-0.439000063320565
urn:mavedb:00000057-c-1#696,,,p.Val113Gln,-0.7606360137037871
urn:mavedb:00000057-c-1#697,,,p.Leu112Gln,-0.6345563235347471
urn:mavedb:00000057-c-1#698,,,p.Val111Gln,-1.58912040796307
urn:mavedb:00000057-c-1#699,,,p.Met110Gln,-0.4370715174961429
urn:mavedb:00000057-c-1#700,,,p.Pro109Gln,-0.526575765646687
urn:mavedb:00000057-c-1#701,,,p.Val108Gln,-0.3218643288387849
urn:mavedb:00000057-c-1#702,,,p.Asp107Gln,-0.27414263116244
urn:mavedb:00000057-c-1#703,,,p.Asp106Gln,-0.159972633000635
urn:mavedb:00000057-c-1#704,,,p.Ser105Gln,-0.0550338002714785
urn:mavedb:00000057-c-1#705,,,p.Asp104Gln,0.0859841398604395
urn:mavedb:00000057-c-1#706,,,p.Lys103Gln,-0.6062176028492839
urn:mavedb:00000057-c-1#707,,,p.Val102Gln,-0.2773455296134299
urn:mavedb:00000057-c-1#708,,,p.Arg101Gln,-0.566773121760063
urn:mavedb:00000057-c-1#709,,,p.Lys100Gln,-0.167690199455044
urn:mavedb:00000057-c-1#710,,,p.Ile99Gln,-0.274551391172836
urn:mavedb:00000057-c-1#711,,,p.Gln98=,0.0
urn:mavedb:00000057-c-1#712,,,p.Glu97Gln,0.036923854066623
urn:mavedb:00000057-c-1#713,,,p.Arg96Gln,-0.4418711968910789
urn:mavedb:00000057-c-1#714,,,p.Tyr95Gln,-0.165758540402664
urn:mavedb:00000057-c-1#715,,,p.Gln94=,0.0
urn:mavedb:00000057-c-1#716,,,p.His93Gln,0.0515853066717122
urn:mavedb:00000057-c-1#717,,,p.Ile92Gln,-0.289392160346573
urn:mavedb:00000057-c-1#718,,,p.Asp91Gln,0.0747794456966504
urn:mavedb:00000057-c-1#719,,,p.Glu90Gln,0.0554853910367932
urn:mavedb:00000057-c-1#720,,,p.Phe89Gln,-0.0186962077391799
urn:mavedb:00000057-c-1#721,,,p.Ser88Gln,-0.176864900852474
urn:mavedb:00000057-c-1#722,,,p.Lys87Gln,-0.220068810367668
urn:mavedb:00000057-c-1#723,,,p.Thr86Gln,0.0822866269406986
urn:mavedb:00000057-c-1#724,,,p.Asn85Gln,-0.377772082374975
urn:mavedb:00000057-c-1#725,,,p.Asn84Gln,-0.193038122378412
urn:mavedb:00000057-c-1#726,,,p.Ile83Gln,0.0188271115964214
urn:mavedb:00000057-c-1#727,,,p.Ala82Gln,-0.1518082641823609
urn:mavedb:00000057-c-1#728,,,p.Phe81Gln,-0.896032681893753
urn:mavedb:00000057-c-1#729,,,p.Val80Gln,-0.7220374981195959
urn:mavedb:00000057-c-1#730,,,p.Cys79Gln,-0.6642864095657
urn:mavedb:00000057-c-1#731,,,p.Leu78Gln,-0.162014121196485
urn:mavedb:00000057-c-1#732,,,p.Phe77Gln,-0.97206776263399
urn:mavedb:00000057-c-1#733,,,p.Gly76Gln,-0.6340865670301551
urn:mavedb:00000057-c-1#734,,,p.Glu75Gln,-0.278809039663737
urn:mavedb:00000057-c-1#735,,,p.Gly74Gln,-0.284343493045393
urn:mavedb:00000057-c-1#736,,,p.Thr73Gln,0.151736463321211
urn:mavedb:00000057-c-1#737,,,p.Arg72Gln,-0.252794918104375
urn:mavedb:00000057-c-1#738,,,p.Met71Gln,-0.133819156887679
urn:mavedb:00000057-c-1#739,,,p.Tyr70Gln,-0.80259092710234
urn:mavedb:00000057-c-1#740,,,p.Gln69=,0.0
urn:mavedb:00000057-c-1#741,,,p.Asp68Gln,-0.214060256619838
urn:mavedb:00000057-c-1#742,,,p.Arg67Gln,-0.0330562842680724
urn:mavedb:00000057-c-1#743,,,p.Met66Gln,-0.383565342584366
urn:mavedb:00000057-c-1#744,,,p.Ala65Gln,-0.566127626384188
urn:mavedb:00000057-c-1#745,,,p.Ser64Gln,-0.223546454917925
urn:mavedb:00000057-c-1#746,,,p.Tyr63Gln,-0.0652424145016373
urn:mavedb:00000057-c-1#747,,,p.Glu62Gln,0.0249297904659762
urn:mavedb:00000057-c-1#748,,,p.Glu61Gln,0.0599300287413711
urn:mavedb:00000057-c-1#749,,,p.Gln60=,0.0
urn:mavedb:00000057-c-1#750,,,p.Gly59Gln,-0.300178215981533
urn:mavedb:00000057-c-1#751,,,p.Ala58Gln,0.0105173321524266
urn:mavedb:00000057-c-1#752,,,p.Thr57Gln,-0.7178416865826559
urn:mavedb:00000057-c-1#753,,,p.Asp56Gln,-0.9637817216443272
urn:mavedb:00000057-c-1#754,,,p.Leu55Gln,-0.172362666618059
urn:mavedb:00000057-c-1#755,,,p.Ile54Gln,-0.603148617627729
urn:mavedb:00000057-c-1#756,,,p.Asp53Gln,-0.704595314863216
urn:mavedb:00000057-c-1#757,,,p.Leu52Gln,-0.6256892339111949
urn:mavedb:00000057-c-1#758,,,p.Leu51Gln,-0.0042851247295594
urn:mavedb:00000057-c-1#759,,,p.Cys50Gln,-0.289902214994399
urn:mavedb:00000057-c-1#760,,,p.Thr49Gln,0.0506451586343148
urn:mavedb:00000057-c-1#761,,,p.Glu48Gln,-0.0698585769730526
urn:mavedb:00000057-c-1#762,,,p.Gly47Gln,-0.065782202664967
urn:mavedb:00000057-c-1#763,,,p.Asp46Gln,-0.0856887426035715
urn:mavedb:00000057-c-1#764,,,p.Ile45Gln,-0.0211409303065773
urn:mavedb:00000057-c-1#765,,,p.Val44Gln,-0.0432143589266959
urn:mavedb:00000057-c-1#766,,,p.Val43Gln,-0.136863107632732
urn:mavedb:00000057-c-1#767,,,p.Gln42=,0.0
urn:mavedb:00000057-c-1#768,,,p.Lys41Gln,-0.0876881013232946
urn:mavedb:00000057-c-1#769,,,p.Arg40Gln,-0.3003040573073239
urn:mavedb:00000057-c-1#770,,,p.Tyr39Gln,-0.848515884975625
urn:mavedb:00000057-c-1#771,,,p.Ser38Gln,-0.29143165563818
urn:mavedb:00000057-c-1#772,,,p.Asp37Gln,-0.3974655453749229
urn:mavedb:00000057-c-1#773,,,p.Glu36Gln,-0.3617629055937539
urn:mavedb:00000057-c-1#774,,,p.Ile35Gln,-0.5126945462979651
urn:mavedb:00000057-c-1#775,,,p.Val111Pro,-1.17271059592523
urn:mavedb:00000057-c-1#776,,,p.Met110Pro,-0.884623212920251
urn:mavedb:00000057-c-1#777,,,p.Pro109=,0.0
urn:mavedb:00000057-c-1#778,,,p.Val108Pro,-0.112591181080282
urn:mavedb:00000057-c-1#779,,,p.Asp107Pro,-0.1088378074211069
urn:mavedb:00000057-c-1#780,,,p.Asp106Pro,-0.0956046108197908
urn:mavedb:00000057-c-1#781,,,p.Ser105Pro,-0.277736142952555
urn:mavedb:00000057-c-1#782,,,p.Asp104Pro,-0.159129383580457
urn:mavedb:00000057-c-1#783,,,p.Lys103Pro,-0.4115556889117379
urn:mavedb:00000057-c-1#784,,,p.Val102Pro,-0.407649037401827
urn:mavedb:00000057-c-1#785,,,p.Arg101Pro,-0.431173601638796
urn:mavedb:00000057-c-1#786,,,p.Lys100Pro,-0.7410665860283969
urn:mavedb:00000057-c-1#787,,,p.Ile99Pro,-0.521688113115896
urn:mavedb:00000057-c-1#788,,,p.Gln98Pro,-0.621972134610287
urn:mavedb:00000057-c-1#789,,,p.Glu97Pro,-0.80640703134191
urn:mavedb:00000057-c-1#790,,,p.Arg96Pro,-0.110154453467304
urn:mavedb:00000057-c-1#791,,,p.Tyr95Pro,-0.557060906490616
urn:mavedb:00000057-c-1#792,,,p.Gln94Pro,-0.366387783537397
urn:mavedb:00000057-c-1#793,,,p.His93Pro,-0.0276570986058515
urn:mavedb:00000057-c-1#794,,,p.Ile92Pro,-0.578003936116635
urn:mavedb:00000057-c-1#795,,,p.Asp91Pro,-0.271438934222078
urn:mavedb:00000057-c-1#796,,,p.Glu90Pro,-0.422249570346257
urn:mavedb:00000057-c-1#797,,,p.Phe89Pro,-0.603189424831075
urn:mavedb:00000057-c-1#798,,,p.Ser88Pro,-0.259108196222486
urn:mavedb:00000057-c-1#799,,,p.Lys87Pro,-0.125201079962622
urn:mavedb:00000057-c-1#800,,,p.Thr86Pro,0.0402190374151596
urn:mavedb:00000057-c-1#801,,,p.Asn85Pro,-0.5807967853281379
urn:mavedb:00000057-c-1#802,,,p.Asn84Pro,-0.1594392752329549
urn:mavedb:00000057-c-1#803,,,p.Ile83Pro,-0.0486841235929807
urn:mavedb:00000057-c-1#804,,,p.Ala82Pro,-0.749807145488445
urn:mavedb:00000057-c-1#805,,,p.Phe81Pro,-0.7180597573944231
urn:mavedb:00000057-c-1#806,,,p.Val80Pro,-0.591817979217656
urn:mavedb:00000057-c-1#807,,,p.Cys79Pro,-0.8562486405161479
urn:mavedb:00000057-c-1#808,,,p.Leu78Pro,-0.579432642084433
urn:mavedb:00000057-c-1#809,,,p.Phe77Pro,-0.881499535342794
urn:mavedb:00000057-c-1#810,,,p.Gly76Pro,-0.999023168035623
urn:mavedb:00000057-c-1#811,,,p.Glu75Pro,-0.556539684392261
urn:mavedb:00000057-c-1#812,,,p.Gly74Pro,-0.4458333563619709
urn:mavedb:00000057-c-1#813,,,p.Thr73Pro,-0.341667448624265
urn:mavedb:00000057-c-1#814,,,p.Arg72Pro,-0.357029174446614
urn:mavedb:00000057-c-1#815,,,p.Met71Pro,-0.458078994579871
urn:mavedb:00000057-c-1#816,,,p.Tyr70Pro,-0.51313327963752
urn:mavedb:00000057-c-1#817,,,p.Gln69Pro,-0.4593990513119
urn:mavedb:00000057-c-1#818,,,p.Asp68Pro,-0.8101199736582599
urn:mavedb:00000057-c-1#819,,,p.Arg67Pro,0.0721305148239206
urn:mavedb:00000057-c-1#820,,,p.Met66Pro,-0.0520189372539162
urn:mavedb:00000057-c-1#821,,,p.Ala65Pro,-0.3114769177156989
urn:mavedb:00000057-c-1#822,,,p.Ser64Pro,-0.0251083272337267
urn:mavedb:00000057-c-1#823,,,p.Tyr63Pro,-0.022100217873211
urn:mavedb:00000057-c-1#824,,,p.Glu62Pro,-0.46720905216165
urn:mavedb:00000057-c-1#825,,,p.Glu61Pro,-0.0923959364172626
urn:mavedb:00000057-c-1#826,,,p.Gln60Pro,0.0408954161124191
urn:mavedb:00000057-c-1#827,,,p.Gly59Pro,-0.126638667451618
urn:mavedb:00000057-c-1#828,,,p.Ala58Pro,-0.273395772872166
urn:mavedb:00000057-c-1#829,,,p.Thr57Pro,-0.497860269062536
urn:mavedb:00000057-c-1#830,,,p.Met110Ser,-0.568741515797519
urn:mavedb:00000057-c-1#831,,,p.Pro109Ser,-0.464862708847817
urn:mavedb:00000057-c-1#832,,,p.Val108Ser,-0.435969643723191
urn:mavedb:00000057-c-1#833,,,p.Asp107Ser,-0.0786232885452736
urn:mavedb:00000057-c-1#834,,,p.Asp106Ser,-0.0900601625372055
urn:mavedb:00000057-c-1#835,,,p.Ser105=,0.0
urn:mavedb:00000057-c-1#836,,,p.Asp104Ser,0.0852851704975788
urn:mavedb:00000057-c-1#837,,,p.Lys103Ser,-0.256400063519083
urn:mavedb:00000057-c-1#838,,,p.Val102Ser,-0.0728928993551543
urn:mavedb:00000057-c-1#839,,,p.Arg101Ser,-0.4438391671722579
urn:mavedb:00000057-c-1#840,,,p.Lys100Ser,-0.149697750753634
urn:mavedb:00000057-c-1#841,,,p.Ile99Ser,-0.6045057764333399
urn:mavedb:00000057-c-1#842,,,p.Gln98Ser,0.253246752225988
urn:mavedb:00000057-c-1#843,,,p.Glu97Ser,-0.0042315958238043
urn:mavedb:00000057-c-1#844,,,p.Arg96Ser,0.0204460084862077
urn:mavedb:00000057-c-1#845,,,p.Tyr95Ser,-0.164449235338754
urn:mavedb:00000057-c-1#846,,,p.Gln94Ser,-0.0173419559240233
urn:mavedb:00000057-c-1#847,,,p.His93Ser,0.0277314616276279
urn:mavedb:00000057-c-1#848,,,p.Ile92Ser,-0.279630723437011
urn:mavedb:00000057-c-1#849,,,p.Asp91Ser,0.065260140325234
urn:mavedb:00000057-c-1#850,,,p.Glu90Ser,-0.228028111482463
urn:mavedb:00000057-c-1#851,,,p.Phe89Ser,-0.314362979361222
urn:mavedb:00000057-c-1#852,,,p.Ser88=,0.0
urn:mavedb:00000057-c-1#853,,,p.Lys87Ser,-0.0669277713290715
urn:mavedb:00000057-c-1#854,,,p.Thr86Ser,-0.0661667450072845
urn:mavedb:00000057-c-1#855,,,p.Asn85Ser,-0.1286362957343519
urn:mavedb:00000057-c-1#856,,,p.Asn84Ser,-0.0040107920778422
urn:mavedb:00000057-c-1#857,,,p.Ile83Ser,0.0428636141309977
urn:mavedb:00000057-c-1#858,,,p.Ala82Ser,0.0366949786307891
urn:mavedb:00000057-c-1#859,,,p.Phe81Ser,-0.334808904113449
urn:mavedb:00000057-c-1#860,,,p.Val80Ser,-0.386620685498582
urn:mavedb:00000057-c-1#861,,,p.Cys79Ser,-0.493864321443729
urn:mavedb:00000057-c-1#862,,,p.Leu78Ser,-0.8372766727440859
urn:mavedb:00000057-c-1#863,,,p.Phe77Ser,-0.595989843267288
urn:mavedb:00000057-c-1#864,,,p.Gly76Ser,-0.339773563482789
urn:mavedb:00000057-c-1#865,,,p.Glu75Ser,-0.0859149635685967
urn:mavedb:00000057-c-1#866,,,p.Gly74Ser,-0.389569872262809
urn:mavedb:00000057-c-1#867,,,p.Thr73Ser,-0.0309462544752996
urn:mavedb:00000057-c-1#868,,,p.Arg72Ser,-0.303178625346914
urn:mavedb:00000057-c-1#869,,,p.Met71Ser,-0.605271994037022
urn:mavedb:00000057-c-1#870,,,p.Tyr70Ser,-0.675629705031773
urn:mavedb:00000057-c-1#871,,,p.Gln69Ser,-0.0840429102425018
urn:mavedb:00000057-c-1#872,,,p.Asp68Ser,-0.2374518743681569
urn:mavedb:00000057-c-1#873,,,p.Arg67Ser,0.0466048675184489
urn:mavedb:00000057-c-1#874,,,p.Met66Ser,-0.1918623980036989
urn:mavedb:00000057-c-1#875,,,p.Ala65Ser,-0.0992321173868207
urn:mavedb:00000057-c-1#876,,,p.Ser64=,0.0
urn:mavedb:00000057-c-1#877,,,p.Tyr63Ser,0.0177744149613108
urn:mavedb:00000057-c-1#878,,,p.Glu62Ser,-0.216886818117037
urn:mavedb:00000057-c-1#879,,,p.Glu61Ser,-0.0278153364475122
urn:mavedb:00000057-c-1#880,,,p.Gln60Ser,-0.0110625949845278
urn:mavedb:00000057-c-1#881,,,p.Gly59Ser,-0.260412131016746
urn:mavedb:00000057-c-1#882,,,p.Ala58Ser,-0.0997778248081989
urn:mavedb:00000057-c-1#883,,,p.Thr57Ser,-0.1636177648397659
urn:mavedb:00000057-c-1#884,,,p.Asp56Ser,-0.6832474152797701
urn:mavedb:00000057-c-1#885,,,p.Leu55Ser,-0.194132102358277
urn:mavedb:00000057-c-1#886,,,p.Ile54Ser,-0.328241651188237
urn:mavedb:00000057-c-1#887,,,p.Asp53Ser,-0.369892153593152
urn:mavedb:00000057-c-1#888,,,p.Leu52Ser,-0.527983002692198
urn:mavedb:00000057-c-1#889,,,p.Leu51Ser,-0.0159989952034481
urn:mavedb:00000057-c-1#890,,,p.Cys50Ser,-0.10716243552699
urn:mavedb:00000057-c-1#891,,,p.Thr49Ser,0.0285052016025724
urn:mavedb:00000057-c-1#892,,,p.Glu48Ser,-0.150840698103215
urn:mavedb:00000057-c-1#893,,,p.Gly47Ser,-0.148614015474322
urn:mavedb:00000057-c-1#894,,,p.Asp46Ser,-0.194192611492249
urn:mavedb:00000057-c-1#895,,,p.Ile45Ser,-0.0761906373826633
urn:mavedb:00000057-c-1#896,,,p.Val44Ser,-0.0608582387684462
urn:mavedb:00000057-c-1#897,,,p.Val43Ser,-0.0412017191124996
urn:mavedb:00000057-c-1#898,,,p.Gln42Ser,-0.0867465460482897
urn:mavedb:00000057-c-1#899,,,p.Lys41Ser,-0.0477629416490413
urn:mavedb:00000057-c-1#900,,,p.Arg40Ser,-0.0978691844934085
urn:mavedb:00000057-c-1#901,,,p.Tyr39Ser,-0.6009142036992979
urn:mavedb:00000057-c-1#902,,,p.Ser38=,0.0
urn:mavedb:00000057-c-1#903,,,p.Asp37Ser,-0.3753680168355889
urn:mavedb:00000057-c-1#904,,,p.Glu36Ser,-0.338559251305563
urn:mavedb:00000057-c-1#905,,,p.Ile35Ser,-0.38105833639674
urn:mavedb:00000057-c-1#906,,,p.Thr34Ser,-0.2434804005576149
urn:mavedb:00000057-c-1#907,,,p.Pro33Ser,-0.227121154373475
urn:mavedb:00000057-c-1#908,,,p.Asp32Ser,-0.261439232685081
urn:mavedb:00000057-c-1#909,,,p.Tyr31Ser,-0.398450746556186
urn:mavedb:00000057-c-1#910,,,p.Glu30Ser,-0.2523549015286719
urn:mavedb:00000057-c-1#911,,,p.Asp29Ser,-0.107965260189613
urn:mavedb:00000057-c-1#912,,,p.Val28Ser,-0.0077549084893504
urn:mavedb:00000057-c-1#913,,,p.Phe27Ser,-0.4288502892150179
urn:mavedb:00000057-c-1#914,,,p.His26Ser,0.0099817662326251
urn:mavedb:00000057-c-1#915,,,p.Asn25Ser,-0.0465773195610302
urn:mavedb:00000057-c-1#916,,,p.Gln24Ser,0.0677611897599018
urn:mavedb:00000057-c-1#917,,,p.Ile23Ser,0.0005988019902123
urn:mavedb:00000057-c-1#918,,,p.Leu22Ser,0.0357449852455667
urn:mavedb:00000057-c-1#919,,,p.Gln21Ser,0.0267175578243424
urn:mavedb:00000057-c-1#920,,,p.Ile20Ser,-0.271202771691672
urn:mavedb:00000057-c-1#921,,,p.Thr19Ser,-0.0002310980873991
urn:mavedb:00000057-c-1#922,,,p.Leu18Ser,-0.308979624366031
urn:mavedb:00000057-c-1#923,,,p.Ala17Ser,-0.462347642889255
urn:mavedb:00000057-c-1#924,,,p.Ser16=,0.0
urn:mavedb:00000057-c-1#925,,,p.Lys15Ser,-0.3942395991945689
urn:mavedb:00000057-c-1#926,,,p.Gly14Ser,-0.759023430652019
urn:mavedb:00000057-c-1#927,,,p.Val13Ser,-0.0452966657452585
urn:mavedb:00000057-c-1#928,,,p.Gly12Ser,-0.0491481842926631
urn:mavedb:00000057-c-1#929,,,p.Gly11Ser,0.046855922781619
urn:mavedb:00000057-c-1#930,,,p.Ala10Ser,-0.0454999119374033
urn:mavedb:00000057-c-1#931,,,p.Gly9Ser,-0.5533676188123411
urn:mavedb:00000057-c-1#932,,,p.Val8Ser,-0.399623887765742
urn:mavedb:00000057-c-1#933,,,p.Val7Ser,-0.4447241707893259
urn:mavedb:00000057-c-1#934,,,p.Val6Ser,-0.291967848910651
urn:mavedb:00000057-c-1#935,,,p.Leu5Ser,-0.64336687606174
urn:mavedb:00000057-c-1#936,,,p.Lys4Ser,-0.0634248664357524
urn:mavedb:00000057-c-1#937,,,p.Tyr3Ser,-0.194622486737106
urn:mavedb:00000057-c-1#938,,,p.Glu2Ser,-0.342802603926486
urn:mavedb:00000057-c-1#939,,,p.Thr1Ser,-0.0159657250308711
urn:mavedb:00000057-c-1#940,,,p.His165Arg,0.0248014972768276
urn:mavedb:00000057-c-1#941,,,p.Gln164Arg,0.019127291333028
urn:mavedb:00000057-c-1#942,,,p.Arg163=,0.0
urn:mavedb:00000057-c-1#943,,,p.Ile162Arg,-0.157682230681687
urn:mavedb:00000057-c-1#944,,,p.Glu161Arg,-0.0364445845081338
urn:mavedb:00000057-c-1#945,,,p.Arg160=,0.0
urn:mavedb:00000057-c-1#946,,,p.Val159Arg,-0.6897969422703679
urn:mavedb:00000057-c-1#947,,,p.Leu158Arg,-1.14908794263974
urn:mavedb:00000057-c-1#948,,,p.Thr157Arg,-0.116743494021389
urn:mavedb:00000057-c-1#949,,,p.Tyr156Arg,0.0144849268610738
urn:mavedb:00000057-c-1#950,,,p.Phe155Arg,-0.6609617680771911
urn:mavedb:00000057-c-1#951,,,p.Ala154Arg,-0.84106263816578
urn:mavedb:00000057-c-1#952,,,p.Asp153Arg,-0.0980109931370323
urn:mavedb:00000057-c-1#953,,,p.Glu152Arg,-0.0790814410965044
urn:mavedb:00000057-c-1#954,,,p.Val151Arg,-0.599697576993799
urn:mavedb:00000057-c-1#955,,,p.Gly150Arg,-0.270700011359725
urn:mavedb:00000057-c-1#956,,,p.Gln149Arg,-0.311191157827294
urn:mavedb:00000057-c-1#957,,,p.Arg148=,0.0
urn:mavedb:00000057-c-1#958,,,p.Thr147Arg,-0.170295772514616
urn:mavedb:00000057-c-1#959,,,p.Lys146Arg,-0.145039783720058
urn:mavedb:00000057-c-1#960,,,p.Ala145Arg,-0.92903772601276
urn:mavedb:00000057-c-1#961,,,p.Ser144Arg,-0.256702550727914
urn:mavedb:00000057-c-1#962,,,p.Thr143Arg,-0.7302449995241609
urn:mavedb:00000057-c-1#963,,,p.Glu142Arg,-0.369581818715304
urn:mavedb:00000057-c-1#964,,,p.Ile141Arg,-0.3263272601865269
urn:mavedb:00000057-c-1#965,,,p.Tyr140Arg,-0.476605022840349
urn:mavedb:00000057-c-1#966,,,p.Pro139Arg,-0.250475165515037
urn:mavedb:00000057-c-1#967,,,p.Ile138Arg,-0.349518152615214
urn:mavedb:00000057-c-1#968,,,p.Gly137Arg,-0.30650577107814
urn:mavedb:00000057-c-1#969,,,p.Tyr136Arg,-0.252671189934821
urn:mavedb:00000057-c-1#970,,,p.Ser135Arg,-0.0998215513524492
urn:mavedb:00000057-c-1#971,,,p.Arg134=,0.0
urn:mavedb:00000057-c-1#972,,,p.Ala133Arg,-0.3195646356928679
urn:mavedb:00000057-c-1#973,,,p.Leu132Arg,-0.323334145269816
urn:mavedb:00000057-c-1#974,,,p.Asp131Arg,-0.056239332203267
urn:mavedb:00000057-c-1#975,,,p.Gln130Arg,-0.13202172325928
urn:mavedb:00000057-c-1#976,,,p.Ala129Arg,-0.564171520593902
urn:mavedb:00000057-c-1#977,,,p.Gln128Arg,-0.152262882807643
urn:mavedb:00000057-c-1#978,,,p.Arg127=,0.0
urn:mavedb:00000057-c-1#979,,,p.Ser126Arg,-0.0781260508737567
urn:mavedb:00000057-c-1#980,,,p.Glu125Arg,-0.316500802560507
urn:mavedb:00000057-c-1#981,,,p.Val124Arg,-0.15367208564394
urn:mavedb:00000057-c-1#982,,,p.Thr123Arg,-0.291510528265352
urn:mavedb:00000057-c-1#983,,,p.Arg122=,0.0
urn:mavedb:00000057-c-1#984,,,p.Ala121Arg,-0.336674850384792
urn:mavedb:00000057-c-1#985,,,p.Ala120Arg,-0.0718220695652549
urn:mavedb:00000057-c-1#986,,,p.Leu119Arg,-0.114316220740814
urn:mavedb:00000057-c-1#987,,,p.Asp118Arg,-0.7816506231099859
urn:mavedb:00000057-c-1#988,,,p.Cys117Arg,-0.259114736662313
urn:mavedb:00000057-c-1#989,,,p.Lys116Arg,-0.0339973553345889
urn:mavedb:00000057-c-1#990,,,p.Asn115Arg,-1.16566064460688
urn:mavedb:00000057-c-1#991,,,p.Gly114Arg,-0.7268219589824431
urn:mavedb:00000057-c-1#992,,,p.Val113Arg,-0.604885796969724
urn:mavedb:00000057-c-1#993,,,p.Leu112Arg,-0.7584388989878349
urn:mavedb:00000057-c-1#994,,,p.Val111Arg,-0.8333556847493949
urn:mavedb:00000057-c-1#995,,,p.Met110Arg,-1.3541977731123
urn:mavedb:00000057-c-1#996,,,p.Pro109Arg,-0.1050280013902009
urn:mavedb:00000057-c-1#997,,,p.Val108Arg,-0.615436088538319
urn:mavedb:00000057-c-1#998,,,p.Asp107Arg,0.0435551550988367
urn:mavedb:00000057-c-1#999,,,p.Asp106Arg,0.0145964926408995
urn:mavedb:00000057-c-1#1000,,,p.Ser105Arg,-0.126448724617786
urn:mavedb:00000057-c-1#1001,,,p.Asp104Arg,-0.0372824206121247
urn:mavedb:00000057-c-1#1002,,,p.Lys103Arg,-0.0249681211945547
urn:mavedb:00000057-c-1#1003,,,p.Val102Arg,-0.435397244337414
urn:mavedb:00000057-c-1#1004,,,p.Arg101=,0.0
urn:mavedb:00000057-c-1#1005,,,p.Lys100Arg,-0.0372861491013901
urn:mavedb:00000057-c-1#1006,,,p.Ile99Arg,-0.7079109691155501
urn:mavedb:00000057-c-1#1007,,,p.Gln98Arg,0.0779371965398672
urn:mavedb:00000057-c-1#1008,,,p.Glu97Arg,0.0107251065913048
urn:mavedb:00000057-c-1#1009,,,p.Arg96=,0.0
urn:mavedb:00000057-c-1#1010,,,p.Tyr95Arg,-0.126128339485301
urn:mavedb:00000057-c-1#1011,,,p.Gln94Arg,0.2312650097945019
urn:mavedb:00000057-c-1#1012,,,p.His93Arg,-0.0073528843168666
urn:mavedb:00000057-c-1#1013,,,p.Ile92Arg,-0.7039112690784399
urn:mavedb:00000057-c-1#1014,,,p.Asp91Arg,0.1478111609532139
urn:mavedb:00000057-c-1#1015,,,p.Glu90Arg,-0.149387077707213
urn:mavedb:00000057-c-1#1016,,,p.Phe89Arg,-0.382015121554685
urn:mavedb:00000057-c-1#1017,,,p.Ser88Arg,-0.474895843816129
urn:mavedb:00000057-c-1#1018,,,p.Lys87Arg,-0.260918356247926
urn:mavedb:00000057-c-1#1019,,,p.Thr86Arg,0.0231568138933287
urn:mavedb:00000057-c-1#1020,,,p.Asp56Pro,-0.6481700167640589
urn:mavedb:00000057-c-1#1021,,,p.Leu55Pro,-0.681484559395746
urn:mavedb:00000057-c-1#1022,,,p.Ile54Pro,-0.495888047445825
urn:mavedb:00000057-c-1#1023,,,p.Asp53Pro,-0.403194693128171
urn:mavedb:00000057-c-1#1024,,,p.Leu52Pro,-0.368679330346632
urn:mavedb:00000057-c-1#1025,,,p.Leu51Pro,-0.155973038033962
urn:mavedb:00000057-c-1#1026,,,p.Cys50Pro,-0.118355282803823
urn:mavedb:00000057-c-1#1027,,,p.Thr49Pro,-0.0559335602163007
urn:mavedb:00000057-c-1#1028,,,p.Glu48Pro,-0.268433218215672
urn:mavedb:00000057-c-1#1029,,,p.Gly47Pro,-0.167242345599141
urn:mavedb:00000057-c-1#1030,,,p.Asp46Pro,-0.453071879138326
urn:mavedb:00000057-c-1#1031,,,p.Ile45Pro,-0.172024851675341
urn:mavedb:00000057-c-1#1032,,,p.Val44Pro,-0.0609250734508158
urn:mavedb:00000057-c-1#1033,,,p.Val43Pro,-0.232672127857958
urn:mavedb:00000057-c-1#1034,,,p.Gln42Pro,-0.0833432242900587
urn:mavedb:00000057-c-1#1035,,,p.Lys41Pro,-0.0124555648076183
urn:mavedb:00000057-c-1#1036,,,p.Arg40Pro,-0.497708663387419
urn:mavedb:00000057-c-1#1037,,,p.Tyr39Pro,-0.779693340065756
urn:mavedb:00000057-c-1#1038,,,p.Ser38Pro,-0.4330224635782371
urn:mavedb:00000057-c-1#1039,,,p.Asp37Pro,-0.64492473456875
urn:mavedb:00000057-c-1#1040,,,p.Glu36Pro,-0.570294162576736
urn:mavedb:00000057-c-1#1041,,,p.Ile35Pro,-0.423768833189409
urn:mavedb:00000057-c-1#1042,,,p.Thr34Pro,-0.456913613501294
urn:mavedb:00000057-c-1#1043,,,p.Pro33=,0.0
urn:mavedb:00000057-c-1#1044,,,p.Asp32Pro,-0.428916938632449
urn:mavedb:00000057-c-1#1045,,,p.Tyr31Pro,-0.528855836704806
urn:mavedb:00000057-c-1#1046,,,p.Glu30Pro,-0.2133704972562169
urn:mavedb:00000057-c-1#1047,,,p.Asp29Pro,0.0
urn:mavedb:00000057-c-1#1048,,,p.Val28Pro,-0.247635364383678
urn:mavedb:00000057-c-1#1049,,,p.Phe27Pro,-0.382443114149508
urn:mavedb:00000057-c-1#1050,,,p.His26Pro,-0.532664986951572
urn:mavedb:00000057-c-1#1051,,,p.Asn25Pro,-0.140681975468452
urn:mavedb:00000057-c-1#1052,,,p.Gln24Pro,-0.4083579488695539
urn:mavedb:00000057-c-1#1053,,,p.Ile23Pro,-0.492921845172625
urn:mavedb:00000057-c-1#1054,,,p.Leu22Pro,-0.393344199121302
urn:mavedb:00000057-c-1#1055,,,p.Gln21Pro,-0.43323572964364
urn:mavedb:00000057-c-1#1056,,,p.Ile20Pro,-0.605473575869151
urn:mavedb:00000057-c-1#1057,,,p.Thr19Pro,-0.261106846970119
urn:mavedb:00000057-c-1#1058,,,p.Leu18Pro,-0.7991530931608092
urn:mavedb:00000057-c-1#1059,,,p.Ala17Pro,-0.382804997583819
urn:mavedb:00000057-c-1#1060,,,p.Ser16Pro,-0.774860923190283
urn:mavedb:00000057-c-1#1061,,,p.Lys15Pro,-0.53083016058425
urn:mavedb:00000057-c-1#1062,,,p.Gly14Pro,-0.7223341109637271
urn:mavedb:00000057-c-1#1063,,,p.Val13Pro,-0.202661816066952
urn:mavedb:00000057-c-1#1064,,,p.Gly12Pro,-0.163554353405821
urn:mavedb:00000057-c-1#1065,,,p.Gly11Pro,0.062588244928631
urn:mavedb:00000057-c-1#1066,,,p.Ala10Pro,-0.0984721365989645
urn:mavedb:00000057-c-1#1067,,,p.Gly9Pro,-0.538645104561114
urn:mavedb:00000057-c-1#1068,,,p.Val8Pro,-0.643031197353589
urn:mavedb:00000057-c-1#1069,,,p.Val7Pro,-0.576287844339864
urn:mavedb:00000057-c-1#1070,,,p.Val6Pro,-1.15114165018977
urn:mavedb:00000057-c-1#1071,,,p.Leu5Pro,-0.484265862544417
urn:mavedb:00000057-c-1#1072,,,p.Lys4Pro,-0.1176618698865149
urn:mavedb:00000057-c-1#1073,,,p.Tyr3Pro,-0.240248139914921
urn:mavedb:00000057-c-1#1074,,,p.Glu2Pro,-0.2997327555758959
urn:mavedb:00000057-c-1#1075,,,p.Thr1Pro,-0.0156715559681682
urn:mavedb:00000057-c-1#1076,,,p.His165Asn,-0.0631626911081409
urn:mavedb:00000057-c-1#1077,,,p.Gln164Asn,-0.0014147696656068
urn:mavedb:00000057-c-1#1078,,,p.Arg163Asn,-0.0161030794818338
urn:mavedb:00000057-c-1#1079,,,p.Ile162Asn,-0.587680462407292
urn:mavedb:00000057-c-1#1080,,,p.Glu161Asn,-0.0142585979812682
urn:mavedb:00000057-c-1#1081,,,p.Arg160Asn,-0.0769945326360471
urn:mavedb:00000057-c-1#1082,,,p.Val159Asn,-0.664822935223526
urn:mavedb:00000057-c-1#1083,,,p.Leu158Asn,-1.33436761241003
urn:mavedb:00000057-c-1#1084,,,p.Thr157Asn,-0.0945118699072101
urn:mavedb:00000057-c-1#1085,,,p.Tyr156Asn,0.0
urn:mavedb:00000057-c-1#1086,,,p.Phe155Asn,-0.718709785624621
urn:mavedb:00000057-c-1#1087,,,p.Ala154Asn,-0.6025198874615459
urn:mavedb:00000057-c-1#1088,,,p.Asp153Asn,-0.178478248435591
urn:mavedb:00000057-c-1#1089,,,p.Glu152Asn,-0.4231898140467789
urn:mavedb:00000057-c-1#1090,,,p.Val151Asn,-0.15382333745281
urn:mavedb:00000057-c-1#1091,,,p.Gly150Asn,-0.269202941295636
urn:mavedb:00000057-c-1#1092,,,p.Gln149Asn,-0.259574090495581
urn:mavedb:00000057-c-1#1093,,,p.Arg148Asn,-0.102804036775324
urn:mavedb:00000057-c-1#1094,,,p.Thr147Asn,-0.101216882194956
urn:mavedb:00000057-c-1#1095,,,p.Lys146Asn,0.0767996396380739
urn:mavedb:00000057-c-1#1096,,,p.Ala145Asn,-0.0177943655476245
urn:mavedb:00000057-c-1#1097,,,p.Ser144Asn,-0.0290638734013506
urn:mavedb:00000057-c-1#1098,,,p.Thr143Asn,-0.239761235685755
urn:mavedb:00000057-c-1#1099,,,p.Glu142Asn,-0.2715700072180789
urn:mavedb:00000057-c-1#1100,,,p.Ile141Asn,-0.4062956015545699
urn:mavedb:00000057-c-1#1101,,,p.Tyr140Asn,-0.322925150438313
urn:mavedb:00000057-c-1#1102,,,p.Pro139Asn,-0.156638064800329
urn:mavedb:00000057-c-1#1103,,,p.Ile138Asn,-0.214402903678375
urn:mavedb:00000057-c-1#1104,,,p.Gly137Asn,-0.168230775433238
urn:mavedb:00000057-c-1#1105,,,p.Tyr136Asn,-0.567838477299631
urn:mavedb:00000057-c-1#1106,,,p.Ser135Asn,-0.125728680362467
urn:mavedb:00000057-c-1#1107,,,p.Arg134Asn,-0.013227967697911
urn:mavedb:00000057-c-1#1108,,,p.Ala133Asn,-0.7382808476854351
urn:mavedb:00000057-c-1#1109,,,p.Leu132Asn,-0.253076818916505
urn:mavedb:00000057-c-1#1110,,,p.Asp131Asn,-0.4375538985535749
urn:mavedb:00000057-c-1#1111,,,p.Gln130Asn,-0.0750074411721784
urn:mavedb:00000057-c-1#1112,,,p.Ala129Asn,-0.256228673737211
urn:mavedb:00000057-c-1#1113,,,p.Gln128Asn,-0.1107886195898319
urn:mavedb:00000057-c-1#1114,,,p.Arg127Asn,-0.0661773799233141
urn:mavedb:00000057-c-1#1115,,,p.Ser126Asn,-0.1867800673232169
urn:mavedb:00000057-c-1#1116,,,p.Glu125Asn,-0.0309346230069709
urn:mavedb:00000057-c-1#1117,,,p.Val124Asn,-0.2938814167964939
urn:mavedb:00000057-c-1#1118,,,p.Thr123Asn,-0.3864466699050379
urn:mavedb:00000057-c-1#1119,,,p.Arg122Asn,-0.14108146604857
urn:mavedb:00000057-c-1#1120,,,p.Ala121Asn,-0.0911307961562038
urn:mavedb:00000057-c-1#1121,,,p.Ala120Asn,-0.0211692395208403
urn:mavedb:00000057-c-1#1122,,,p.Leu119Asn,0.1314785888474799
urn:mavedb:00000057-c-1#1123,,,p.Asp118Asn,-0.5218512090016499
urn:mavedb:00000057-c-1#1124,,,p.Cys117Asn,0.1197786274404709
urn:mavedb:00000057-c-1#1125,,,p.Lys116Asn,0.082731867495615
urn:mavedb:00000057-c-1#1126,,,p.Asn115=,0.0
urn:mavedb:00000057-c-1#1127,,,p.Gly114Asn,-0.152675160868868
urn:mavedb:00000057-c-1#1128,,,p.Val113Asn,-0.961423735258891
urn:mavedb:00000057-c-1#1129,,,p.Leu112Asn,-0.764063185521106
urn:mavedb:00000057-c-1#1130,,,p.Val111Asn,-0.903586502023438
urn:mavedb:00000057-c-1#1131,,,p.Met110Asn,-0.9820919263917192
urn:mavedb:00000057-c-1#1132,,,p.Pro109Asn,-0.317009110797422
urn:mavedb:00000057-c-1#1133,,,p.Val108Asn,0.0
urn:mavedb:00000057-c-1#1134,,,p.Asp107Asn,0.0632064332159129
urn:mavedb:00000057-c-1#1135,,,p.Asp106Asn,-0.0150532924773157
urn:mavedb:00000057-c-1#1136,,,p.Ser105Asn,0.0
urn:mavedb:00000057-c-1#1137,,,p.Asp104Asn,-0.0251315108666996
urn:mavedb:00000057-c-1#1138,,,p.Lys103Asn,-0.251597590733357
urn:mavedb:00000057-c-1#1139,,,p.Val102Asn,0.0219981649285068
urn:mavedb:00000057-c-1#1140,,,p.Arg101Asn,-0.3530410729442321
urn:mavedb:00000057-c-1#1141,,,p.Lys100Asn,-0.334646346417681
urn:mavedb:00000057-c-1#1142,,,p.Ile99Asn,-0.452518703989866
urn:mavedb:00000057-c-1#1143,,,p.Gln98Asn,-0.430246550356711
urn:mavedb:00000057-c-1#1144,,,p.Glu97Asn,0.0221030516656531
urn:mavedb:00000057-c-1#1145,,,p.Arg96Asn,-0.0134651101805459
urn:mavedb:00000057-c-1#1146,,,p.Tyr95Asn,-0.213454594299835
urn:mavedb:00000057-c-1#1147,,,p.Gln94Asn,0.235720593838603
urn:mavedb:00000057-c-1#1148,,,p.His93Asn,0.0875192503859743
urn:mavedb:00000057-c-1#1149,,,p.Ile92Asn,-0.491851547712789
urn:mavedb:00000057-c-1#1150,,,p.Asp91Asn,-0.0239797833154163
urn:mavedb:00000057-c-1#1151,,,p.Glu90Asn,-0.0131022978800369
urn:mavedb:00000057-c-1#1152,,,p.Phe89Asn,-0.322122374879797
urn:mavedb:00000057-c-1#1153,,,p.Ser88Asn,-0.243158601111341
urn:mavedb:00000057-c-1#1154,,,p.Lys87Asn,-0.414013025142286
urn:mavedb:00000057-c-1#1155,,,p.Thr86Asn,-0.154565604229272
urn:mavedb:00000057-c-1#1156,,,p.Asn85=,0.0
urn:mavedb:00000057-c-1#1157,,,p.Asn84=,0.0
urn:mavedb:00000057-c-1#1158,,,p.Ile83Asn,-0.314750425164559
urn:mavedb:00000057-c-1#1159,,,p.Ala82Asn,0.0465833730563741
urn:mavedb:00000057-c-1#1160,,,p.Phe81Asn,-0.5028525233005839
urn:mavedb:00000057-c-1#1161,,,p.Val80Asn,-0.800078332361404
urn:mavedb:00000057-c-1#1162,,,p.Cys79Asn,-0.27084040355554
urn:mavedb:00000057-c-1#1163,,,p.Leu78Asn,-0.6345637844546811
urn:mavedb:00000057-c-1#1164,,,p.Phe77Asn,-1.14670983846061
urn:mavedb:00000057-c-1#1165,,,p.Gly76Asn,-0.7962144681027259
urn:mavedb:00000057-c-1#1166,,,p.Glu75Asn,-0.501252431329767
urn:mavedb:00000057-c-1#1167,,,p.Gly74Asn,-0.590955710364496
urn:mavedb:00000057-c-1#1168,,,p.Thr73Asn,-0.14551513208239
urn:mavedb:00000057-c-1#1169,,,p.Arg72Asn,-0.25551855709093
urn:mavedb:00000057-c-1#1170,,,p.Met71Asn,-0.0877361747874812
urn:mavedb:00000057-c-1#1171,,,p.Tyr70Asn,-0.553257309999236
urn:mavedb:00000057-c-1#1172,,,p.Gln69Asn,0.058503036296641
urn:mavedb:00000057-c-1#1173,,,p.Asp68Asn,-0.0249782189222401
urn:mavedb:00000057-c-1#1174,,,p.Arg67Asn,-0.0633460019655159
urn:mavedb:00000057-c-1#1175,,,p.Met66Asn,-0.155228479629458
urn:mavedb:00000057-c-1#1176,,,p.Ala65Asn,-0.6290483109077161
urn:mavedb:00000057-c-1#1177,,,p.Ser64Asn,-0.127499414058555
urn:mavedb:00000057-c-1#1178,,,p.Tyr63Asn,0.123282463602819
urn:mavedb:00000057-c-1#1179,,,p.Glu62Asn,0.177575774472351
urn:mavedb:00000057-c-1#1180,,,p.Glu61Asn,-0.16978255925021
urn:mavedb:00000057-c-1#1181,,,p.Leu18Asn,-0.634927224862831
urn:mavedb:00000057-c-1#1182,,,p.Ala17Asn,-0.5511265379099329
urn:mavedb:00000057-c-1#1183,,,p.Ser16Asn,-0.4572772318124339
urn:mavedb:00000057-c-1#1184,,,p.Lys15Asn,-0.650441048635641
urn:mavedb:00000057-c-1#1185,,,p.Gly14Asn,-0.6401140925423089
urn:mavedb:00000057-c-1#1186,,,p.Val13Asn,-0.3376708756977931
urn:mavedb:00000057-c-1#1187,,,p.Gly12Asn,0.0347840981379481
urn:mavedb:00000057-c-1#1188,,,p.Gly11Asn,0.0380292002729807
urn:mavedb:00000057-c-1#1189,,,p.Ala10Asn,-0.328251522323652
urn:mavedb:00000057-c-1#1190,,,p.Gly9Asn,-0.867275062576624
urn:mavedb:00000057-c-1#1191,,,p.Val8Asn,-0.487472515587504
urn:mavedb:00000057-c-1#1192,,,p.Val7Asn,-0.374269836207529
urn:mavedb:00000057-c-1#1193,,,p.Val6Asn,-0.337481055302013
urn:mavedb:00000057-c-1#1194,,,p.Leu5Asn,-0.439836951233838
urn:mavedb:00000057-c-1#1195,,,p.Lys4Asn,0.362904917947111
urn:mavedb:00000057-c-1#1196,,,p.Tyr3Asn,-0.171753181915553
urn:mavedb:00000057-c-1#1197,,,p.Glu2Asn,-0.502195191731296
urn:mavedb:00000057-c-1#1198,,,p.Thr1Asn,-0.0097831777977486
urn:mavedb:00000057-c-1#1199,,,p.His165Met,-0.0115257962713304
urn:mavedb:00000057-c-1#1200,,,p.Gln164Met,-0.307260213593143
urn:mavedb:00000057-c-1#1201,,,p.Arg163Met,-0.0562253982453558
urn:mavedb:00000057-c-1#1202,,,p.Ile162Met,-0.0321369568050245
urn:mavedb:00000057-c-1#1203,,,p.Glu161Met,-0.0567860292615654
urn:mavedb:00000057-c-1#1204,,,p.Arg160Met,-0.115876930875494
urn:mavedb:00000057-c-1#1205,,,p.Val159Met,0.524828016413128
urn:mavedb:00000057-c-1#1206,,,p.Leu158Met,-0.190365534547108
urn:mavedb:00000057-c-1#1207,,,p.Thr157Met,-0.101310482410578
urn:mavedb:00000057-c-1#1208,,,p.Tyr156Met,0.0708429667196191
urn:mavedb:00000057-c-1#1209,,,p.Phe155Met,-0.0069563415769928
urn:mavedb:00000057-c-1#1210,,,p.Ala154Met,-0.0609341363445866
urn:mavedb:00000057-c-1#1211,,,p.Asp153Met,-0.1155355597538319
urn:mavedb:00000057-c-1#1212,,,p.Glu152Met,-0.112196260236364
urn:mavedb:00000057-c-1#1213,,,p.Val151Met,-0.194038859785755
urn:mavedb:00000057-c-1#1214,,,p.Gly150Met,-0.115992726644237
urn:mavedb:00000057-c-1#1215,,,p.Gln149Met,-0.542389445418539
urn:mavedb:00000057-c-1#1216,,,p.Arg148Met,0.112530812566809
urn:mavedb:00000057-c-1#1217,,,p.Thr147Met,-0.148963456394013
urn:mavedb:00000057-c-1#1218,,,p.Lys146Met,0.0522824152214305
urn:mavedb:00000057-c-1#1219,,,p.Ala145Met,-0.2027392720473469
urn:mavedb:00000057-c-1#1220,,,p.Ser144Met,-0.0960450100419763
urn:mavedb:00000057-c-1#1221,,,p.Thr143Met,-0.106652739647932
urn:mavedb:00000057-c-1#1222,,,p.Glu142Met,-0.1290987889204859
urn:mavedb:00000057-c-1#1223,,,p.Ile141Met,-0.4675711880546679
urn:mavedb:00000057-c-1#1224,,,p.Tyr140Met,-1.1089693608082198
urn:mavedb:00000057-c-1#1225,,,p.Pro139Met,-0.492323299910816
urn:mavedb:00000057-c-1#1226,,,p.Ile138Met,-0.3315424030231699
urn:mavedb:00000057-c-1#1227,,,p.Gly137Met,-0.1800003323969789
urn:mavedb:00000057-c-1#1228,,,p.Tyr136Met,0.0487414447877224
urn:mavedb:00000057-c-1#1229,,,p.Ser135Met,0.0135653667630236
urn:mavedb:00000057-c-1#1230,,,p.Arg134Met,-0.225965263707597
urn:mavedb:00000057-c-1#1231,,,p.Ala133Met,-0.5299280769411461
urn:mavedb:00000057-c-1#1232,,,p.Leu132Met,0.1140757367153169
urn:mavedb:00000057-c-1#1233,,,p.Asp131Met,0.0
urn:mavedb:00000057-c-1#1234,,,p.Gln130Met,-0.0191706703997647
urn:mavedb:00000057-c-1#1235,,,p.Ala129Met,0.0633284133413072
urn:mavedb:00000057-c-1#1236,,,p.Val102Thr,-0.0539143869772536
urn:mavedb:00000057-c-1#1237,,,p.Arg101Thr,-0.347114922135182
urn:mavedb:00000057-c-1#1238,,,p.Lys100Thr,-0.136005507623863
urn:mavedb:00000057-c-1#1239,,,p.Ile99Thr,-0.22807692813267
urn:mavedb:00000057-c-1#1240,,,p.Gln98Thr,0.0695361099561151
urn:mavedb:00000057-c-1#1241,,,p.Glu97Thr,0.1023182506164309
urn:mavedb:00000057-c-1#1242,,,p.Arg96Thr,-0.201801445027677
urn:mavedb:00000057-c-1#1243,,,p.Tyr95Thr,-0.0615951132875723
urn:mavedb:00000057-c-1#1244,,,p.Gln94Thr,-0.0611617530729536
urn:mavedb:00000057-c-1#1245,,,p.His93Thr,-0.09544376047006
urn:mavedb:00000057-c-1#1246,,,p.Ile92Thr,-0.624186483582283
urn:mavedb:00000057-c-1#1247,,,p.Asp91Thr,-0.0635242962512279
urn:mavedb:00000057-c-1#1248,,,p.Glu90Thr,-0.0549403106226203
urn:mavedb:00000057-c-1#1249,,,p.Phe89Thr,-0.442648261128073
urn:mavedb:00000057-c-1#1250,,,p.Ser88Thr,-0.155788829439434
urn:mavedb:00000057-c-1#1251,,,p.Lys87Thr,-0.208262005726381
urn:mavedb:00000057-c-1#1252,,,p.Thr86=,0.0
urn:mavedb:00000057-c-1#1253,,,p.Asn85Thr,-0.298756945151607
urn:mavedb:00000057-c-1#1254,,,p.Asn84Thr,0.0302267191143764
urn:mavedb:00000057-c-1#1255,,,p.Ile83Thr,-0.0528034068243681
urn:mavedb:00000057-c-1#1256,,,p.Ala82Thr,-0.10582309537057
urn:mavedb:00000057-c-1#1257,,,p.Phe81Thr,-0.330442355046244
urn:mavedb:00000057-c-1#1258,,,p.Val80Thr,-0.1577857252676069
urn:mavedb:00000057-c-1#1259,,,p.Cys79Thr,-0.355781887189985
urn:mavedb:00000057-c-1#1260,,,p.Leu78Thr,-0.6611041794769711
urn:mavedb:00000057-c-1#1261,,,p.Phe77Thr,-0.367337622001701
urn:mavedb:00000057-c-1#1262,,,p.Gly76Thr,-0.289073831269382
urn:mavedb:00000057-c-1#1263,,,p.Glu75Thr,-0.0455654709619149
urn:mavedb:00000057-c-1#1264,,,p.Gly74Thr,-0.514692225951182
urn:mavedb:00000057-c-1#1265,,,p.Thr73=,0.0
urn:mavedb:00000057-c-1#1266,,,p.Arg72Thr,-0.389038301809069
urn:mavedb:00000057-c-1#1267,,,p.Met71Thr,-0.165962617962286
urn:mavedb:00000057-c-1#1268,,,p.Tyr70Thr,-0.4492206482937479
urn:mavedb:00000057-c-1#1269,,,p.Gln69Thr,-0.224467994044721
urn:mavedb:00000057-c-1#1270,,,p.Asp68Thr,-0.435725290064486
urn:mavedb:00000057-c-1#1271,,,p.Arg67Thr,0.0417101086886318
urn:mavedb:00000057-c-1#1272,,,p.Met66Thr,-0.0894210943357259
urn:mavedb:00000057-c-1#1273,,,p.Ala65Thr,-0.443771440239531
urn:mavedb:00000057-c-1#1274,,,p.Ser64Thr,0.0126204122794178
urn:mavedb:00000057-c-1#1275,,,p.Tyr63Thr,0.0006817509385379
urn:mavedb:00000057-c-1#1276,,,p.Glu62Thr,-0.353908738750611
urn:mavedb:00000057-c-1#1277,,,p.Glu61Thr,-0.0122852684926096
urn:mavedb:00000057-c-1#1278,,,p.Gln60Thr,0.041004307465482
urn:mavedb:00000057-c-1#1279,,,p.Gly59Thr,-0.50521561186509
urn:mavedb:00000057-c-1#1280,,,p.Gly47Thr,-0.093362370404388
urn:mavedb:00000057-c-1#1281,,,p.Asp46Thr,-0.137963589311156
urn:mavedb:00000057-c-1#1282,,,p.Ile45Thr,-0.0246372145943112
urn:mavedb:00000057-c-1#1283,,,p.Val44Thr,-0.0216540430589822
urn:mavedb:00000057-c-1#1284,,,p.Val43Thr,-0.0503693901457399
urn:mavedb:00000057-c-1#1285,,,p.Gln42Thr,-0.0190507004928868
urn:mavedb:00000057-c-1#1286,,,p.Lys41Thr,-0.0081648380656
urn:mavedb:00000057-c-1#1287,,,p.Arg40Thr,-0.0717858132588201
urn:mavedb:00000057-c-1#1288,,,p.Tyr39Thr,-0.561537062946923
urn:mavedb:00000057-c-1#1289,,,p.Ser38Thr,0.0487156486564759
urn:mavedb:00000057-c-1#1290,,,p.Asp37Thr,-0.532099617578997
urn:mavedb:00000057-c-1#1291,,,p.Glu36Thr,-0.27549256738947
urn:mavedb:00000057-c-1#1292,,,p.Ile35Thr,-0.309138322841895
urn:mavedb:00000057-c-1#1293,,,p.Thr34=,0.0
urn:mavedb:00000057-c-1#1294,,,p.Pro33Thr,-0.261081835353985
urn:mavedb:00000057-c-1#1295,,,p.Asp32Thr,-0.2948308429956229
urn:mavedb:00000057-c-1#1296,,,p.Tyr31Thr,-0.243542411352599
urn:mavedb:00000057-c-1#1297,,,p.Glu30Thr,-0.167194005463357
urn:mavedb:00000057-c-1#1298,,,p.Asp29Thr,-0.0967780433572629
urn:mavedb:00000057-c-1#1299,,,p.Val28Thr,-0.0525899023622991
urn:mavedb:00000057-c-1#1300,,,p.Phe27Thr,-0.37503020635107
urn:mavedb:00000057-c-1#1301,,,p.His26Thr,-0.026925059615899
urn:mavedb:00000057-c-1#1302,,,p.Asn25Thr,-0.00169123332336
urn:mavedb:00000057-c-1#1303,,,p.Gln24Thr,0.0379854692169863
urn:mavedb:00000057-c-1#1304,,,p.Ile23Thr,0.0005169586233617
urn:mavedb:00000057-c-1#1305,,,p.Leu22Thr,0.0098076293727489
urn:mavedb:00000057-c-1#1306,,,p.Gln21Thr,-0.0480471914857441
urn:mavedb:00000057-c-1#1307,,,p.Ile20Thr,-0.2727724244244989
urn:mavedb:00000057-c-1#1308,,,p.Thr19=,0.0
urn:mavedb:00000057-c-1#1309,,,p.Leu18Thr,-0.397859868108169
urn:mavedb:00000057-c-1#1310,,,p.Ala17Thr,-0.238035135205758
urn:mavedb:00000057-c-1#1311,,,p.Ser16Thr,-0.0488971762909538
urn:mavedb:00000057-c-1#1312,,,p.Lys15Thr,-0.421646290113136
urn:mavedb:00000057-c-1#1313,,,p.Gly14Thr,-0.8161612898395351
urn:mavedb:00000057-c-1#1314,,,p.Val13Thr,-0.0090377032098416
urn:mavedb:00000057-c-1#1315,,,p.Gly12Thr,0.0246744306883095
urn:mavedb:00000057-c-1#1316,,,p.Gly11Thr,-0.0832919143906357
urn:mavedb:00000057-c-1#1317,,,p.Ala10Thr,-0.434990222358248
urn:mavedb:00000057-c-1#1318,,,p.Gly9Thr,-0.472833213546539
urn:mavedb:00000057-c-1#1319,,,p.Val8Thr,-0.386872452534292
urn:mavedb:00000057-c-1#1320,,,p.Val7Thr,-0.134610650425954
urn:mavedb:00000057-c-1#1321,,,p.Val6Thr,-0.258976782960292
urn:mavedb:00000057-c-1#1322,,,p.Leu5Thr,-0.170328404828795
urn:mavedb:00000057-c-1#1323,,,p.Lys4Thr,-0.164774925603455
urn:mavedb:00000057-c-1#1324,,,p.Tyr3Thr,-0.1240375168574149
urn:mavedb:00000057-c-1#1325,,,p.Glu2Thr,-0.399147201948349
urn:mavedb:00000057-c-1#1326,,,p.Thr1=,0.0
urn:mavedb:00000057-c-1#1327,,,p.His165Ser,0.0665654155675872
urn:mavedb:00000057-c-1#1328,,,p.Gln164Ser,-0.0095685509270335
urn:mavedb:00000057-c-1#1329,,,p.Arg163Ser,-0.123615631351693
urn:mavedb:00000057-c-1#1330,,,p.Ile162Ser,-0.367404727340441
urn:mavedb:00000057-c-1#1331,,,p.Glu161Ser,-0.109419406064363
urn:mavedb:00000057-c-1#1332,,,p.Arg160Ser,-0.12891994286234
urn:mavedb:00000057-c-1#1333,,,p.Val159Ser,-0.691302931751924
urn:mavedb:00000057-c-1#1334,,,p.Leu158Ser,-0.6187113944518039
urn:mavedb:00000057-c-1#1335,,,p.Thr157Ser,-0.0949663836901069
urn:mavedb:00000057-c-1#1336,,,p.Tyr156Ser,0.0789038377264946
urn:mavedb:00000057-c-1#1337,,,p.Phe155Ser,-0.972187932311516
urn:mavedb:00000057-c-1#1338,,,p.Ala154Ser,-0.1616924738316069
urn:mavedb:00000057-c-1#1339,,,p.Asp153Ser,-0.185418072221863
urn:mavedb:00000057-c-1#1340,,,p.Glu152Ser,-0.0826658246353687
urn:mavedb:00000057-c-1#1341,,,p.Val151Ser,-0.137938242608555
urn:mavedb:00000057-c-1#1342,,,p.Gly150Ser,-0.0862259835921633
urn:mavedb:00000057-c-1#1343,,,p.Gln149Ser,-0.0777533911243646
urn:mavedb:00000057-c-1#1344,,,p.Arg148Ser,-0.1810098037817169
urn:mavedb:00000057-c-1#1345,,,p.Thr147Ser,-0.116815708005216
urn:mavedb:00000057-c-1#1346,,,p.Lys146Ser,0.0566044337476028
urn:mavedb:00000057-c-1#1347,,,p.Ala145Ser,0.0507627067805079
urn:mavedb:00000057-c-1#1348,,,p.Ser144=,0.0
urn:mavedb:00000057-c-1#1349,,,p.Thr143Ser,-0.292041323516859
urn:mavedb:00000057-c-1#1350,,,p.Glu142Ser,-0.480232556539073
urn:mavedb:00000057-c-1#1351,,,p.Ile141Ser,-0.289089189558278
urn:mavedb:00000057-c-1#1352,,,p.Tyr140Ser,-0.560301036114604
urn:mavedb:00000057-c-1#1353,,,p.Pro139Ser,-0.1534736125148599
urn:mavedb:00000057-c-1#1354,,,p.Ile138Ser,-0.3595727258662399
urn:mavedb:00000057-c-1#1355,,,p.Gly137Ser,-0.1786684538450439
urn:mavedb:00000057-c-1#1356,,,p.Tyr136Ser,-0.4283377028516789
urn:mavedb:00000057-c-1#1357,,,p.Ser135=,0.0
urn:mavedb:00000057-c-1#1358,,,p.Arg134Ser,-0.114853765308184
urn:mavedb:00000057-c-1#1359,,,p.Ala133Ser,-0.232694744841926
urn:mavedb:00000057-c-1#1360,,,p.Leu132Ser,-0.296559998531595
urn:mavedb:00000057-c-1#1361,,,p.Asp131Ser,-0.208202418712321
urn:mavedb:00000057-c-1#1362,,,p.Gln130Ser,-0.0925639493938739
urn:mavedb:00000057-c-1#1363,,,p.Ala129Ser,-0.279046462375789
urn:mavedb:00000057-c-1#1364,,,p.Gln128Ser,0.0767669492387089
urn:mavedb:00000057-c-1#1365,,,p.Arg127Ser,-0.0742000389708633
urn:mavedb:00000057-c-1#1366,,,p.Ser126=,0.0
urn:mavedb:00000057-c-1#1367,,,p.Glu125Ser,-0.0887460967661093
urn:mavedb:00000057-c-1#1368,,,p.Val124Ser,-0.0809516657374565
urn:mavedb:00000057-c-1#1369,,,p.Thr123Ser,-0.0476153415101142
urn:mavedb:00000057-c-1#1370,,,p.Arg122Ser,-0.0969913345678544
urn:mavedb:00000057-c-1#1371,,,p.Ala121Ser,-0.0532150397416393
urn:mavedb:00000057-c-1#1372,,,p.Ala120Ser,-0.0841336784403004
urn:mavedb:00000057-c-1#1373,,,p.Leu119Ser,0.0789717181952369
urn:mavedb:00000057-c-1#1374,,,p.Asp118Ser,-0.485434371976283
urn:mavedb:00000057-c-1#1375,,,p.Cys117Ser,-0.0111375626584271
urn:mavedb:00000057-c-1#1376,,,p.Lys116Ser,0.150078926596951
urn:mavedb:00000057-c-1#1377,,,p.Asn115Ser,-0.0429526782599394
urn:mavedb:00000057-c-1#1378,,,p.Gly114Ser,-0.140811605974989
urn:mavedb:00000057-c-1#1379,,,p.Val113Ser,-0.8511612653947329
urn:mavedb:00000057-c-1#1380,,,p.Leu112Ser,-0.822837309242002
urn:mavedb:00000057-c-1#1381,,,p.Val111Ser,-0.596832250847552
urn:mavedb:00000057-c-1#1382,,,p.Thr34Gln,-0.427257524971706
urn:mavedb:00000057-c-1#1383,,,p.Pro33Gln,-0.251480344285193
urn:mavedb:00000057-c-1#1384,,,p.Asp32Gln,-0.190583301775613
urn:mavedb:00000057-c-1#1385,,,p.Tyr31Gln,-0.376397565359407
urn:mavedb:00000057-c-1#1386,,,p.Glu30Gln,-0.05700002322569
urn:mavedb:00000057-c-1#1387,,,p.Asp29Gln,0.0
urn:mavedb:00000057-c-1#1388,,,p.Val28Gln,-0.140228793415245
urn:mavedb:00000057-c-1#1389,,,p.Phe27Gln,-0.373588216947345
urn:mavedb:00000057-c-1#1390,,,p.His26Gln,-0.116262754087019
urn:mavedb:00000057-c-1#1391,,,p.Asn25Gln,0.0531049689095571
urn:mavedb:00000057-c-1#1392,,,p.Gln24=,0.0
urn:mavedb:00000057-c-1#1393,,,p.Ile23Gln,-0.235093173847168
urn:mavedb:00000057-c-1#1394,,,p.Leu22Gln,0.0319319572310122
urn:mavedb:00000057-c-1#1395,,,p.Gln21=,0.0
urn:mavedb:00000057-c-1#1396,,,p.Ile20Gln,-0.293277117799113
urn:mavedb:00000057-c-1#1397,,,p.Thr19Gln,-0.0503761648781065
urn:mavedb:00000057-c-1#1398,,,p.Leu18Gln,-0.607964569531203
urn:mavedb:00000057-c-1#1399,,,p.Ala17Gln,-0.115290406406358
urn:mavedb:00000057-c-1#1400,,,p.Ser16Gln,-0.29989502008883
urn:mavedb:00000057-c-1#1401,,,p.Lys15Gln,-0.257243688158217
urn:mavedb:00000057-c-1#1402,,,p.Gly14Gln,-0.645506095804119
urn:mavedb:00000057-c-1#1403,,,p.Val13Gln,-0.194110028157888
urn:mavedb:00000057-c-1#1404,,,p.Gly12Gln,-0.0688358009632917
urn:mavedb:00000057-c-1#1405,,,p.Gly11Gln,-0.157237047053018
urn:mavedb:00000057-c-1#1406,,,p.Ala10Gln,-0.71220941746962
urn:mavedb:00000057-c-1#1407,,,p.Gly9Gln,-0.5094520106146551
urn:mavedb:00000057-c-1#1408,,,p.Val8Gln,-0.5397754830229861
urn:mavedb:00000057-c-1#1409,,,p.Val7Gln,-0.697101234931622
urn:mavedb:00000057-c-1#1410,,,p.Val6Gln,-0.3666478421625639
urn:mavedb:00000057-c-1#1411,,,p.Leu5Gln,-0.63474381035896
urn:mavedb:00000057-c-1#1412,,,p.Lys4Gln,-0.0251267855111808
urn:mavedb:00000057-c-1#1413,,,p.Tyr3Gln,-0.3500337559702019
urn:mavedb:00000057-c-1#1414,,,p.Glu2Gln,-0.366947705188605
urn:mavedb:00000057-c-1#1415,,,p.Thr1Gln,-0.2009806764579169
urn:mavedb:00000057-c-1#1416,,,p.His165Pro,0.0078900044254253
urn:mavedb:00000057-c-1#1417,,,p.Gln164Pro,-0.189222651788516
urn:mavedb:00000057-c-1#1418,,,p.Arg163Pro,-0.352213949420322
urn:mavedb:00000057-c-1#1419,,,p.Ile162Pro,-0.7598997545876558
urn:mavedb:00000057-c-1#1420,,,p.Glu161Pro,-0.675276959860121
urn:mavedb:00000057-c-1#1421,,,p.Arg160Pro,-0.9906451789620891
urn:mavedb:00000057-c-1#1422,,,p.Val159Pro,-0.933505329813354
urn:mavedb:00000057-c-1#1423,,,p.Leu158Pro,-0.64108685318489
urn:mavedb:00000057-c-1#1424,,,p.Thr157Pro,-0.3853331322751829
urn:mavedb:00000057-c-1#1425,,,p.Tyr156Pro,-0.414663601898133
urn:mavedb:00000057-c-1#1426,,,p.Phe155Pro,-0.640314338700022
urn:mavedb:00000057-c-1#1427,,,p.Ala154Pro,-0.0960982414554243
urn:mavedb:00000057-c-1#1428,,,p.Asp153Pro,-0.4370142683883959
urn:mavedb:00000057-c-1#1429,,,p.Glu152Pro,-0.042684650764558
urn:mavedb:00000057-c-1#1430,,,p.Val151Pro,-0.055794814471138
urn:mavedb:00000057-c-1#1431,,,p.Gly150Pro,-0.158397377721931
urn:mavedb:00000057-c-1#1432,,,p.Gln149Pro,-0.302582282376363
urn:mavedb:00000057-c-1#1433,,,p.Arg148Pro,-0.221084942677906
urn:mavedb:00000057-c-1#1434,,,p.Thr147Pro,-0.3383065469592139
urn:mavedb:00000057-c-1#1435,,,p.Lys146Pro,-0.049253666888202
urn:mavedb:00000057-c-1#1436,,,p.Ala145Pro,-0.243170356813679
urn:mavedb:00000057-c-1#1437,,,p.Ser144Pro,-1.03175432722906
urn:mavedb:00000057-c-1#1438,,,p.Thr143Pro,-0.5441289782854379
urn:mavedb:00000057-c-1#1439,,,p.Glu142Pro,-0.241626978759363
urn:mavedb:00000057-c-1#1440,,,p.Ile141Pro,-0.705237532649333
urn:mavedb:00000057-c-1#1441,,,p.Tyr140Pro,-0.880104872874268
urn:mavedb:00000057-c-1#1442,,,p.Pro139=,0.0
urn:mavedb:00000057-c-1#1443,,,p.Ile138Pro,-0.501906479770891
urn:mavedb:00000057-c-1#1444,,,p.Gly137Pro,-0.513770950572489
urn:mavedb:00000057-c-1#1445,,,p.Tyr136Pro,-0.5811565906176861
urn:mavedb:00000057-c-1#1446,,,p.Ser135Pro,-0.515653978454278
urn:mavedb:00000057-c-1#1447,,,p.Arg134Pro,-0.638103510385714
urn:mavedb:00000057-c-1#1448,,,p.Ala133Pro,-0.753797708856444
urn:mavedb:00000057-c-1#1449,,,p.Leu132Pro,-0.6449189453190379
urn:mavedb:00000057-c-1#1450,,,p.Asp131Pro,-0.417060863436895
urn:mavedb:00000057-c-1#1451,,,p.Gln130Pro,-0.178777412484608
urn:mavedb:00000057-c-1#1452,,,p.Ala129Pro,-0.318453482405063
urn:mavedb:00000057-c-1#1453,,,p.Gln128Pro,-0.3559952487100529
urn:mavedb:00000057-c-1#1454,,,p.Arg127Pro,-0.0473285819424152
urn:mavedb:00000057-c-1#1455,,,p.Ser126Pro,-0.0328639535682982
urn:mavedb:00000057-c-1#1456,,,p.Glu125Pro,-0.0514096778253097
urn:mavedb:00000057-c-1#1457,,,p.Val124Pro,-0.17882446427895
urn:mavedb:00000057-c-1#1458,,,p.Thr123Pro,0.0403226678394948
urn:mavedb:00000057-c-1#1459,,,p.Arg122Pro,-0.0380872940810569
urn:mavedb:00000057-c-1#1460,,,p.Ala121Pro,0.0463955185745943
urn:mavedb:00000057-c-1#1461,,,p.Ala120Pro,-0.1375858841298299
urn:mavedb:00000057-c-1#1462,,,p.Leu119Pro,-0.14823255518828
urn:mavedb:00000057-c-1#1463,,,p.Asp118Pro,-0.4802268082182629
urn:mavedb:00000057-c-1#1464,,,p.Cys117Pro,-0.6720310460147211
urn:mavedb:00000057-c-1#1465,,,p.Lys116Pro,-0.809882853529578
urn:mavedb:00000057-c-1#1466,,,p.Asn115Pro,-0.690901997383759
urn:mavedb:00000057-c-1#1467,,,p.Gly114Pro,-0.726534958626544
urn:mavedb:00000057-c-1#1468,,,p.Val113Pro,-0.4067601468222199
urn:mavedb:00000057-c-1#1469,,,p.Leu112Pro,-0.7878265525099442
urn:mavedb:00000057-c-1#1470,,,p.Gln128Met,0.0100948946046773
urn:mavedb:00000057-c-1#1471,,,p.Arg127Met,0.0381575128211931
urn:mavedb:00000057-c-1#1472,,,p.Ser126Met,0.0004291801290745
urn:mavedb:00000057-c-1#1473,,,p.Glu125Met,-0.0734984546813302
urn:mavedb:00000057-c-1#1474,,,p.Val124Met,-0.078161812506836
urn:mavedb:00000057-c-1#1475,,,p.Thr123Met,0.0172347433569
urn:mavedb:00000057-c-1#1476,,,p.Arg122Met,-0.0895906324580909
urn:mavedb:00000057-c-1#1477,,,p.Ala121Met,0.0551313868509031
urn:mavedb:00000057-c-1#1478,,,p.Ala120Met,-0.103381371987413
urn:mavedb:00000057-c-1#1479,,,p.Leu119Met,0.0292660240305973
urn:mavedb:00000057-c-1#1480,,,p.Asp118Met,-0.832668900628984
urn:mavedb:00000057-c-1#1481,,,p.Cys117Met,-0.0345352832839394
urn:mavedb:00000057-c-1#1482,,,p.Lys116Met,0.0312390121618971
urn:mavedb:00000057-c-1#1483,,,p.Asn115Met,0.0
urn:mavedb:00000057-c-1#1484,,,p.Gly114Met,-0.195026844495142
urn:mavedb:00000057-c-1#1485,,,p.Val113Met,-0.151225554114431
urn:mavedb:00000057-c-1#1486,,,p.Leu112Met,0.0479392065750373
urn:mavedb:00000057-c-1#1487,,,p.Val111Met,-0.4160635341497229
urn:mavedb:00000057-c-1#1488,,,p.Met110=,0.0
urn:mavedb:00000057-c-1#1489,,,p.Pro109Met,-0.1939922350595589
urn:mavedb:00000057-c-1#1490,,,p.Val108Met,-0.483282034532981
urn:mavedb:00000057-c-1#1491,,,p.Asp107Met,0.0245483767307615
urn:mavedb:00000057-c-1#1492,,,p.Asp106Met,-0.2577700209526889
urn:mavedb:00000057-c-1#1493,,,p.Ser105Met,-0.0291637673360159
urn:mavedb:00000057-c-1#1494,,,p.Asp104Met,0.0794238778485568
urn:mavedb:00000057-c-1#1495,,,p.Lys103Met,-0.109672639253938
urn:mavedb:00000057-c-1#1496,,,p.Val102Met,-0.625930639301959
urn:mavedb:00000057-c-1#1497,,,p.Arg101Met,-0.388768810571416
urn:mavedb:00000057-c-1#1498,,,p.Lys100Met,-0.0772092664944182
urn:mavedb:00000057-c-1#1499,,,p.Ile99Met,0.0449082063617383
urn:mavedb:00000057-c-1#1500,,,p.Gln98Met,0.152245980233095
urn:mavedb:00000057-c-1#1501,,,p.Glu97Met,-0.0522016753237407
urn:mavedb:00000057-c-1#1502,,,p.Arg96Met,0.166200144170948
urn:mavedb:00000057-c-1#1503,,,p.Tyr95Met,0.180681952837941
urn:mavedb:00000057-c-1#1504,,,p.Gln94Met,-0.143348782091047
urn:mavedb:00000057-c-1#1505,,,p.His93Met,0.0929098804460751
urn:mavedb:00000057-c-1#1506,,,p.Ile92Met,-0.437796304922817
urn:mavedb:00000057-c-1#1507,,,p.Asp91Met,0.0805640984226229
urn:mavedb:00000057-c-1#1508,,,p.Glu90Met,-0.109107487123168
urn:mavedb:00000057-c-1#1509,,,p.Phe89Met,-0.0829403455770796
urn:mavedb:00000057-c-1#1510,,,p.Ser88Met,-0.250846730080652
urn:mavedb:00000057-c-1#1511,,,p.Lys87Met,-0.080959295280729
urn:mavedb:00000057-c-1#1512,,,p.Thr86Met,0.158839923272898
urn:mavedb:00000057-c-1#1513,,,p.Asn85Met,-0.4214251323789449
urn:mavedb:00000057-c-1#1514,,,p.Asn84Met,-0.238924915989208
urn:mavedb:00000057-c-1#1515,,,p.Ile83Met,0.1744096631659019
urn:mavedb:00000057-c-1#1516,,,p.Ala82Met,-0.0011057668580578
urn:mavedb:00000057-c-1#1517,,,p.Phe81Met,-0.320478967378609
urn:mavedb:00000057-c-1#1518,,,p.Val80Met,0.0838835215730569
urn:mavedb:00000057-c-1#1519,,,p.Cys79Met,0.0897843870164699
urn:mavedb:00000057-c-1#1520,,,p.Leu78Met,0.0603589042116848
urn:mavedb:00000057-c-1#1521,,,p.Phe77Met,-0.511947704613796
urn:mavedb:00000057-c-1#1522,,,p.Gly76Met,0.0233925931169972
urn:mavedb:00000057-c-1#1523,,,p.Glu75Met,0.0595790798739815
urn:mavedb:00000057-c-1#1524,,,p.Gly74Met,-0.181003171775328
urn:mavedb:00000057-c-1#1525,,,p.Thr73Met,-0.2221603542298439
urn:mavedb:00000057-c-1#1526,,,p.Arg72Met,-0.721387650525292
urn:mavedb:00000057-c-1#1527,,,p.Met71=,0.0
urn:mavedb:00000057-c-1#1528,,,p.Tyr70Met,0.1994249310075419
urn:mavedb:00000057-c-1#1529,,,p.Gln69Met,0.0030882550842785
urn:mavedb:00000057-c-1#1530,,,p.Asp68Met,-0.824501341147091
urn:mavedb:00000057-c-1#1531,,,p.Arg67Met,-0.0005352421846069
urn:mavedb:00000057-c-1#1532,,,p.Met66=,0.0
urn:mavedb:00000057-c-1#1533,,,p.Ala65Met,-0.253738517734596
urn:mavedb:00000057-c-1#1534,,,p.Ser64Met,-0.248296397725031
urn:mavedb:00000057-c-1#1535,,,p.Tyr63Met,-0.1075455673814419
urn:mavedb:00000057-c-1#1536,,,p.Glu62Met,0.178972141580832
urn:mavedb:00000057-c-1#1537,,,p.Glu61Met,0.453241847071662
urn:mavedb:00000057-c-1#1538,,,p.Gln60Met,0.054522340992305
urn:mavedb:00000057-c-1#1539,,,p.Gly59Met,-0.315787573685031
urn:mavedb:00000057-c-1#1540,,,p.Ala58Met,-0.265639213603599
urn:mavedb:00000057-c-1#1541,,,p.Thr57Met,0.0116193356439673
urn:mavedb:00000057-c-1#1542,,,p.Asp56Met,-0.5777634604698629
urn:mavedb:00000057-c-1#1543,,,p.Leu55Met,-0.0776755897853256
urn:mavedb:00000057-c-1#1544,,,p.Ile54Met,-0.0850712831309928
urn:mavedb:00000057-c-1#1545,,,p.Asp53Met,-0.359335656966016
urn:mavedb:00000057-c-1#1546,,,p.Leu52Met,0.0053348882734647
urn:mavedb:00000057-c-1#1547,,,p.Leu51Met,0.0618047111822921
urn:mavedb:00000057-c-1#1548,,,p.Cys50Met,-0.0219009014610663
urn:mavedb:00000057-c-1#1549,,,p.Thr49Met,-0.1056948450693869
urn:mavedb:00000057-c-1#1550,,,p.Glu48Met,-0.221138301739305
urn:mavedb:00000057-c-1#1551,,,p.Gly47Met,-0.0911637634780582
urn:mavedb:00000057-c-1#1552,,,p.Asp46Met,-0.133201932967356
urn:mavedb:00000057-c-1#1553,,,p.Ile45Met,-0.0938390661173787
urn:mavedb:00000057-c-1#1554,,,p.Val44Met,-0.184956121141631
urn:mavedb:00000057-c-1#1555,,,p.Val43Met,-0.287953472603487
urn:mavedb:00000057-c-1#1556,,,p.Gln42Met,-0.156138784767778
urn:mavedb:00000057-c-1#1557,,,p.Lys41Met,-0.116288211320863
urn:mavedb:00000057-c-1#1558,,,p.Arg40Met,-0.1805464358700889
urn:mavedb:00000057-c-1#1559,,,p.Tyr39Met,-0.494895761718446
urn:mavedb:00000057-c-1#1560,,,p.Ser38Met,-0.55967826647585
urn:mavedb:00000057-c-1#1561,,,p.Asp37Met,-0.67083047884738
urn:mavedb:00000057-c-1#1562,,,p.Glu36Met,-0.2841372468296619
urn:mavedb:00000057-c-1#1563,,,p.Ile35Met,-0.239776127288905
urn:mavedb:00000057-c-1#1564,,,p.Thr34Met,-0.5182786290169771
urn:mavedb:00000057-c-1#1565,,,p.Pro33Met,-0.2352613492487489
urn:mavedb:00000057-c-1#1566,,,p.Asp32Met,-0.444826902614167
urn:mavedb:00000057-c-1#1567,,,p.Tyr31Met,-0.180603768909478
urn:mavedb:00000057-c-1#1568,,,p.Glu30Met,-0.244519349979547
urn:mavedb:00000057-c-1#1569,,,p.Asp29Met,-0.340103853175769
urn:mavedb:00000057-c-1#1570,,,p.Val28Met,0.0062263224605485
urn:mavedb:00000057-c-1#1571,,,p.Phe27Met,-0.3414890292044319
urn:mavedb:00000057-c-1#1572,,,p.His26Met,0.0930398128304864
urn:mavedb:00000057-c-1#1573,,,p.Asn25Met,-0.0711711101105068
urn:mavedb:00000057-c-1#1574,,,p.Gln24Met,-0.0198931266048035
urn:mavedb:00000057-c-1#1575,,,p.Ile23Met,-0.0762777212641956
urn:mavedb:00000057-c-1#1576,,,p.Leu22Met,0.06019910844168
urn:mavedb:00000057-c-1#1577,,,p.Gln21Met,-0.0448463479315151
urn:mavedb:00000057-c-1#1578,,,p.Ile20Met,-0.3927689363787729
urn:mavedb:00000057-c-1#1579,,,p.Thr19Met,-0.2840621706633799
urn:mavedb:00000057-c-1#1580,,,p.Leu18Met,-0.0145230404523828
urn:mavedb:00000057-c-1#1581,,,p.Ala17Met,-0.217908084473131
urn:mavedb:00000057-c-1#1582,,,p.Ser16Met,-0.316129608989203
urn:mavedb:00000057-c-1#1583,,,p.Lys15Met,-0.400620415766075
urn:mavedb:00000057-c-1#1584,,,p.Gly14Met,-0.864201303398266
urn:mavedb:00000057-c-1#1585,,,p.Val13Met,-0.0538800013326437
urn:mavedb:00000057-c-1#1586,,,p.Gly12Met,-0.0606746113918708
urn:mavedb:00000057-c-1#1587,,,p.Gly11Met,-0.10926645475214
urn:mavedb:00000057-c-1#1588,,,p.Ala10Met,-0.397950819764327
urn:mavedb:00000057-c-1#1589,,,p.Gly9Met,-0.5964185032648721
urn:mavedb:00000057-c-1#1590,,,p.Val8Met,-0.511731312113046
urn:mavedb:00000057-c-1#1591,,,p.Val7Met,-0.227499577638376
urn:mavedb:00000057-c-1#1592,,,p.Val6Met,-0.290790447542444
urn:mavedb:00000057-c-1#1593,,,p.Leu5Met,-0.2243109379672049
urn:mavedb:00000057-c-1#1594,,,p.Lys4Met,-0.0312604600988855
urn:mavedb:00000057-c-1#1595,,,p.Tyr3Met,0.112574885608949
urn:mavedb:00000057-c-1#1596,,,p.Glu2Met,-0.4452660483397089
urn:mavedb:00000057-c-1#1597,,,p.Thr1Met,-0.185003117052718
urn:mavedb:00000057-c-1#1598,,,p.His165Leu,0.0413436662531197
urn:mavedb:00000057-c-1#1599,,,p.Gln164Leu,-0.376932667086499
urn:mavedb:00000057-c-1#1600,,,p.Arg163Leu,0.0027508156351141
urn:mavedb:00000057-c-1#1601,,,p.Ile162Leu,0.0597093378086909
urn:mavedb:00000057-c-1#1602,,,p.Glu161Leu,-0.053679876956775
urn:mavedb:00000057-c-1#1603,,,p.Arg160Leu,-0.418124256235791
urn:mavedb:00000057-c-1#1604,,,p.Val159Leu,-0.0221968949199378
urn:mavedb:00000057-c-1#1605,,,p.Leu158=,0.0
urn:mavedb:00000057-c-1#1606,,,p.Thr157Leu,-0.0271908892558419
urn:mavedb:00000057-c-1#1607,,,p.Tyr156Leu,0.0063497492857767
urn:mavedb:00000057-c-1#1608,,,p.Phe155Leu,-0.142808681644385
urn:mavedb:00000057-c-1#1609,,,p.Ala154Leu,0.0609271878361251
urn:mavedb:00000057-c-1#1610,,,p.Asp153Leu,-0.2094433833390689
urn:mavedb:00000057-c-1#1611,,,p.Glu152Leu,-0.0366710485422712
urn:mavedb:00000057-c-1#1612,,,p.Val151Leu,0.0517148515783517
urn:mavedb:00000057-c-1#1613,,,p.Gly150Leu,-0.13350707763831
urn:mavedb:00000057-c-1#1614,,,p.Gln149Leu,-0.0792088508763247
urn:mavedb:00000057-c-1#1615,,,p.Arg148Leu,0.0134459374819639
urn:mavedb:00000057-c-1#1616,,,p.Thr147Leu,-0.0930830776174396
urn:mavedb:00000057-c-1#1617,,,p.Lys146Leu,0.0496411607605307
urn:mavedb:00000057-c-1#1618,,,p.Ala145Leu,-0.5147192703122261
urn:mavedb:00000057-c-1#1619,,,p.Ser144Leu,-0.4176526305361049
urn:mavedb:00000057-c-1#1620,,,p.Thr143Leu,-0.0114607345265698
urn:mavedb:00000057-c-1#1621,,,p.Glu142Leu,-0.4487984952108679
urn:mavedb:00000057-c-1#1622,,,p.Ile141Leu,-0.0990713112867023
urn:mavedb:00000057-c-1#1623,,,p.Tyr140Leu,-0.1218059678386589
urn:mavedb:00000057-c-1#1624,,,p.Pro139Leu,-0.165353588340007
urn:mavedb:00000057-c-1#1625,,,p.Ile138Leu,-0.128815329902685
urn:mavedb:00000057-c-1#1626,,,p.Gly137Leu,-0.300275704720525
urn:mavedb:00000057-c-1#1627,,,p.Tyr136Leu,0.0635530588975395
urn:mavedb:00000057-c-1#1628,,,p.Ser135Leu,-0.275773474938445
urn:mavedb:00000057-c-1#1629,,,p.Arg134Leu,-0.0538796175438991
urn:mavedb:00000057-c-1#1630,,,p.Ala133Leu,-0.3719266014716529
urn:mavedb:00000057-c-1#1631,,,p.Asn115Leu,0.13038550828276
urn:mavedb:00000057-c-1#1632,,,p.Gly114Leu,-0.309367106629265
urn:mavedb:00000057-c-1#1633,,,p.Val113Leu,-0.0558688991023504
urn:mavedb:00000057-c-1#1634,,,p.Leu112=,0.0
urn:mavedb:00000057-c-1#1635,,,p.Val111Leu,-0.176581420534163
urn:mavedb:00000057-c-1#1636,,,p.Met110Leu,0.358940113195671
urn:mavedb:00000057-c-1#1637,,,p.Pro109Leu,-0.300486588564883
urn:mavedb:00000057-c-1#1638,,,p.Val108Leu,-0.179964217428411
urn:mavedb:00000057-c-1#1639,,,p.Asp107Leu,-0.0869775153148176
urn:mavedb:00000057-c-1#1640,,,p.Asp106Leu,0.374343415334201
urn:mavedb:00000057-c-1#1641,,,p.Ser105Leu,-0.166341444508298
urn:mavedb:00000057-c-1#1642,,,p.Asp104Leu,-0.0438468655616722
urn:mavedb:00000057-c-1#1643,,,p.Lys103Leu,0.0443588919666966
urn:mavedb:00000057-c-1#1644,,,p.Val102Leu,-0.234646213935374
urn:mavedb:00000057-c-1#1645,,,p.Arg101Leu,-0.400064027373142
urn:mavedb:00000057-c-1#1646,,,p.Lys100Leu,-0.313842440858935
urn:mavedb:00000057-c-1#1647,,,p.Ile99Leu,-0.0062636912808486
urn:mavedb:00000057-c-1#1648,,,p.Gln98Leu,0.0398681255359035
urn:mavedb:00000057-c-1#1649,,,p.Glu97Leu,-0.096346812736736
urn:mavedb:00000057-c-1#1650,,,p.Arg96Leu,-0.102830574941623
urn:mavedb:00000057-c-1#1651,,,p.Tyr95Leu,0.1796068826745719
urn:mavedb:00000057-c-1#1652,,,p.Gln94Leu,-0.0124341550375464
urn:mavedb:00000057-c-1#1653,,,p.His93Leu,-0.0939333255228381
urn:mavedb:00000057-c-1#1654,,,p.Ile92Leu,-0.191364169022625
urn:mavedb:00000057-c-1#1655,,,p.Asp91Leu,0.262030761619196
urn:mavedb:00000057-c-1#1656,,,p.Glu90Leu,0.0457714915880982
urn:mavedb:00000057-c-1#1657,,,p.Phe89Leu,-0.0780164346047105
urn:mavedb:00000057-c-1#1658,,,p.Ser88Leu,-0.618451413165035
urn:mavedb:00000057-c-1#1659,,,p.Lys87Leu,-0.156621774177524
urn:mavedb:00000057-c-1#1660,,,p.Thr86Leu,-0.0042888170845705
urn:mavedb:00000057-c-1#1661,,,p.Asn85Leu,-0.293947179980061
urn:mavedb:00000057-c-1#1662,,,p.Asn84Leu,-0.214798084687112
urn:mavedb:00000057-c-1#1663,,,p.Ile83Leu,-0.0032390387748289
urn:mavedb:00000057-c-1#1664,,,p.Ala82Leu,-0.8056317496020161
urn:mavedb:00000057-c-1#1665,,,p.Phe81Leu,0.0004801337479354
urn:mavedb:00000057-c-1#1666,,,p.Val80Leu,-0.119034060176255
urn:mavedb:00000057-c-1#1667,,,p.Cys79Leu,0.0753576472116495
urn:mavedb:00000057-c-1#1668,,,p.Leu78=,0.0
urn:mavedb:00000057-c-1#1669,,,p.Phe77Leu,-0.5127633795926789
urn:mavedb:00000057-c-1#1670,,,p.Gly76Leu,-0.0198766451802552
urn:mavedb:00000057-c-1#1671,,,p.Glu75Leu,-0.16347533584971
urn:mavedb:00000057-c-1#1672,,,p.Gly74Leu,-0.299536915746021
urn:mavedb:00000057-c-1#1673,,,p.Thr73Leu,-0.014155688132488
urn:mavedb:00000057-c-1#1674,,,p.Arg72Leu,-0.3919147613177729
urn:mavedb:00000057-c-1#1675,,,p.Met71Leu,0.0522580309181695
urn:mavedb:00000057-c-1#1676,,,p.Tyr70Leu,0.137009651853215
urn:mavedb:00000057-c-1#1677,,,p.Gln69Leu,-0.079459314974395
urn:mavedb:00000057-c-1#1678,,,p.Asp68Leu,-0.429726611145761
urn:mavedb:00000057-c-1#1679,,,p.Arg67Leu,-0.115186236855247
urn:mavedb:00000057-c-1#1680,,,p.Met66Leu,0.150773594187897
urn:mavedb:00000057-c-1#1681,,,p.Ala65Leu,-0.411874641217859
urn:mavedb:00000057-c-1#1682,,,p.Ser64Leu,0.0851761201161976
urn:mavedb:00000057-c-1#1683,,,p.Tyr63Leu,-0.0373249621804017
urn:mavedb:00000057-c-1#1684,,,p.Glu62Leu,0.142991449261316
urn:mavedb:00000057-c-1#1685,,,p.Glu61Leu,-0.0472852325833999
urn:mavedb:00000057-c-1#1686,,,p.Ala58Thr,-0.0468443607343623
urn:mavedb:00000057-c-1#1687,,,p.Thr57=,0.0
urn:mavedb:00000057-c-1#1688,,,p.Asp56Thr,-0.670425406094777
urn:mavedb:00000057-c-1#1689,,,p.Leu55Thr,-0.117518556962109
urn:mavedb:00000057-c-1#1690,,,p.Ile54Thr,-0.175136158234905
urn:mavedb:00000057-c-1#1691,,,p.Asp53Thr,-0.440503928724037
urn:mavedb:00000057-c-1#1692,,,p.Leu52Thr,-0.138243573772406
urn:mavedb:00000057-c-1#1693,,,p.Leu51Thr,0.0203017088866551
urn:mavedb:00000057-c-1#1694,,,p.Cys50Thr,0.0215898149913769
urn:mavedb:00000057-c-1#1695,,,p.Thr49=,0.0
urn:mavedb:00000057-c-1#1696,,,p.Glu48Thr,-0.156769541553638
urn:mavedb:00000057-c-1#1697,,,p.Gln60Asn,0.0780667316090659
urn:mavedb:00000057-c-1#1698,,,p.Gly59Asn,-1.14666923395346
urn:mavedb:00000057-c-1#1699,,,p.Ala58Asn,-0.0050219550993468
urn:mavedb:00000057-c-1#1700,,,p.Thr57Asn,-0.178502929785703
urn:mavedb:00000057-c-1#1701,,,p.Asp56Asn,-0.605439116424359
urn:mavedb:00000057-c-1#1702,,,p.Leu55Asn,-0.0191905500526552
urn:mavedb:00000057-c-1#1703,,,p.Ile54Asn,-0.7038719993489571
urn:mavedb:00000057-c-1#1704,,,p.Asp53Asn,-0.7821644489700821
urn:mavedb:00000057-c-1#1705,,,p.Leu52Asn,-0.612174818116119
urn:mavedb:00000057-c-1#1706,,,p.Leu51Asn,-0.0043924028445001
urn:mavedb:00000057-c-1#1707,,,p.Cys50Asn,0.0148599269443401
urn:mavedb:00000057-c-1#1708,,,p.Thr49Asn,-0.0785607326317444
urn:mavedb:00000057-c-1#1709,,,p.Glu48Asn,-0.26989357937235
urn:mavedb:00000057-c-1#1710,,,p.Gly47Asn,-0.182555194288082
urn:mavedb:00000057-c-1#1711,,,p.Asp46Asn,-0.0834500372839646
urn:mavedb:00000057-c-1#1712,,,p.Ile45Asn,-0.125936856439211
urn:mavedb:00000057-c-1#1713,,,p.Val44Asn,-0.0732984048209588
urn:mavedb:00000057-c-1#1714,,,p.Val43Asn,0.0455780855098638
urn:mavedb:00000057-c-1#1715,,,p.Gln42Asn,-0.0770084906710462
urn:mavedb:00000057-c-1#1716,,,p.Lys41Asn,0.0636355963403743
urn:mavedb:00000057-c-1#1717,,,p.Arg40Asn,-0.396416553478498
urn:mavedb:00000057-c-1#1718,,,p.Tyr39Asn,-0.47846772775219
urn:mavedb:00000057-c-1#1719,,,p.Ser38Asn,-0.4775883636563521
urn:mavedb:00000057-c-1#1720,,,p.Asp37Asn,-0.52823937901184
urn:mavedb:00000057-c-1#1721,,,p.Glu36Asn,-0.4075426659065789
urn:mavedb:00000057-c-1#1722,,,p.Ile35Asn,-0.226080583908376
urn:mavedb:00000057-c-1#1723,,,p.Thr34Asn,-0.422590926897437
urn:mavedb:00000057-c-1#1724,,,p.Pro33Asn,-0.292357378423787
urn:mavedb:00000057-c-1#1725,,,p.Asp32Asn,-0.347087032520627
urn:mavedb:00000057-c-1#1726,,,p.Tyr31Asn,-0.359261602330477
urn:mavedb:00000057-c-1#1727,,,p.Glu30Asn,-0.3767181382508029
urn:mavedb:00000057-c-1#1728,,,p.Asp29Asn,0.0219527353561739
urn:mavedb:00000057-c-1#1729,,,p.Val28Asn,-0.252249567307251
urn:mavedb:00000057-c-1#1730,,,p.Phe27Asn,-0.6271939493182409
urn:mavedb:00000057-c-1#1731,,,p.His26Asn,0.0164349256486964
urn:mavedb:00000057-c-1#1732,,,p.Asn25=,0.0
urn:mavedb:00000057-c-1#1733,,,p.Gln24Asn,-0.0707669544890934
urn:mavedb:00000057-c-1#1734,,,p.Ile23Asn,0.0481999580702501
urn:mavedb:00000057-c-1#1735,,,p.Leu22Asn,0.105041891368912
urn:mavedb:00000057-c-1#1736,,,p.Gln21Asn,0.0675045061821051
urn:mavedb:00000057-c-1#1737,,,p.Ile20Asn,-0.7226237664764871
urn:mavedb:00000057-c-1#1738,,,p.Thr19Asn,-0.0249495291981017
urn:mavedb:00000057-c-1#1739,,,p.Gln60Leu,0.0136712179220104
urn:mavedb:00000057-c-1#1740,,,p.Gly59Leu,-0.506110972366131
urn:mavedb:00000057-c-1#1741,,,p.Ala58Leu,-0.59230587083455
urn:mavedb:00000057-c-1#1742,,,p.Thr57Leu,-0.128792557458704
urn:mavedb:00000057-c-1#1743,,,p.Asp56Leu,-0.7576522440766179
urn:mavedb:00000057-c-1#1744,,,p.Leu55=,0.0
urn:mavedb:00000057-c-1#1745,,,p.Ile54Leu,-0.0819608499099802
urn:mavedb:00000057-c-1#1746,,,p.Asp53Leu,-0.538112060143602
urn:mavedb:00000057-c-1#1747,,,p.Leu52=,0.0
urn:mavedb:00000057-c-1#1748,,,p.Leu51=,0.0
urn:mavedb:00000057-c-1#1749,,,p.Cys50Leu,-0.0143977580751025
urn:mavedb:00000057-c-1#1750,,,p.Thr49Leu,-0.110722357170781
urn:mavedb:00000057-c-1#1751,,,p.Glu48Leu,-0.1014584127386169
urn:mavedb:00000057-c-1#1752,,,p.Gly47Leu,-0.277506285389562
urn:mavedb:00000057-c-1#1753,,,p.Asp46Leu,-0.0864043184057783
urn:mavedb:00000057-c-1#1754,,,p.Ile45Leu,-0.0258952499337841
urn:mavedb:00000057-c-1#1755,,,p.Val44Leu,-0.0527597188984443
urn:mavedb:00000057-c-1#1756,,,p.Val43Leu,-0.1486041574973719
urn:mavedb:00000057-c-1#1757,,,p.Gln42Leu,-0.191220611423948
urn:mavedb:00000057-c-1#1758,,,p.Lys41Leu,-0.1564714177611409
urn:mavedb:00000057-c-1#1759,,,p.Arg40Leu,-0.2257570378588489
urn:mavedb:00000057-c-1#1760,,,p.Tyr39Leu,-0.6119332402754339
urn:mavedb:00000057-c-1#1761,,,p.Ser38Leu,0.1202742503594409
urn:mavedb:00000057-c-1#1762,,,p.Asp37Leu,-0.647920582451996
urn:mavedb:00000057-c-1#1763,,,p.Glu36Leu,-0.274264240279271
urn:mavedb:00000057-c-1#1764,,,p.Ile35Leu,0.0042385594063827
urn:mavedb:00000057-c-1#1765,,,p.Thr34Leu,-0.434231602551467
urn:mavedb:00000057-c-1#1766,,,p.Pro33Leu,-0.286207387497571
urn:mavedb:00000057-c-1#1767,,,p.Asp32Leu,-0.326098422284957
urn:mavedb:00000057-c-1#1768,,,p.Tyr31Leu,-0.0795591845201209
urn:mavedb:00000057-c-1#1769,,,p.Glu30Leu,-0.16204223314185
urn:mavedb:00000057-c-1#1770,,,p.Asp29Leu,-0.167242345599141
urn:mavedb:00000057-c-1#1771,,,p.Val28Leu,-0.314960906522228
urn:mavedb:00000057-c-1#1772,,,p.Phe27Leu,-0.233418005368081
urn:mavedb:00000057-c-1#1773,,,p.His26Leu,0.0268071872674782
urn:mavedb:00000057-c-1#1774,,,p.Asn25Leu,-0.216970241949162
urn:mavedb:00000057-c-1#1775,,,p.Gln24Leu,-0.244614265788669
urn:mavedb:00000057-c-1#1776,,,p.Ile23Leu,0.1123787395044409
urn:mavedb:00000057-c-1#1777,,,p.Leu22=,0.0
urn:mavedb:00000057-c-1#1778,,,p.Gln21Leu,-0.2577038819792989
urn:mavedb:00000057-c-1#1779,,,p.Ile20Leu,-0.154795950901765
urn:mavedb:00000057-c-1#1780,,,p.Thr19Leu,-0.30765968548883
urn:mavedb:00000057-c-1#1781,,,p.Leu18=,0.0
urn:mavedb:00000057-c-1#1782,,,p.Ala17Leu,-0.5049466282835711
urn:mavedb:00000057-c-1#1783,,,p.Ser16Leu,-0.6333803667901539
urn:mavedb:00000057-c-1#1784,,,p.Lys15Leu,-0.503190651556834
urn:mavedb:00000057-c-1#1785,,,p.Gly14Leu,-0.583501458638467
urn:mavedb:00000057-c-1#1786,,,p.Val13Leu,-0.129895209427559
urn:mavedb:00000057-c-1#1787,,,p.Gly12Leu,-0.0363304717240121
urn:mavedb:00000057-c-1#1788,,,p.Gly11Leu,0.048215171334961
urn:mavedb:00000057-c-1#1789,,,p.Ala10Leu,-0.0516243016228148
urn:mavedb:00000057-c-1#1790,,,p.Gly9Leu,-0.47685359650312
urn:mavedb:00000057-c-1#1791,,,p.Val8Leu,-0.1635296004416619
urn:mavedb:00000057-c-1#1792,,,p.Val7Leu,-0.14459667461347
urn:mavedb:00000057-c-1#1793,,,p.Val6Leu,-0.270458875618458
urn:mavedb:00000057-c-1#1794,,,p.Leu5=,0.0
urn:mavedb:00000057-c-1#1795,,,p.Lys4Leu,-0.246053464163192
urn:mavedb:00000057-c-1#1796,,,p.Tyr3Leu,-0.160914875629191
urn:mavedb:00000057-c-1#1797,,,p.Glu2Leu,-0.210133227635367
urn:mavedb:00000057-c-1#1798,,,p.Thr1Leu,-0.152558417538751
urn:mavedb:00000057-c-1#1799,,,p.His165Lys,0.0947268235403869
urn:mavedb:00000057-c-1#1800,,,p.Gln164Lys,-0.0567168371216129
urn:mavedb:00000057-c-1#1801,,,p.Arg163Lys,-0.049409573199289
urn:mavedb:00000057-c-1#1802,,,p.Ile162Lys,-0.095398779164481
urn:mavedb:00000057-c-1#1803,,,p.Glu161Lys,0.117467349540834
urn:mavedb:00000057-c-1#1804,,,p.Arg160Lys,-0.0168537669495832
urn:mavedb:00000057-c-1#1805,,,p.Val159Lys,-0.5163333540280389
urn:mavedb:00000057-c-1#1806,,,p.Leu158Lys,-0.44610685683733
urn:mavedb:00000057-c-1#1807,,,p.Thr157Lys,-0.106056217335283
urn:mavedb:00000057-c-1#1808,,,p.Tyr156Lys,-0.272566951865425
urn:mavedb:00000057-c-1#1809,,,p.Phe155Lys,-0.558590171069313
urn:mavedb:00000057-c-1#1810,,,p.Ala154Lys,-0.409452940184577
urn:mavedb:00000057-c-1#1811,,,p.Asp153Lys,-0.0661553012322866
urn:mavedb:00000057-c-1#1812,,,p.Glu152Lys,-0.2135607441409689
urn:mavedb:00000057-c-1#1813,,,p.Val151Lys,-0.2995642957395369
urn:mavedb:00000057-c-1#1814,,,p.Gly150Lys,-0.133716599746303
urn:mavedb:00000057-c-1#1815,,,p.Gln149Lys,-0.320808426561845
urn:mavedb:00000057-c-1#1816,,,p.Arg148Lys,-0.097624040862563
urn:mavedb:00000057-c-1#1817,,,p.Thr147Lys,-0.2256007954838449
urn:mavedb:00000057-c-1#1818,,,p.Lys146=,0.0
urn:mavedb:00000057-c-1#1819,,,p.Ala145Lys,-0.36098069849974
urn:mavedb:00000057-c-1#1820,,,p.Ser144Lys,-0.194540772684002
urn:mavedb:00000057-c-1#1821,,,p.Thr143Lys,-0.8610260754941741
urn:mavedb:00000057-c-1#1822,,,p.Glu142Lys,-0.0911882637413606
urn:mavedb:00000057-c-1#1823,,,p.Ile141Lys,-0.2657563852904769
urn:mavedb:00000057-c-1#1824,,,p.Tyr140Lys,-1.01635339371065
urn:mavedb:00000057-c-1#1825,,,p.Pro139Lys,-0.325460341691028
urn:mavedb:00000057-c-1#1826,,,p.Ile138Lys,-0.192778619317466
urn:mavedb:00000057-c-1#1827,,,p.Gly137Lys,-0.377807045066207
urn:mavedb:00000057-c-1#1828,,,p.Tyr136Lys,-0.227513925030101
urn:mavedb:00000057-c-1#1829,,,p.Ser135Lys,-0.0478791341623064
urn:mavedb:00000057-c-1#1830,,,p.Arg134Lys,-0.125974175050912
urn:mavedb:00000057-c-1#1831,,,p.Ala133Lys,-0.1506387598392259
urn:mavedb:00000057-c-1#1832,,,p.Leu132Lys,-0.321221368463227
urn:mavedb:00000057-c-1#1833,,,p.Asp131Lys,-0.12823868014641
urn:mavedb:00000057-c-1#1834,,,p.Gln130Lys,-0.29723315290059
urn:mavedb:00000057-c-1#1835,,,p.Ala129Lys,-0.690111760608241
urn:mavedb:00000057-c-1#1836,,,p.Gln128Lys,-0.159345011590688
urn:mavedb:00000057-c-1#1837,,,p.Arg127Lys,-0.0368049126353098
urn:mavedb:00000057-c-1#1838,,,p.Ser126Lys,-0.0980089542780702
urn:mavedb:00000057-c-1#1839,,,p.Glu125Lys,-0.1159035627164149
urn:mavedb:00000057-c-1#1840,,,p.Val124Lys,-0.0488492593196044
urn:mavedb:00000057-c-1#1841,,,p.Thr123Lys,-0.187520685510998
urn:mavedb:00000057-c-1#1842,,,p.Arg122Lys,-0.0573843216107641
urn:mavedb:00000057-c-1#1843,,,p.Ala121Lys,-0.332138937981343
urn:mavedb:00000057-c-1#1844,,,p.Ala120Lys,0.0378174607561554
urn:mavedb:00000057-c-1#1845,,,p.Leu119Lys,-0.0665817491963009
urn:mavedb:00000057-c-1#1846,,,p.Asp118Lys,-0.517344376906339
urn:mavedb:00000057-c-1#1847,,,p.Cys117Lys,-0.0144230959552412
urn:mavedb:00000057-c-1#1848,,,p.Lys116=,0.0
urn:mavedb:00000057-c-1#1849,,,p.Asn115Lys,0.0
urn:mavedb:00000057-c-1#1850,,,p.Gly114Lys,-0.9309930609317708
urn:mavedb:00000057-c-1#1851,,,p.Val113Lys,-0.5070984866645929
urn:mavedb:00000057-c-1#1852,,,p.Leu112Lys,-0.540257812168235
urn:mavedb:00000057-c-1#1853,,,p.Val111Lys,-0.8655715651969759
urn:mavedb:00000057-c-1#1854,,,p.Met110Lys,-0.77206164811655
urn:mavedb:00000057-c-1#1855,,,p.Pro109Lys,-0.346535095069754
urn:mavedb:00000057-c-1#1856,,,p.Val108Lys,-0.6121092287745871
urn:mavedb:00000057-c-1#1857,,,p.Asp107Lys,0.168410904264847
urn:mavedb:00000057-c-1#1858,,,p.Asp106Lys,-0.4123897760250779
urn:mavedb:00000057-c-1#1859,,,p.Ser105Lys,0.1352281336194359
urn:mavedb:00000057-c-1#1860,,,p.Asp104Lys,-0.0782360169946228
urn:mavedb:00000057-c-1#1861,,,p.Lys103=,0.0
urn:mavedb:00000057-c-1#1862,,,p.Val102Lys,-0.5516391074446949
urn:mavedb:00000057-c-1#1863,,,p.Arg101Lys,-0.119978447799475
urn:mavedb:00000057-c-1#1864,,,p.Lys100=,0.0
urn:mavedb:00000057-c-1#1865,,,p.Ile99Lys,-0.377699193620743
urn:mavedb:00000057-c-1#1866,,,p.Gln98Lys,-0.0604225478296774
urn:mavedb:00000057-c-1#1867,,,p.Glu97Lys,-0.154659043033902
urn:mavedb:00000057-c-1#1868,,,p.Arg96Lys,-0.0634766084909559
urn:mavedb:00000057-c-1#1869,,,p.Tyr95Lys,-0.0992505270050057
urn:mavedb:00000057-c-1#1870,,,p.Gln94Lys,0.251058350100682
urn:mavedb:00000057-c-1#1871,,,p.His93Lys,0.0147276604405349
urn:mavedb:00000057-c-1#1872,,,p.Ile92Lys,-0.397702740911691
urn:mavedb:00000057-c-1#1873,,,p.Asp91Lys,0.130808106266628
urn:mavedb:00000057-c-1#1874,,,p.Glu90Lys,-0.0281505736139129
urn:mavedb:00000057-c-1#1875,,,p.Phe89Lys,-0.419441549948924
urn:mavedb:00000057-c-1#1876,,,p.Ser88Lys,0.0621785553686722
urn:mavedb:00000057-c-1#1877,,,p.Lys87=,0.0
urn:mavedb:00000057-c-1#1878,,,p.Thr86Lys,0.0
urn:mavedb:00000057-c-1#1879,,,p.Asn85Lys,-0.267675968047157
urn:mavedb:00000057-c-1#1880,,,p.Asn84Lys,-0.307861995431905
urn:mavedb:00000057-c-1#1881,,,p.Ile83Lys,0.0747794456966504
urn:mavedb:00000057-c-1#1882,,,p.Ala82Lys,-0.303490754102538
urn:mavedb:00000057-c-1#1883,,,p.Phe81Lys,-0.450437707238687
urn:mavedb:00000057-c-1#1884,,,p.Val80Lys,-0.435401327454699
urn:mavedb:00000057-c-1#1885,,,p.Cys79Lys,-0.411180446143646
urn:mavedb:00000057-c-1#1886,,,p.Leu78Lys,-0.566198889020009
urn:mavedb:00000057-c-1#1887,,,p.Phe77Lys,-0.3232572398239139
urn:mavedb:00000057-c-1#1888,,,p.Gly76Lys,-1.07860234793313
urn:mavedb:00000057-c-1#1889,,,p.Glu75Lys,-0.353214227971448
urn:mavedb:00000057-c-1#1890,,,p.Gly74Lys,-0.541902108979048
urn:mavedb:00000057-c-1#1891,,,p.Thr73Lys,-0.0951599762305846
urn:mavedb:00000057-c-1#1892,,,p.Arg72Lys,-1.11512203819104
urn:mavedb:00000057-c-1#1893,,,p.Met71Lys,-0.2168514520593179
urn:mavedb:00000057-c-1#1894,,,p.Tyr70Lys,-0.773953754694113
urn:mavedb:00000057-c-1#1895,,,p.Gln69Lys,-0.452022051491466
urn:mavedb:00000057-c-1#1896,,,p.Asp68Lys,-0.523755734474623
urn:mavedb:00000057-c-1#1897,,,p.Arg67Lys,-0.0640960180023573
urn:mavedb:00000057-c-1#1898,,,p.Met66Lys,-0.153914587380148
urn:mavedb:00000057-c-1#1899,,,p.Ala65Lys,-0.817489875564604
urn:mavedb:00000057-c-1#1900,,,p.Asp56Lys,-0.7183663367930992
urn:mavedb:00000057-c-1#1901,,,p.Leu55Lys,-0.618876443269264
urn:mavedb:00000057-c-1#1902,,,p.Ile54Lys,-0.365372507765133
urn:mavedb:00000057-c-1#1903,,,p.Asp53Lys,-0.301423145940952
urn:mavedb:00000057-c-1#1904,,,p.Leu52Lys,-0.451065649464157
urn:mavedb:00000057-c-1#1905,,,p.Leu51Lys,-0.10607139572594
urn:mavedb:00000057-c-1#1906,,,p.Cys50Lys,-0.449142796154837
urn:mavedb:00000057-c-1#1907,,,p.Thr49Lys,-0.212165490400108
urn:mavedb:00000057-c-1#1908,,,p.Glu48Lys,-0.180457691675801
urn:mavedb:00000057-c-1#1909,,,p.Gly47Lys,-0.148473143525669
urn:mavedb:00000057-c-1#1910,,,p.Asp46Lys,-0.128861418696158
urn:mavedb:00000057-c-1#1911,,,p.Ile45Lys,-0.111047318037288
urn:mavedb:00000057-c-1#1912,,,p.Val44Lys,0.1047969602266649
urn:mavedb:00000057-c-1#1913,,,p.Val43Lys,-0.1644245976592959
urn:mavedb:00000057-c-1#1914,,,p.Gln42Lys,-0.347832026962298
urn:mavedb:00000057-c-1#1915,,,p.Lys41=,0.0
urn:mavedb:00000057-c-1#1916,,,p.Arg40Lys,-0.277004873659104
urn:mavedb:00000057-c-1#1917,,,p.Tyr39Lys,-0.5286329569285371
urn:mavedb:00000057-c-1#1918,,,p.Ser38Lys,-0.532248556355796
urn:mavedb:00000057-c-1#1919,,,p.Asp37Lys,-0.289902214994399
urn:mavedb:00000057-c-1#1920,,,p.Glu36Lys,-0.525733921089492
urn:mavedb:00000057-c-1#1921,,,p.Ile35Lys,-0.2210371836828649
urn:mavedb:00000057-c-1#1922,,,p.Thr34Lys,-0.4308498705724961
urn:mavedb:00000057-c-1#1923,,,p.Pro33Lys,-0.0403586348254803
urn:mavedb:00000057-c-1#1924,,,p.Asp32Lys,-0.486976010511861
urn:mavedb:00000057-c-1#1925,,,p.Tyr31Lys,-0.39769921492438
urn:mavedb:00000057-c-1#1926,,,p.Glu30Lys,-0.148770785023493
urn:mavedb:00000057-c-1#1927,,,p.Asp29Lys,-0.137143003007304
urn:mavedb:00000057-c-1#1928,,,p.Val28Lys,-0.156772357570808
urn:mavedb:00000057-c-1#1929,,,p.Phe27Lys,-0.455946938617992
urn:mavedb:00000057-c-1#1930,,,p.His26Lys,-0.597667670251678
urn:mavedb:00000057-c-1#1931,,,p.Asn25Lys,0.0401735511540839
urn:mavedb:00000057-c-1#1932,,,p.Gln24Lys,-0.249972665280563
urn:mavedb:00000057-c-1#1933,,,p.Ile23Lys,-0.0583932038761315
urn:mavedb:00000057-c-1#1934,,,p.Leu22Lys,0.1088746924803859
urn:mavedb:00000057-c-1#1935,,,p.Gln21Lys,-0.1179391630541119
urn:mavedb:00000057-c-1#1936,,,p.Ile20Lys,-0.3717445579827539
urn:mavedb:00000057-c-1#1937,,,p.Thr19Lys,-0.384373073544356
urn:mavedb:00000057-c-1#1938,,,p.Leu18Lys,-0.38750120058693
urn:mavedb:00000057-c-1#1939,,,p.Ala17Lys,-0.603814976628
urn:mavedb:00000057-c-1#1940,,,p.Ser16Lys,-0.471186676362779
urn:mavedb:00000057-c-1#1941,,,p.Lys15=,0.0
urn:mavedb:00000057-c-1#1942,,,p.Gly14Lys,-0.881519483405735
urn:mavedb:00000057-c-1#1943,,,p.Val13Lys,-0.516452909195882
urn:mavedb:00000057-c-1#1944,,,p.Gly12Lys,-0.0307886876177741
urn:mavedb:00000057-c-1#1945,,,p.Gly11Lys,0.142052288528789
urn:mavedb:00000057-c-1#1946,,,p.Ala10Lys,-0.018991700071324
urn:mavedb:00000057-c-1#1947,,,p.Gly9Lys,-0.434297771583506
urn:mavedb:00000057-c-1#1948,,,p.Val8Lys,-0.327038757018078
urn:mavedb:00000057-c-1#1949,,,p.Val7Lys,-0.278673148890633
urn:mavedb:00000057-c-1#1950,,,p.Val6Lys,-0.344129293391485
urn:mavedb:00000057-c-1#1951,,,p.Leu5Lys,-0.368059905314795
urn:mavedb:00000057-c-1#1952,,,p.Lys4=,0.0
urn:mavedb:00000057-c-1#1953,,,p.Tyr3Lys,-0.1540678660706499
urn:mavedb:00000057-c-1#1954,,,p.Glu2Lys,-0.156972466492596
urn:mavedb:00000057-c-1#1955,,,p.Leu132=,0.0
urn:mavedb:00000057-c-1#1956,,,p.Asp131Leu,-0.129311602588012
urn:mavedb:00000057-c-1#1957,,,p.Gln130Leu,-0.096946926867264
urn:mavedb:00000057-c-1#1958,,,p.Ala129Leu,0.0239019558477356
urn:mavedb:00000057-c-1#1959,,,p.Gln128Leu,-0.0447296039227068
urn:mavedb:00000057-c-1#1960,,,p.Arg127Leu,-0.156772919170022
urn:mavedb:00000057-c-1#1961,,,p.Ser126Leu,-0.0918547060746582
urn:mavedb:00000057-c-1#1962,,,p.Glu125Leu,-0.157715308152432
urn:mavedb:00000057-c-1#1963,,,p.Val124Leu,-0.121723459601467
urn:mavedb:00000057-c-1#1964,,,p.Thr123Leu,-0.250601445675443
urn:mavedb:00000057-c-1#1965,,,p.Arg122Leu,-0.199540363861726
urn:mavedb:00000057-c-1#1966,,,p.Ala121Leu,-0.161660037696805
urn:mavedb:00000057-c-1#1967,,,p.Ala120Leu,-0.236594155860684
urn:mavedb:00000057-c-1#1968,,,p.Leu119=,0.0
urn:mavedb:00000057-c-1#1969,,,p.Asp118Leu,-0.52638295955767
urn:mavedb:00000057-c-1#1970,,,p.Cys117Leu,-0.156240024543979
urn:mavedb:00000057-c-1#1971,,,p.Lys116Leu,0.146619367057435
urn:mavedb:00000057-c-1#1972,,,p.Thr1Lys,-0.0985354295706982
urn:mavedb:00000057-c-1#1973,,,p.His165Ile,0.0956787719902652
urn:mavedb:00000057-c-1#1974,,,p.Gln164Ile,-0.185399982743557
urn:mavedb:00000057-c-1#1975,,,p.Arg163Ile,-0.0182705006191526
urn:mavedb:00000057-c-1#1976,,,p.Ile162=,0.0
urn:mavedb:00000057-c-1#1977,,,p.Glu161Ile,-0.00539856862018
urn:mavedb:00000057-c-1#1978,,,p.Arg160Ile,-0.4877394383757329
urn:mavedb:00000057-c-1#1979,,,p.Val159Ile,-0.0525650844207921
urn:mavedb:00000057-c-1#1980,,,p.Leu158Ile,0.511296096267986
urn:mavedb:00000057-c-1#1981,,,p.Thr157Ile,-0.272324973288887
urn:mavedb:00000057-c-1#1982,,,p.Tyr156Ile,0.0286086753736341
urn:mavedb:00000057-c-1#1983,,,p.Phe155Ile,-0.0371067727483982
urn:mavedb:00000057-c-1#1984,,,p.Ala154Ile,0.0339271250902293
urn:mavedb:00000057-c-1#1985,,,p.Asp153Ile,-0.0842043446035392
urn:mavedb:00000057-c-1#1986,,,p.Glu152Ile,0.0737715577053439
urn:mavedb:00000057-c-1#1987,,,p.Val151Ile,0.0139142568652166
urn:mavedb:00000057-c-1#1988,,,p.Gly150Ile,-0.0905681866125672
urn:mavedb:00000057-c-1#1989,,,p.Gln149Ile,-0.320611266414217
urn:mavedb:00000057-c-1#1990,,,p.Arg148Ile,-0.0390776904168086
urn:mavedb:00000057-c-1#1991,,,p.Thr147Ile,-0.0407469097996716
urn:mavedb:00000057-c-1#1992,,,p.Lys146Ile,0.063820829877052
urn:mavedb:00000057-c-1#1993,,,p.Ala145Ile,-0.7491536811799191
urn:mavedb:00000057-c-1#1994,,,p.Ser144Ile,-0.171513995367548
urn:mavedb:00000057-c-1#1995,,,p.Thr143Ile,-0.0239278756082433
urn:mavedb:00000057-c-1#1996,,,p.Glu142Ile,-0.296445800108114
urn:mavedb:00000057-c-1#1997,,,p.Ile141=,0.0
urn:mavedb:00000057-c-1#1998,,,p.Tyr140Ile,-0.3166252534881419
urn:mavedb:00000057-c-1#1999,,,p.Pro139Ile,-0.222913501285152
urn:mavedb:00000057-c-1#2000,,,p.Ile138=,0.0
urn:mavedb:00000057-c-1#2001,,,p.Gly137Ile,-0.4409968629550129
urn:mavedb:00000057-c-1#2002,,,p.Tyr136Ile,-0.0922582915210077
urn:mavedb:00000057-c-1#2003,,,p.Ser135Ile,0.0469888031764136
urn:mavedb:00000057-c-1#2004,,,p.Arg134Ile,-0.2118438443735349
urn:mavedb:00000057-c-1#2005,,,p.Ala133Ile,-0.5545542226373421
urn:mavedb:00000057-c-1#2006,,,p.Leu132Ile,-0.0324048806635835
urn:mavedb:00000057-c-1#2007,,,p.Asp131Ile,-0.462470051891945
urn:mavedb:00000057-c-1#2008,,,p.Gln130Ile,0.0560212114226479
urn:mavedb:00000057-c-1#2009,,,p.Ala129Ile,-0.35760332159581
urn:mavedb:00000057-c-1#2010,,,p.Gln128Ile,-0.0392763504043383
urn:mavedb:00000057-c-1#2011,,,p.Arg127Ile,-0.307108257471238
urn:mavedb:00000057-c-1#2012,,,p.Ser126Ile,-0.0038966025453155
urn:mavedb:00000057-c-1#2013,,,p.Glu125Ile,0.128337716498026
urn:mavedb:00000057-c-1#2014,,,p.Val124Ile,-0.064464069757785
urn:mavedb:00000057-c-1#2015,,,p.Thr123Ile,-0.20806538398341
urn:mavedb:00000057-c-1#2016,,,p.Arg122Ile,-0.149445040426558
urn:mavedb:00000057-c-1#2017,,,p.Ala121Ile,0.0728028552070286
urn:mavedb:00000057-c-1#2018,,,p.Ala120Ile,-0.189420816298586
urn:mavedb:00000057-c-1#2019,,,p.Leu119Ile,0.0251134818300267
urn:mavedb:00000057-c-1#2020,,,p.Asp118Ile,-0.923016065047787
urn:mavedb:00000057-c-1#2021,,,p.Cys117Ile,-0.2174645154231539
urn:mavedb:00000057-c-1#2022,,,p.Lys116Ile,0.169110070366821
urn:mavedb:00000057-c-1#2023,,,p.Asn115Ile,-0.595670880046632
urn:mavedb:00000057-c-1#2024,,,p.Gly114Ile,-0.506631786473289
urn:mavedb:00000057-c-1#2025,,,p.Val113Ile,-0.168408403926961
urn:mavedb:00000057-c-1#2026,,,p.Leu112Ile,-0.15922615984469
urn:mavedb:00000057-c-1#2027,,,p.Val111Ile,-0.373348986255672
urn:mavedb:00000057-c-1#2028,,,p.Met110Ile,-0.107946271216861
urn:mavedb:00000057-c-1#2029,,,p.Pro109Ile,-0.0325449376918092
urn:mavedb:00000057-c-1#2030,,,p.Val108Ile,0.0314750763228275
urn:mavedb:00000057-c-1#2031,,,p.Asp107Ile,0.106031038999596
urn:mavedb:00000057-c-1#2032,,,p.Asp106Ile,-0.0497381897606108
urn:mavedb:00000057-c-1#2033,,,p.Ser105Ile,0.652129808047814
urn:mavedb:00000057-c-1#2034,,,p.Asp104Ile,-0.24907321286147
urn:mavedb:00000057-c-1#2035,,,p.Lys103Ile,-0.50423148881988
urn:mavedb:00000057-c-1#2036,,,p.Val102Ile,-0.0909232892785523
urn:mavedb:00000057-c-1#2037,,,p.Arg101Ile,-0.226231034593726
urn:mavedb:00000057-c-1#2038,,,p.Lys100Ile,-0.181908660451231
urn:mavedb:00000057-c-1#2039,,,p.Ile99=,0.0
urn:mavedb:00000057-c-1#2040,,,p.Gln98Ile,0.0387272522688611
urn:mavedb:00000057-c-1#2041,,,p.Glu97Ile,-0.390130503881981
urn:mavedb:00000057-c-1#2042,,,p.Arg96Ile,-0.225787959714579
urn:mavedb:00000057-c-1#2043,,,p.Tyr95Ile,0.0133142379044889
urn:mavedb:00000057-c-1#2044,,,p.Gln94Ile,-0.11707089538131
urn:mavedb:00000057-c-1#2045,,,p.His93Ile,-0.0184712075614994
urn:mavedb:00000057-c-1#2046,,,p.Ile92=,0.0
urn:mavedb:00000057-c-1#2047,,,p.Asp91Ile,0.0991739696521109
urn:mavedb:00000057-c-1#2048,,,p.Glu90Ile,-0.0864979259579868
urn:mavedb:00000057-c-1#2049,,,p.Phe89Ile,-0.281747327091274
urn:mavedb:00000057-c-1#2050,,,p.Ser88Ile,-0.691965769443784
urn:mavedb:00000057-c-1#2051,,,p.Lys87Ile,-0.1977223734096519
urn:mavedb:00000057-c-1#2052,,,p.Thr86Ile,-0.7263926294222759
urn:mavedb:00000057-c-1#2053,,,p.Asn85Ile,-0.633933715098859
urn:mavedb:00000057-c-1#2054,,,p.Asn84Ile,-0.148635563595738
urn:mavedb:00000057-c-1#2055,,,p.Ile83=,0.0
urn:mavedb:00000057-c-1#2056,,,p.Ala82Ile,-0.38532796976165
urn:mavedb:00000057-c-1#2057,,,p.Phe81Ile,0.0203183441126991
urn:mavedb:00000057-c-1#2058,,,p.Val80Ile,-0.0967722424987465
urn:mavedb:00000057-c-1#2059,,,p.Cys79Ile,0.155224231287951
urn:mavedb:00000057-c-1#2060,,,p.Leu78Ile,0.0321017841467932
urn:mavedb:00000057-c-1#2061,,,p.Phe77Ile,-0.231714849177635
urn:mavedb:00000057-c-1#2062,,,p.Gly76Ile,-0.0558239948752246
urn:mavedb:00000057-c-1#2063,,,p.Glu75Ile,-0.5048227371452579
urn:mavedb:00000057-c-1#2064,,,p.Gly74Ile,-0.232719425634619
urn:mavedb:00000057-c-1#2065,,,p.Thr73Ile,-0.201443289273522
urn:mavedb:00000057-c-1#2066,,,p.Arg72Ile,-0.412845061239936
urn:mavedb:00000057-c-1#2067,,,p.Met71Ile,-0.264106112077806
urn:mavedb:00000057-c-1#2068,,,p.Tyr70Ile,0.0453968530768654
urn:mavedb:00000057-c-1#2069,,,p.Gln69Ile,-0.195895180707982
urn:mavedb:00000057-c-1#2070,,,p.Asp68Ile,-0.8547014319394849
urn:mavedb:00000057-c-1#2071,,,p.Arg67Ile,0.0819525875194758
urn:mavedb:00000057-c-1#2072,,,p.Met66Ile,0.129948300975778
urn:mavedb:00000057-c-1#2073,,,p.Ala65Ile,-0.584192884246275
urn:mavedb:00000057-c-1#2074,,,p.Ser64Ile,0.0913147296676908
urn:mavedb:00000057-c-1#2075,,,p.Tyr63Ile,-0.1397974211133719
urn:mavedb:00000057-c-1#2076,,,p.Glu62Ile,-0.942858538756372
urn:mavedb:00000057-c-1#2077,,,p.Glu61Ile,-0.3814800561163811
urn:mavedb:00000057-c-1#2078,,,p.Gln60Ile,0.0986089213819219
urn:mavedb:00000057-c-1#2079,,,p.Gly59Ile,-0.3001913975877439
urn:mavedb:00000057-c-1#2080,,,p.Ala58Ile,-0.724861398287854
urn:mavedb:00000057-c-1#2081,,,p.Thr57Ile,-0.0700127259742653
urn:mavedb:00000057-c-1#2082,,,p.Asp56Ile,-1.4040979974206105
urn:mavedb:00000057-c-1#2083,,,p.Leu55Ile,-0.1561927711204299
urn:mavedb:00000057-c-1#2084,,,p.Ile54=,0.0
urn:mavedb:00000057-c-1#2085,,,p.Asp53Ile,-0.8241135964723492
urn:mavedb:00000057-c-1#2086,,,p.Leu52Ile,-0.0054021619461559
urn:mavedb:00000057-c-1#2087,,,p.Leu51Ile,0.0156278159442518
urn:mavedb:00000057-c-1#2088,,,p.Cys50Ile,-0.1033039972004769
urn:mavedb:00000057-c-1#2089,,,p.Thr49Ile,-0.172773280220949
urn:mavedb:00000057-c-1#2090,,,p.Glu48Ile,-0.10232042568873
urn:mavedb:00000057-c-1#2091,,,p.Gly47Ile,-0.146133731129748
urn:mavedb:00000057-c-1#2092,,,p.Asp46Ile,-0.133172740590608
urn:mavedb:00000057-c-1#2093,,,p.Ile45=,0.0
urn:mavedb:00000057-c-1#2094,,,p.Val44Ile,-0.1154591288451309
urn:mavedb:00000057-c-1#2095,,,p.Val43Ile,-0.105520392409383
urn:mavedb:00000057-c-1#2096,,,p.Gln42Ile,-0.170445036413301
urn:mavedb:00000057-c-1#2097,,,p.Lys41Ile,-0.0592607622303929
urn:mavedb:00000057-c-1#2098,,,p.Arg40Ile,-0.0117811025580719
urn:mavedb:00000057-c-1#2099,,,p.Tyr39Ile,-0.348824561880682
urn:mavedb:00000057-c-1#2100,,,p.Ser38Ile,0.0537923787291048
urn:mavedb:00000057-c-1#2101,,,p.Asp37Ile,-0.42658240760682
urn:mavedb:00000057-c-1#2102,,,p.Glu36Ile,-0.3891627245903379
urn:mavedb:00000057-c-1#2103,,,p.Ile35=,0.0
urn:mavedb:00000057-c-1#2104,,,p.Thr34Ile,-0.591012926155628
urn:mavedb:00000057-c-1#2105,,,p.Pro33Ile,-0.377383129076716
urn:mavedb:00000057-c-1#2106,,,p.Asp32Ile,-0.3684828928839079
urn:mavedb:00000057-c-1#2107,,,p.Tyr31Ile,-0.132187642007333
urn:mavedb:00000057-c-1#2108,,,p.Glu30Ile,-0.1063391690978989
urn:mavedb:00000057-c-1#2109,,,p.Asp29Ile,-0.212785417929142
urn:mavedb:00000057-c-1#2110,,,p.Val28Ile,-0.0312163518195121
urn:mavedb:00000057-c-1#2111,,,p.Phe27Ile,-0.194134165685438
urn:mavedb:00000057-c-1#2112,,,p.His26Ile,-0.124695299313392
urn:mavedb:00000057-c-1#2113,,,p.Asn25Ile,-0.401276101635751
urn:mavedb:00000057-c-1#2114,,,p.Gln24Ile,0.111460779625558
urn:mavedb:00000057-c-1#2115,,,p.Ile23=,0.0
urn:mavedb:00000057-c-1#2116,,,p.Leu22Ile,-0.179517880736138
urn:mavedb:00000057-c-1#2117,,,p.Gln21Ile,-0.1882047679633239
urn:mavedb:00000057-c-1#2118,,,p.Ile20=,0.0
urn:mavedb:00000057-c-1#2119,,,p.Thr19Ile,-0.172302897364294
urn:mavedb:00000057-c-1#2120,,,p.Leu18Ile,-0.3988196770789379
urn:mavedb:00000057-c-1#2121,,,p.Ala17Ile,-0.273210980932855
urn:mavedb:00000057-c-1#2122,,,p.Ser16Ile,-0.5135208408089821
urn:mavedb:00000057-c-1#2123,,,p.Lys15Ile,-0.767848432576115
urn:mavedb:00000057-c-1#2124,,,p.Gly14Ile,-0.7630156525628571
urn:mavedb:00000057-c-1#2125,,,p.Val13Ile,-0.1430506379417629
urn:mavedb:00000057-c-1#2126,,,p.Gly12Ile,0.0727957950194422
urn:mavedb:00000057-c-1#2127,,,p.Gly11Ile,0.0925156630641411
urn:mavedb:00000057-c-1#2128,,,p.Ala10Ile,-0.0109796101974022
urn:mavedb:00000057-c-1#2129,,,p.Gly9Ile,-0.692146205480769
urn:mavedb:00000057-c-1#2130,,,p.Val8Ile,-0.0991967935419602
urn:mavedb:00000057-c-1#2131,,,p.Val7Ile,-0.451231890363472
urn:mavedb:00000057-c-1#2132,,,p.Val6Ile,-0.204124749081998
urn:mavedb:00000057-c-1#2133,,,p.Gln42His,-0.0646671545866069
urn:mavedb:00000057-c-1#2134,,,p.Lys41His,-0.1329462644485149
urn:mavedb:00000057-c-1#2135,,,p.Arg40His,-0.218628267933757
urn:mavedb:00000057-c-1#2136,,,p.Tyr39His,-0.6876030986246121
urn:mavedb:00000057-c-1#2137,,,p.Ser38His,-0.7577262482934229
urn:mavedb:00000057-c-1#2138,,,p.Asp37His,-0.656418251450086
urn:mavedb:00000057-c-1#2139,,,p.Glu36His,-0.314726738977437
urn:mavedb:00000057-c-1#2140,,,p.Ile35His,-0.269379965568506
urn:mavedb:00000057-c-1#2141,,,p.Thr34His,-0.582794962271
urn:mavedb:00000057-c-1#2142,,,p.Pro33His,-0.33399998826546
urn:mavedb:00000057-c-1#2143,,,p.Asp32His,-0.138485886313682
urn:mavedb:00000057-c-1#2144,,,p.Tyr31His,-0.119366052083253
urn:mavedb:00000057-c-1#2145,,,p.Glu30His,-0.0869402562070312
urn:mavedb:00000057-c-1#2146,,,p.Asp29His,0.0
urn:mavedb:00000057-c-1#2147,,,p.Val28His,-0.148770785023493
urn:mavedb:00000057-c-1#2148,,,p.Phe27His,-0.444009957406315
urn:mavedb:00000057-c-1#2149,,,p.His26=,0.0
urn:mavedb:00000057-c-1#2150,,,p.Asn25His,-0.0512012458589894
urn:mavedb:00000057-c-1#2151,,,p.Gln24His,-0.426801397968355
urn:mavedb:00000057-c-1#2152,,,p.Ile23His,-0.106228573032628
urn:mavedb:00000057-c-1#2153,,,p.Leu22His,0.0658376805175189
urn:mavedb:00000057-c-1#2154,,,p.Gln21His,-0.0989748761862794
urn:mavedb:00000057-c-1#2155,,,p.Ile20His,-0.0079028880811309
urn:mavedb:00000057-c-1#2156,,,p.Thr19His,-0.8759627106384921
urn:mavedb:00000057-c-1#2157,,,p.Leu18His,-0.58990561362637
urn:mavedb:00000057-c-1#2158,,,p.Ala17His,-0.5338152426515139
urn:mavedb:00000057-c-1#2159,,,p.Ser16His,-0.941039094018258
urn:mavedb:00000057-c-1#2160,,,p.Lys15His,-0.416658810406002
urn:mavedb:00000057-c-1#2161,,,p.Gly14His,-0.632246913605204
urn:mavedb:00000057-c-1#2162,,,p.Val13His,-0.130540205411156
urn:mavedb:00000057-c-1#2163,,,p.Gly12His,0.0820767715089981
urn:mavedb:00000057-c-1#2164,,,p.Gly11His,-0.163945651960448
urn:mavedb:00000057-c-1#2165,,,p.Ala10His,-0.1616099334121669
urn:mavedb:00000057-c-1#2166,,,p.Gly9His,-0.6358831569852541
urn:mavedb:00000057-c-1#2167,,,p.Val8His,-0.385485847750619
urn:mavedb:00000057-c-1#2168,,,p.Val7His,-0.591525068240526
urn:mavedb:00000057-c-1#2169,,,p.Val6His,-0.49561443220668
urn:mavedb:00000057-c-1#2170,,,p.Leu5His,-0.5501084947637149
urn:mavedb:00000057-c-1#2171,,,p.Lys4His,-0.0944740271831589
urn:mavedb:00000057-c-1#2172,,,p.Tyr3His,0.151288399553998
urn:mavedb:00000057-c-1#2173,,,p.Glu2His,-0.272525547834411
urn:mavedb:00000057-c-1#2174,,,p.Thr1His,-0.155849495075612
urn:mavedb:00000057-c-1#2175,,,p.His165Gly,0.0409769032151472
urn:mavedb:00000057-c-1#2176,,,p.Gln164Gly,0.579505727309239
urn:mavedb:00000057-c-1#2177,,,p.Arg163Gly,-0.151892066081778
urn:mavedb:00000057-c-1#2178,,,p.Ile162Gly,-0.517657020842623
urn:mavedb:00000057-c-1#2179,,,p.Glu161Gly,-0.2218970188178139
urn:mavedb:00000057-c-1#2180,,,p.Arg160Gly,-0.215248188004973
urn:mavedb:00000057-c-1#2181,,,p.Val159Gly,-0.648175334611153
urn:mavedb:00000057-c-1#2182,,,p.Leu158Gly,-0.617501837251576
urn:mavedb:00000057-c-1#2183,,,p.Thr157Gly,-0.3654121099622279
urn:mavedb:00000057-c-1#2184,,,p.Tyr156Gly,-0.0381866205100017
urn:mavedb:00000057-c-1#2185,,,p.Phe155Gly,-0.7264825789301859
urn:mavedb:00000057-c-1#2186,,,p.Ala154Gly,-0.326296778261793
urn:mavedb:00000057-c-1#2187,,,p.Asp153Gly,-0.180281915391869
urn:mavedb:00000057-c-1#2188,,,p.Ser64Lys,-0.0795726441025302
urn:mavedb:00000057-c-1#2189,,,p.Tyr63Lys,-0.248410412531419
urn:mavedb:00000057-c-1#2190,,,p.Glu62Lys,0.119738625237045
urn:mavedb:00000057-c-1#2191,,,p.Glu61Lys,-0.0605222497019582
urn:mavedb:00000057-c-1#2192,,,p.Gln60Lys,0.180947994179013
urn:mavedb:00000057-c-1#2193,,,p.Gly59Lys,-0.6775575419946329
urn:mavedb:00000057-c-1#2194,,,p.Ala58Lys,-0.200005532680888
urn:mavedb:00000057-c-1#2195,,,p.Thr57Lys,-0.919813502739058
urn:mavedb:00000057-c-1#2196,,,p.Glu152Gly,-0.16103045501725
urn:mavedb:00000057-c-1#2197,,,p.Val151Gly,-0.105568864633369
urn:mavedb:00000057-c-1#2198,,,p.Gly150=,0.0
urn:mavedb:00000057-c-1#2199,,,p.Gln149Gly,-0.0919404473456644
urn:mavedb:00000057-c-1#2200,,,p.Arg148Gly,-0.0711545777016869
urn:mavedb:00000057-c-1#2201,,,p.Thr147Gly,-0.0250033015225908
urn:mavedb:00000057-c-1#2202,,,p.Lys146Gly,0.0701585120226778
urn:mavedb:00000057-c-1#2203,,,p.Ala145Gly,-0.0127547117529299
urn:mavedb:00000057-c-1#2204,,,p.Ser144Gly,-0.0553358714773309
urn:mavedb:00000057-c-1#2205,,,p.Thr143Gly,-0.274669153655906
urn:mavedb:00000057-c-1#2206,,,p.Glu142Gly,-0.3688722357637971
urn:mavedb:00000057-c-1#2207,,,p.Ile141Gly,-0.599287726507995
urn:mavedb:00000057-c-1#2208,,,p.Tyr140Gly,-0.6794150666830819
urn:mavedb:00000057-c-1#2209,,,p.Pro139Gly,-0.184497248939024
urn:mavedb:00000057-c-1#2210,,,p.Ile138Gly,-0.564587322603898
urn:mavedb:00000057-c-1#2211,,,p.Gly137=,0.0
urn:mavedb:00000057-c-1#2212,,,p.Tyr136Gly,-0.133058118937046
urn:mavedb:00000057-c-1#2213,,,p.Ser135Gly,-0.112842727131818
urn:mavedb:00000057-c-1#2214,,,p.Arg134Gly,-0.276433248110605
urn:mavedb:00000057-c-1#2215,,,p.Ala133Gly,-0.571564698742496
urn:mavedb:00000057-c-1#2216,,,p.Leu132Gly,-0.535067670061591
urn:mavedb:00000057-c-1#2217,,,p.Asp131Gly,-0.136580026803844
urn:mavedb:00000057-c-1#2218,,,p.Gln130Gly,-0.126242833690424
urn:mavedb:00000057-c-1#2219,,,p.Ala129Gly,0.1952691061296389
urn:mavedb:00000057-c-1#2220,,,p.Gln128Gly,-0.242684701279645
urn:mavedb:00000057-c-1#2221,,,p.Arg127Gly,-0.0723249171517517
urn:mavedb:00000057-c-1#2222,,,p.Ser126Gly,-0.0586651861148011
urn:mavedb:00000057-c-1#2223,,,p.Glu125Gly,-0.137298128336863
urn:mavedb:00000057-c-1#2224,,,p.Val124Gly,-0.306466500910316
urn:mavedb:00000057-c-1#2225,,,p.Thr123Gly,-0.0517342208542406
urn:mavedb:00000057-c-1#2226,,,p.Arg122Gly,-0.05096984838672
urn:mavedb:00000057-c-1#2227,,,p.Ala121Gly,-0.0556218496449297
urn:mavedb:00000057-c-1#2228,,,p.Ala120Gly,-0.0027900406483967
urn:mavedb:00000057-c-1#2229,,,p.Leu119Gly,0.0767738401340119
urn:mavedb:00000057-c-1#2230,,,p.Asp118Gly,-0.392625571236771
urn:mavedb:00000057-c-1#2231,,,p.Cys117Gly,-0.0768147745147647
urn:mavedb:00000057-c-1#2232,,,p.Lys116Gly,0.170082890865324
urn:mavedb:00000057-c-1#2233,,,p.Asn115Gly,-0.212711478243526
urn:mavedb:00000057-c-1#2234,,,p.Gly114=,0.0
urn:mavedb:00000057-c-1#2235,,,p.Val113Gly,-0.66567209697895
urn:mavedb:00000057-c-1#2236,,,p.Leu112Gly,-0.5653816615818961
urn:mavedb:00000057-c-1#2237,,,p.Val111Gly,-0.754128501469027
urn:mavedb:00000057-c-1#2238,,,p.Met110Gly,-0.7950390939235941
urn:mavedb:00000057-c-1#2239,,,p.Pro109Gly,-0.5064142447022371
urn:mavedb:00000057-c-1#2240,,,p.Val108Gly,-0.573352318882662
urn:mavedb:00000057-c-1#2241,,,p.Asp107Gly,-0.0903288267212461
urn:mavedb:00000057-c-1#2242,,,p.Asp106Gly,-0.131499784008818
urn:mavedb:00000057-c-1#2243,,,p.Ser105Gly,-0.0268475030905433
urn:mavedb:00000057-c-1#2244,,,p.Asp104Gly,0.0114517244666608
urn:mavedb:00000057-c-1#2245,,,p.Lys103Gly,-0.437636039877911
urn:mavedb:00000057-c-1#2246,,,p.Val102Gly,-0.35723042303148
urn:mavedb:00000057-c-1#2247,,,p.Arg101Gly,-0.436501714024665
urn:mavedb:00000057-c-1#2248,,,p.Lys100Gly,-0.298124258999444
urn:mavedb:00000057-c-1#2249,,,p.Ile99Gly,-0.516863608053825
urn:mavedb:00000057-c-1#2250,,,p.Gln98Gly,-0.186022649645599
urn:mavedb:00000057-c-1#2251,,,p.Glu97Gly,-0.376866636026431
urn:mavedb:00000057-c-1#2252,,,p.Arg96Gly,-0.352153718947545
urn:mavedb:00000057-c-1#2253,,,p.Tyr95Gly,-0.279858158919447
urn:mavedb:00000057-c-1#2254,,,p.Gln94Gly,-0.153381342054332
urn:mavedb:00000057-c-1#2255,,,p.His93Gly,-0.082833119279462
urn:mavedb:00000057-c-1#2256,,,p.Ile92Gly,-0.7300461190816591
urn:mavedb:00000057-c-1#2257,,,p.Asp91Gly,0.0199629758729174
urn:mavedb:00000057-c-1#2258,,,p.Glu90Gly,-0.119333091928428
urn:mavedb:00000057-c-1#2259,,,p.Phe89Gly,-0.193308534472786
urn:mavedb:00000057-c-1#2260,,,p.Ser88Gly,-0.167365331742628
urn:mavedb:00000057-c-1#2261,,,p.Lys87Gly,-0.360677633915906
urn:mavedb:00000057-c-1#2262,,,p.Thr86Gly,-0.0981327616674925
urn:mavedb:00000057-c-1#2263,,,p.Asn85Gly,-0.174573929532643
urn:mavedb:00000057-c-1#2264,,,p.Asn84Gly,0.0391994204422119
urn:mavedb:00000057-c-1#2265,,,p.Ile83Gly,-0.0103120534207679
urn:mavedb:00000057-c-1#2266,,,p.Ala82Gly,-0.0537266669752239
urn:mavedb:00000057-c-1#2267,,,p.Phe81Gly,-0.300058671942151
urn:mavedb:00000057-c-1#2268,,,p.Val80Gly,-0.7375132535615601
urn:mavedb:00000057-c-1#2269,,,p.Cys79Gly,-0.467883092507202
urn:mavedb:00000057-c-1#2270,,,p.Leu78Gly,-0.8930981876378141
urn:mavedb:00000057-c-1#2271,,,p.Phe77Gly,-0.7804579134152009
urn:mavedb:00000057-c-1#2272,,,p.Gly76=,0.0
urn:mavedb:00000057-c-1#2273,,,p.Glu75Gly,-0.240921685172004
urn:mavedb:00000057-c-1#2274,,,p.Gly74=,0.0
urn:mavedb:00000057-c-1#2275,,,p.Thr73Gly,-0.0468298088866965
urn:mavedb:00000057-c-1#2276,,,p.Arg72Gly,-0.186234170963955
urn:mavedb:00000057-c-1#2277,,,p.Met71Gly,-0.563773413087665
urn:mavedb:00000057-c-1#2278,,,p.Tyr70Gly,-0.591072279394744
urn:mavedb:00000057-c-1#2279,,,p.Gln69Gly,-0.124621852978562
urn:mavedb:00000057-c-1#2280,,,p.Asp68Gly,-0.363139612908717
urn:mavedb:00000057-c-1#2281,,,p.Arg67Gly,-0.141210204576505
urn:mavedb:00000057-c-1#2282,,,p.Met66Gly,-0.1198630182299119
urn:mavedb:00000057-c-1#2283,,,p.Ala65Gly,0.0125390105667031
urn:mavedb:00000057-c-1#2284,,,p.Ser64Gly,0.284266234209269
urn:mavedb:00000057-c-1#2285,,,p.Tyr63Gly,-0.0346355434565311
urn:mavedb:00000057-c-1#2286,,,p.Glu62Gly,-0.0355434128401582
urn:mavedb:00000057-c-1#2287,,,p.Glu61Gly,-0.109416261766761
urn:mavedb:00000057-c-1#2288,,,p.Gln60Gly,0.0332046551493355
urn:mavedb:00000057-c-1#2289,,,p.Gly59=,0.0
urn:mavedb:00000057-c-1#2290,,,p.Ala58Gly,-0.0339403317432696
urn:mavedb:00000057-c-1#2291,,,p.Thr57Gly,-0.5132064147550209
urn:mavedb:00000057-c-1#2292,,,p.Asp56Gly,-1.08625667053647
urn:mavedb:00000057-c-1#2293,,,p.Leu55Gly,-0.131436512459389
urn:mavedb:00000057-c-1#2294,,,p.Ile54Gly,-0.325844295465607
urn:mavedb:00000057-c-1#2295,,,p.Asp53Gly,-0.348061794108407
urn:mavedb:00000057-c-1#2296,,,p.Leu52Gly,-0.437981870748047
urn:mavedb:00000057-c-1#2297,,,p.Leu51Gly,-0.11549002169524
urn:mavedb:00000057-c-1#2298,,,p.Cys50Gly,-0.107944714657074
urn:mavedb:00000057-c-1#2299,,,p.Thr49Gly,-0.0311043533574977
urn:mavedb:00000057-c-1#2300,,,p.Glu48Gly,-0.201858438311979
urn:mavedb:00000057-c-1#2301,,,p.Gly47=,0.0
urn:mavedb:00000057-c-1#2302,,,p.Asp46Gly,-0.0880437994255721
urn:mavedb:00000057-c-1#2303,,,p.Ile45Gly,-0.236012688887904
urn:mavedb:00000057-c-1#2304,,,p.Val44Gly,-0.0377229993265087
urn:mavedb:00000057-c-1#2305,,,p.Val43Gly,-0.21830016601516
urn:mavedb:00000057-c-1#2306,,,p.Gln42Gly,-0.0758218889395443
urn:mavedb:00000057-c-1#2307,,,p.Lys41Gly,-0.0659709976855321
urn:mavedb:00000057-c-1#2308,,,p.Arg40Gly,-0.207368757427137
urn:mavedb:00000057-c-1#2309,,,p.Tyr39Gly,-0.6388172607106241
urn:mavedb:00000057-c-1#2310,,,p.Ser38Gly,-0.0627549370988976
urn:mavedb:00000057-c-1#2311,,,p.Asp37Gly,-0.4387243679329229
urn:mavedb:00000057-c-1#2312,,,p.Glu36Gly,-0.3679277712596071
urn:mavedb:00000057-c-1#2313,,,p.Ile35Gly,-0.7015574137895619
urn:mavedb:00000057-c-1#2314,,,p.Thr34Gly,-0.597128141907182
urn:mavedb:00000057-c-1#2315,,,p.Pro33Gly,-0.463943907644395
urn:mavedb:00000057-c-1#2316,,,p.Asp32Gly,-0.267998649745925
urn:mavedb:00000057-c-1#2317,,,p.Tyr31Gly,-0.3727443795146639
urn:mavedb:00000057-c-1#2318,,,p.Glu30Gly,-0.201743160190986
urn:mavedb:00000057-c-1#2319,,,p.Asp29Gly,-0.0123076460055911
urn:mavedb:00000057-c-1#2320,,,p.Val28Gly,-0.250420698784106
urn:mavedb:00000057-c-1#2321,,,p.Phe27Gly,-0.380766739240671
urn:mavedb:00000057-c-1#2322,,,p.His26Gly,0.0091258055861998
urn:mavedb:00000057-c-1#2323,,,p.Asn25Gly,-0.0834975359954338
urn:mavedb:00000057-c-1#2324,,,p.Gln24Gly,0.1473181397993949
urn:mavedb:00000057-c-1#2325,,,p.Ile23Gly,0.0739766291524902
urn:mavedb:00000057-c-1#2326,,,p.Leu22Gly,-0.0990631318797279
urn:mavedb:00000057-c-1#2327,,,p.Gln21Gly,-0.0120845136156011
urn:mavedb:00000057-c-1#2328,,,p.Ile20Gly,-0.362642975443359
urn:mavedb:00000057-c-1#2329,,,p.Thr19Gly,-0.0947205540475999
urn:mavedb:00000057-c-1#2330,,,p.Leu18Gly,-0.4766137064057971
urn:mavedb:00000057-c-1#2331,,,p.Ala17Gly,-0.0450840106838697
urn:mavedb:00000057-c-1#2332,,,p.Ser16Gly,-0.540311660081719
urn:mavedb:00000057-c-1#2333,,,p.Lys15Gly,-0.6672744135596059
urn:mavedb:00000057-c-1#2334,,,p.Gly14=,0.0
urn:mavedb:00000057-c-1#2335,,,p.Val13Gly,-0.105277496192941
urn:mavedb:00000057-c-1#2336,,,p.Gly12=,0.0
urn:mavedb:00000057-c-1#2337,,,p.Gly11=,0.0
urn:mavedb:00000057-c-1#2338,,,p.Ala10Gly,-0.0542716701757522
urn:mavedb:00000057-c-1#2339,,,p.Gly9=,0.0
urn:mavedb:00000057-c-1#2340,,,p.Val8Gly,-0.383996396596797
urn:mavedb:00000057-c-1#2341,,,p.Val7Gly,-0.4028675867026329
urn:mavedb:00000057-c-1#2342,,,p.Val6Gly,-0.403869169856404
urn:mavedb:00000057-c-1#2343,,,p.Leu5Gly,-0.6472014017300091
urn:mavedb:00000057-c-1#2344,,,p.Lys4Gly,-0.214120048844725
urn:mavedb:00000057-c-1#2345,,,p.Tyr3Gly,-0.347575539128895
urn:mavedb:00000057-c-1#2346,,,p.Glu2Gly,-0.43084695654789
urn:mavedb:00000057-c-1#2347,,,p.Thr1Gly,-0.1807520703327049
urn:mavedb:00000057-c-1#2348,,,p.His165Phe,-0.0402036625472944
urn:mavedb:00000057-c-1#2349,,,p.Gln164Phe,-0.13875644172881
urn:mavedb:00000057-c-1#2350,,,p.Arg163Phe,-0.127449805344725
urn:mavedb:00000057-c-1#2351,,,p.Ile162Phe,-0.0504011404748701
urn:mavedb:00000057-c-1#2352,,,p.Glu161Phe,-0.147853402273906
urn:mavedb:00000057-c-1#2353,,,p.Arg160Phe,-0.473489359667671
urn:mavedb:00000057-c-1#2354,,,p.Val159Phe,-0.441811095984192
urn:mavedb:00000057-c-1#2355,,,p.Leu158Phe,-0.7055639355447472
urn:mavedb:00000057-c-1#2356,,,p.Thr157Phe,-0.0996156070975411
urn:mavedb:00000057-c-1#2357,,,p.Thr147Phe,-0.162095092776427
urn:mavedb:00000057-c-1#2358,,,p.Lys146Phe,0.257749958690409
urn:mavedb:00000057-c-1#2359,,,p.Ala145Phe,-0.724271948980352
urn:mavedb:00000057-c-1#2360,,,p.Ser144Phe,-0.340226620767473
urn:mavedb:00000057-c-1#2361,,,p.Thr143Phe,-0.5218512090016499
urn:mavedb:00000057-c-1#2362,,,p.Glu142Phe,-0.6009476812097551
urn:mavedb:00000057-c-1#2363,,,p.Ile141Phe,-0.3714027825457439
urn:mavedb:00000057-c-1#2364,,,p.Tyr140Phe,-0.2009807007080089
urn:mavedb:00000057-c-1#2365,,,p.Pro139Phe,-0.4160635341497229
urn:mavedb:00000057-c-1#2366,,,p.Ile138Phe,-0.5425935840250321
urn:mavedb:00000057-c-1#2367,,,p.Gly137Phe,-0.467022010287524
urn:mavedb:00000057-c-1#2368,,,p.Tyr136Phe,-0.0724711742301336
urn:mavedb:00000057-c-1#2369,,,p.Ser135Phe,-0.111544216369766
urn:mavedb:00000057-c-1#2370,,,p.Arg134Phe,-0.311524774505875
urn:mavedb:00000057-c-1#2371,,,p.Ala133Phe,-0.376591693199297
urn:mavedb:00000057-c-1#2372,,,p.Leu132Phe,-0.120805642019223
urn:mavedb:00000057-c-1#2373,,,p.Asp131Phe,0.0
urn:mavedb:00000057-c-1#2374,,,p.Gln130Phe,0.0165899406178505
urn:mavedb:00000057-c-1#2375,,,p.Ala129Phe,-0.0217756747930669
urn:mavedb:00000057-c-1#2376,,,p.Gln128Phe,-0.0892283848724134
urn:mavedb:00000057-c-1#2377,,,p.Arg127Phe,-0.13036266105111
urn:mavedb:00000057-c-1#2378,,,p.Ser126Phe,0.0406199924631228
urn:mavedb:00000057-c-1#2379,,,p.Glu125Phe,-0.0743781048932697
urn:mavedb:00000057-c-1#2380,,,p.Val124Phe,-0.246717406248685
urn:mavedb:00000057-c-1#2381,,,p.Thr123Phe,-0.898281809004343
urn:mavedb:00000057-c-1#2382,,,p.Arg122Phe,0.331311293042778
urn:mavedb:00000057-c-1#2383,,,p.Ala121Phe,-0.259937151065544
urn:mavedb:00000057-c-1#2384,,,p.Ala120Phe,-0.1508726247719169
urn:mavedb:00000057-c-1#2385,,,p.Leu119Phe,-0.184699506906806
urn:mavedb:00000057-c-1#2386,,,p.Asp118Phe,-0.622637926018636
urn:mavedb:00000057-c-1#2387,,,p.Cys117Phe,-0.15102005008764
urn:mavedb:00000057-c-1#2388,,,p.Lys116Phe,0.199172595038029
urn:mavedb:00000057-c-1#2389,,,p.Asn115Phe,-0.385342817298785
urn:mavedb:00000057-c-1#2390,,,p.Gly114Phe,-0.663779285149652
urn:mavedb:00000057-c-1#2391,,,p.Val113Phe,-1.58912040796307
urn:mavedb:00000057-c-1#2392,,,p.Leu112Phe,-0.451391406394599
urn:mavedb:00000057-c-1#2393,,,p.Val111Phe,0.0
urn:mavedb:00000057-c-1#2394,,,p.Met110Phe,0.0289101109246066
urn:mavedb:00000057-c-1#2395,,,p.Pro109Phe,-0.31915587140655
urn:mavedb:00000057-c-1#2396,,,p.Val108Phe,0.0788957263201595
urn:mavedb:00000057-c-1#2397,,,p.Asp107Phe,-0.0298880941018094
urn:mavedb:00000057-c-1#2398,,,p.Asp106Phe,-0.294949866654717
urn:mavedb:00000057-c-1#2399,,,p.Ser105Phe,-0.0808706326967505
urn:mavedb:00000057-c-1#2400,,,p.Asp104Phe,-0.0555861452041775
urn:mavedb:00000057-c-1#2401,,,p.Lys103Phe,0.0621785553686722
urn:mavedb:00000057-c-1#2402,,,p.Val102Phe,-0.0915964927745081
urn:mavedb:00000057-c-1#2403,,,p.Arg101Phe,-0.262688298476151
urn:mavedb:00000057-c-1#2404,,,p.Lys100Phe,-0.35603340516763
urn:mavedb:00000057-c-1#2405,,,p.Ile99Phe,-0.35038390483095
urn:mavedb:00000057-c-1#2406,,,p.Gln98Phe,-0.0031851160109102
urn:mavedb:00000057-c-1#2407,,,p.Glu97Phe,-0.268455589313501
urn:mavedb:00000057-c-1#2408,,,p.Arg96Phe,-0.12262093753002
urn:mavedb:00000057-c-1#2409,,,p.Tyr95Phe,-0.192345310682762
urn:mavedb:00000057-c-1#2410,,,p.Gln94Phe,0.0543055940855006
urn:mavedb:00000057-c-1#2411,,,p.His93Phe,-0.179574766036768
urn:mavedb:00000057-c-1#2412,,,p.Leu5Ile,-0.107836906390844
urn:mavedb:00000057-c-1#2413,,,p.Lys4Ile,-0.4400342710362059
urn:mavedb:00000057-c-1#2414,,,p.Tyr3Ile,-0.22267530858334
urn:mavedb:00000057-c-1#2415,,,p.Glu2Ile,-0.159334040183643
urn:mavedb:00000057-c-1#2416,,,p.Thr1Ile,-0.1199174486705449
urn:mavedb:00000057-c-1#2417,,,p.His165=,0.0
urn:mavedb:00000057-c-1#2418,,,p.Gln164His,-0.180029827863558
urn:mavedb:00000057-c-1#2419,,,p.Arg163His,-0.000440228795193
urn:mavedb:00000057-c-1#2420,,,p.Ile162His,-0.204680970217647
urn:mavedb:00000057-c-1#2421,,,p.Glu161His,-0.133131508822436
urn:mavedb:00000057-c-1#2422,,,p.Arg160His,-0.0520269673834384
urn:mavedb:00000057-c-1#2423,,,p.Val159His,-0.63967589630848
urn:mavedb:00000057-c-1#2424,,,p.Leu158His,-0.8663109958604759
urn:mavedb:00000057-c-1#2425,,,p.Thr157His,0.0256856281794096
urn:mavedb:00000057-c-1#2426,,,p.Tyr156His,0.0036478103248927
urn:mavedb:00000057-c-1#2427,,,p.Phe155His,-1.53655327512322
urn:mavedb:00000057-c-1#2428,,,p.Ala154His,-0.5516755708414129
urn:mavedb:00000057-c-1#2429,,,p.Asp153His,-0.130653130366099
urn:mavedb:00000057-c-1#2430,,,p.Glu152His,-0.0589499305252095
urn:mavedb:00000057-c-1#2431,,,p.Val151His,0.075122978938089
urn:mavedb:00000057-c-1#2432,,,p.Gly150His,-0.0251271839061225
urn:mavedb:00000057-c-1#2433,,,p.Gln149His,-0.0086296118522939
urn:mavedb:00000057-c-1#2434,,,p.Arg148His,0.5979853148898101
urn:mavedb:00000057-c-1#2435,,,p.Thr147His,-0.135522726152483
urn:mavedb:00000057-c-1#2436,,,p.Lys146His,0.0138328996564658
urn:mavedb:00000057-c-1#2437,,,p.Ala145His,-0.588602980017726
urn:mavedb:00000057-c-1#2438,,,p.Ser144His,-0.088009158030079
urn:mavedb:00000057-c-1#2439,,,p.Thr143His,-0.757332770384091
urn:mavedb:00000057-c-1#2440,,,p.Glu142His,-0.304638123031573
urn:mavedb:00000057-c-1#2441,,,p.Ile141His,-0.252906984091472
urn:mavedb:00000057-c-1#2442,,,p.Tyr140His,-0.43978795122892
urn:mavedb:00000057-c-1#2443,,,p.Pro139His,-0.02351451661768
urn:mavedb:00000057-c-1#2444,,,p.Ile138His,-0.5356873911113
urn:mavedb:00000057-c-1#2445,,,p.Gly137His,-1.10609596358448
urn:mavedb:00000057-c-1#2446,,,p.Tyr136His,-0.192778619317466
urn:mavedb:00000057-c-1#2447,,,p.Ser135His,-0.0865751852362406
urn:mavedb:00000057-c-1#2448,,,p.Arg134His,-0.0331319188122972
urn:mavedb:00000057-c-1#2449,,,p.Ala133His,-0.4821294641564389
urn:mavedb:00000057-c-1#2450,,,p.Leu132His,-0.0671693374441369
urn:mavedb:00000057-c-1#2451,,,p.Asp131His,-0.0415438019908705
urn:mavedb:00000057-c-1#2452,,,p.Gln130His,-0.200922411619638
urn:mavedb:00000057-c-1#2453,,,p.Ala129His,-0.167231646057548
urn:mavedb:00000057-c-1#2454,,,p.Gln128His,-0.153029527950029
urn:mavedb:00000057-c-1#2455,,,p.Arg127His,-0.151749268901901
urn:mavedb:00000057-c-1#2456,,,p.Ser126His,0.0328429505729819
urn:mavedb:00000057-c-1#2457,,,p.Glu125His,-0.20998103380401
urn:mavedb:00000057-c-1#2458,,,p.Val124His,-0.212110396480785
urn:mavedb:00000057-c-1#2459,,,p.Thr123His,-0.115565449343228
urn:mavedb:00000057-c-1#2460,,,p.Arg122His,0.0065866379345096
urn:mavedb:00000057-c-1#2461,,,p.Ala121His,-0.0631082319887746
urn:mavedb:00000057-c-1#2462,,,p.Ala120His,-0.028737967480662
urn:mavedb:00000057-c-1#2463,,,p.Leu119His,-0.164373525982593
urn:mavedb:00000057-c-1#2464,,,p.Asp118His,-0.778990396600534
urn:mavedb:00000057-c-1#2465,,,p.Cys117His,-0.13556226457973
urn:mavedb:00000057-c-1#2466,,,p.Lys116His,0.0809399035045131
urn:mavedb:00000057-c-1#2467,,,p.Asn115His,-0.004666395596379
urn:mavedb:00000057-c-1#2468,,,p.Gly114His,-0.92193494738058
urn:mavedb:00000057-c-1#2469,,,p.Val113His,-1.12409224640703
urn:mavedb:00000057-c-1#2470,,,p.Leu112His,-0.6187882433577601
urn:mavedb:00000057-c-1#2471,,,p.Val111His,-0.822215945229003
urn:mavedb:00000057-c-1#2472,,,p.Met110His,-1.4040979974206105
urn:mavedb:00000057-c-1#2473,,,p.Pro109His,-0.155148370478644
urn:mavedb:00000057-c-1#2474,,,p.Val108His,-0.2129316366503179
urn:mavedb:00000057-c-1#2475,,,p.Asp107His,0.0326358763839691
urn:mavedb:00000057-c-1#2476,,,p.Asp106His,-0.101425952397623
urn:mavedb:00000057-c-1#2477,,,p.Ser105His,-0.201460089730153
urn:mavedb:00000057-c-1#2478,,,p.Asp104His,-0.0800530801293069
urn:mavedb:00000057-c-1#2479,,,p.Lys103His,-0.0655025369254572
urn:mavedb:00000057-c-1#2480,,,p.Val102His,-0.864716634777403
urn:mavedb:00000057-c-1#2481,,,p.Arg101His,-0.919813502739058
urn:mavedb:00000057-c-1#2482,,,p.Lys100His,-0.131754111119026
urn:mavedb:00000057-c-1#2483,,,p.Ile99His,-0.6077184200375121
urn:mavedb:00000057-c-1#2484,,,p.Gln98His,-0.149597479988831
urn:mavedb:00000057-c-1#2485,,,p.Glu97His,-0.12246587554986
urn:mavedb:00000057-c-1#2486,,,p.Arg96His,-0.6403447865592521
urn:mavedb:00000057-c-1#2487,,,p.Tyr95His,-0.234290071598557
urn:mavedb:00000057-c-1#2488,,,p.Gln94His,0.0642827686959608
urn:mavedb:00000057-c-1#2489,,,p.His93=,0.0
urn:mavedb:00000057-c-1#2490,,,p.Ile92His,-0.819114002743547
urn:mavedb:00000057-c-1#2491,,,p.Asp91His,-0.100046755704891
urn:mavedb:00000057-c-1#2492,,,p.Glu90His,-0.0692811103151025
urn:mavedb:00000057-c-1#2493,,,p.Phe89His,-0.0996449233279004
urn:mavedb:00000057-c-1#2494,,,p.Ser88His,-0.243222997481415
urn:mavedb:00000057-c-1#2495,,,p.Lys87His,-0.304546140294566
urn:mavedb:00000057-c-1#2496,,,p.Thr86His,0.0387860291059188
urn:mavedb:00000057-c-1#2497,,,p.Asn85His,-0.275665990072231
urn:mavedb:00000057-c-1#2498,,,p.Asn84His,0.0557284969681864
urn:mavedb:00000057-c-1#2499,,,p.Ile83His,0.0446731596259997
urn:mavedb:00000057-c-1#2500,,,p.Ala82His,-0.1133622184609619
urn:mavedb:00000057-c-1#2501,,,p.Phe81His,-0.5189942946445321
urn:mavedb:00000057-c-1#2502,,,p.Val80His,-0.541421185562599
urn:mavedb:00000057-c-1#2503,,,p.Cys79His,-0.5750348176198039
urn:mavedb:00000057-c-1#2504,,,p.Leu78His,-0.6698675266270361
urn:mavedb:00000057-c-1#2505,,,p.Phe77His,-0.7993112981621601
urn:mavedb:00000057-c-1#2506,,,p.Gly76His,-0.378285169066438
urn:mavedb:00000057-c-1#2507,,,p.Glu75His,-0.247639255942124
urn:mavedb:00000057-c-1#2508,,,p.Gly74His,-0.5982954166740899
urn:mavedb:00000057-c-1#2509,,,p.Thr73His,-7.13434448107453e-05
urn:mavedb:00000057-c-1#2510,,,p.Arg72His,-0.262173140122778
urn:mavedb:00000057-c-1#2511,,,p.Met71His,-0.27452352243066
urn:mavedb:00000057-c-1#2512,,,p.Tyr70His,-0.4968971983486629
urn:mavedb:00000057-c-1#2513,,,p.Gln69His,-0.209611352128786
urn:mavedb:00000057-c-1#2514,,,p.Asp68His,-0.144723917972933
urn:mavedb:00000057-c-1#2515,,,p.Arg67His,-0.92830196239298
urn:mavedb:00000057-c-1#2516,,,p.Met66His,-0.328870646260604
urn:mavedb:00000057-c-1#2517,,,p.Ala65His,-0.196486469171386
urn:mavedb:00000057-c-1#2518,,,p.Ser64His,0.036089078720553
urn:mavedb:00000057-c-1#2519,,,p.Tyr63His,-0.0652424145016373
urn:mavedb:00000057-c-1#2520,,,p.Glu62His,0.2959362950871539
urn:mavedb:00000057-c-1#2521,,,p.Glu61His,0.0113785545907188
urn:mavedb:00000057-c-1#2522,,,p.Gln60His,0.0095294637397418
urn:mavedb:00000057-c-1#2523,,,p.Gly59His,-0.4033540687994399
urn:mavedb:00000057-c-1#2524,,,p.Ala58His,-0.592992802138297
urn:mavedb:00000057-c-1#2525,,,p.Thr57His,-0.2637112525757319
urn:mavedb:00000057-c-1#2526,,,p.Asp56His,-0.773073073603341
urn:mavedb:00000057-c-1#2527,,,p.Leu55His,-0.250654931409254
urn:mavedb:00000057-c-1#2528,,,p.Ile54His,-0.47496562483319
urn:mavedb:00000057-c-1#2529,,,p.Asp53His,-0.543284507569352
urn:mavedb:00000057-c-1#2530,,,p.Leu52His,-0.212312368141481
urn:mavedb:00000057-c-1#2531,,,p.Leu51His,-0.0168451719096883
urn:mavedb:00000057-c-1#2532,,,p.Cys50His,-0.153978914972044
urn:mavedb:00000057-c-1#2533,,,p.Thr49His,-0.0643851541462173
urn:mavedb:00000057-c-1#2534,,,p.Glu48His,-0.0254567900488361
urn:mavedb:00000057-c-1#2535,,,p.Gly47His,-0.101275811598693
urn:mavedb:00000057-c-1#2536,,,p.Asp46His,-0.149507740175361
urn:mavedb:00000057-c-1#2537,,,p.Ile45His,-0.0842520971288558
urn:mavedb:00000057-c-1#2538,,,p.Val44His,0.0054835247939892
urn:mavedb:00000057-c-1#2539,,,p.Val43His,0.0376545605878806
urn:mavedb:00000057-c-1#2540,,,p.Ile92Phe,-0.0004094097895914
urn:mavedb:00000057-c-1#2541,,,p.Asp91Phe,0.0958775913737153
urn:mavedb:00000057-c-1#2542,,,p.Glu90Phe,-0.0932636105438147
urn:mavedb:00000057-c-1#2543,,,p.Phe89=,0.0
urn:mavedb:00000057-c-1#2544,,,p.Ser88Phe,-0.210131856847399
urn:mavedb:00000057-c-1#2545,,,p.Lys87Phe,-0.1085880686679399
urn:mavedb:00000057-c-1#2546,,,p.Thr86Phe,-0.0433092157244452
urn:mavedb:00000057-c-1#2547,,,p.Asn85Phe,-0.239381707266316
urn:mavedb:00000057-c-1#2548,,,p.Asn84Phe,-0.7156978381072859
urn:mavedb:00000057-c-1#2549,,,p.Ile83Phe,-0.374389815420011
urn:mavedb:00000057-c-1#2550,,,p.Ala82Phe,-0.421736958137139
urn:mavedb:00000057-c-1#2551,,,p.Phe81=,0.0
urn:mavedb:00000057-c-1#2552,,,p.Val80Phe,-0.3514035107262689
urn:mavedb:00000057-c-1#2553,,,p.Cys79Phe,-0.0226759356073949
urn:mavedb:00000057-c-1#2554,,,p.Leu78Phe,-0.0159187336705608
urn:mavedb:00000057-c-1#2555,,,p.Phe77=,0.0
urn:mavedb:00000057-c-1#2556,,,p.Gly76Phe,0.0
urn:mavedb:00000057-c-1#2557,,,p.Glu75Phe,-0.277298540030048
urn:mavedb:00000057-c-1#2558,,,p.Gly74Phe,-0.983165156415814
urn:mavedb:00000057-c-1#2559,,,p.Thr73Phe,-0.0080502587346766
urn:mavedb:00000057-c-1#2560,,,p.Arg72Phe,-0.637060716439245
urn:mavedb:00000057-c-1#2561,,,p.Met71Phe,-0.26510827729109
urn:mavedb:00000057-c-1#2562,,,p.Tyr70Phe,-0.0082404600239232
urn:mavedb:00000057-c-1#2563,,,p.Gln69Phe,-0.327580216769916
urn:mavedb:00000057-c-1#2564,,,p.Asp68Phe,-0.144723917972933
urn:mavedb:00000057-c-1#2565,,,p.Arg67Phe,-0.295464326541777
urn:mavedb:00000057-c-1#2566,,,p.Met66Phe,-0.670667469469952
urn:mavedb:00000057-c-1#2567,,,p.Ala65Phe,-0.663214358560434
urn:mavedb:00000057-c-1#2568,,,p.Ser64Phe,-0.20442728772153
urn:mavedb:00000057-c-1#2569,,,p.Tyr63Phe,-0.300992644810061
urn:mavedb:00000057-c-1#2570,,,p.Glu62Phe,0.369315559503987
urn:mavedb:00000057-c-1#2571,,,p.Glu61Phe,0.266932283958318
urn:mavedb:00000057-c-1#2572,,,p.Gln60Phe,0.0122090038555467
urn:mavedb:00000057-c-1#2573,,,p.Gly59Phe,-0.464799291442917
urn:mavedb:00000057-c-1#2574,,,p.Ala58Phe,-0.7552268503130071
urn:mavedb:00000057-c-1#2575,,,p.Thr57Phe,-0.5921033036967571
urn:mavedb:00000057-c-1#2576,,,p.Asp56Phe,-0.804572262627188
urn:mavedb:00000057-c-1#2577,,,p.Leu55Phe,-0.337531777292953
urn:mavedb:00000057-c-1#2578,,,p.Ile54Phe,-0.3336599120272249
urn:mavedb:00000057-c-1#2579,,,p.Asp53Phe,-0.305114156456109
urn:mavedb:00000057-c-1#2580,,,p.Leu52Phe,-0.097289568503979
urn:mavedb:00000057-c-1#2581,,,p.Leu51Phe,-0.263609799583551
urn:mavedb:00000057-c-1#2582,,,p.Cys50Phe,-0.0255489152458102
urn:mavedb:00000057-c-1#2583,,,p.Thr49Phe,-0.188079974707838
urn:mavedb:00000057-c-1#2584,,,p.Glu48Phe,0.0099652848271241
urn:mavedb:00000057-c-1#2585,,,p.Gly47Phe,-0.2986429169244569
urn:mavedb:00000057-c-1#2586,,,p.Asp46Phe,-0.112801497045121
urn:mavedb:00000057-c-1#2587,,,p.Ile45Phe,-0.0243455459391708
urn:mavedb:00000057-c-1#2588,,,p.Val44Phe,-0.3504925858023789
urn:mavedb:00000057-c-1#2589,,,p.Val43Phe,-0.0942834616579376
urn:mavedb:00000057-c-1#2590,,,p.Gln42Phe,-0.0171723904930469
urn:mavedb:00000057-c-1#2591,,,p.Lys41Phe,-0.286116411472184
urn:mavedb:00000057-c-1#2592,,,p.Arg40Phe,-0.122930274568358
urn:mavedb:00000057-c-1#2593,,,p.Tyr39Phe,-0.0399388824667559
urn:mavedb:00000057-c-1#2594,,,p.Ser38Phe,-0.316474994166157
urn:mavedb:00000057-c-1#2595,,,p.Asp37Phe,-0.511164860690898
urn:mavedb:00000057-c-1#2596,,,p.Glu36Phe,-0.162161744212064
urn:mavedb:00000057-c-1#2597,,,p.Ile35Phe,-0.278107179556379
urn:mavedb:00000057-c-1#2598,,,p.Thr34Phe,-0.4832603964090379
urn:mavedb:00000057-c-1#2599,,,p.Pro33Phe,-0.330841853231651
urn:mavedb:00000057-c-1#2600,,,p.Asp32Phe,-0.72980948594486
urn:mavedb:00000057-c-1#2601,,,p.Tyr31Phe,-0.277219704596991
urn:mavedb:00000057-c-1#2602,,,p.Glu30Phe,-0.0395393265049229
urn:mavedb:00000057-c-1#2603,,,p.Asp29Phe,-0.118520598909621
urn:mavedb:00000057-c-1#2604,,,p.Val28Phe,-0.0487555964240827
urn:mavedb:00000057-c-1#2605,,,p.Phe27=,0.0
urn:mavedb:00000057-c-1#2606,,,p.His26Phe,0.1702647579569019
urn:mavedb:00000057-c-1#2607,,,p.Asn25Phe,-0.170805548466353
urn:mavedb:00000057-c-1#2608,,,p.Gln24Phe,-0.4434869308450669
urn:mavedb:00000057-c-1#2609,,,p.Ile23Phe,0.0017650567268932
urn:mavedb:00000057-c-1#2610,,,p.Leu22Phe,-0.105783620965103
urn:mavedb:00000057-c-1#2611,,,p.Gln21Phe,-0.286006794155955
urn:mavedb:00000057-c-1#2612,,,p.Ile20Phe,-0.483174549370307
urn:mavedb:00000057-c-1#2613,,,p.Thr19Phe,-1.01176102330567
urn:mavedb:00000057-c-1#2614,,,p.Leu18Phe,0.0703353605252184
urn:mavedb:00000057-c-1#2615,,,p.Ala17Phe,-1.05483542771064
urn:mavedb:00000057-c-1#2616,,,p.Ser16Phe,-0.3772517278970529
urn:mavedb:00000057-c-1#2617,,,p.Lys15Phe,-0.35796923583951
urn:mavedb:00000057-c-1#2618,,,p.Gly14Phe,-0.7602135788483121
urn:mavedb:00000057-c-1#2619,,,p.Val13Phe,-0.8854909326374001
urn:mavedb:00000057-c-1#2620,,,p.Gly12Phe,-0.0726158613858685
urn:mavedb:00000057-c-1#2621,,,p.Gly11Phe,-0.063572384872497
urn:mavedb:00000057-c-1#2622,,,p.Ala10Phe,-0.029439363004425
urn:mavedb:00000057-c-1#2623,,,p.Gly9Phe,-0.6512107915366421
urn:mavedb:00000057-c-1#2624,,,p.Val8Phe,-0.451073798133064
urn:mavedb:00000057-c-1#2625,,,p.Val7Phe,-0.604241271178637
urn:mavedb:00000057-c-1#2626,,,p.Val6Phe,-0.2273548498561539
urn:mavedb:00000057-c-1#2627,,,p.Leu5Phe,-0.189501518937173
urn:mavedb:00000057-c-1#2628,,,p.Lys4Phe,-0.220115742996823
urn:mavedb:00000057-c-1#2629,,,p.Tyr3Phe,-0.2145448865674269
urn:mavedb:00000057-c-1#2630,,,p.Glu2Phe,-0.74843728042917
urn:mavedb:00000057-c-1#2631,,,p.Thr1Phe,-0.294178144799314
urn:mavedb:00000057-c-1#2632,,,p.His165Glu,-0.0146903959548437
urn:mavedb:00000057-c-1#2633,,,p.Gln164Glu,-0.0129260040756585
urn:mavedb:00000057-c-1#2634,,,p.Arg163Glu,-0.0510714237802918
urn:mavedb:00000057-c-1#2635,,,p.Ile162Glu,-0.67858118488888
urn:mavedb:00000057-c-1#2636,,,p.Glu161=,0.0
urn:mavedb:00000057-c-1#2637,,,p.Arg160Glu,-0.244019595031001
urn:mavedb:00000057-c-1#2638,,,p.Val159Glu,-1.12819012219918
urn:mavedb:00000057-c-1#2639,,,p.Leu158Glu,-0.7868894297476
urn:mavedb:00000057-c-1#2640,,,p.Thr157Glu,-0.201065103997447
urn:mavedb:00000057-c-1#2641,,,p.Tyr156Glu,0.0297069109739321
urn:mavedb:00000057-c-1#2642,,,p.Phe155Glu,-0.587485932934816
urn:mavedb:00000057-c-1#2643,,,p.Ala154Glu,-0.4327887910884879
urn:mavedb:00000057-c-1#2644,,,p.Asp153Glu,-0.0885450137995198
urn:mavedb:00000057-c-1#2645,,,p.Glu152=,0.0
urn:mavedb:00000057-c-1#2646,,,p.Val151Glu,-0.609160125641822
urn:mavedb:00000057-c-1#2647,,,p.Gly150Glu,-0.0521438911597525
urn:mavedb:00000057-c-1#2648,,,p.Gln149Glu,-0.0375008428868662
urn:mavedb:00000057-c-1#2649,,,p.Arg148Glu,-0.141331976507103
urn:mavedb:00000057-c-1#2650,,,p.Thr147Glu,0.0224438120422954
urn:mavedb:00000057-c-1#2651,,,p.Lys146Glu,-0.0504848128624045
urn:mavedb:00000057-c-1#2652,,,p.Ala145Glu,-1.27761941040325
urn:mavedb:00000057-c-1#2653,,,p.Ser144Glu,-0.118236108632384
urn:mavedb:00000057-c-1#2654,,,p.Thr143Glu,-1.1377983088439398
urn:mavedb:00000057-c-1#2655,,,p.Glu142=,0.0
urn:mavedb:00000057-c-1#2656,,,p.Ile141Glu,-0.177941177454644
urn:mavedb:00000057-c-1#2657,,,p.Tyr140Glu,-0.8022467119472271
urn:mavedb:00000057-c-1#2658,,,p.Pro139Glu,-0.0632847934280814
urn:mavedb:00000057-c-1#2659,,,p.Ile138Glu,-0.48198762873237
urn:mavedb:00000057-c-1#2660,,,p.Gly137Glu,-0.5731270688943381
urn:mavedb:00000057-c-1#2661,,,p.Tyr136Glu,-1.0887692468144
urn:mavedb:00000057-c-1#2662,,,p.Ser135Glu,-0.247353302434142
urn:mavedb:00000057-c-1#2663,,,p.Arg134Glu,-0.320501242037206
urn:mavedb:00000057-c-1#2664,,,p.Ala133Glu,-0.3866810612641769
urn:mavedb:00000057-c-1#2665,,,p.Leu132Glu,-0.635487594096866
urn:mavedb:00000057-c-1#2666,,,p.Asp131Glu,0.167125776699892
urn:mavedb:00000057-c-1#2667,,,p.Gln130Glu,0.0787212346627311
urn:mavedb:00000057-c-1#2668,,,p.Ala129Glu,-0.418781547419741
urn:mavedb:00000057-c-1#2669,,,p.Gln128Glu,-0.103936499704633
urn:mavedb:00000057-c-1#2670,,,p.Arg127Glu,-0.247118502476731
urn:mavedb:00000057-c-1#2671,,,p.Ser126Glu,0.0247079429639692
urn:mavedb:00000057-c-1#2672,,,p.Glu125=,0.0
urn:mavedb:00000057-c-1#2673,,,p.Val124Glu,-0.125646230294879
urn:mavedb:00000057-c-1#2674,,,p.Thr123Glu,0.0303097065739006
urn:mavedb:00000057-c-1#2675,,,p.Arg122Glu,-0.0374582004153783
urn:mavedb:00000057-c-1#2676,,,p.Ala121Glu,-0.332551854334649
urn:mavedb:00000057-c-1#2677,,,p.Ala120Glu,-0.0422866670576083
urn:mavedb:00000057-c-1#2678,,,p.Leu119Glu,-0.0102270231738346
urn:mavedb:00000057-c-1#2679,,,p.Asp118Glu,-0.0286979585116751
urn:mavedb:00000057-c-1#2680,,,p.Cys117Glu,-0.140372189000418
urn:mavedb:00000057-c-1#2681,,,p.Lys116Glu,-0.788208963276194
urn:mavedb:00000057-c-1#2682,,,p.Asn115Glu,0.0
urn:mavedb:00000057-c-1#2683,,,p.Gly114Glu,-0.4580736293907329
urn:mavedb:00000057-c-1#2684,,,p.Val113Glu,-0.7311304561809921
urn:mavedb:00000057-c-1#2685,,,p.Leu112Glu,-0.4532062570818089
urn:mavedb:00000057-c-1#2686,,,p.Val111Glu,-1.09414891728637
urn:mavedb:00000057-c-1#2687,,,p.Met110Glu,-0.8671146284568341
urn:mavedb:00000057-c-1#2688,,,p.Pro109Glu,-0.298451990947528
urn:mavedb:00000057-c-1#2689,,,p.Val108Glu,-0.7314780367400849
urn:mavedb:00000057-c-1#2690,,,p.Asp107Glu,-0.101897171177564
urn:mavedb:00000057-c-1#2691,,,p.Asp106Glu,-0.0912647776856936
urn:mavedb:00000057-c-1#2692,,,p.Ser105Glu,-0.214488933302446
urn:mavedb:00000057-c-1#2693,,,p.Asp104Glu,0.0521527599477876
urn:mavedb:00000057-c-1#2694,,,p.Lys103Glu,-0.1743983484258819
urn:mavedb:00000057-c-1#2695,,,p.Val102Glu,0.502602473305902
urn:mavedb:00000057-c-1#2696,,,p.Arg101Glu,-0.565927809730753
urn:mavedb:00000057-c-1#2697,,,p.Lys100Glu,-0.229714610941125
urn:mavedb:00000057-c-1#2698,,,p.Ile99Glu,-0.4923883746576359
urn:mavedb:00000057-c-1#2699,,,p.Gln98Glu,0.188216908390477
urn:mavedb:00000057-c-1#2700,,,p.Glu97=,0.0
urn:mavedb:00000057-c-1#2701,,,p.Gly59Glu,-0.504951290299967
urn:mavedb:00000057-c-1#2702,,,p.Ala58Glu,-0.12873921907249
urn:mavedb:00000057-c-1#2703,,,p.Thr57Glu,-0.660343642228888
urn:mavedb:00000057-c-1#2704,,,p.Asp56Glu,-0.682217899015441
urn:mavedb:00000057-c-1#2705,,,p.Leu55Glu,0.1227455581813909
urn:mavedb:00000057-c-1#2706,,,p.Ile54Glu,-1.33000033674036
urn:mavedb:00000057-c-1#2707,,,p.Asp53Glu,-0.0400025961402111
urn:mavedb:00000057-c-1#2708,,,p.Leu52Glu,-0.342045187729581
urn:mavedb:00000057-c-1#2709,,,p.Leu51Glu,0.2426823779818539
urn:mavedb:00000057-c-1#2710,,,p.Cys50Glu,-0.2229408500803139
urn:mavedb:00000057-c-1#2711,,,p.Thr49Glu,-0.185550768202422
urn:mavedb:00000057-c-1#2712,,,p.Glu48=,0.0
urn:mavedb:00000057-c-1#2713,,,p.Gly47Glu,-0.149473193854505
urn:mavedb:00000057-c-1#2714,,,p.Asp46Glu,0.0619583631006802
urn:mavedb:00000057-c-1#2715,,,p.Ile45Glu,-0.3541792333981239
urn:mavedb:00000057-c-1#2716,,,p.Val44Glu,0.0080028046811266
urn:mavedb:00000057-c-1#2717,,,p.Val43Glu,-0.253892249452821
urn:mavedb:00000057-c-1#2718,,,p.Gln42Glu,0.0086662024867492
urn:mavedb:00000057-c-1#2719,,,p.Lys41Glu,-0.308684091576885
urn:mavedb:00000057-c-1#2720,,,p.Arg40Glu,-0.9027887473040972
urn:mavedb:00000057-c-1#2721,,,p.Tyr39Glu,-0.572742410131888
urn:mavedb:00000057-c-1#2722,,,p.Ser38Glu,-0.357905781243681
urn:mavedb:00000057-c-1#2723,,,p.Asp37Glu,-0.723459931807312
urn:mavedb:00000057-c-1#2724,,,p.Glu36=,0.0
urn:mavedb:00000057-c-1#2725,,,p.Ile35Glu,-0.59365363265226
urn:mavedb:00000057-c-1#2726,,,p.Thr34Glu,-0.696629487596236
urn:mavedb:00000057-c-1#2727,,,p.Pro33Glu,-0.132914060704476
urn:mavedb:00000057-c-1#2728,,,p.Asp32Glu,0.0813264480680522
urn:mavedb:00000057-c-1#2729,,,p.Tyr31Glu,-0.5912659132782889
urn:mavedb:00000057-c-1#2730,,,p.Glu30=,0.0
urn:mavedb:00000057-c-1#2731,,,p.Asp29Glu,-0.0404732217427823
urn:mavedb:00000057-c-1#2732,,,p.Val28Glu,-0.0745660216183965
urn:mavedb:00000057-c-1#2733,,,p.Phe27Glu,-0.256103992343059
urn:mavedb:00000057-c-1#2734,,,p.His26Glu,-0.0080663743815314
urn:mavedb:00000057-c-1#2735,,,p.Asn25Glu,-0.107820400120603
urn:mavedb:00000057-c-1#2736,,,p.Gln24Glu,-0.473653070053289
urn:mavedb:00000057-c-1#2737,,,p.Ile23Glu,-0.147275703785757
urn:mavedb:00000057-c-1#2738,,,p.Leu22Glu,0.013626097221437
urn:mavedb:00000057-c-1#2739,,,p.Gln21Glu,-0.0678270117098467
urn:mavedb:00000057-c-1#2740,,,p.Ile20Glu,-0.504508382132173
urn:mavedb:00000057-c-1#2741,,,p.Thr19Glu,-0.197810659869856
urn:mavedb:00000057-c-1#2742,,,p.Leu18Glu,-0.30979500607835
urn:mavedb:00000057-c-1#2743,,,p.Ala17Glu,-0.515323898515479
urn:mavedb:00000057-c-1#2744,,,p.Ser16Glu,-0.7128407809662289
urn:mavedb:00000057-c-1#2745,,,p.Lys15Glu,-0.8485585411986228
urn:mavedb:00000057-c-1#2746,,,p.Gly14Glu,-1.01737555350449
urn:mavedb:00000057-c-1#2747,,,p.Val13Glu,-0.249460799485242
urn:mavedb:00000057-c-1#2748,,,p.Gly12Glu,-0.0009466913869056
urn:mavedb:00000057-c-1#2749,,,p.Gly11Glu,-0.169681393249705
urn:mavedb:00000057-c-1#2750,,,p.Ala10Glu,-0.387220752346781
urn:mavedb:00000057-c-1#2751,,,p.Gly9Glu,-0.285252925060477
urn:mavedb:00000057-c-1#2752,,,p.Val8Glu,-0.506824920218767
urn:mavedb:00000057-c-1#2753,,,p.Val7Glu,-0.256711093381565
urn:mavedb:00000057-c-1#2754,,,p.Val6Glu,-0.364585513419712
urn:mavedb:00000057-c-1#2755,,,p.Leu5Glu,-1.3174241621076002
urn:mavedb:00000057-c-1#2756,,,p.Tyr156Phe,-0.455594094441937
urn:mavedb:00000057-c-1#2757,,,p.Phe155=,0.0
urn:mavedb:00000057-c-1#2758,,,p.Ala154Phe,-1.47219122432343
urn:mavedb:00000057-c-1#2759,,,p.Asp153Phe,-0.5319903163943129
urn:mavedb:00000057-c-1#2760,,,p.Glu152Phe,-0.0955062508293778
urn:mavedb:00000057-c-1#2761,,,p.Val151Phe,-0.0344602256775255
urn:mavedb:00000057-c-1#2762,,,p.Gly150Phe,-0.204136524166923
urn:mavedb:00000057-c-1#2763,,,p.Gln149Phe,-0.389379460595849
urn:mavedb:00000057-c-1#2764,,,p.Arg148Phe,0.0276377876113005
urn:mavedb:00000057-c-1#2765,,,p.Lys4Glu,0.0488862039923308
urn:mavedb:00000057-c-1#2766,,,p.Tyr3Glu,-0.231106967424779
urn:mavedb:00000057-c-1#2767,,,p.Glu2=,0.0
urn:mavedb:00000057-c-1#2768,,,p.Thr1Glu,-0.2305249274367439
urn:mavedb:00000057-c-1#2769,,,p.His165Asp,0.0193483737803299
urn:mavedb:00000057-c-1#2770,,,p.Gln164Asp,0.0697928850311635
urn:mavedb:00000057-c-1#2771,,,p.Arg163Asp,-0.142376291384343
urn:mavedb:00000057-c-1#2772,,,p.Ile162Asp,-0.527414999433123
urn:mavedb:00000057-c-1#2773,,,p.Glu161Asp,-0.250455895718879
urn:mavedb:00000057-c-1#2774,,,p.Arg160Asp,-0.39529267959279
urn:mavedb:00000057-c-1#2775,,,p.Val159Asp,-0.694440141818874
urn:mavedb:00000057-c-1#2776,,,p.Leu158Asp,-0.8207259760252901
urn:mavedb:00000057-c-1#2777,,,p.Thr157Asp,-0.334985459859696
urn:mavedb:00000057-c-1#2778,,,p.Tyr156Asp,0.01859684241612
urn:mavedb:00000057-c-1#2779,,,p.Phe155Asp,-0.8148046053561041
urn:mavedb:00000057-c-1#2780,,,p.Ala154Asp,-0.701578178984181
urn:mavedb:00000057-c-1#2781,,,p.Asp153=,0.0
urn:mavedb:00000057-c-1#2782,,,p.Glu152Asp,-0.1697022946171379
urn:mavedb:00000057-c-1#2783,,,p.Val151Asp,-0.2730698688115969
urn:mavedb:00000057-c-1#2784,,,p.Gly150Asp,-0.0785744577164884
urn:mavedb:00000057-c-1#2785,,,p.Gln149Asp,-0.119483677388991
urn:mavedb:00000057-c-1#2786,,,p.Arg148Asp,0.0570918252199528
urn:mavedb:00000057-c-1#2787,,,p.Thr147Asp,0.021402485787543
urn:mavedb:00000057-c-1#2788,,,p.Lys146Asp,0.0613150936211089
urn:mavedb:00000057-c-1#2789,,,p.Ala145Asp,-0.542297527894802
urn:mavedb:00000057-c-1#2790,,,p.Ser144Asp,0.13171824644028
urn:mavedb:00000057-c-1#2791,,,p.Thr143Asp,-0.770160238185675
urn:mavedb:00000057-c-1#2792,,,p.Glu142Asp,-0.15418838671532
urn:mavedb:00000057-c-1#2793,,,p.Ile141Asp,-0.8964063941950341
urn:mavedb:00000057-c-1#2794,,,p.Tyr140Asp,-0.454902565132633
urn:mavedb:00000057-c-1#2795,,,p.Pro139Asp,-0.4263507752477479
urn:mavedb:00000057-c-1#2796,,,p.Ile138Asp,-0.311860403028203
urn:mavedb:00000057-c-1#2797,,,p.Gly137Asp,-0.153516523153199
urn:mavedb:00000057-c-1#2798,,,p.Tyr136Asp,-0.276957350017133
urn:mavedb:00000057-c-1#2799,,,p.Ser135Asp,-0.333470273939386
urn:mavedb:00000057-c-1#2800,,,p.Arg134Asp,-0.0798435388151373
urn:mavedb:00000057-c-1#2801,,,p.Ala133Asp,-0.313290200893793
urn:mavedb:00000057-c-1#2802,,,p.Leu132Asp,-0.476527904326011
urn:mavedb:00000057-c-1#2803,,,p.Asp131=,0.0
urn:mavedb:00000057-c-1#2804,,,p.Gln130Asp,-0.102205474941868
urn:mavedb:00000057-c-1#2805,,,p.Ala129Asp,-0.2715700072180789
urn:mavedb:00000057-c-1#2806,,,p.Gln128Asp,-0.0094460996596059
urn:mavedb:00000057-c-1#2807,,,p.Arg127Asp,0.0125184211033063
urn:mavedb:00000057-c-1#2808,,,p.Ser126Asp,-0.3804757281411849
urn:mavedb:00000057-c-1#2809,,,p.Glu125Asp,-0.0609033390396425
urn:mavedb:00000057-c-1#2810,,,p.Val124Asp,-0.0626682660380755
urn:mavedb:00000057-c-1#2811,,,p.Thr123Asp,0.0283442510486902
urn:mavedb:00000057-c-1#2812,,,p.Arg122Asp,-0.0649941174531161
urn:mavedb:00000057-c-1#2813,,,p.Ala121Asp,-0.0469638466272468
urn:mavedb:00000057-c-1#2814,,,p.Ala120Asp,-0.0700162176028216
urn:mavedb:00000057-c-1#2815,,,p.Leu119Asp,0.153696496830012
urn:mavedb:00000057-c-1#2816,,,p.Asp118=,0.0
urn:mavedb:00000057-c-1#2817,,,p.Cys117Asp,-0.352839867490803
urn:mavedb:00000057-c-1#2818,,,p.Lys116Asp,-0.375428782002551
urn:mavedb:00000057-c-1#2819,,,p.Asn115Asp,-0.390816958570634
urn:mavedb:00000057-c-1#2820,,,p.Gly114Asp,-0.654046363831935
urn:mavedb:00000057-c-1#2821,,,p.Val113Asp,-0.904659621264194
urn:mavedb:00000057-c-1#2822,,,p.Leu112Asp,-0.831563212998223
urn:mavedb:00000057-c-1#2823,,,p.Val111Asp,-0.768888295993659
urn:mavedb:00000057-c-1#2824,,,p.Met110Asp,-0.8272301610919591
urn:mavedb:00000057-c-1#2825,,,p.Pro109Asp,-0.617780841892093
urn:mavedb:00000057-c-1#2826,,,p.Val108Asp,-0.620759024159947
urn:mavedb:00000057-c-1#2827,,,p.Asp107=,0.0
urn:mavedb:00000057-c-1#2828,,,p.Asp106=,0.0
urn:mavedb:00000057-c-1#2829,,,p.Ser105Asp,-0.0330562842680724
urn:mavedb:00000057-c-1#2830,,,p.Asp104=,0.0
urn:mavedb:00000057-c-1#2831,,,p.Lys103Asp,-0.400528256713972
urn:mavedb:00000057-c-1#2832,,,p.Val102Asp,-0.3838652732099629
urn:mavedb:00000057-c-1#2833,,,p.Arg101Asp,-0.5668732600939921
urn:mavedb:00000057-c-1#2834,,,p.Lys100Asp,-0.2091709927638819
urn:mavedb:00000057-c-1#2835,,,p.Ile99Asp,-0.7588148978414699
urn:mavedb:00000057-c-1#2836,,,p.Gln98Asp,0.0232995418056554
urn:mavedb:00000057-c-1#2837,,,p.Glu97Asp,-0.0168509649186255
urn:mavedb:00000057-c-1#2838,,,p.Arg96Asp,-0.162970225064632
urn:mavedb:00000057-c-1#2839,,,p.Tyr95Asp,-0.420865184560961
urn:mavedb:00000057-c-1#2840,,,p.Gln94Asp,-0.288104194049284
urn:mavedb:00000057-c-1#2841,,,p.His93Asp,0.0163628634537734
urn:mavedb:00000057-c-1#2842,,,p.Ile92Asp,-0.7192309799084009
urn:mavedb:00000057-c-1#2843,,,p.Asp91=,0.0
urn:mavedb:00000057-c-1#2844,,,p.Glu90Asp,-0.156634525341884
urn:mavedb:00000057-c-1#2845,,,p.Phe89Asp,-0.400127342801302
urn:mavedb:00000057-c-1#2846,,,p.Ser88Asp,0.0435825702681685
urn:mavedb:00000057-c-1#2847,,,p.Lys87Asp,-0.0774965123362843
urn:mavedb:00000057-c-1#2848,,,p.Thr86Asp,-0.0334990064813581
urn:mavedb:00000057-c-1#2849,,,p.Asn85Asp,0.196399180266308
urn:mavedb:00000057-c-1#2850,,,p.Asn84Asp,0.167318406596663
urn:mavedb:00000057-c-1#2851,,,p.Ile83Asp,-0.270430768701332
urn:mavedb:00000057-c-1#2852,,,p.Ala82Asp,0.11575886502773
urn:mavedb:00000057-c-1#2853,,,p.Phe81Asp,-0.620842646974813
urn:mavedb:00000057-c-1#2854,,,p.Val80Asp,-0.986662812619433
urn:mavedb:00000057-c-1#2855,,,p.Cys79Asp,-1.0110554304307702
urn:mavedb:00000057-c-1#2856,,,p.Leu78Asp,-0.485292742616545
urn:mavedb:00000057-c-1#2857,,,p.Phe77Asp,-0.703879418372097
urn:mavedb:00000057-c-1#2858,,,p.Gly76Asp,-0.36571035656813
urn:mavedb:00000057-c-1#2859,,,p.Glu75Asp,-0.1007734339488069
urn:mavedb:00000057-c-1#2860,,,p.Gly74Asp,-0.521209222716926
urn:mavedb:00000057-c-1#2861,,,p.Thr73Asp,-0.0214557325934364
urn:mavedb:00000057-c-1#2862,,,p.Arg72Asp,-0.2751690186432249
urn:mavedb:00000057-c-1#2863,,,p.Met71Asp,0.009611172700354
urn:mavedb:00000057-c-1#2864,,,p.Tyr70Asp,-0.10989677768131
urn:mavedb:00000057-c-1#2865,,,p.Gln69Asp,-0.0890671703129062
urn:mavedb:00000057-c-1#2866,,,p.Asp68=,0.0
urn:mavedb:00000057-c-1#2867,,,p.Arg67Asp,-0.0024959007583724
urn:mavedb:00000057-c-1#2868,,,p.Met66Asp,-0.0984080327844217
urn:mavedb:00000057-c-1#2869,,,p.Ala65Asp,-0.6712955953440191
urn:mavedb:00000057-c-1#2870,,,p.Ser64Asp,0.0489312661662036
urn:mavedb:00000057-c-1#2871,,,p.Tyr63Asp,-0.3068727469226179
urn:mavedb:00000057-c-1#2872,,,p.Glu62Asp,-0.0057518725998853
urn:mavedb:00000057-c-1#2873,,,p.Glu61Asp,0.0159350720652607
urn:mavedb:00000057-c-1#2874,,,p.Gln60Asp,-0.2972596521096389
urn:mavedb:00000057-c-1#2875,,,p.Gly59Asp,-0.279319819413687
urn:mavedb:00000057-c-1#2876,,,p.Ala58Asp,-0.439790279093192
urn:mavedb:00000057-c-1#2877,,,p.Thr57Asp,-0.534528809730913
urn:mavedb:00000057-c-1#2878,,,p.Asp56=,0.0
urn:mavedb:00000057-c-1#2879,,,p.Leu55Asp,0.0182423313147309
urn:mavedb:00000057-c-1#2880,,,p.Ile54Asp,-0.5467805862969021
urn:mavedb:00000057-c-1#2881,,,p.Asp53=,0.0
urn:mavedb:00000057-c-1#2882,,,p.Leu52Asp,-0.365362261486204
urn:mavedb:00000057-c-1#2883,,,p.Leu51Asp,0.0507843459751021
urn:mavedb:00000057-c-1#2884,,,p.Cys50Asp,-0.177902550724286
urn:mavedb:00000057-c-1#2885,,,p.Thr49Asp,-0.0143064426620136
urn:mavedb:00000057-c-1#2886,,,p.Glu48Asp,-0.240063832035943
urn:mavedb:00000057-c-1#2887,,,p.Gly47Asp,-0.202939237275559
urn:mavedb:00000057-c-1#2888,,,p.Asp46=,0.0
urn:mavedb:00000057-c-1#2889,,,p.Ile45Asp,-0.282278844459306
urn:mavedb:00000057-c-1#2890,,,p.Val44Asp,-0.179575740621757
urn:mavedb:00000057-c-1#2891,,,p.Val43Asp,-0.109609233290389
urn:mavedb:00000057-c-1#2892,,,p.Gln42Asp,-0.0506422203023409
urn:mavedb:00000057-c-1#2893,,,p.Lys41Asp,-0.0782812039900644
urn:mavedb:00000057-c-1#2894,,,p.Arg40Asp,-0.6804703473088829
urn:mavedb:00000057-c-1#2895,,,p.Tyr39Asp,-0.551254758414302
urn:mavedb:00000057-c-1#2896,,,p.Ser38Asp,-0.2115898406154689
urn:mavedb:00000057-c-1#2897,,,p.Asp37=,0.0
urn:mavedb:00000057-c-1#2898,,,p.Glu36Asp,-0.0004956298977563
urn:mavedb:00000057-c-1#2899,,,p.Ile35Asp,-0.5065240036572279
urn:mavedb:00000057-c-1#2900,,,p.Thr34Asp,-0.397076459771635
urn:mavedb:00000057-c-1#2901,,,p.Pro33Asp,-0.61578628027217
urn:mavedb:00000057-c-1#2902,,,p.Asp32=,0.0
urn:mavedb:00000057-c-1#2903,,,p.Tyr31Asp,-0.312464010296663
urn:mavedb:00000057-c-1#2904,,,p.Glu30Asp,-0.2949860471210039
urn:mavedb:00000057-c-1#2905,,,p.Asp29=,0.0
urn:mavedb:00000057-c-1#2906,,,p.Val28Asp,-0.0365714200203671
urn:mavedb:00000057-c-1#2907,,,p.Phe27Asp,-0.532992244954152
urn:mavedb:00000057-c-1#2908,,,p.His26Asp,0.0814732715299211
urn:mavedb:00000057-c-1#2909,,,p.Asn25Asp,0.0414220149800841
urn:mavedb:00000057-c-1#2910,,,p.Gln24Asp,-0.401394285185472
urn:mavedb:00000057-c-1#2911,,,p.Ile23Asp,-0.429870320294094
urn:mavedb:00000057-c-1#2912,,,p.Leu22Asp,-0.3801154373335129
urn:mavedb:00000057-c-1#2913,,,p.Gln21Asp,-0.0516727718916621
urn:mavedb:00000057-c-1#2914,,,p.Ile20Asp,-0.576408661728689
urn:mavedb:00000057-c-1#2915,,,p.Thr19Asp,-0.939988137673252
urn:mavedb:00000057-c-1#2916,,,p.Leu18Asp,-0.6104110115954959
urn:mavedb:00000057-c-1#2917,,,p.Ala17Asp,-0.7032396565877579
urn:mavedb:00000057-c-1#2918,,,p.Ser16Asp,-0.5917879668029671
urn:mavedb:00000057-c-1#2919,,,p.Lys15Asp,-0.334512531144118
urn:mavedb:00000057-c-1#2920,,,p.Gly14Asp,-0.7952847730299241
urn:mavedb:00000057-c-1#2921,,,p.Val13Asp,-0.488649499150361
urn:mavedb:00000057-c-1#2922,,,p.Gly12Asp,0.0816774606390212
urn:mavedb:00000057-c-1#2923,,,p.Gly11Asp,-0.0806070770301759
urn:mavedb:00000057-c-1#2924,,,p.Ala10Asp,-0.1648168132168609
urn:mavedb:00000057-c-1#2925,,,p.Gly9Asp,-0.3881160605150099
urn:mavedb:00000057-c-1#2926,,,p.Arg148Cys,-0.0551296646118444
urn:mavedb:00000057-c-1#2927,,,p.Thr147Cys,0.0340736333811469
urn:mavedb:00000057-c-1#2928,,,p.Lys146Cys,0.012035413342953
urn:mavedb:00000057-c-1#2929,,,p.Ala145Cys,-0.0486376858761897
urn:mavedb:00000057-c-1#2930,,,p.Ser144Cys,0.121775210499018
urn:mavedb:00000057-c-1#2931,,,p.Thr143Cys,0.0185304213454294
urn:mavedb:00000057-c-1#2932,,,p.Glu142Cys,-0.296867913694601
urn:mavedb:00000057-c-1#2933,,,p.Ile141Cys,-0.259662558350856
urn:mavedb:00000057-c-1#2934,,,p.Tyr140Cys,-0.276749076810912
urn:mavedb:00000057-c-1#2935,,,p.Pro139Cys,-0.301922017597423
urn:mavedb:00000057-c-1#2936,,,p.Ile138Cys,-0.140697733989481
urn:mavedb:00000057-c-1#2937,,,p.Gly137Cys,-0.705476381496605
urn:mavedb:00000057-c-1#2938,,,p.Tyr136Cys,-0.0596448937931699
urn:mavedb:00000057-c-1#2939,,,p.Ser135Cys,0.0292749790549924
urn:mavedb:00000057-c-1#2940,,,p.Arg134Cys,0.0994776711654934
urn:mavedb:00000057-c-1#2941,,,p.Ala133Cys,-0.5097173608732629
urn:mavedb:00000057-c-1#2942,,,p.Leu132Cys,-0.311618221608848
urn:mavedb:00000057-c-1#2943,,,p.Asp131Cys,-0.1198012638740859
urn:mavedb:00000057-c-1#2944,,,p.Gln130Cys,-0.1499767589219039
urn:mavedb:00000057-c-1#2945,,,p.Ala129Cys,-0.2143641153055429
urn:mavedb:00000057-c-1#2946,,,p.Gln128Cys,-0.0775194992706478
urn:mavedb:00000057-c-1#2947,,,p.Arg127Cys,-0.0442642831594418
urn:mavedb:00000057-c-1#2948,,,p.Ser126Cys,-0.0569350571663358
urn:mavedb:00000057-c-1#2949,,,p.Glu125Cys,-0.0262261192364233
urn:mavedb:00000057-c-1#2950,,,p.Val124Cys,0.0368120403684535
urn:mavedb:00000057-c-1#2951,,,p.Thr123Cys,-0.127958163951244
urn:mavedb:00000057-c-1#2952,,,p.Arg122Cys,0.0044397589577733
urn:mavedb:00000057-c-1#2953,,,p.Ala121Cys,-0.315700037385818
urn:mavedb:00000057-c-1#2954,,,p.Ala120Cys,0.0099528669716915
urn:mavedb:00000057-c-1#2955,,,p.Leu119Cys,0.1651282944280319
urn:mavedb:00000057-c-1#2956,,,p.Asp118Cys,-0.152119242138278
urn:mavedb:00000057-c-1#2957,,,p.Cys117=,0.0
urn:mavedb:00000057-c-1#2958,,,p.Lys116Cys,0.1215338374235359
urn:mavedb:00000057-c-1#2959,,,p.Asn115Cys,0.121965573875419
urn:mavedb:00000057-c-1#2960,,,p.Gly114Cys,-0.0869819851647204
urn:mavedb:00000057-c-1#2961,,,p.Val113Cys,-0.326847629952072
urn:mavedb:00000057-c-1#2962,,,p.Leu112Cys,-0.279209760690932
urn:mavedb:00000057-c-1#2963,,,p.Val111Cys,-0.364953542490849
urn:mavedb:00000057-c-1#2964,,,p.Met110Cys,-0.67477057774373
urn:mavedb:00000057-c-1#2965,,,p.Pro109Cys,-0.1714184314848819
urn:mavedb:00000057-c-1#2966,,,p.Val108Cys,-0.3937723774560039
urn:mavedb:00000057-c-1#2967,,,p.Asp107Cys,-0.245213877436603
urn:mavedb:00000057-c-1#2968,,,p.Asp106Cys,-0.270561305113366
urn:mavedb:00000057-c-1#2969,,,p.Ser105Cys,0.0750802737323824
urn:mavedb:00000057-c-1#2970,,,p.Asp104Cys,-0.135185482383838
urn:mavedb:00000057-c-1#2971,,,p.Lys103Cys,-0.582908281061935
urn:mavedb:00000057-c-1#2972,,,p.Val102Cys,0.1030703011058569
urn:mavedb:00000057-c-1#2973,,,p.Arg101Cys,-0.289428051674096
urn:mavedb:00000057-c-1#2974,,,p.Lys100Cys,0.15189733453331
urn:mavedb:00000057-c-1#2975,,,p.Ile99Cys,-0.196906197853752
urn:mavedb:00000057-c-1#2976,,,p.Gln98Cys,-0.0142568642780472
urn:mavedb:00000057-c-1#2977,,,p.Glu97Cys,0.0014341538994213
urn:mavedb:00000057-c-1#2978,,,p.Arg96Cys,-0.0118854664762575
urn:mavedb:00000057-c-1#2979,,,p.Tyr95Cys,-0.0689594741612516
urn:mavedb:00000057-c-1#2980,,,p.Gln94Cys,0.0496697294165476
urn:mavedb:00000057-c-1#2981,,,p.Arg96Glu,-0.0840259765032914
urn:mavedb:00000057-c-1#2982,,,p.Tyr95Glu,-0.394753965398573
urn:mavedb:00000057-c-1#2983,,,p.Gln94Glu,-0.1788087352931789
urn:mavedb:00000057-c-1#2984,,,p.His93Glu,0.0621785553686722
urn:mavedb:00000057-c-1#2985,,,p.Ile92Glu,-0.9077199112754272
urn:mavedb:00000057-c-1#2986,,,p.Asp91Glu,-0.0865550833577671
urn:mavedb:00000057-c-1#2987,,,p.Glu90=,0.0
urn:mavedb:00000057-c-1#2988,,,p.Phe89Glu,-0.2275459797416719
urn:mavedb:00000057-c-1#2989,,,p.Ser88Glu,-0.080671151966587
urn:mavedb:00000057-c-1#2990,,,p.Lys87Glu,0.124383873369294
urn:mavedb:00000057-c-1#2991,,,p.Thr86Glu,-0.0701705659034591
urn:mavedb:00000057-c-1#2992,,,p.Asn85Glu,0.0037020513893826
urn:mavedb:00000057-c-1#2993,,,p.Asn84Glu,0.185968306891659
urn:mavedb:00000057-c-1#2994,,,p.Ile83Glu,-0.205510655214995
urn:mavedb:00000057-c-1#2995,,,p.Ala82Glu,0.162434701758879
urn:mavedb:00000057-c-1#2996,,,p.Phe81Glu,-0.634744621853735
urn:mavedb:00000057-c-1#2997,,,p.Val80Glu,-0.610543816923218
urn:mavedb:00000057-c-1#2998,,,p.Cys79Glu,-0.817595423630417
urn:mavedb:00000057-c-1#2999,,,p.Leu78Glu,-0.807934887195854
urn:mavedb:00000057-c-1#3000,,,p.Phe77Glu,-0.7588148978414699
urn:mavedb:00000057-c-1#3001,,,p.Gly76Glu,-0.496568120783392
urn:mavedb:00000057-c-1#3002,,,p.Glu75=,0.0
urn:mavedb:00000057-c-1#3003,,,p.Gly74Glu,-1.00847795697767
urn:mavedb:00000057-c-1#3004,,,p.Thr73Glu,0.3016405626600349
urn:mavedb:00000057-c-1#3005,,,p.Arg72Glu,-0.4790810789710929
urn:mavedb:00000057-c-1#3006,,,p.Met71Glu,-0.373036755090111
urn:mavedb:00000057-c-1#3007,,,p.Tyr70Glu,-0.4351407450880949
urn:mavedb:00000057-c-1#3008,,,p.Gln69Glu,0.0641677574608399
urn:mavedb:00000057-c-1#3009,,,p.Asp68Glu,-0.0485086247048578
urn:mavedb:00000057-c-1#3010,,,p.Arg67Glu,-0.1600179168298449
urn:mavedb:00000057-c-1#3011,,,p.Met66Glu,-0.157490912373466
urn:mavedb:00000057-c-1#3012,,,p.Ala65Glu,-0.401454241818073
urn:mavedb:00000057-c-1#3013,,,p.Ser64Glu,-0.0196509780420575
urn:mavedb:00000057-c-1#3014,,,p.Tyr63Glu,-0.214631484787158
urn:mavedb:00000057-c-1#3015,,,p.Glu62=,0.0
urn:mavedb:00000057-c-1#3016,,,p.Glu61=,0.0
urn:mavedb:00000057-c-1#3017,,,p.Gln60Glu,0.1220497662351859
urn:mavedb:00000057-c-1#3018,,,p.His93Cys,-0.0308543351902317
urn:mavedb:00000057-c-1#3019,,,p.Ile92Cys,-0.0632074497299129
urn:mavedb:00000057-c-1#3020,,,p.Asp91Cys,-0.0998053122036626
urn:mavedb:00000057-c-1#3021,,,p.Glu90Cys,-0.1406820258200319
urn:mavedb:00000057-c-1#3022,,,p.Phe89Cys,-0.518668669081764
urn:mavedb:00000057-c-1#3023,,,p.Ser88Cys,-0.0362444855338888
urn:mavedb:00000057-c-1#3024,,,p.Lys87Cys,-0.349783996596455
urn:mavedb:00000057-c-1#3025,,,p.Thr86Cys,-0.0560449550265543
urn:mavedb:00000057-c-1#3026,,,p.Asn85Cys,-0.0691146329466461
urn:mavedb:00000057-c-1#3027,,,p.Asn84Cys,0.1055468382841109
urn:mavedb:00000057-c-1#3028,,,p.Ile83Cys,-0.0691010616467152
urn:mavedb:00000057-c-1#3029,,,p.Ala82Cys,-0.0402455803938082
urn:mavedb:00000057-c-1#3030,,,p.Phe81Cys,0.037175098339332
urn:mavedb:00000057-c-1#3031,,,p.Val80Cys,-0.0313643455723029
urn:mavedb:00000057-c-1#3032,,,p.Cys79=,0.0
urn:mavedb:00000057-c-1#3033,,,p.Leu78Cys,-0.21336452252779
urn:mavedb:00000057-c-1#3034,,,p.Phe77Cys,-0.431162917454886
urn:mavedb:00000057-c-1#3035,,,p.Gly76Cys,-0.097805904992571
urn:mavedb:00000057-c-1#3036,,,p.Glu75Cys,-0.1231943230023309
urn:mavedb:00000057-c-1#3037,,,p.Gly74Cys,-0.4122512716201449
urn:mavedb:00000057-c-1#3038,,,p.Thr73Cys,-0.13404999829302
urn:mavedb:00000057-c-1#3039,,,p.Arg72Cys,-0.362196609499177
urn:mavedb:00000057-c-1#3040,,,p.Met71Cys,-0.422135860928358
urn:mavedb:00000057-c-1#3041,,,p.Tyr70Cys,-0.0790003577897955
urn:mavedb:00000057-c-1#3042,,,p.Gln69Cys,0.0174025202763612
urn:mavedb:00000057-c-1#3043,,,p.Asp68Cys,-0.323187413997462
urn:mavedb:00000057-c-1#3044,,,p.Arg67Cys,-0.1818135808576199
urn:mavedb:00000057-c-1#3045,,,p.Met66Cys,-0.0886425825678983
urn:mavedb:00000057-c-1#3046,,,p.Ala65Cys,-0.0785581084555571
urn:mavedb:00000057-c-1#3047,,,p.Ser64Cys,0.0483852963227898
urn:mavedb:00000057-c-1#3048,,,p.Tyr63Cys,0.123519654341023
urn:mavedb:00000057-c-1#3049,,,p.Glu62Cys,-0.0863409705200882
urn:mavedb:00000057-c-1#3050,,,p.Glu61Cys,0.0122363336789986
urn:mavedb:00000057-c-1#3051,,,p.Gln60Cys,-0.0289894220771025
urn:mavedb:00000057-c-1#3052,,,p.Gly59Cys,-0.4569116441686679
urn:mavedb:00000057-c-1#3053,,,p.Ala58Cys,-0.497725609333504
urn:mavedb:00000057-c-1#3054,,,p.Thr57Cys,-0.662015428992334
urn:mavedb:00000057-c-1#3055,,,p.Asp56Cys,-1.4040979974206105
urn:mavedb:00000057-c-1#3056,,,p.Leu55Cys,-0.153298262318923
urn:mavedb:00000057-c-1#3057,,,p.Ile54Cys,-0.177772099952633
urn:mavedb:00000057-c-1#3058,,,p.Asp53Cys,-0.2713355509212889
urn:mavedb:00000057-c-1#3059,,,p.Leu52Cys,-0.258702080785115
urn:mavedb:00000057-c-1#3060,,,p.Leu51Cys,-0.230883106155918
urn:mavedb:00000057-c-1#3061,,,p.Cys50=,0.0
urn:mavedb:00000057-c-1#3062,,,p.Thr49Cys,-0.1152876004904299
urn:mavedb:00000057-c-1#3063,,,p.Glu48Cys,0.0
urn:mavedb:00000057-c-1#3064,,,p.Gly47Cys,-0.111598803589509
urn:mavedb:00000057-c-1#3065,,,p.Asp46Cys,-0.2763417023525309
urn:mavedb:00000057-c-1#3066,,,p.Ile45Cys,-0.077551532800797
urn:mavedb:00000057-c-1#3067,,,p.Val44Cys,-0.1256523739811139
urn:mavedb:00000057-c-1#3068,,,p.Val43Cys,-0.100545607032388
urn:mavedb:00000057-c-1#3069,,,p.Gln42Cys,-0.13746923690828
urn:mavedb:00000057-c-1#3070,,,p.Lys41Cys,-0.1173828521428009
urn:mavedb:00000057-c-1#3071,,,p.Arg40Cys,-0.0806423165831609
urn:mavedb:00000057-c-1#3072,,,p.Tyr39Cys,-0.0917847051955312
urn:mavedb:00000057-c-1#3073,,,p.Ser38Cys,-0.197340717627575
urn:mavedb:00000057-c-1#3074,,,p.Asp37Cys,-0.368043727541616
urn:mavedb:00000057-c-1#3075,,,p.Glu36Cys,-0.494612560615734
urn:mavedb:00000057-c-1#3076,,,p.Ile35Cys,-0.158116371817641
urn:mavedb:00000057-c-1#3077,,,p.Thr34Cys,-0.825174028969444
urn:mavedb:00000057-c-1#3078,,,p.Pro33Cys,-0.2657909132041
urn:mavedb:00000057-c-1#3079,,,p.Asp32Cys,-0.341385743201455
urn:mavedb:00000057-c-1#3080,,,p.Tyr31Cys,-0.499423765342066
urn:mavedb:00000057-c-1#3081,,,p.Glu30Cys,-0.0933529426374782
urn:mavedb:00000057-c-1#3082,,,p.Asp29Cys,-0.0957923835341865
urn:mavedb:00000057-c-1#3083,,,p.Val28Cys,-0.093702676735923
urn:mavedb:00000057-c-1#3084,,,p.Phe27Cys,-0.38240126566019
urn:mavedb:00000057-c-1#3085,,,p.His26Cys,-0.103789918487716
urn:mavedb:00000057-c-1#3086,,,p.Asn25Cys,-0.26119913939737
urn:mavedb:00000057-c-1#3087,,,p.Gln24Cys,0.0370801787817798
urn:mavedb:00000057-c-1#3088,,,p.Ile23Cys,-0.0227266422585957
urn:mavedb:00000057-c-1#3089,,,p.Leu22Cys,-0.0125127083412488
urn:mavedb:00000057-c-1#3090,,,p.Gln21Cys,0.0259733665456938
urn:mavedb:00000057-c-1#3091,,,p.Ile20Cys,-0.523658497229349
urn:mavedb:00000057-c-1#3092,,,p.Thr19Cys,-0.226235386237646
urn:mavedb:00000057-c-1#3093,,,p.Leu18Cys,-0.1013401968814619
urn:mavedb:00000057-c-1#3094,,,p.Ala17Cys,-0.246971162363098
urn:mavedb:00000057-c-1#3095,,,p.Ser16Cys,-0.330746882003648
urn:mavedb:00000057-c-1#3096,,,p.Lys15Cys,-0.199470299670523
urn:mavedb:00000057-c-1#3097,,,p.Gly14Cys,-0.509974169409688
urn:mavedb:00000057-c-1#3098,,,p.Val13Cys,0.0257240316934493
urn:mavedb:00000057-c-1#3099,,,p.Gly12Cys,-0.0788204441578089
urn:mavedb:00000057-c-1#3100,,,p.Gly11Cys,-0.0410172582160404
urn:mavedb:00000057-c-1#3101,,,p.Ala10Cys,-0.171306615888086
urn:mavedb:00000057-c-1#3102,,,p.Gly9Cys,-0.534304370928677
urn:mavedb:00000057-c-1#3103,,,p.Val8Cys,-0.545106887379713
urn:mavedb:00000057-c-1#3104,,,p.Val7Cys,-0.343546670495217
urn:mavedb:00000057-c-1#3105,,,p.Val6Cys,-0.1589784334434369
urn:mavedb:00000057-c-1#3106,,,p.Leu5Cys,-0.245454285011688
urn:mavedb:00000057-c-1#3107,,,p.Lys4Cys,-0.1693382399242469
urn:mavedb:00000057-c-1#3108,,,p.Tyr3Cys,-0.1504741441801109
urn:mavedb:00000057-c-1#3109,,,p.Glu2Cys,-0.303944427686095
urn:mavedb:00000057-c-1#3110,,,p.Thr1Cys,-0.0574709499294996
urn:mavedb:00000057-c-1#3111,,,p.His165Ala,0.0344755194082902
urn:mavedb:00000057-c-1#3112,,,p.Gln164Ala,-0.175817672564118
urn:mavedb:00000057-c-1#3113,,,p.Arg163Ala,-0.181978131896426
urn:mavedb:00000057-c-1#3114,,,p.Ile162Ala,-0.498095682034082
urn:mavedb:00000057-c-1#3115,,,p.Glu161Ala,-0.1022889867526519
urn:mavedb:00000057-c-1#3116,,,p.Arg160Ala,0.0173112352011573
urn:mavedb:00000057-c-1#3117,,,p.Val159Ala,-0.2773308533472789
urn:mavedb:00000057-c-1#3118,,,p.Leu158Ala,-0.301272126588822
urn:mavedb:00000057-c-1#3119,,,p.Thr157Ala,0.0162376731652256
urn:mavedb:00000057-c-1#3120,,,p.Tyr156Ala,0.028866528288177
urn:mavedb:00000057-c-1#3121,,,p.Phe155Ala,-0.538026467478255
urn:mavedb:00000057-c-1#3122,,,p.Ala154=,0.0
urn:mavedb:00000057-c-1#3123,,,p.Asp153Ala,-0.226569254592007
urn:mavedb:00000057-c-1#3124,,,p.Glu152Ala,-0.0196640070507552
urn:mavedb:00000057-c-1#3125,,,p.Val151Ala,-0.0663950556883182
urn:mavedb:00000057-c-1#3126,,,p.Gly150Ala,-0.0571402456318251
urn:mavedb:00000057-c-1#3127,,,p.Gln149Ala,-0.0558701648455247
urn:mavedb:00000057-c-1#3128,,,p.Arg148Ala,-0.529029589996016
urn:mavedb:00000057-c-1#3129,,,p.Thr147Ala,-0.212141308144573
urn:mavedb:00000057-c-1#3130,,,p.Lys146Ala,0.0516755706711261
urn:mavedb:00000057-c-1#3131,,,p.Ala145=,0.0
urn:mavedb:00000057-c-1#3132,,,p.Ser144Ala,-0.183226260039882
urn:mavedb:00000057-c-1#3133,,,p.Thr143Ala,-0.142738501354937
urn:mavedb:00000057-c-1#3134,,,p.Glu142Ala,-0.275944739035861
urn:mavedb:00000057-c-1#3135,,,p.Ile141Ala,-0.276875068282651
urn:mavedb:00000057-c-1#3136,,,p.Tyr140Ala,-0.7513662924611321
urn:mavedb:00000057-c-1#3137,,,p.Pro139Ala,-0.2383920404705789
urn:mavedb:00000057-c-1#3138,,,p.Ile138Ala,-0.14410381981351
urn:mavedb:00000057-c-1#3139,,,p.Gly137Ala,-0.268938654360539
urn:mavedb:00000057-c-1#3140,,,p.Tyr136Ala,-0.223320785481855
urn:mavedb:00000057-c-1#3141,,,p.Ser135Ala,-0.0369824179870473
urn:mavedb:00000057-c-1#3142,,,p.Arg134Ala,-0.0116046369110632
urn:mavedb:00000057-c-1#3143,,,p.Ala133=,0.0
urn:mavedb:00000057-c-1#3144,,,p.Leu132Ala,-0.11538898268874
urn:mavedb:00000057-c-1#3145,,,p.Asp131Ala,0.002173359067265
urn:mavedb:00000057-c-1#3146,,,p.Gln130Ala,-0.291168453917676
urn:mavedb:00000057-c-1#3147,,,p.Ala129=,0.0
urn:mavedb:00000057-c-1#3148,,,p.Gln128Ala,-0.103833078809244
urn:mavedb:00000057-c-1#3149,,,p.Arg127Ala,0.6389869088587751
urn:mavedb:00000057-c-1#3150,,,p.Ser126Ala,-0.144275781465445
urn:mavedb:00000057-c-1#3151,,,p.Glu125Ala,-0.182828440172542
urn:mavedb:00000057-c-1#3152,,,p.Val124Ala,-0.088509367149278
urn:mavedb:00000057-c-1#3153,,,p.Thr123Ala,-0.138225855310389
urn:mavedb:00000057-c-1#3154,,,p.Arg122Ala,0.0157079503005955
urn:mavedb:00000057-c-1#3155,,,p.Ala121=,0.0
urn:mavedb:00000057-c-1#3156,,,p.Ala120=,0.0
urn:mavedb:00000057-c-1#3157,,,p.Leu119Ala,0.0235945967282272
urn:mavedb:00000057-c-1#3158,,,p.Asp118Ala,-0.526113558875853
urn:mavedb:00000057-c-1#3159,,,p.Cys117Ala,-0.162761448309098
urn:mavedb:00000057-c-1#3160,,,p.Lys116Ala,0.0537249133865236
urn:mavedb:00000057-c-1#3161,,,p.Asn115Ala,0.0390249026132938
urn:mavedb:00000057-c-1#3162,,,p.Gly114Ala,0.0078181962236698
urn:mavedb:00000057-c-1#3163,,,p.Val113Ala,-0.2342922800504069
urn:mavedb:00000057-c-1#3164,,,p.Leu112Ala,-0.267933817628331
urn:mavedb:00000057-c-1#3165,,,p.Val111Ala,-0.328489193454021
urn:mavedb:00000057-c-1#3166,,,p.Met110Ala,-0.6691345487359971
urn:mavedb:00000057-c-1#3167,,,p.Pro109Ala,-0.0318961237481941
urn:mavedb:00000057-c-1#3168,,,p.Val108Ala,-0.240745863652631
urn:mavedb:00000057-c-1#3169,,,p.Asp107Ala,-0.156264940411963
urn:mavedb:00000057-c-1#3170,,,p.Asp106Ala,0.0660072393387983
urn:mavedb:00000057-c-1#3171,,,p.Ser105Ala,-0.1523368821991109
urn:mavedb:00000057-c-1#3172,,,p.Asp104Ala,-0.0383647417987763
urn:mavedb:00000057-c-1#3173,,,p.Lys103Ala,-0.1100111119200749
urn:mavedb:00000057-c-1#3174,,,p.Val102Ala,-0.176252691661108
urn:mavedb:00000057-c-1#3175,,,p.Arg101Ala,-0.326984035174932
urn:mavedb:00000057-c-1#3176,,,p.Lys100Ala,-0.0971179330379122
urn:mavedb:00000057-c-1#3177,,,p.Ile99Ala,-0.4303479932098989
urn:mavedb:00000057-c-1#3178,,,p.Gln98Ala,0.0034411347455662
urn:mavedb:00000057-c-1#3179,,,p.Glu97Ala,-0.0474662444328049
urn:mavedb:00000057-c-1#3180,,,p.Arg96Ala,0.0497939484201304
urn:mavedb:00000057-c-1#3181,,,p.Tyr95Ala,-0.0218609205978091
urn:mavedb:00000057-c-1#3182,,,p.Gln94Ala,-0.190316656294978
urn:mavedb:00000057-c-1#3183,,,p.His93Ala,0.116993132686085
urn:mavedb:00000057-c-1#3184,,,p.Ile92Ala,-0.2574182384717219
urn:mavedb:00000057-c-1#3185,,,p.Asp91Ala,0.329000270671763
urn:mavedb:00000057-c-1#3186,,,p.Glu90Ala,-0.111857697954218
urn:mavedb:00000057-c-1#3187,,,p.Phe89Ala,-0.0637430750919454
urn:mavedb:00000057-c-1#3188,,,p.Ser88Ala,-0.0383016081072121
urn:mavedb:00000057-c-1#3189,,,p.Lys87Ala,-0.0935824682303239
urn:mavedb:00000057-c-1#3190,,,p.Thr86Ala,0.0194952624069666
urn:mavedb:00000057-c-1#3191,,,p.Asn85Ala,-0.3735786998382029
urn:mavedb:00000057-c-1#3192,,,p.Asn84Ala,0.0867584253598539
urn:mavedb:00000057-c-1#3193,,,p.Ile83Ala,0.0624617370215299
urn:mavedb:00000057-c-1#3194,,,p.Ala82=,0.0
urn:mavedb:00000057-c-1#3195,,,p.Phe81Ala,-0.312742651106525
urn:mavedb:00000057-c-1#3196,,,p.Val80Ala,-0.2982782454900949
urn:mavedb:00000057-c-1#3197,,,p.Cys79Ala,-0.0942275404699466
urn:mavedb:00000057-c-1#3198,,,p.Leu78Ala,-0.2912614970986359
urn:mavedb:00000057-c-1#3199,,,p.Phe77Ala,-0.755325369222635
urn:mavedb:00000057-c-1#3200,,,p.Gly76Ala,0.0649808710094224
urn:mavedb:00000057-c-1#3201,,,p.Glu75Ala,-0.316975369481993
urn:mavedb:00000057-c-1#3202,,,p.Gly74Ala,-0.3699618490990329
urn:mavedb:00000057-c-1#3203,,,p.Thr73Ala,-0.0758894340261553
urn:mavedb:00000057-c-1#3204,,,p.Arg72Ala,-0.188821576717586
urn:mavedb:00000057-c-1#3205,,,p.Met71Ala,-0.668295982140411
urn:mavedb:00000057-c-1#3206,,,p.Tyr70Ala,-0.225547907341744
urn:mavedb:00000057-c-1#3207,,,p.Gln69Ala,-0.0472372730328789
urn:mavedb:00000057-c-1#3208,,,p.Asp68Ala,-0.4539367093759879
urn:mavedb:00000057-c-1#3209,,,p.Arg67Ala,-0.0671754843874073
urn:mavedb:00000057-c-1#3210,,,p.Met66Ala,-0.226488363487432
urn:mavedb:00000057-c-1#3211,,,p.Ala65=,0.0
urn:mavedb:00000057-c-1#3212,,,p.Ser64Ala,-0.0899049985662814
urn:mavedb:00000057-c-1#3213,,,p.Tyr63Ala,-0.253038237688866
urn:mavedb:00000057-c-1#3214,,,p.Glu62Ala,-0.37775340604413
urn:mavedb:00000057-c-1#3215,,,p.Glu61Ala,-0.005388288266531
urn:mavedb:00000057-c-1#3216,,,p.Gln60Ala,0.1240906081603309
urn:mavedb:00000057-c-1#3217,,,p.Gly59Ala,-0.2185110826575489
urn:mavedb:00000057-c-1#3218,,,p.Ala58=,0.0
urn:mavedb:00000057-c-1#3219,,,p.Thr57Ala,-0.627833985604529
urn:mavedb:00000057-c-1#3220,,,p.Asp56Ala,-0.652664333598922
urn:mavedb:00000057-c-1#3221,,,p.Leu55Ala,-0.2236338368087349
urn:mavedb:00000057-c-1#3222,,,p.Ile54Ala,-0.199341007677587
urn:mavedb:00000057-c-1#3223,,,p.Asp53Ala,-0.6706479025273521
urn:mavedb:00000057-c-1#3224,,,p.Leu52Ala,-0.299023900381363
urn:mavedb:00000057-c-1#3225,,,p.Leu51Ala,-0.0434280625454317
urn:mavedb:00000057-c-1#3226,,,p.Cys50Ala,-0.0515746820829883
urn:mavedb:00000057-c-1#3227,,,p.Thr49Ala,-0.139375306651409
urn:mavedb:00000057-c-1#3228,,,p.Glu48Ala,-0.0846038164511231
urn:mavedb:00000057-c-1#3229,,,p.Gly47Ala,-0.0917836020932243
urn:mavedb:00000057-c-1#3230,,,p.Asp46Ala,0.0048436427749196
urn:mavedb:00000057-c-1#3231,,,p.Ile45Ala,-0.0828932899350594
urn:mavedb:00000057-c-1#3232,,,p.Val44Ala,-0.0005092401100903
urn:mavedb:00000057-c-1#3233,,,p.Val43Ala,0.0677350724100398
urn:mavedb:00000057-c-1#3234,,,p.Val8Asp,-0.703140361072845
urn:mavedb:00000057-c-1#3235,,,p.Val7Asp,-0.358904864020465
urn:mavedb:00000057-c-1#3236,,,p.Val6Asp,-0.428789862739256
urn:mavedb:00000057-c-1#3237,,,p.Leu5Asp,-1.33000033674036
urn:mavedb:00000057-c-1#3238,,,p.Lys4Asp,-0.298546637053848
urn:mavedb:00000057-c-1#3239,,,p.Tyr3Asp,-0.818254145641695
urn:mavedb:00000057-c-1#3240,,,p.Glu2Asp,-0.0751873953418318
urn:mavedb:00000057-c-1#3241,,,p.Thr1Asp,-0.0670379417965552
urn:mavedb:00000057-c-1#3242,,,p.His165Cys,0.0204417294165187
urn:mavedb:00000057-c-1#3243,,,p.Gln164Cys,-0.288136971193527
urn:mavedb:00000057-c-1#3244,,,p.Arg163Cys,-0.0906400645794256
urn:mavedb:00000057-c-1#3245,,,p.Ile162Cys,-0.0841649675742322
urn:mavedb:00000057-c-1#3246,,,p.Glu161Cys,-0.251863867453601
urn:mavedb:00000057-c-1#3247,,,p.Arg160Cys,-0.119206982949447
urn:mavedb:00000057-c-1#3248,,,p.Val159Cys,-0.105266275272989
urn:mavedb:00000057-c-1#3249,,,p.Leu158Cys,-0.228808769128003
urn:mavedb:00000057-c-1#3250,,,p.Thr157Cys,-0.0991500911880212
urn:mavedb:00000057-c-1#3251,,,p.Tyr156Cys,-0.0382343949879098
urn:mavedb:00000057-c-1#3252,,,p.Phe155Cys,-0.253310139130353
urn:mavedb:00000057-c-1#3253,,,p.Ala154Cys,-0.139804414491908
urn:mavedb:00000057-c-1#3254,,,p.Asp153Cys,-0.111161331061028
urn:mavedb:00000057-c-1#3255,,,p.Glu152Cys,-0.0988218410371917
urn:mavedb:00000057-c-1#3256,,,p.Val151Cys,-0.379217071301325
urn:mavedb:00000057-c-1#3257,,,p.Gly150Cys,0.0455028109002258
urn:mavedb:00000057-c-1#3258,,,p.Gln149Cys,-0.0175274226944762
urn:mavedb:00000057-c-1#3259,,,p.Gln42Ala,-0.0483925940464081
urn:mavedb:00000057-c-1#3260,,,p.Lys41Ala,-0.122017949859697
urn:mavedb:00000057-c-1#3261,,,p.Arg40Ala,-0.209238075332756
urn:mavedb:00000057-c-1#3262,,,p.Tyr39Ala,-0.3707140395768479
urn:mavedb:00000057-c-1#3263,,,p.Ser38Ala,-0.13405641462341
urn:mavedb:00000057-c-1#3264,,,p.Asp37Ala,-0.544482142423393
urn:mavedb:00000057-c-1#3265,,,p.Glu36Ala,-0.558556204004603
urn:mavedb:00000057-c-1#3266,,,p.Ile35Ala,-0.425170264589514
urn:mavedb:00000057-c-1#3267,,,p.Thr34Ala,-0.4749708364316219
urn:mavedb:00000057-c-1#3268,,,p.Pro33Ala,-0.0490685570788196
urn:mavedb:00000057-c-1#3269,,,p.Asp32Ala,-0.16462976379782
urn:mavedb:00000057-c-1#3270,,,p.Tyr31Ala,-0.323320429875061
urn:mavedb:00000057-c-1#3271,,,p.Glu30Ala,-0.243857375997093
urn:mavedb:00000057-c-1#3272,,,p.Asp29Ala,-0.126387929935283
urn:mavedb:00000057-c-1#3273,,,p.Val28Ala,-0.215067909266905
urn:mavedb:00000057-c-1#3274,,,p.Phe27Ala,-0.362742722165116
urn:mavedb:00000057-c-1#3275,,,p.His26Ala,0.0016320362793274
urn:mavedb:00000057-c-1#3276,,,p.Asn25Ala,0.0139127214256127
urn:mavedb:00000057-c-1#3277,,,p.Gln24Ala,0.184472716245086
urn:mavedb:00000057-c-1#3278,,,p.Ile23Ala,-0.0912123020754869
urn:mavedb:00000057-c-1#3279,,,p.Leu22Ala,-0.0228875516246798
urn:mavedb:00000057-c-1#3280,,,p.Gln21Ala,0.0646864815646553
urn:mavedb:00000057-c-1#3281,,,p.Ile20Ala,-0.3986801049914389
urn:mavedb:00000057-c-1#3282,,,p.Thr19Ala,-0.0113946343050846
urn:mavedb:00000057-c-1#3283,,,p.Leu18Ala,-0.120521254031955
urn:mavedb:00000057-c-1#3284,,,p.Ala17=,0.0
urn:mavedb:00000057-c-1#3285,,,p.Ser16Ala,-0.4690967992704939
urn:mavedb:00000057-c-1#3286,,,p.Lys15Ala,-0.440871338303794
urn:mavedb:00000057-c-1#3287,,,p.Gly14Ala,-0.700593840843779
urn:mavedb:00000057-c-1#3288,,,p.Val13Ala,-0.0284683799971892
urn:mavedb:00000057-c-1#3289,,,p.Gly12Ala,0.000913626055651
urn:mavedb:00000057-c-1#3290,,,p.Gly11Ala,0.0605796467957045
urn:mavedb:00000057-c-1#3291,,,p.Ala10=,0.0
urn:mavedb:00000057-c-1#3292,,,p.Gly9Ala,-0.39463671865979
urn:mavedb:00000057-c-1#3293,,,p.Val8Ala,-0.4132618713621749
urn:mavedb:00000057-c-1#3294,,,p.Val7Ala,-0.150854571082758
urn:mavedb:00000057-c-1#3295,,,p.Val6Ala,-0.244442007521671
urn:mavedb:00000057-c-1#3296,,,p.Leu5Ala,-0.316487802797224
urn:mavedb:00000057-c-1#3297,,,p.Lys4Ala,-0.0613264827649576
urn:mavedb:00000057-c-1#3298,,,p.Tyr3Ala,-0.271448044807141
urn:mavedb:00000057-c-1#3299,,,p.Glu2Ala,-0.207441622122843
urn:mavedb:00000057-c-1#3300,,,p.Thr1Ala,-0.204495468708358
