accession,hgvs_nt,hgvs_splice,hgvs_pro,score
urn:mavedb:00000057-b-1#1,,,p.Ile20Tyr,-0.2456186036238333
urn:mavedb:00000057-b-1#2,,,p.Thr19Tyr,-0.2496087444950209
urn:mavedb:00000057-b-1#3,,,p.Leu18Tyr,-0.2375344441052344
urn:mavedb:00000057-b-1#4,,,p.Ala17Tyr,-0.5249684947307697
urn:mavedb:00000057-b-1#5,,,p.Ser16Tyr,-0.3607792110203709
urn:mavedb:00000057-b-1#6,,,p.Lys15Tyr,-0.3975910002211793
urn:mavedb:00000057-b-1#7,,,p.Gly14Tyr,-0.4608700652467873
urn:mavedb:00000057-b-1#8,,,p.Val13Tyr,-0.3424926973060118
urn:mavedb:00000057-b-1#9,,,p.Gly12Tyr,0.3668473634557863
urn:mavedb:00000057-b-1#10,,,p.Gly11Tyr,0.1727211731646539
urn:mavedb:00000057-b-1#11,,,p.Ala10Tyr,-0.1700578768586907
urn:mavedb:00000057-b-1#12,,,p.Gly9Tyr,-0.3298028470665104
urn:mavedb:00000057-b-1#13,,,p.Val8Tyr,0.146808595864012
urn:mavedb:00000057-b-1#14,,,p.Val7Tyr,-0.2595544567541195
urn:mavedb:00000057-b-1#15,,,p.Val6Tyr,0.1606606285829452
urn:mavedb:00000057-b-1#16,,,p.Leu5Tyr,-0.3825669555992079
urn:mavedb:00000057-b-1#17,,,p.Lys4Tyr,-0.2102088652157988
urn:mavedb:00000057-b-1#18,,,p.Tyr3=,0.0
urn:mavedb:00000057-b-1#19,,,p.Glu2Tyr,-0.4114332316539022
urn:mavedb:00000057-b-1#20,,,p.Thr1Tyr,-0.3948623979186177
urn:mavedb:00000057-b-1#21,,,p.His165Trp,0.084096299426014
urn:mavedb:00000057-b-1#22,,,p.Gln164Trp,-0.1725670803346857
urn:mavedb:00000057-b-1#23,,,p.Arg163Trp,-0.1310916044748868
urn:mavedb:00000057-b-1#24,,,p.Ile162Trp,-0.1619480605050638
urn:mavedb:00000057-b-1#25,,,p.Glu161Trp,0.0017067212826656
urn:mavedb:00000057-b-1#26,,,p.Arg160Trp,-0.057796275546153
urn:mavedb:00000057-b-1#27,,,p.Val159Trp,-0.0273179823594579
urn:mavedb:00000057-b-1#28,,,p.Leu158Trp,0.0343442493117458
urn:mavedb:00000057-b-1#29,,,p.Thr157Trp,0.0578820666697123
urn:mavedb:00000057-b-1#30,,,p.Tyr156Trp,-0.0988313440291666
urn:mavedb:00000057-b-1#31,,,p.Phe155Trp,-0.0881902020692607
urn:mavedb:00000057-b-1#32,,,p.Ala154Trp,-0.1429929191723252
urn:mavedb:00000057-b-1#33,,,p.Asp153Trp,0.0647051856981235
urn:mavedb:00000057-b-1#34,,,p.Glu152Trp,0.0370292003089305
urn:mavedb:00000057-b-1#35,,,p.Val151Trp,0.2931595399283453
urn:mavedb:00000057-b-1#36,,,p.Gly150Trp,0.0216260976282616
urn:mavedb:00000057-b-1#37,,,p.Gln149Trp,-0.1508162093211662
urn:mavedb:00000057-b-1#38,,,p.Arg148Trp,0.1980666988352266
urn:mavedb:00000057-b-1#39,,,p.Thr147Trp,0.1181612566267526
urn:mavedb:00000057-b-1#40,,,p.Lys146Trp,0.1814256322143238
urn:mavedb:00000057-b-1#41,,,p.Ala145Trp,-0.1351060829033025
urn:mavedb:00000057-b-1#42,,,p.Ser144Trp,0.1809053236989623
urn:mavedb:00000057-b-1#43,,,p.Thr143Trp,-0.1245240060208532
urn:mavedb:00000057-b-1#44,,,p.Glu142Trp,-0.1068918834303087
urn:mavedb:00000057-b-1#45,,,p.Ile141Trp,-0.2935865186375785
urn:mavedb:00000057-b-1#46,,,p.Tyr140Trp,-0.0953458144928305
urn:mavedb:00000057-b-1#47,,,p.Pro139Trp,-0.1795711241935808
urn:mavedb:00000057-b-1#48,,,p.Ile138Trp,-0.1001016662829874
urn:mavedb:00000057-b-1#49,,,p.Gly137Trp,-0.4810661082953047
urn:mavedb:00000057-b-1#50,,,p.Tyr136Trp,0.3542388489300043
urn:mavedb:00000057-b-1#51,,,p.Ser135Trp,-0.0210383374365676
urn:mavedb:00000057-b-1#52,,,p.Arg134Trp,-0.0911492967548139
urn:mavedb:00000057-b-1#53,,,p.Ala133Trp,-0.0243711633682009
urn:mavedb:00000057-b-1#54,,,p.Leu132Trp,0.004082762913564
urn:mavedb:00000057-b-1#55,,,p.Asp131Trp,-0.1845067729643437
urn:mavedb:00000057-b-1#56,,,p.Gln130Trp,-0.0967770356296625
urn:mavedb:00000057-b-1#57,,,p.Ala129Trp,-0.1187980518866136
urn:mavedb:00000057-b-1#58,,,p.Gln128Trp,0.0326383005882739
urn:mavedb:00000057-b-1#59,,,p.Arg127Trp,0.1659535934325891
urn:mavedb:00000057-b-1#60,,,p.Ser126Trp,-0.0624307567138579
urn:mavedb:00000057-b-1#61,,,p.Glu125Trp,-0.1772810480447054
urn:mavedb:00000057-b-1#62,,,p.Val124Trp,0.0126149821321217
urn:mavedb:00000057-b-1#63,,,p.Thr123Trp,-0.0312858917911917
urn:mavedb:00000057-b-1#64,,,p.Arg122Trp,-0.1210261071224857
urn:mavedb:00000057-b-1#65,,,p.Ala121Trp,0.0276220576891743
urn:mavedb:00000057-b-1#66,,,p.Ala120Trp,-0.0639384053821617
urn:mavedb:00000057-b-1#67,,,p.Leu119Trp,0.0851624370401014
urn:mavedb:00000057-b-1#68,,,p.Asp118Trp,-0.1173557940114795
urn:mavedb:00000057-b-1#69,,,p.Cys117Trp,-0.1255720592792191
urn:mavedb:00000057-b-1#70,,,p.Lys116Trp,0.5012388580037103
urn:mavedb:00000057-b-1#71,,,p.Asn115Trp,-0.2120822599968841
urn:mavedb:00000057-b-1#72,,,p.Gly114Trp,-0.1879302823852756
urn:mavedb:00000057-b-1#73,,,p.Val113Trp,-0.103645510101229
urn:mavedb:00000057-b-1#74,,,p.Leu112Trp,0.0302409628138405
urn:mavedb:00000057-b-1#75,,,p.Val111Trp,-0.0415203169147118
urn:mavedb:00000057-b-1#76,,,p.Met110Trp,-0.2469848783646376
urn:mavedb:00000057-b-1#77,,,p.Pro109Trp,-0.2800785428881223
urn:mavedb:00000057-b-1#78,,,p.Val108Trp,-0.3037882924465981
urn:mavedb:00000057-b-1#79,,,p.Asp107Trp,-0.0926779164407231
urn:mavedb:00000057-b-1#80,,,p.Asp106Trp,-0.2380209789493535
urn:mavedb:00000057-b-1#81,,,p.Ser105Trp,-0.1409242173613616
urn:mavedb:00000057-b-1#82,,,p.Asp104Trp,-0.2350526435324743
urn:mavedb:00000057-b-1#83,,,p.Lys103Trp,-0.0810540755139481
urn:mavedb:00000057-b-1#84,,,p.Val102Trp,-0.1582929355086074
urn:mavedb:00000057-b-1#85,,,p.Arg101Trp,-0.1720457252651829
urn:mavedb:00000057-b-1#86,,,p.Lys100Trp,-0.366770887519313
urn:mavedb:00000057-b-1#87,,,p.Ile99Trp,-0.3077197573608444
urn:mavedb:00000057-b-1#88,,,p.Gln98Trp,-0.1209150086354683
urn:mavedb:00000057-b-1#89,,,p.Glu97Trp,-0.3334740552378978
urn:mavedb:00000057-b-1#90,,,p.Arg96Trp,-0.0489254747433257
urn:mavedb:00000057-b-1#91,,,p.Tyr95Trp,-0.1992527525601224
urn:mavedb:00000057-b-1#92,,,p.Gln94Trp,0.137549633337654
urn:mavedb:00000057-b-1#93,,,p.His93Trp,-0.1676000432501316
urn:mavedb:00000057-b-1#94,,,p.Ile92Trp,-0.2640438707686468
urn:mavedb:00000057-b-1#95,,,p.Asp91Trp,-0.0898163753336376
urn:mavedb:00000057-b-1#96,,,p.Glu90Trp,-0.2715330220587565
urn:mavedb:00000057-b-1#97,,,p.Phe89Trp,-0.2099247463161506
urn:mavedb:00000057-b-1#98,,,p.Ser88Trp,-0.1910554775261113
urn:mavedb:00000057-b-1#99,,,p.Lys87Trp,-0.2347768936573071
urn:mavedb:00000057-b-1#100,,,p.Thr86Trp,-0.2209356157032348
urn:mavedb:00000057-b-1#101,,,p.Asn85Trp,-0.1178879463829794
urn:mavedb:00000057-b-1#102,,,p.Asn84Trp,-0.1561317670505534
urn:mavedb:00000057-b-1#103,,,p.Ile83Trp,-0.1360940636793112
urn:mavedb:00000057-b-1#104,,,p.Ala82Trp,-0.2565701877829862
urn:mavedb:00000057-b-1#105,,,p.Phe81Trp,-0.0630602962002074
urn:mavedb:00000057-b-1#106,,,p.Val80Trp,-0.4115363552902847
urn:mavedb:00000057-b-1#107,,,p.Cys79Trp,-0.2353050814035112
urn:mavedb:00000057-b-1#108,,,p.Leu78Trp,-0.1988231884709212
urn:mavedb:00000057-b-1#109,,,p.Phe77Trp,-0.2357733259164219
urn:mavedb:00000057-b-1#110,,,p.Gly76Trp,-0.3475982826754675
urn:mavedb:00000057-b-1#111,,,p.Glu75Trp,-0.1419715523046839
urn:mavedb:00000057-b-1#112,,,p.Gly74Trp,-0.3108731109283541
urn:mavedb:00000057-b-1#113,,,p.Thr73Trp,-0.2316726663376872
urn:mavedb:00000057-b-1#114,,,p.Arg72Trp,-0.2163254277265078
urn:mavedb:00000057-b-1#115,,,p.Met71Trp,-0.0522004421763967
urn:mavedb:00000057-b-1#116,,,p.Tyr70Trp,-0.220772516368554
urn:mavedb:00000057-b-1#117,,,p.Gln69Trp,-0.1428111472952932
urn:mavedb:00000057-b-1#118,,,p.Asp68Trp,-0.2763106677737306
urn:mavedb:00000057-b-1#119,,,p.Arg67Trp,-0.0472625875080688
urn:mavedb:00000057-b-1#120,,,p.Met66Trp,-0.0974755198476397
urn:mavedb:00000057-b-1#121,,,p.Ala65Trp,-0.1045649984062352
urn:mavedb:00000057-b-1#122,,,p.Ser64Trp,-0.1035361588278335
urn:mavedb:00000057-b-1#123,,,p.Tyr63Trp,0.3036840377126605
urn:mavedb:00000057-b-1#124,,,p.Glu62Trp,0.4168490215312569
urn:mavedb:00000057-b-1#125,,,p.Glu61Trp,0.0428785386747424
urn:mavedb:00000057-b-1#126,,,p.Gln60Trp,0.6110821206198483
urn:mavedb:00000057-b-1#127,,,p.Gly59Trp,0.0333175317968918
urn:mavedb:00000057-b-1#128,,,p.Ala58Trp,-0.0754643098174992
urn:mavedb:00000057-b-1#129,,,p.Thr57Trp,-0.1010453911599721
urn:mavedb:00000057-b-1#130,,,p.Asp56Trp,-0.2094636960625941
urn:mavedb:00000057-b-1#131,,,p.Leu55Trp,0.0402443328321698
urn:mavedb:00000057-b-1#132,,,p.Ile54Trp,-0.2030127868438907
urn:mavedb:00000057-b-1#133,,,p.Asp53Trp,-0.1680466665258652
urn:mavedb:00000057-b-1#134,,,p.Leu52Trp,-0.2000559433861554
urn:mavedb:00000057-b-1#135,,,p.Leu51Trp,-0.2118552526818947
urn:mavedb:00000057-b-1#136,,,p.Cys50Trp,-0.0361254487366697
urn:mavedb:00000057-b-1#137,,,p.Thr49Trp,-0.3100886183343721
urn:mavedb:00000057-b-1#138,,,p.Glu48Trp,-0.2101303126927715
urn:mavedb:00000057-b-1#139,,,p.Gly47Trp,-0.3988592189719933
urn:mavedb:00000057-b-1#140,,,p.Asp46Trp,-0.1799377454887249
urn:mavedb:00000057-b-1#141,,,p.Ile45Trp,-0.2812173034276866
urn:mavedb:00000057-b-1#142,,,p.Val44Trp,-0.2359633921172709
urn:mavedb:00000057-b-1#143,,,p.Val43Trp,-0.16330624763637
urn:mavedb:00000057-b-1#144,,,p.Gln42Trp,-0.1981346184106419
urn:mavedb:00000057-b-1#145,,,p.Lys41Trp,-0.204171463863712
urn:mavedb:00000057-b-1#146,,,p.Arg40Trp,-0.2509079627316153
urn:mavedb:00000057-b-1#147,,,p.Tyr39Trp,-0.1737154949738003
urn:mavedb:00000057-b-1#148,,,p.Ser38Trp,-0.6205297834642538
urn:mavedb:00000057-b-1#149,,,p.Asp37Trp,-0.1876143662887818
urn:mavedb:00000057-b-1#150,,,p.Glu36Trp,-0.2606921590457755
urn:mavedb:00000057-b-1#151,,,p.Ile35Trp,0.1151736385077659
urn:mavedb:00000057-b-1#152,,,p.Thr34Trp,-0.3664830675608377
urn:mavedb:00000057-b-1#153,,,p.Pro33Trp,-0.1138495311412796
urn:mavedb:00000057-b-1#154,,,p.Asp32Trp,-0.1229983225918332
urn:mavedb:00000057-b-1#155,,,p.Tyr31Trp,-0.2719142683729991
urn:mavedb:00000057-b-1#156,,,p.Glu30Trp,-0.2496563814053777
urn:mavedb:00000057-b-1#157,,,p.Asp29Trp,-0.2374636940490857
urn:mavedb:00000057-b-1#158,,,p.Val28Trp,-0.2967131095253717
urn:mavedb:00000057-b-1#159,,,p.Phe27Trp,-0.1941378938970784
urn:mavedb:00000057-b-1#160,,,p.His26Trp,-0.1916930460993918
urn:mavedb:00000057-b-1#161,,,p.Asn25Trp,-0.1161000592743406
urn:mavedb:00000057-b-1#162,,,p.Gln24Trp,-0.2266255000579053
urn:mavedb:00000057-b-1#163,,,p.Ile23Trp,-0.2380866707992039
urn:mavedb:00000057-b-1#164,,,p.Leu22Trp,-0.1426444893045074
urn:mavedb:00000057-b-1#165,,,p.Gln21Trp,0.2168506888883353
urn:mavedb:00000057-b-1#166,,,p.Ile20Trp,-0.1779914479366687
urn:mavedb:00000057-b-1#167,,,p.Thr19Trp,-0.300577920854545
urn:mavedb:00000057-b-1#168,,,p.Leu18Trp,-0.3193392897384517
urn:mavedb:00000057-b-1#169,,,p.Ala17Trp,-0.3060775153218215
urn:mavedb:00000057-b-1#170,,,p.Ser16Trp,-0.2658044547482671
urn:mavedb:00000057-b-1#171,,,p.Lys15Trp,-0.3962293920823776
urn:mavedb:00000057-b-1#172,,,p.Gly14Trp,-0.4932253468702928
urn:mavedb:00000057-b-1#173,,,p.Val13Trp,-0.3269371520773327
urn:mavedb:00000057-b-1#174,,,p.Gly12Trp,0.1827502950195756
urn:mavedb:00000057-b-1#175,,,p.Gly11Trp,0.2443195606128364
urn:mavedb:00000057-b-1#176,,,p.Ala10Trp,-0.1902033129424845
urn:mavedb:00000057-b-1#177,,,p.Gly9Trp,-0.3928815638630532
urn:mavedb:00000057-b-1#178,,,p.Val8Trp,-0.1369461362254387
urn:mavedb:00000057-b-1#179,,,p.Val7Trp,-0.089774421260874
urn:mavedb:00000057-b-1#180,,,p.Val6Trp,-0.0879580942573461
urn:mavedb:00000057-b-1#181,,,p.Leu5Trp,-0.1884337549115965
urn:mavedb:00000057-b-1#182,,,p.Lys4Trp,-0.3654710127978443
urn:mavedb:00000057-b-1#183,,,p.Tyr3Trp,-0.1142766633244854
urn:mavedb:00000057-b-1#184,,,p.Glu2Trp,-0.2850727720245925
urn:mavedb:00000057-b-1#185,,,p.Thr1Trp,-0.1897371055730752
urn:mavedb:00000057-b-1#186,,,p.His165Val,-0.0597221809275308
urn:mavedb:00000057-b-1#187,,,p.Gln164Val,-0.2199048553665667
urn:mavedb:00000057-b-1#188,,,p.Arg163Val,-0.027673161545085
urn:mavedb:00000057-b-1#189,,,p.Ile162Val,-0.1263803222272483
urn:mavedb:00000057-b-1#190,,,p.Glu161Val,-0.0175494056633645
urn:mavedb:00000057-b-1#191,,,p.Arg160Val,0.1027388633663676
urn:mavedb:00000057-b-1#192,,,p.Val159=,0.0
urn:mavedb:00000057-b-1#193,,,p.Leu158Val,0.00497728000049
urn:mavedb:00000057-b-1#194,,,p.Thr157Val,0.0475068801788183
urn:mavedb:00000057-b-1#195,,,p.Tyr156Val,0.0579886278307987
urn:mavedb:00000057-b-1#196,,,p.Phe155Val,0.2870884679068041
urn:mavedb:00000057-b-1#197,,,p.Ala154Val,-0.0918991071030127
urn:mavedb:00000057-b-1#198,,,p.Asp153Val,-0.07265196128174
urn:mavedb:00000057-b-1#199,,,p.Glu152Val,-0.1027790392253898
urn:mavedb:00000057-b-1#200,,,p.Val151=,0.0
urn:mavedb:00000057-b-1#201,,,p.Gly150Val,0.2801268123450721
urn:mavedb:00000057-b-1#202,,,p.Gln149Val,0.1083684637037638
urn:mavedb:00000057-b-1#203,,,p.Arg148Val,0.0821721413757129
urn:mavedb:00000057-b-1#204,,,p.Thr147Val,0.0011752091555238
urn:mavedb:00000057-b-1#205,,,p.Lys146Val,0.2646151770752655
urn:mavedb:00000057-b-1#206,,,p.Ala145Val,0.3608416692048778
urn:mavedb:00000057-b-1#207,,,p.Ser144Val,0.2865384662975129
urn:mavedb:00000057-b-1#208,,,p.Thr143Val,0.0549703072604091
urn:mavedb:00000057-b-1#209,,,p.Glu142Val,-0.0456229953359092
urn:mavedb:00000057-b-1#210,,,p.Ile141Val,-0.175618131789537
urn:mavedb:00000057-b-1#211,,,p.Tyr140Val,-0.0721300518252402
urn:mavedb:00000057-b-1#212,,,p.Pro139Val,-0.116484126777326
urn:mavedb:00000057-b-1#213,,,p.Ile138Val,-0.0016033073269343
urn:mavedb:00000057-b-1#214,,,p.Gly137Val,-0.1165936123565072
urn:mavedb:00000057-b-1#215,,,p.Tyr136Val,-0.1237351201621799
urn:mavedb:00000057-b-1#216,,,p.Ser135Val,-0.0644776585371385
urn:mavedb:00000057-b-1#217,,,p.Val6=,0.0
urn:mavedb:00000057-b-1#218,,,p.Leu5Val,-0.2704412265138073
urn:mavedb:00000057-b-1#219,,,p.Lys4Val,-0.1547113822493905
urn:mavedb:00000057-b-1#220,,,p.Tyr3Val,-0.2721172621062471
urn:mavedb:00000057-b-1#221,,,p.Glu2Val,-0.2557555297533419
urn:mavedb:00000057-b-1#222,,,p.Thr1Val,-0.2338684399360902
urn:mavedb:00000057-b-1#223,,,p.His165Thr,-0.0826625814968841
urn:mavedb:00000057-b-1#224,,,p.Gln164Thr,-0.0061695142179995
urn:mavedb:00000057-b-1#225,,,p.Arg163Thr,-0.0100179432992314
urn:mavedb:00000057-b-1#226,,,p.Ile162Thr,-0.1032072475301578
urn:mavedb:00000057-b-1#227,,,p.Glu161Thr,-0.1254308877919206
urn:mavedb:00000057-b-1#228,,,p.Arg160Thr,-0.0364992034927137
urn:mavedb:00000057-b-1#229,,,p.Val159Thr,-0.1227450580049805
urn:mavedb:00000057-b-1#230,,,p.Leu158Thr,-0.0944671995888213
urn:mavedb:00000057-b-1#231,,,p.Thr157=,0.0
urn:mavedb:00000057-b-1#232,,,p.Tyr156Thr,0.1238033711748177
urn:mavedb:00000057-b-1#233,,,p.Phe155Thr,0.0001979579686956
urn:mavedb:00000057-b-1#234,,,p.Ala154Thr,-0.0238694183837393
urn:mavedb:00000057-b-1#235,,,p.Asp153Thr,0.0702727963526334
urn:mavedb:00000057-b-1#236,,,p.Glu152Thr,-0.0846978352258415
urn:mavedb:00000057-b-1#237,,,p.Val151Thr,0.0751935283345721
urn:mavedb:00000057-b-1#238,,,p.Gly150Thr,0.0956189427522088
urn:mavedb:00000057-b-1#239,,,p.Gln149Thr,-0.0207936004811258
urn:mavedb:00000057-b-1#240,,,p.Arg148Thr,0.072243924937212
urn:mavedb:00000057-b-1#241,,,p.Thr147=,0.0
urn:mavedb:00000057-b-1#242,,,p.Lys146Thr,0.4389690169595954
urn:mavedb:00000057-b-1#243,,,p.Ala145Thr,0.2824355921218434
urn:mavedb:00000057-b-1#244,,,p.Ser144Thr,0.0941451974416869
urn:mavedb:00000057-b-1#245,,,p.Thr143=,0.0
urn:mavedb:00000057-b-1#246,,,p.Glu142Thr,0.0036893686718461
urn:mavedb:00000057-b-1#247,,,p.Ile141Thr,-0.079340116273643
urn:mavedb:00000057-b-1#248,,,p.Tyr140Thr,-0.2414760543914748
urn:mavedb:00000057-b-1#249,,,p.Pro139Thr,-0.0643680626607442
urn:mavedb:00000057-b-1#250,,,p.Ile138Thr,-0.2316626428013986
urn:mavedb:00000057-b-1#251,,,p.Gly137Thr,-0.0261047158654532
urn:mavedb:00000057-b-1#252,,,p.Tyr136Thr,-0.1194052656693245
urn:mavedb:00000057-b-1#253,,,p.Ser135Thr,-0.0570750591661436
urn:mavedb:00000057-b-1#254,,,p.Arg134Thr,-0.1582933577431646
urn:mavedb:00000057-b-1#255,,,p.Ala133Thr,-0.150141070754977
urn:mavedb:00000057-b-1#256,,,p.Leu132Thr,-0.0140799228690577
urn:mavedb:00000057-b-1#257,,,p.Asp131Thr,-0.0416552789850886
urn:mavedb:00000057-b-1#258,,,p.Gln130Thr,-0.0177737432345886
urn:mavedb:00000057-b-1#259,,,p.Ala129Thr,-0.0621164137175554
urn:mavedb:00000057-b-1#260,,,p.Gln128Thr,-0.1472363910729777
urn:mavedb:00000057-b-1#261,,,p.Arg127Thr,-0.1316372058003041
urn:mavedb:00000057-b-1#262,,,p.Ser126Thr,-0.0708827434237144
urn:mavedb:00000057-b-1#263,,,p.Glu125Thr,-0.0626844878860509
urn:mavedb:00000057-b-1#264,,,p.Val124Thr,-0.0865243184484537
urn:mavedb:00000057-b-1#265,,,p.Thr123=,0.0
urn:mavedb:00000057-b-1#266,,,p.Arg122Thr,0.0838603105816117
urn:mavedb:00000057-b-1#267,,,p.Ala121Thr,-0.1161967653365915
urn:mavedb:00000057-b-1#268,,,p.Ala120Thr,-0.0563051015851605
urn:mavedb:00000057-b-1#269,,,p.Leu119Thr,0.2371996155646651
urn:mavedb:00000057-b-1#270,,,p.Asp118Thr,0.0571099767504786
urn:mavedb:00000057-b-1#271,,,p.Cys117Thr,0.0043169497928438
urn:mavedb:00000057-b-1#272,,,p.Lys116Thr,0.4154393054585746
urn:mavedb:00000057-b-1#273,,,p.Asn115Thr,0.1854931680707699
urn:mavedb:00000057-b-1#274,,,p.Gly114Thr,-0.1185562714253573
urn:mavedb:00000057-b-1#275,,,p.Val113Thr,-0.188334346153482
urn:mavedb:00000057-b-1#276,,,p.Leu112Thr,-0.1471791898404682
urn:mavedb:00000057-b-1#277,,,p.Val111Thr,-0.0638039028510308
urn:mavedb:00000057-b-1#278,,,p.Met110Thr,-0.2657240279631796
urn:mavedb:00000057-b-1#279,,,p.Pro109Thr,-0.268209872160066
urn:mavedb:00000057-b-1#280,,,p.Val108Thr,-0.2348321550186537
urn:mavedb:00000057-b-1#281,,,p.Asp107Thr,-0.2294025235101685
urn:mavedb:00000057-b-1#282,,,p.Asp106Thr,-0.2585923974734408
urn:mavedb:00000057-b-1#283,,,p.Ser105Thr,-0.107655715527873
urn:mavedb:00000057-b-1#284,,,p.Asp104Thr,-0.2038578071210831
urn:mavedb:00000057-b-1#285,,,p.Lys103Thr,-0.1855027018725452
urn:mavedb:00000057-b-1#286,,,p.Val102Thr,-0.3339031490001952
urn:mavedb:00000057-b-1#287,,,p.Arg101Thr,-0.1891396465547158
urn:mavedb:00000057-b-1#288,,,p.Lys100Thr,-0.2312229751606586
urn:mavedb:00000057-b-1#289,,,p.Ile99Thr,-0.2670413667357084
urn:mavedb:00000057-b-1#290,,,p.Gln98Thr,-0.1615982193691263
urn:mavedb:00000057-b-1#291,,,p.Glu97Thr,-0.1890292298917471
urn:mavedb:00000057-b-1#292,,,p.Arg96Thr,-0.3315265015519258
urn:mavedb:00000057-b-1#293,,,p.Tyr95Thr,-0.1130609931760209
urn:mavedb:00000057-b-1#294,,,p.Gln94Thr,-0.0479562670704034
urn:mavedb:00000057-b-1#295,,,p.His93Thr,-0.120662700429267
urn:mavedb:00000057-b-1#296,,,p.Ile92Thr,-0.2147994599593896
urn:mavedb:00000057-b-1#297,,,p.Asp91Thr,-0.1676950764975167
urn:mavedb:00000057-b-1#298,,,p.Glu90Thr,-0.2240701682072884
urn:mavedb:00000057-b-1#299,,,p.Phe89Thr,-0.2615307307614955
urn:mavedb:00000057-b-1#300,,,p.Ser88Thr,-0.2145787300482896
urn:mavedb:00000057-b-1#301,,,p.Lys87Thr,-0.207703899247927
urn:mavedb:00000057-b-1#302,,,p.Thr86=,0.0
urn:mavedb:00000057-b-1#303,,,p.Asn85Thr,-0.2141700361750733
urn:mavedb:00000057-b-1#304,,,p.Asn84Thr,-0.2120869292028502
urn:mavedb:00000057-b-1#305,,,p.Ile83Thr,-0.1119027892402431
urn:mavedb:00000057-b-1#306,,,p.Ala82Thr,-0.1813068955821728
urn:mavedb:00000057-b-1#307,,,p.Phe81Thr,-0.1387548073511645
urn:mavedb:00000057-b-1#308,,,p.Val80Thr,-0.204743168302939
urn:mavedb:00000057-b-1#309,,,p.Cys79Thr,-0.2320405816652365
urn:mavedb:00000057-b-1#310,,,p.Leu78Thr,-0.2266986071453898
urn:mavedb:00000057-b-1#311,,,p.Phe77Thr,-0.2956898350763148
urn:mavedb:00000057-b-1#312,,,p.Gly76Thr,-0.1357069974791156
urn:mavedb:00000057-b-1#313,,,p.Glu75Thr,-0.1197582016893432
urn:mavedb:00000057-b-1#314,,,p.Gly74Thr,-0.1378540516658276
urn:mavedb:00000057-b-1#315,,,p.Thr73=,0.0
urn:mavedb:00000057-b-1#316,,,p.Arg72Thr,-0.2063423135002789
urn:mavedb:00000057-b-1#317,,,p.Met71Thr,-0.1368584582909311
urn:mavedb:00000057-b-1#318,,,p.Tyr70Thr,-0.2886804938214732
urn:mavedb:00000057-b-1#319,,,p.Gln69Thr,-0.1934093124826049
urn:mavedb:00000057-b-1#320,,,p.Asp68Thr,-0.2059241470623121
urn:mavedb:00000057-b-1#321,,,p.Arg67Thr,0.1343300751000574
urn:mavedb:00000057-b-1#322,,,p.Met66Thr,0.0513419166180706
urn:mavedb:00000057-b-1#323,,,p.Ala65Thr,-0.0906773120931085
urn:mavedb:00000057-b-1#324,,,p.Ser64Thr,-0.1658712781947057
urn:mavedb:00000057-b-1#325,,,p.Tyr63Thr,0.2719751203254172
urn:mavedb:00000057-b-1#326,,,p.Glu62Thr,-0.1556260556266607
urn:mavedb:00000057-b-1#327,,,p.Glu61Thr,0.0171343209663274
urn:mavedb:00000057-b-1#328,,,p.Gln60Thr,0.5338912564554749
urn:mavedb:00000057-b-1#329,,,p.Gly59Thr,-0.183788304514222
urn:mavedb:00000057-b-1#330,,,p.Ala58Thr,0.2189034234687668
urn:mavedb:00000057-b-1#331,,,p.Thr57=,0.0
urn:mavedb:00000057-b-1#332,,,p.His165Tyr,-0.0109388388628777
urn:mavedb:00000057-b-1#333,,,p.Gln164Tyr,0.0765838674766253
urn:mavedb:00000057-b-1#334,,,p.Arg163Tyr,0.0270344985540921
urn:mavedb:00000057-b-1#335,,,p.Ile162Tyr,-0.0198590059558472
urn:mavedb:00000057-b-1#336,,,p.Glu161Tyr,-0.2518717963347307
urn:mavedb:00000057-b-1#337,,,p.Arg160Tyr,-0.0245229129162207
urn:mavedb:00000057-b-1#338,,,p.Val159Tyr,0.047031346605215
urn:mavedb:00000057-b-1#339,,,p.Leu158Tyr,-0.2189831997971553
urn:mavedb:00000057-b-1#340,,,p.Thr157Tyr,-0.0114420979531569
urn:mavedb:00000057-b-1#341,,,p.Tyr156=,0.0
urn:mavedb:00000057-b-1#342,,,p.Phe155Tyr,-0.162954064002437
urn:mavedb:00000057-b-1#343,,,p.Ala154Tyr,-0.2300284414414665
urn:mavedb:00000057-b-1#344,,,p.Asp153Tyr,0.0489421863773711
urn:mavedb:00000057-b-1#345,,,p.Glu152Tyr,-0.1200567006452022
urn:mavedb:00000057-b-1#346,,,p.Val151Tyr,0.3118521148924554
urn:mavedb:00000057-b-1#347,,,p.Gly150Tyr,-0.0751565171184291
urn:mavedb:00000057-b-1#348,,,p.Gln149Tyr,-0.2309678318499325
urn:mavedb:00000057-b-1#349,,,p.Arg148Tyr,0.1752689627767896
urn:mavedb:00000057-b-1#350,,,p.Thr147Tyr,0.0454101351550279
urn:mavedb:00000057-b-1#351,,,p.Lys146Tyr,0.2404715114581473
urn:mavedb:00000057-b-1#352,,,p.Ala145Tyr,-0.0694290165777272
urn:mavedb:00000057-b-1#353,,,p.Ser144Tyr,0.1250057500929966
urn:mavedb:00000057-b-1#354,,,p.Thr143Tyr,-0.0288278016352578
urn:mavedb:00000057-b-1#355,,,p.Glu142Tyr,-0.195979884985324
urn:mavedb:00000057-b-1#356,,,p.Ile141Tyr,-0.0299125150058707
urn:mavedb:00000057-b-1#357,,,p.Tyr140=,0.0
urn:mavedb:00000057-b-1#358,,,p.Pro139Tyr,-0.1246150539194998
urn:mavedb:00000057-b-1#359,,,p.Ile138Tyr,-0.2862429045407858
urn:mavedb:00000057-b-1#360,,,p.Gly137Tyr,0.0379556987436477
urn:mavedb:00000057-b-1#361,,,p.Tyr136=,0.0
urn:mavedb:00000057-b-1#362,,,p.Ser135Tyr,-0.1037883196121162
urn:mavedb:00000057-b-1#363,,,p.Arg134Tyr,-0.015395320607559
urn:mavedb:00000057-b-1#364,,,p.Ala133Tyr,0.2027708357707529
urn:mavedb:00000057-b-1#365,,,p.Leu132Tyr,0.1563421164647377
urn:mavedb:00000057-b-1#366,,,p.Asp131Tyr,-0.1088244598418544
urn:mavedb:00000057-b-1#367,,,p.Gln130Tyr,-0.0943558462333302
urn:mavedb:00000057-b-1#368,,,p.Ala129Tyr,-0.0826001700719692
urn:mavedb:00000057-b-1#369,,,p.Gln128Tyr,0.026030668293545
urn:mavedb:00000057-b-1#370,,,p.Arg127Tyr,-0.0850958381605521
urn:mavedb:00000057-b-1#371,,,p.Ser126Tyr,-0.0887796638122006
urn:mavedb:00000057-b-1#372,,,p.Glu125Tyr,-0.0850187145723474
urn:mavedb:00000057-b-1#373,,,p.Val124Tyr,-0.0588772622912992
urn:mavedb:00000057-b-1#374,,,p.Thr123Tyr,-0.2275816373653862
urn:mavedb:00000057-b-1#375,,,p.Arg122Tyr,0.2521651068715009
urn:mavedb:00000057-b-1#376,,,p.Ala121Tyr,-0.2185645698093868
urn:mavedb:00000057-b-1#377,,,p.Ala120Tyr,-0.0795012191426933
urn:mavedb:00000057-b-1#378,,,p.Leu119Tyr,-0.0703428993792942
urn:mavedb:00000057-b-1#379,,,p.Asp118Tyr,-0.2764956077629957
urn:mavedb:00000057-b-1#380,,,p.Cys117Tyr,0.1179422688422594
urn:mavedb:00000057-b-1#381,,,p.Lys116Tyr,0.6478927772226419
urn:mavedb:00000057-b-1#382,,,p.Asn115Tyr,-0.210497365962491
urn:mavedb:00000057-b-1#383,,,p.Gly114Tyr,-0.1245385697083231
urn:mavedb:00000057-b-1#384,,,p.Val113Tyr,-0.2408678679833122
urn:mavedb:00000057-b-1#385,,,p.Leu112Tyr,-0.2083252151733943
urn:mavedb:00000057-b-1#386,,,p.Val111Tyr,0.1134328071838016
urn:mavedb:00000057-b-1#387,,,p.Met110Tyr,-0.2631978431542381
urn:mavedb:00000057-b-1#388,,,p.Pro109Tyr,-0.2021402707775318
urn:mavedb:00000057-b-1#389,,,p.Val108Tyr,-0.1989809391674872
urn:mavedb:00000057-b-1#390,,,p.Asp107Tyr,-0.224329427855226
urn:mavedb:00000057-b-1#391,,,p.Asp106Tyr,-0.2643986080854694
urn:mavedb:00000057-b-1#392,,,p.Ser105Tyr,-0.2085888098027374
urn:mavedb:00000057-b-1#393,,,p.Asp104Tyr,-0.2438123061912857
urn:mavedb:00000057-b-1#394,,,p.Lys103Tyr,-0.1960479625315161
urn:mavedb:00000057-b-1#395,,,p.Val102Tyr,-0.1446410643497961
urn:mavedb:00000057-b-1#396,,,p.Arg101Tyr,-0.2928719306228056
urn:mavedb:00000057-b-1#397,,,p.Lys100Tyr,-0.2860796343082744
urn:mavedb:00000057-b-1#398,,,p.Ile99Tyr,-0.2879837298086379
urn:mavedb:00000057-b-1#399,,,p.Gln98Tyr,0.0388714080276878
urn:mavedb:00000057-b-1#400,,,p.Glu97Tyr,-0.1965585493786546
urn:mavedb:00000057-b-1#401,,,p.Arg96Tyr,-0.4587889051313376
urn:mavedb:00000057-b-1#402,,,p.Tyr95=,0.0
urn:mavedb:00000057-b-1#403,,,p.Gln94Tyr,-0.2159150582073991
urn:mavedb:00000057-b-1#404,,,p.His93Tyr,-0.0723226117581284
urn:mavedb:00000057-b-1#405,,,p.Ile92Tyr,-0.054715840153029
urn:mavedb:00000057-b-1#406,,,p.Asp91Tyr,-0.109184482047227
urn:mavedb:00000057-b-1#407,,,p.Glu90Tyr,-0.2323958957049058
urn:mavedb:00000057-b-1#408,,,p.Phe89Tyr,-0.1372764940379647
urn:mavedb:00000057-b-1#409,,,p.Ser88Tyr,-0.2374181848872321
urn:mavedb:00000057-b-1#410,,,p.Lys87Tyr,-0.2324785739025986
urn:mavedb:00000057-b-1#411,,,p.Thr86Tyr,-0.2198709899594244
urn:mavedb:00000057-b-1#412,,,p.Asn85Tyr,-0.1522372254724358
urn:mavedb:00000057-b-1#413,,,p.Asn84Tyr,-0.1049994848482657
urn:mavedb:00000057-b-1#414,,,p.Ile83Tyr,0.0090777530206576
urn:mavedb:00000057-b-1#415,,,p.Ala82Tyr,-0.3113127673155075
urn:mavedb:00000057-b-1#416,,,p.Phe81Tyr,-0.2787131631296596
urn:mavedb:00000057-b-1#417,,,p.Val80Tyr,-0.2084783848471193
urn:mavedb:00000057-b-1#418,,,p.Cys79Tyr,-0.1756860449460354
urn:mavedb:00000057-b-1#419,,,p.Leu78Tyr,-0.1429556290826163
urn:mavedb:00000057-b-1#420,,,p.Phe77Tyr,-0.0929616009499696
urn:mavedb:00000057-b-1#421,,,p.Gly76Tyr,-0.0890547911728976
urn:mavedb:00000057-b-1#422,,,p.Glu75Tyr,-0.1991019549462769
urn:mavedb:00000057-b-1#423,,,p.Gly74Tyr,-0.1744706409522731
urn:mavedb:00000057-b-1#424,,,p.Thr73Tyr,-0.2899304375203129
urn:mavedb:00000057-b-1#425,,,p.Arg72Tyr,-0.1751089953785107
urn:mavedb:00000057-b-1#426,,,p.Met71Tyr,-0.2230098678068364
urn:mavedb:00000057-b-1#427,,,p.Tyr70=,0.0
urn:mavedb:00000057-b-1#428,,,p.Gln69Tyr,-0.2021228873852263
urn:mavedb:00000057-b-1#429,,,p.Asp68Tyr,-0.2056770529501101
urn:mavedb:00000057-b-1#430,,,p.Arg67Tyr,0.1424668258529384
urn:mavedb:00000057-b-1#431,,,p.Met66Tyr,-0.0562541204977548
urn:mavedb:00000057-b-1#432,,,p.Ala65Tyr,-0.1687409069688554
urn:mavedb:00000057-b-1#433,,,p.Ser64Tyr,-0.1262397461464006
urn:mavedb:00000057-b-1#434,,,p.Tyr63=,0.0
urn:mavedb:00000057-b-1#435,,,p.Glu62Tyr,0.5310391869965378
urn:mavedb:00000057-b-1#436,,,p.Glu61Tyr,0.1893284539036785
urn:mavedb:00000057-b-1#437,,,p.Gln60Tyr,0.4626194134791547
urn:mavedb:00000057-b-1#438,,,p.Gly59Tyr,-0.1650480892060818
urn:mavedb:00000057-b-1#439,,,p.Ala58Tyr,0.0450699942147397
urn:mavedb:00000057-b-1#440,,,p.Thr57Tyr,-0.0417652325094334
urn:mavedb:00000057-b-1#441,,,p.Asp56Tyr,-0.3141816267410605
urn:mavedb:00000057-b-1#442,,,p.Leu55Tyr,-0.2268665704860517
urn:mavedb:00000057-b-1#443,,,p.Ile54Tyr,-0.2911930803599347
urn:mavedb:00000057-b-1#444,,,p.Asp53Tyr,-0.1075284487191976
urn:mavedb:00000057-b-1#445,,,p.Leu52Tyr,0.0229563502720459
urn:mavedb:00000057-b-1#446,,,p.Leu51Tyr,-0.1899717772989563
urn:mavedb:00000057-b-1#447,,,p.Cys50Tyr,-0.2259209195214284
urn:mavedb:00000057-b-1#448,,,p.Thr49Tyr,-0.3212268986218866
urn:mavedb:00000057-b-1#449,,,p.Glu48Tyr,-0.2123295406239023
urn:mavedb:00000057-b-1#450,,,p.Gly47Tyr,-0.290065795448013
urn:mavedb:00000057-b-1#451,,,p.Asp46Tyr,-0.2279287270703339
urn:mavedb:00000057-b-1#452,,,p.Ile45Tyr,-0.0923525506381518
urn:mavedb:00000057-b-1#453,,,p.Val44Tyr,-0.2502478970296005
urn:mavedb:00000057-b-1#454,,,p.Val43Tyr,-0.2102943790525519
urn:mavedb:00000057-b-1#455,,,p.Gln42Tyr,-0.2932620208427197
urn:mavedb:00000057-b-1#456,,,p.Lys41Tyr,-0.3607327140453865
urn:mavedb:00000057-b-1#457,,,p.Arg40Tyr,-0.2906422688417792
urn:mavedb:00000057-b-1#458,,,p.Tyr39=,0.0
urn:mavedb:00000057-b-1#459,,,p.Ser38Tyr,-0.4099146949381408
urn:mavedb:00000057-b-1#460,,,p.Asp37Tyr,-0.2755696375572442
urn:mavedb:00000057-b-1#461,,,p.Glu36Tyr,-0.2419264413529902
urn:mavedb:00000057-b-1#462,,,p.Ile35Tyr,0.0791398341236474
urn:mavedb:00000057-b-1#463,,,p.Thr34Tyr,-0.3776452056974207
urn:mavedb:00000057-b-1#464,,,p.Pro33Tyr,-0.1544049085840868
urn:mavedb:00000057-b-1#465,,,p.Asp32Tyr,-0.2272873564495199
urn:mavedb:00000057-b-1#466,,,p.Tyr31=,0.0
urn:mavedb:00000057-b-1#467,,,p.Glu30Tyr,-0.4279005466569857
urn:mavedb:00000057-b-1#468,,,p.Asp29Tyr,-0.235054512333732
urn:mavedb:00000057-b-1#469,,,p.Val28Tyr,-0.1706776343414915
urn:mavedb:00000057-b-1#470,,,p.Phe27Tyr,-0.2529441798706614
urn:mavedb:00000057-b-1#471,,,p.His26Tyr,-0.1441297491812395
urn:mavedb:00000057-b-1#472,,,p.Asn25Tyr,-0.1925899326185551
urn:mavedb:00000057-b-1#473,,,p.Gln24Tyr,-0.1271682717087776
urn:mavedb:00000057-b-1#474,,,p.Ile23Tyr,0.0297549992091524
urn:mavedb:00000057-b-1#475,,,p.Leu22Tyr,-0.2179899972022307
urn:mavedb:00000057-b-1#476,,,p.Gln21Tyr,0.0054925646820351
urn:mavedb:00000057-b-1#477,,,p.Asp56Thr,-0.2751005459899892
urn:mavedb:00000057-b-1#478,,,p.Leu55Thr,-0.2973789630458564
urn:mavedb:00000057-b-1#479,,,p.Ile54Thr,-0.0264886629198627
urn:mavedb:00000057-b-1#480,,,p.Asp53Thr,-0.2215651583416551
urn:mavedb:00000057-b-1#481,,,p.Leu52Thr,0.0132049291235476
urn:mavedb:00000057-b-1#482,,,p.Leu51Thr,-0.1872806808474392
urn:mavedb:00000057-b-1#483,,,p.Cys50Thr,-0.1601227563069653
urn:mavedb:00000057-b-1#484,,,p.Thr49=,0.0
urn:mavedb:00000057-b-1#485,,,p.Glu48Thr,-0.1862035128585576
urn:mavedb:00000057-b-1#486,,,p.Gly47Thr,-0.1809141670737341
urn:mavedb:00000057-b-1#487,,,p.Asp46Thr,-0.203182836226609
urn:mavedb:00000057-b-1#488,,,p.Ile45Thr,-0.2006433261586513
urn:mavedb:00000057-b-1#489,,,p.Val44Thr,-0.1712709905352611
urn:mavedb:00000057-b-1#490,,,p.Val43Thr,-0.2644838256141939
urn:mavedb:00000057-b-1#491,,,p.Gln42Thr,-0.2401775513803242
urn:mavedb:00000057-b-1#492,,,p.Lys41Thr,-0.0285741742409316
urn:mavedb:00000057-b-1#493,,,p.Arg40Thr,-0.2278739144544836
urn:mavedb:00000057-b-1#494,,,p.Tyr39Thr,-0.3622203818648368
urn:mavedb:00000057-b-1#495,,,p.Ser38Thr,-0.1820592186938956
urn:mavedb:00000057-b-1#496,,,p.Asp37Thr,-0.2950711416161594
urn:mavedb:00000057-b-1#497,,,p.Glu36Thr,-0.3347242188266689
urn:mavedb:00000057-b-1#498,,,p.Ile35Thr,-0.1520968037556332
urn:mavedb:00000057-b-1#499,,,p.Thr34=,0.0
urn:mavedb:00000057-b-1#500,,,p.Pro33Thr,-0.1369783479486424
urn:mavedb:00000057-b-1#501,,,p.Asp32Thr,-0.0712157666147286
urn:mavedb:00000057-b-1#502,,,p.Tyr31Thr,-0.1081030865261906
urn:mavedb:00000057-b-1#503,,,p.Glu30Thr,-0.1288047078042037
urn:mavedb:00000057-b-1#504,,,p.Asp29Thr,-0.3903240969844396
urn:mavedb:00000057-b-1#505,,,p.Val28Thr,-0.140323066989832
urn:mavedb:00000057-b-1#506,,,p.Phe27Thr,-0.1754869445038412
urn:mavedb:00000057-b-1#507,,,p.His26Thr,-0.3454359052660245
urn:mavedb:00000057-b-1#508,,,p.Asn25Thr,-0.0333412985370746
urn:mavedb:00000057-b-1#509,,,p.Gln24Thr,-0.1720376367961442
urn:mavedb:00000057-b-1#510,,,p.Ile23Thr,-0.2114371524192326
urn:mavedb:00000057-b-1#511,,,p.Leu22Thr,0.3008188175391045
urn:mavedb:00000057-b-1#512,,,p.Gln21Thr,0.0344002555549273
urn:mavedb:00000057-b-1#513,,,p.Ile20Thr,-0.309240789124405
urn:mavedb:00000057-b-1#514,,,p.Thr19=,0.0
urn:mavedb:00000057-b-1#515,,,p.Leu18Thr,-0.2946587586774833
urn:mavedb:00000057-b-1#516,,,p.Ala17Thr,-0.4302886419647241
urn:mavedb:00000057-b-1#517,,,p.Ser16Thr,0.0152464782397658
urn:mavedb:00000057-b-1#518,,,p.Lys15Thr,-0.2487522621547544
urn:mavedb:00000057-b-1#519,,,p.Gly14Thr,-0.4231261958268768
urn:mavedb:00000057-b-1#520,,,p.Val13Thr,0.0702784707989852
urn:mavedb:00000057-b-1#521,,,p.Gly12Thr,0.2036926008331599
urn:mavedb:00000057-b-1#522,,,p.Gly11Thr,0.3224997729889087
urn:mavedb:00000057-b-1#523,,,p.Ala10Thr,-0.1360849114125665
urn:mavedb:00000057-b-1#524,,,p.Gly9Thr,-0.3281989387914291
urn:mavedb:00000057-b-1#525,,,p.Val8Thr,-0.2593082094817944
urn:mavedb:00000057-b-1#526,,,p.Val7Thr,-0.1475936570938606
urn:mavedb:00000057-b-1#527,,,p.Val6Thr,-0.1359401307110329
urn:mavedb:00000057-b-1#528,,,p.Leu5Thr,-0.2808295882021868
urn:mavedb:00000057-b-1#529,,,p.Lys4Thr,-0.2018195618442491
urn:mavedb:00000057-b-1#530,,,p.Tyr3Thr,-0.0111976506294343
urn:mavedb:00000057-b-1#531,,,p.Glu2Thr,-0.2494031702585114
urn:mavedb:00000057-b-1#532,,,p.Thr1=,0.0
urn:mavedb:00000057-b-1#533,,,p.His165Ser,-0.1075491845704577
urn:mavedb:00000057-b-1#534,,,p.Gln164Ser,0.0081719093830544
urn:mavedb:00000057-b-1#535,,,p.Arg163Ser,-0.1347125726064322
urn:mavedb:00000057-b-1#536,,,p.Ile162Ser,-0.0008773953895638
urn:mavedb:00000057-b-1#537,,,p.Glu161Ser,-0.056763825946163
urn:mavedb:00000057-b-1#538,,,p.Arg160Ser,-0.0352444930670131
urn:mavedb:00000057-b-1#539,,,p.Val159Ser,-0.094776227011316
urn:mavedb:00000057-b-1#540,,,p.Leu158Ser,-0.2326047765547268
urn:mavedb:00000057-b-1#541,,,p.Thr157Ser,-0.0569220090534355
urn:mavedb:00000057-b-1#542,,,p.Tyr156Ser,-0.028756704201766
urn:mavedb:00000057-b-1#543,,,p.Phe155Ser,-0.1202024712871532
urn:mavedb:00000057-b-1#544,,,p.Ala154Ser,-0.1734966402627039
urn:mavedb:00000057-b-1#545,,,p.Asp153Ser,-0.1064880722552003
urn:mavedb:00000057-b-1#546,,,p.Glu152Ser,-0.0832947698949929
urn:mavedb:00000057-b-1#547,,,p.Val151Ser,0.0882317376421823
urn:mavedb:00000057-b-1#548,,,p.Gly150Ser,0.1355568510416396
urn:mavedb:00000057-b-1#549,,,p.Gln149Ser,-0.1195862990778773
urn:mavedb:00000057-b-1#550,,,p.Arg148Ser,-0.0529162380521897
urn:mavedb:00000057-b-1#551,,,p.Thr147Ser,-0.0319765857855513
urn:mavedb:00000057-b-1#552,,,p.Lys146Ser,0.2987411438199083
urn:mavedb:00000057-b-1#553,,,p.Ala145Ser,0.3574282647973734
urn:mavedb:00000057-b-1#554,,,p.Ser144=,0.0
urn:mavedb:00000057-b-1#555,,,p.Thr143Ser,-0.0479050514761221
urn:mavedb:00000057-b-1#556,,,p.Glu142Ser,-0.0911910597241698
urn:mavedb:00000057-b-1#557,,,p.Ile141Ser,-0.0954027970628853
urn:mavedb:00000057-b-1#558,,,p.Tyr140Ser,-0.103831800245038
urn:mavedb:00000057-b-1#559,,,p.Pro139Ser,-0.0099554407856859
urn:mavedb:00000057-b-1#560,,,p.Ile138Ser,-0.190296601964586
urn:mavedb:00000057-b-1#561,,,p.Gly137Ser,0.0732969468821605
urn:mavedb:00000057-b-1#562,,,p.Tyr136Ser,-0.1076411147667643
urn:mavedb:00000057-b-1#563,,,p.Ser135=,0.0
urn:mavedb:00000057-b-1#564,,,p.Arg134Ser,-0.0474790644139168
urn:mavedb:00000057-b-1#565,,,p.Ala133Ser,-0.0289868884383639
urn:mavedb:00000057-b-1#566,,,p.Leu132Ser,-0.0733879808730492
urn:mavedb:00000057-b-1#567,,,p.Asp131Ser,-0.1188927405474076
urn:mavedb:00000057-b-1#568,,,p.Gln130Ser,-0.0642881147128928
urn:mavedb:00000057-b-1#569,,,p.Ala129Ser,-0.0888392693560845
urn:mavedb:00000057-b-1#570,,,p.Gln128Ser,-0.0302537650267238
urn:mavedb:00000057-b-1#571,,,p.Arg127Ser,-0.1505809958169281
urn:mavedb:00000057-b-1#572,,,p.Ser126=,0.0
urn:mavedb:00000057-b-1#573,,,p.Glu125Ser,-0.0257009576933542
urn:mavedb:00000057-b-1#574,,,p.Val124Ser,-0.0659313260637649
urn:mavedb:00000057-b-1#575,,,p.Thr123Ser,-0.1542110909081431
urn:mavedb:00000057-b-1#576,,,p.Arg122Ser,0.0518048885714913
urn:mavedb:00000057-b-1#577,,,p.Ala121Ser,-0.0686395294834975
urn:mavedb:00000057-b-1#578,,,p.Met71Ser,-0.2320494110418721
urn:mavedb:00000057-b-1#579,,,p.Tyr70Ser,-0.2643815363833801
urn:mavedb:00000057-b-1#580,,,p.Gln69Ser,-0.1472079303423271
urn:mavedb:00000057-b-1#581,,,p.Asp68Ser,-0.1186462252548807
urn:mavedb:00000057-b-1#582,,,p.Arg67Ser,0.1847754355649372
urn:mavedb:00000057-b-1#583,,,p.Met66Ser,0.0957502249492038
urn:mavedb:00000057-b-1#584,,,p.Ala65Ser,-0.1979581581015935
urn:mavedb:00000057-b-1#585,,,p.Ser64=,0.0
urn:mavedb:00000057-b-1#586,,,p.Tyr63Ser,0.3777829095682305
urn:mavedb:00000057-b-1#587,,,p.Glu62Ser,-0.1959417092328863
urn:mavedb:00000057-b-1#588,,,p.Glu61Ser,-0.0707260990531329
urn:mavedb:00000057-b-1#589,,,p.Gln60Ser,0.4227231572081324
urn:mavedb:00000057-b-1#590,,,p.Gly59Ser,0.0629902635391772
urn:mavedb:00000057-b-1#591,,,p.Ala58Ser,0.3312663895784006
urn:mavedb:00000057-b-1#592,,,p.Thr57Ser,-0.1863478129142638
urn:mavedb:00000057-b-1#593,,,p.Asp56Ser,-0.3696384456695233
urn:mavedb:00000057-b-1#594,,,p.Leu55Ser,-0.0426964775011127
urn:mavedb:00000057-b-1#595,,,p.Ile54Ser,-0.2128358425335413
urn:mavedb:00000057-b-1#596,,,p.Asp53Ser,-0.3023964269952225
urn:mavedb:00000057-b-1#597,,,p.Leu52Ser,-0.1962450994655925
urn:mavedb:00000057-b-1#598,,,p.Leu51Ser,-0.2077663729655397
urn:mavedb:00000057-b-1#599,,,p.Cys50Ser,-0.2503922632451125
urn:mavedb:00000057-b-1#600,,,p.Thr49Ser,-0.1587206074912412
urn:mavedb:00000057-b-1#601,,,p.Glu48Ser,-0.1898286753798987
urn:mavedb:00000057-b-1#602,,,p.Gly47Ser,-0.1959279280985497
urn:mavedb:00000057-b-1#603,,,p.Asp46Ser,-0.1960697297419109
urn:mavedb:00000057-b-1#604,,,p.Ile45Ser,-0.074997352799899
urn:mavedb:00000057-b-1#605,,,p.Val44Ser,-0.2142278098867364
urn:mavedb:00000057-b-1#606,,,p.Val43Ser,-0.1780834176291795
urn:mavedb:00000057-b-1#607,,,p.Gln42Ser,-0.1326319697463725
urn:mavedb:00000057-b-1#608,,,p.Lys41Ser,-0.1578190360595335
urn:mavedb:00000057-b-1#609,,,p.Arg40Ser,-0.289535446413326
urn:mavedb:00000057-b-1#610,,,p.Tyr39Ser,-0.3802697060461655
urn:mavedb:00000057-b-1#611,,,p.Ser38=,0.0
urn:mavedb:00000057-b-1#612,,,p.Asp37Ser,-0.3064237908969261
urn:mavedb:00000057-b-1#613,,,p.Glu36Ser,-0.3470967367357791
urn:mavedb:00000057-b-1#614,,,p.Ile35Ser,-0.1984466984636922
urn:mavedb:00000057-b-1#615,,,p.Thr34Ser,-0.3146290954255944
urn:mavedb:00000057-b-1#616,,,p.Pro33Ser,-0.0557423861461927
urn:mavedb:00000057-b-1#617,,,p.Asp32Ser,-0.0354861635050068
urn:mavedb:00000057-b-1#618,,,p.Tyr31Ser,-0.168827849518727
urn:mavedb:00000057-b-1#619,,,p.Glu30Ser,-0.1646931033486716
urn:mavedb:00000057-b-1#620,,,p.Asp29Ser,-0.215943980307775
urn:mavedb:00000057-b-1#621,,,p.Val28Ser,-0.1739939265497133
urn:mavedb:00000057-b-1#622,,,p.Phe27Ser,-0.2474024093567324
urn:mavedb:00000057-b-1#623,,,p.His26Ser,-0.2559523442172118
urn:mavedb:00000057-b-1#624,,,p.Asn25Ser,-0.195386904429848
urn:mavedb:00000057-b-1#625,,,p.Gln24Ser,-0.2321128143255128
urn:mavedb:00000057-b-1#626,,,p.Ile23Ser,-0.1988884716195543
urn:mavedb:00000057-b-1#627,,,p.Leu22Ser,0.3042150550220474
urn:mavedb:00000057-b-1#628,,,p.Gln21Ser,-0.207327194861616
urn:mavedb:00000057-b-1#629,,,p.Ile20Ser,-0.3022189500245033
urn:mavedb:00000057-b-1#630,,,p.Thr19Ser,-0.1360366586908687
urn:mavedb:00000057-b-1#631,,,p.Leu18Ser,-0.2104747266442352
urn:mavedb:00000057-b-1#632,,,p.Ala17Ser,-0.4327211531732093
urn:mavedb:00000057-b-1#633,,,p.Ser16=,0.0
urn:mavedb:00000057-b-1#634,,,p.Lys15Ser,-0.2154743951014715
urn:mavedb:00000057-b-1#635,,,p.Gly14Ser,-0.3635201558679762
urn:mavedb:00000057-b-1#636,,,p.Val13Ser,-0.027573717770856
urn:mavedb:00000057-b-1#637,,,p.Gly12Ser,0.1509194268668814
urn:mavedb:00000057-b-1#638,,,p.Gly11Ser,0.3839848812920741
urn:mavedb:00000057-b-1#639,,,p.Ala10Ser,-0.1501371486784186
urn:mavedb:00000057-b-1#640,,,p.Gly9Ser,-0.3290884653469479
urn:mavedb:00000057-b-1#641,,,p.Val8Ser,-0.3085795526967691
urn:mavedb:00000057-b-1#642,,,p.Val7Ser,-0.1798288953195601
urn:mavedb:00000057-b-1#643,,,p.Val6Ser,-0.1624276157819269
urn:mavedb:00000057-b-1#644,,,p.Leu5Ser,-0.3099305710045267
urn:mavedb:00000057-b-1#645,,,p.Lys4Ser,-0.2009384539841014
urn:mavedb:00000057-b-1#646,,,p.Tyr3Ser,-0.2108847669482858
urn:mavedb:00000057-b-1#647,,,p.Glu2Ser,-0.3708027373940162
urn:mavedb:00000057-b-1#648,,,p.Thr1Ser,-0.2370663632988272
urn:mavedb:00000057-b-1#649,,,p.His165Arg,0.0373406032547591
urn:mavedb:00000057-b-1#650,,,p.Gln164Arg,-0.0730210782792465
urn:mavedb:00000057-b-1#651,,,p.Arg163=,0.0
urn:mavedb:00000057-b-1#652,,,p.Ile162Arg,-0.0148342875670305
urn:mavedb:00000057-b-1#653,,,p.Glu161Arg,-0.1224197234013841
urn:mavedb:00000057-b-1#654,,,p.Arg160=,0.0
urn:mavedb:00000057-b-1#655,,,p.Val159Arg,-0.1087481209871843
urn:mavedb:00000057-b-1#656,,,p.Leu158Arg,-0.2530873230629668
urn:mavedb:00000057-b-1#657,,,p.Thr157Arg,-0.0615742680896798
urn:mavedb:00000057-b-1#658,,,p.Tyr156Arg,0.1901684908511986
urn:mavedb:00000057-b-1#659,,,p.Phe155Arg,-0.1922035425873774
urn:mavedb:00000057-b-1#660,,,p.Ala154Arg,-0.2209075724839455
urn:mavedb:00000057-b-1#661,,,p.Asp153Arg,-0.0633558591963124
urn:mavedb:00000057-b-1#662,,,p.Glu152Arg,-0.041733920417474
urn:mavedb:00000057-b-1#663,,,p.Val151Arg,-0.0486170725033971
urn:mavedb:00000057-b-1#664,,,p.Gly150Arg,-0.11539031911513
urn:mavedb:00000057-b-1#665,,,p.Gln149Arg,-0.1122400094540022
urn:mavedb:00000057-b-1#666,,,p.Arg148=,0.0
urn:mavedb:00000057-b-1#667,,,p.Thr147Arg,-0.0853875847889793
urn:mavedb:00000057-b-1#668,,,p.Lys146Arg,-0.0521474764534956
urn:mavedb:00000057-b-1#669,,,p.Ala145Arg,-0.2094238783947898
urn:mavedb:00000057-b-1#670,,,p.Ser144Arg,0.2250759474844734
urn:mavedb:00000057-b-1#671,,,p.Thr143Arg,-0.1670329242692775
urn:mavedb:00000057-b-1#672,,,p.Glu142Arg,-0.057528221353578
urn:mavedb:00000057-b-1#673,,,p.Ile141Arg,-0.0756935340181292
urn:mavedb:00000057-b-1#674,,,p.Tyr140Arg,-0.1034674808992954
urn:mavedb:00000057-b-1#675,,,p.Pro139Arg,-0.0269643623302816
urn:mavedb:00000057-b-1#676,,,p.Ile138Arg,-0.2277396958416328
urn:mavedb:00000057-b-1#677,,,p.Gly137Arg,-0.0551599825488817
urn:mavedb:00000057-b-1#678,,,p.Tyr136Arg,-0.1461430217734645
urn:mavedb:00000057-b-1#679,,,p.Ser135Arg,-0.0436138943427738
urn:mavedb:00000057-b-1#680,,,p.Arg134=,0.0
urn:mavedb:00000057-b-1#681,,,p.Ala133Arg,-0.0995806830008048
urn:mavedb:00000057-b-1#682,,,p.Leu132Arg,-0.088244897994212
urn:mavedb:00000057-b-1#683,,,p.Asp131Arg,-0.0781406325827316
urn:mavedb:00000057-b-1#684,,,p.Gln130Arg,-0.130428094889746
urn:mavedb:00000057-b-1#685,,,p.Ala129Arg,-0.1110771411602061
urn:mavedb:00000057-b-1#686,,,p.Gln128Arg,-0.102041085885344
urn:mavedb:00000057-b-1#687,,,p.Arg127=,0.0
urn:mavedb:00000057-b-1#688,,,p.Ser126Arg,-0.1136303897283915
urn:mavedb:00000057-b-1#689,,,p.Glu125Arg,-0.1413884770559913
urn:mavedb:00000057-b-1#690,,,p.Val124Arg,-0.0564986071729985
urn:mavedb:00000057-b-1#691,,,p.Thr123Arg,-0.1191983463547141
urn:mavedb:00000057-b-1#692,,,p.Arg122=,0.0
urn:mavedb:00000057-b-1#693,,,p.Arg134Val,0.0888832735463904
urn:mavedb:00000057-b-1#694,,,p.Ala133Val,-0.1361159019377127
urn:mavedb:00000057-b-1#695,,,p.Leu132Val,-0.1384326163004892
urn:mavedb:00000057-b-1#696,,,p.Asp131Val,-0.1171125160141081
urn:mavedb:00000057-b-1#697,,,p.Gln130Val,-0.0688643113831103
urn:mavedb:00000057-b-1#698,,,p.Ala129Val,-0.1053575614564876
urn:mavedb:00000057-b-1#699,,,p.Gln128Val,-0.1527279069994719
urn:mavedb:00000057-b-1#700,,,p.Arg127Val,-0.1669702411043639
urn:mavedb:00000057-b-1#701,,,p.Ser126Val,-0.0972807633870323
urn:mavedb:00000057-b-1#702,,,p.Glu125Val,0.0314384339366936
urn:mavedb:00000057-b-1#703,,,p.Val124=,0.0
urn:mavedb:00000057-b-1#704,,,p.Thr123Val,-0.1253177836303365
urn:mavedb:00000057-b-1#705,,,p.Arg122Val,-0.0220449291840039
urn:mavedb:00000057-b-1#706,,,p.Ala121Val,0.0309031832082377
urn:mavedb:00000057-b-1#707,,,p.Ala120Val,-0.1234229115886273
urn:mavedb:00000057-b-1#708,,,p.Leu119Val,-0.0406167533994568
urn:mavedb:00000057-b-1#709,,,p.Asp118Val,-0.1629670918361256
urn:mavedb:00000057-b-1#710,,,p.Cys117Val,-0.1179964470821526
urn:mavedb:00000057-b-1#711,,,p.Lys116Val,0.5872707590090355
urn:mavedb:00000057-b-1#712,,,p.Asn115Val,0.5475646112128387
urn:mavedb:00000057-b-1#713,,,p.Gly114Val,-0.0527018224500884
urn:mavedb:00000057-b-1#714,,,p.Val113=,0.0
urn:mavedb:00000057-b-1#715,,,p.Leu112Val,-0.0098702716312761
urn:mavedb:00000057-b-1#716,,,p.Val111=,0.0
urn:mavedb:00000057-b-1#717,,,p.Met110Val,-0.159153247248312
urn:mavedb:00000057-b-1#718,,,p.Pro109Val,-0.2031542956411899
urn:mavedb:00000057-b-1#719,,,p.Val108=,0.0
urn:mavedb:00000057-b-1#720,,,p.Asp107Val,-0.3396956862935143
urn:mavedb:00000057-b-1#721,,,p.Asp106Val,-0.0886987447969521
urn:mavedb:00000057-b-1#722,,,p.Ser105Val,-0.2795499604935023
urn:mavedb:00000057-b-1#723,,,p.Asp104Val,-0.1679354390584279
urn:mavedb:00000057-b-1#724,,,p.Lys103Val,-0.2214390804055174
urn:mavedb:00000057-b-1#725,,,p.Val102=,0.0
urn:mavedb:00000057-b-1#726,,,p.Arg101Val,-0.3014641575865268
urn:mavedb:00000057-b-1#727,,,p.Lys100Val,-0.1888296484558186
urn:mavedb:00000057-b-1#728,,,p.Ile99Val,-0.2204817765791173
urn:mavedb:00000057-b-1#729,,,p.Gln98Val,-0.1355709755108022
urn:mavedb:00000057-b-1#730,,,p.Glu97Val,-0.2185410946721473
urn:mavedb:00000057-b-1#731,,,p.Arg96Val,-0.0900817263837109
urn:mavedb:00000057-b-1#732,,,p.Tyr95Val,-0.0253966156407968
urn:mavedb:00000057-b-1#733,,,p.Gln94Val,-0.0712300920956108
urn:mavedb:00000057-b-1#734,,,p.His93Val,-0.1413426048734695
urn:mavedb:00000057-b-1#735,,,p.Ile92Val,-0.1429016593810767
urn:mavedb:00000057-b-1#736,,,p.Asp91Val,-0.1119528790142088
urn:mavedb:00000057-b-1#737,,,p.Glu90Val,-0.1536682866311705
urn:mavedb:00000057-b-1#738,,,p.Phe89Val,-0.2056256955205817
urn:mavedb:00000057-b-1#739,,,p.Ser88Val,-0.2809775631817207
urn:mavedb:00000057-b-1#740,,,p.Lys87Val,-0.3446595482177771
urn:mavedb:00000057-b-1#741,,,p.Thr86Val,-0.2851583163284088
urn:mavedb:00000057-b-1#742,,,p.Asn85Val,-0.1685452117673799
urn:mavedb:00000057-b-1#743,,,p.Asn84Val,-0.1752874710184475
urn:mavedb:00000057-b-1#744,,,p.Ile83Val,-0.2542751594949997
urn:mavedb:00000057-b-1#745,,,p.Ala82Val,-0.009203775252185
urn:mavedb:00000057-b-1#746,,,p.Phe81Val,-0.1800276215886487
urn:mavedb:00000057-b-1#747,,,p.Val80=,0.0
urn:mavedb:00000057-b-1#748,,,p.Cys79Val,-0.1407193298278893
urn:mavedb:00000057-b-1#749,,,p.Leu78Val,-0.2463406813340078
urn:mavedb:00000057-b-1#750,,,p.Phe77Val,-0.2385543163890854
urn:mavedb:00000057-b-1#751,,,p.Gly76Val,0.0912506317992915
urn:mavedb:00000057-b-1#752,,,p.Glu75Val,-0.1776311571261198
urn:mavedb:00000057-b-1#753,,,p.Gly74Val,-0.0800893524912
urn:mavedb:00000057-b-1#754,,,p.Thr73Val,-0.2446317740021785
urn:mavedb:00000057-b-1#755,,,p.Arg72Val,-0.20525278944744
urn:mavedb:00000057-b-1#756,,,p.Met71Val,-0.1747866778734695
urn:mavedb:00000057-b-1#757,,,p.Tyr70Val,-0.0316788572757242
urn:mavedb:00000057-b-1#758,,,p.Gln69Val,-0.2468286533535297
urn:mavedb:00000057-b-1#759,,,p.Asp68Val,-0.3866472523518804
urn:mavedb:00000057-b-1#760,,,p.Arg67Val,0.0627862664946916
urn:mavedb:00000057-b-1#761,,,p.Met66Val,-0.0838099105843814
urn:mavedb:00000057-b-1#762,,,p.Ala65Val,-0.1365738270448385
urn:mavedb:00000057-b-1#763,,,p.Ser64Val,-0.1548965196371171
urn:mavedb:00000057-b-1#764,,,p.Tyr63Val,0.097482429979208
urn:mavedb:00000057-b-1#765,,,p.Glu62Val,-0.1127570643456072
urn:mavedb:00000057-b-1#766,,,p.Glu61Val,-0.0281759341431418
urn:mavedb:00000057-b-1#767,,,p.Gln60Val,0.4842558585251421
urn:mavedb:00000057-b-1#768,,,p.Gly59Val,-0.0911711826563738
urn:mavedb:00000057-b-1#769,,,p.Ala58Val,-0.2316018698361538
urn:mavedb:00000057-b-1#770,,,p.Thr57Val,-0.0703642691526558
urn:mavedb:00000057-b-1#771,,,p.Asp56Val,-0.2822536845357595
urn:mavedb:00000057-b-1#772,,,p.Leu55Val,-0.2229542598235876
urn:mavedb:00000057-b-1#773,,,p.Ile54Val,-0.1742149650333716
urn:mavedb:00000057-b-1#774,,,p.Asp53Val,-0.2201370335125783
urn:mavedb:00000057-b-1#775,,,p.Leu52Val,-0.0067263268023142
urn:mavedb:00000057-b-1#776,,,p.Leu51Val,-0.2088561344433236
urn:mavedb:00000057-b-1#777,,,p.Cys50Val,-0.2856184287596474
urn:mavedb:00000057-b-1#778,,,p.Thr49Val,-0.1982471465690352
urn:mavedb:00000057-b-1#779,,,p.Glu48Val,-0.2167171070113908
urn:mavedb:00000057-b-1#780,,,p.Gly47Val,-0.2152682037648121
urn:mavedb:00000057-b-1#781,,,p.Asp46Val,-0.0949044896059148
urn:mavedb:00000057-b-1#782,,,p.Ile45Val,-0.1668131297119072
urn:mavedb:00000057-b-1#783,,,p.Val44=,0.0
urn:mavedb:00000057-b-1#784,,,p.Val43=,0.0
urn:mavedb:00000057-b-1#785,,,p.Gln42Val,-0.2622633334214042
urn:mavedb:00000057-b-1#786,,,p.Lys41Val,-0.0995445916383088
urn:mavedb:00000057-b-1#787,,,p.Arg40Val,-0.2336121596536026
urn:mavedb:00000057-b-1#788,,,p.Tyr39Val,-0.2441230925655476
urn:mavedb:00000057-b-1#789,,,p.Ser38Val,-0.0650903780992368
urn:mavedb:00000057-b-1#790,,,p.Asp37Val,-0.2434787914707342
urn:mavedb:00000057-b-1#791,,,p.Glu36Val,-0.184008156981783
urn:mavedb:00000057-b-1#792,,,p.Ile35Val,-0.0785580709670936
urn:mavedb:00000057-b-1#793,,,p.Thr34Val,-0.3958899048105552
urn:mavedb:00000057-b-1#794,,,p.Pro33Val,-0.1782347741961001
urn:mavedb:00000057-b-1#795,,,p.Asp32Val,-0.0295079750212293
urn:mavedb:00000057-b-1#796,,,p.Tyr31Val,-0.1509329556455251
urn:mavedb:00000057-b-1#797,,,p.Glu30Val,-0.2589664265237769
urn:mavedb:00000057-b-1#798,,,p.Asp29Val,-0.2241855771533186
urn:mavedb:00000057-b-1#799,,,p.Val28=,0.0
urn:mavedb:00000057-b-1#800,,,p.Phe27Val,-0.1357610534782641
urn:mavedb:00000057-b-1#801,,,p.His26Val,-0.2960854526766476
urn:mavedb:00000057-b-1#802,,,p.Asn25Val,-0.2207025868399192
urn:mavedb:00000057-b-1#803,,,p.Gln24Val,-0.1031985651089093
urn:mavedb:00000057-b-1#804,,,p.Ile23Val,-0.1882372072256861
urn:mavedb:00000057-b-1#805,,,p.Leu22Val,-0.1992429332106569
urn:mavedb:00000057-b-1#806,,,p.Gln21Val,-0.1439468500831192
urn:mavedb:00000057-b-1#807,,,p.Ile20Val,-0.2963840866275244
urn:mavedb:00000057-b-1#808,,,p.Thr19Val,-0.2399719841914817
urn:mavedb:00000057-b-1#809,,,p.Leu18Val,-0.2003222406613498
urn:mavedb:00000057-b-1#810,,,p.Ala17Val,-0.0352559422056762
urn:mavedb:00000057-b-1#811,,,p.Ser16Val,-0.4285428656220047
urn:mavedb:00000057-b-1#812,,,p.Lys15Val,-0.3635981575743863
urn:mavedb:00000057-b-1#813,,,p.Gly14Val,-0.4715962856481933
urn:mavedb:00000057-b-1#814,,,p.Val13=,0.0
urn:mavedb:00000057-b-1#815,,,p.Gly12Val,0.3358304877168618
urn:mavedb:00000057-b-1#816,,,p.Gly11Val,0.3555369191806598
urn:mavedb:00000057-b-1#817,,,p.Ala10Val,-0.2046104473787864
urn:mavedb:00000057-b-1#818,,,p.Gly9Val,-0.2066843398168261
urn:mavedb:00000057-b-1#819,,,p.Val8=,0.0
urn:mavedb:00000057-b-1#820,,,p.Val7=,0.0
urn:mavedb:00000057-b-1#821,,,p.Ala121Arg,-0.0939493141272923
urn:mavedb:00000057-b-1#822,,,p.Ala120Arg,-0.1333103901526903
urn:mavedb:00000057-b-1#823,,,p.Leu119Arg,0.0413929397533317
urn:mavedb:00000057-b-1#824,,,p.Asp118Arg,-0.2194660007189808
urn:mavedb:00000057-b-1#825,,,p.Cys117Arg,-0.1268194534448206
urn:mavedb:00000057-b-1#826,,,p.Lys116Arg,0.4471336793899529
urn:mavedb:00000057-b-1#827,,,p.Asn115Arg,-0.148799458057506
urn:mavedb:00000057-b-1#828,,,p.Gly114Arg,-0.1193098138804509
urn:mavedb:00000057-b-1#829,,,p.Val113Arg,-0.1249189073779541
urn:mavedb:00000057-b-1#830,,,p.Leu112Arg,-0.2655773252884647
urn:mavedb:00000057-b-1#831,,,p.Val111Arg,-0.1694801738059437
urn:mavedb:00000057-b-1#832,,,p.Met110Arg,-0.3092604641428044
urn:mavedb:00000057-b-1#833,,,p.Pro109Arg,-0.3048843627176215
urn:mavedb:00000057-b-1#834,,,p.Val108Arg,-0.229903035489424
urn:mavedb:00000057-b-1#835,,,p.Asp107Arg,-0.1034835393539826
urn:mavedb:00000057-b-1#836,,,p.Asp106Arg,-0.1845398838688389
urn:mavedb:00000057-b-1#837,,,p.Ser105Arg,-0.2318610786792165
urn:mavedb:00000057-b-1#838,,,p.Asp104Arg,-0.2381796745001811
urn:mavedb:00000057-b-1#839,,,p.Lys103Arg,-0.2654658240075349
urn:mavedb:00000057-b-1#840,,,p.Val102Arg,-0.2860106157643705
urn:mavedb:00000057-b-1#841,,,p.Arg101=,0.0
urn:mavedb:00000057-b-1#842,,,p.Lys100Arg,-0.1958610814643838
urn:mavedb:00000057-b-1#843,,,p.Ile99Arg,-0.249189594832684
urn:mavedb:00000057-b-1#844,,,p.Gln98Arg,-0.1944650487929676
urn:mavedb:00000057-b-1#845,,,p.Glu97Arg,-0.2463471533259804
urn:mavedb:00000057-b-1#846,,,p.Arg96=,0.0
urn:mavedb:00000057-b-1#847,,,p.Tyr95Arg,-0.29341179588159
urn:mavedb:00000057-b-1#848,,,p.Gln94Arg,0.0221108367304752
urn:mavedb:00000057-b-1#849,,,p.His93Arg,-0.0959945126296778
urn:mavedb:00000057-b-1#850,,,p.Ile92Arg,-0.2484550990084433
urn:mavedb:00000057-b-1#851,,,p.Asp91Arg,0.2358132824869611
urn:mavedb:00000057-b-1#852,,,p.Glu90Arg,-0.2035423678952182
urn:mavedb:00000057-b-1#853,,,p.Phe89Arg,-0.2886294228765669
urn:mavedb:00000057-b-1#854,,,p.Ser88Arg,-0.2317613546608002
urn:mavedb:00000057-b-1#855,,,p.Lys87Arg,-0.2456594831673244
urn:mavedb:00000057-b-1#856,,,p.Thr86Arg,-0.2313962611515865
urn:mavedb:00000057-b-1#857,,,p.Asn85Arg,-0.2489384796408247
urn:mavedb:00000057-b-1#858,,,p.Asn84Arg,-0.2596993204381978
urn:mavedb:00000057-b-1#859,,,p.Ile83Arg,-0.1707700720097232
urn:mavedb:00000057-b-1#860,,,p.Ala82Arg,-0.2425227421143629
urn:mavedb:00000057-b-1#861,,,p.Phe81Arg,-0.2619740267181519
urn:mavedb:00000057-b-1#862,,,p.Val80Arg,-0.3104839183994581
urn:mavedb:00000057-b-1#863,,,p.Cys79Arg,-0.3267481298338284
urn:mavedb:00000057-b-1#864,,,p.Leu78Arg,-0.2921177422486753
urn:mavedb:00000057-b-1#865,,,p.Phe77Arg,-0.3057611755610041
urn:mavedb:00000057-b-1#866,,,p.Gly76Arg,-0.153680831302111
urn:mavedb:00000057-b-1#867,,,p.Glu75Arg,-0.2306405001291898
urn:mavedb:00000057-b-1#868,,,p.Gly74Arg,-0.2191527708287794
urn:mavedb:00000057-b-1#869,,,p.Thr73Arg,-0.1748864615930145
urn:mavedb:00000057-b-1#870,,,p.Arg72=,0.0
urn:mavedb:00000057-b-1#871,,,p.Met71Arg,0.076992640785191
urn:mavedb:00000057-b-1#872,,,p.Tyr70Arg,-0.2030761852861218
urn:mavedb:00000057-b-1#873,,,p.Gln69Arg,-0.1877821267074238
urn:mavedb:00000057-b-1#874,,,p.Asp68Arg,-0.158015513107119
urn:mavedb:00000057-b-1#875,,,p.Arg67=,0.0
urn:mavedb:00000057-b-1#876,,,p.Met66Arg,0.0018072183087997
urn:mavedb:00000057-b-1#877,,,p.Ala65Arg,-0.1387235699977373
urn:mavedb:00000057-b-1#878,,,p.Ser64Arg,-0.1565311594069244
urn:mavedb:00000057-b-1#879,,,p.Tyr63Arg,0.3157958135531728
urn:mavedb:00000057-b-1#880,,,p.Glu62Arg,0.3783003823440762
urn:mavedb:00000057-b-1#881,,,p.Glu61Arg,0.1175023775203585
urn:mavedb:00000057-b-1#882,,,p.Gln60Arg,0.3809897128053803
urn:mavedb:00000057-b-1#883,,,p.Gly59Arg,-0.0501796973176104
urn:mavedb:00000057-b-1#884,,,p.Ala58Arg,0.2476536236237448
urn:mavedb:00000057-b-1#885,,,p.Thr57Arg,-0.1145122950113449
urn:mavedb:00000057-b-1#886,,,p.Asp56Arg,-0.2485215528072996
urn:mavedb:00000057-b-1#887,,,p.Leu55Arg,-0.2816208942355344
urn:mavedb:00000057-b-1#888,,,p.Ile54Arg,-0.2386940257010741
urn:mavedb:00000057-b-1#889,,,p.Asp53Arg,-0.2440045840685758
urn:mavedb:00000057-b-1#890,,,p.Leu52Arg,-0.2507642676223666
urn:mavedb:00000057-b-1#891,,,p.Leu51Arg,-0.1723197895494001
urn:mavedb:00000057-b-1#892,,,p.Cys50Arg,-0.2626719605293871
urn:mavedb:00000057-b-1#893,,,p.Thr49Arg,-0.1479359048434818
urn:mavedb:00000057-b-1#894,,,p.Glu48Arg,-0.2106185257169624
urn:mavedb:00000057-b-1#895,,,p.Gly47Arg,-0.1908399567490008
urn:mavedb:00000057-b-1#896,,,p.Asp46Arg,-0.1491532730724665
urn:mavedb:00000057-b-1#897,,,p.Ile45Arg,-0.2509558011407603
urn:mavedb:00000057-b-1#898,,,p.Val44Arg,-0.2312914596352948
urn:mavedb:00000057-b-1#899,,,p.Val43Arg,-0.0534657532807699
urn:mavedb:00000057-b-1#900,,,p.Gln42Arg,-0.2451129418310925
urn:mavedb:00000057-b-1#901,,,p.Lys41Arg,-0.1813047848984144
urn:mavedb:00000057-b-1#902,,,p.Arg40=,0.0
urn:mavedb:00000057-b-1#903,,,p.Tyr39Arg,-0.3608893567898893
urn:mavedb:00000057-b-1#904,,,p.Ser38Arg,-0.3478535059233291
urn:mavedb:00000057-b-1#905,,,p.Asp37Arg,-0.2697354943134057
urn:mavedb:00000057-b-1#906,,,p.Glu36Arg,-0.3001770763263608
urn:mavedb:00000057-b-1#907,,,p.Ile35Arg,-0.1638687189397113
urn:mavedb:00000057-b-1#908,,,p.Thr34Arg,-0.3564621945857965
urn:mavedb:00000057-b-1#909,,,p.Pro33Arg,-0.0160119888129277
urn:mavedb:00000057-b-1#910,,,p.Asp32Arg,-0.3063615830242189
urn:mavedb:00000057-b-1#911,,,p.Tyr31Arg,-0.2614746390779863
urn:mavedb:00000057-b-1#912,,,p.Glu30Arg,-0.1642608668320028
urn:mavedb:00000057-b-1#913,,,p.Asp29Arg,-0.1047895042531754
urn:mavedb:00000057-b-1#914,,,p.Val28Arg,-0.2860190160150395
urn:mavedb:00000057-b-1#915,,,p.Phe27Arg,-0.3060063848733168
urn:mavedb:00000057-b-1#916,,,p.His26Arg,-0.3541300656836286
urn:mavedb:00000057-b-1#917,,,p.Asn25Arg,-0.2401831789215625
urn:mavedb:00000057-b-1#918,,,p.Gln24Arg,-0.2371590157036109
urn:mavedb:00000057-b-1#919,,,p.Ile23Arg,-0.0841487785148501
urn:mavedb:00000057-b-1#920,,,p.Leu22Arg,0.2020553117994112
urn:mavedb:00000057-b-1#921,,,p.Gln21Arg,-0.3145829444425097
urn:mavedb:00000057-b-1#922,,,p.Pro33Gln,-0.1641770659827278
urn:mavedb:00000057-b-1#923,,,p.Asp32Gln,0.0028235441575069
urn:mavedb:00000057-b-1#924,,,p.Tyr31Gln,-0.0681836073171154
urn:mavedb:00000057-b-1#925,,,p.Glu30Gln,-0.3399681480243492
urn:mavedb:00000057-b-1#926,,,p.Asp29Gln,-0.3275141860375314
urn:mavedb:00000057-b-1#927,,,p.Val28Gln,-0.0445560640613875
urn:mavedb:00000057-b-1#928,,,p.Phe27Gln,-0.1698423146034289
urn:mavedb:00000057-b-1#929,,,p.His26Gln,-0.1358158087680906
urn:mavedb:00000057-b-1#930,,,p.Asn25Gln,-0.1370022320397206
urn:mavedb:00000057-b-1#931,,,p.Gln24=,0.0
urn:mavedb:00000057-b-1#932,,,p.Ile23Gln,-0.0314239859307775
urn:mavedb:00000057-b-1#933,,,p.Leu22Gln,0.1814316247835218
urn:mavedb:00000057-b-1#934,,,p.Gln21=,0.0
urn:mavedb:00000057-b-1#935,,,p.Ile20Gln,-0.3773792569279013
urn:mavedb:00000057-b-1#936,,,p.Thr19Gln,0.0539488109147246
urn:mavedb:00000057-b-1#937,,,p.Leu18Gln,-0.2546243505812796
urn:mavedb:00000057-b-1#938,,,p.Ala17Gln,-0.0371863740545211
urn:mavedb:00000057-b-1#939,,,p.Ser16Gln,-0.2990488701423541
urn:mavedb:00000057-b-1#940,,,p.Lys15Gln,-0.3156301561047098
urn:mavedb:00000057-b-1#941,,,p.Gly14Gln,-0.3666870038641072
urn:mavedb:00000057-b-1#942,,,p.Val13Gln,0.1348425004075252
urn:mavedb:00000057-b-1#943,,,p.Gly12Gln,0.1619438847591431
urn:mavedb:00000057-b-1#944,,,p.Gly11Gln,0.4506361374785641
urn:mavedb:00000057-b-1#945,,,p.Ala10Gln,-0.313758745523615
urn:mavedb:00000057-b-1#946,,,p.Gly9Gln,-0.2515857291248028
urn:mavedb:00000057-b-1#947,,,p.Val8Gln,-0.2225936888964156
urn:mavedb:00000057-b-1#948,,,p.Val7Gln,-0.219261877106544
urn:mavedb:00000057-b-1#949,,,p.Val6Gln,-0.25438355956009
urn:mavedb:00000057-b-1#950,,,p.Leu5Gln,-0.3306235572427189
urn:mavedb:00000057-b-1#951,,,p.Lys4Gln,-0.2536671240520662
urn:mavedb:00000057-b-1#952,,,p.Tyr3Gln,-0.1411112996589464
urn:mavedb:00000057-b-1#953,,,p.Glu2Gln,-0.2045639168466991
urn:mavedb:00000057-b-1#954,,,p.Thr1Gln,-0.2080355703579783
urn:mavedb:00000057-b-1#955,,,p.His165Pro,-0.1203970847185089
urn:mavedb:00000057-b-1#956,,,p.Gln164Pro,-0.0852250221013118
urn:mavedb:00000057-b-1#957,,,p.Arg163Pro,-0.0600407908706576
urn:mavedb:00000057-b-1#958,,,p.Ile162Pro,-0.1692398913034937
urn:mavedb:00000057-b-1#959,,,p.Glu161Pro,-0.207548746454101
urn:mavedb:00000057-b-1#960,,,p.Arg160Pro,-0.1510396128653035
urn:mavedb:00000057-b-1#961,,,p.Val159Pro,-0.1831363782558082
urn:mavedb:00000057-b-1#962,,,p.Leu158Pro,-0.1121532678280305
urn:mavedb:00000057-b-1#963,,,p.Thr157Pro,-0.1587954913828332
urn:mavedb:00000057-b-1#964,,,p.Tyr156Pro,0.0644576226589841
urn:mavedb:00000057-b-1#965,,,p.Phe155Pro,-0.1244476670336265
urn:mavedb:00000057-b-1#966,,,p.Ala154Pro,0.0575828977017336
urn:mavedb:00000057-b-1#967,,,p.Asp153Pro,-0.1469590249532705
urn:mavedb:00000057-b-1#968,,,p.Glu152Pro,-0.2467856591018693
urn:mavedb:00000057-b-1#969,,,p.Val151Pro,0.1251592948007795
urn:mavedb:00000057-b-1#970,,,p.Gly150Pro,0.1041889456365713
urn:mavedb:00000057-b-1#971,,,p.Gln149Pro,0.1800696146900919
urn:mavedb:00000057-b-1#972,,,p.Arg148Pro,-0.0150293206891256
urn:mavedb:00000057-b-1#973,,,p.Thr147Pro,0.3168992910619312
urn:mavedb:00000057-b-1#974,,,p.Lys146Pro,0.3311648064291035
urn:mavedb:00000057-b-1#975,,,p.Ala145Pro,0.4382661473456417
urn:mavedb:00000057-b-1#976,,,p.Ser144Pro,-0.1624934254522068
urn:mavedb:00000057-b-1#977,,,p.Thr143Pro,0.0183993158022098
urn:mavedb:00000057-b-1#978,,,p.Glu142Pro,-0.0666357360344295
urn:mavedb:00000057-b-1#979,,,p.Ile141Pro,-0.1273191548324788
urn:mavedb:00000057-b-1#980,,,p.Tyr140Pro,-0.1476017532124311
urn:mavedb:00000057-b-1#981,,,p.Pro139=,0.0
urn:mavedb:00000057-b-1#982,,,p.Ile138Pro,-0.2261613532353159
urn:mavedb:00000057-b-1#983,,,p.Gly137Pro,-0.1551804446836305
urn:mavedb:00000057-b-1#984,,,p.Tyr136Pro,-0.1253141756364733
urn:mavedb:00000057-b-1#985,,,p.Ser135Pro,-0.039618769512899
urn:mavedb:00000057-b-1#986,,,p.Arg134Pro,-0.0838861111008752
urn:mavedb:00000057-b-1#987,,,p.Ala133Pro,-0.2569825254075694
urn:mavedb:00000057-b-1#988,,,p.Leu132Pro,-0.0329169705655275
urn:mavedb:00000057-b-1#989,,,p.Asp131Pro,-0.1185420155967631
urn:mavedb:00000057-b-1#990,,,p.Gln130Pro,-0.1035009961341103
urn:mavedb:00000057-b-1#991,,,p.Ala129Pro,-0.1453614418652038
urn:mavedb:00000057-b-1#992,,,p.Gln128Pro,-0.0483480599327989
urn:mavedb:00000057-b-1#993,,,p.Arg127Pro,-0.0507832669909081
urn:mavedb:00000057-b-1#994,,,p.Ser126Pro,-0.0503399802938026
urn:mavedb:00000057-b-1#995,,,p.Glu125Pro,-0.0846542137712597
urn:mavedb:00000057-b-1#996,,,p.Val124Pro,0.0853957223778149
urn:mavedb:00000057-b-1#997,,,p.Thr123Pro,-0.0414472519444916
urn:mavedb:00000057-b-1#998,,,p.Arg122Pro,-0.000986729013946
urn:mavedb:00000057-b-1#999,,,p.Ala121Pro,0.0324257708172748
urn:mavedb:00000057-b-1#1000,,,p.Ala120Pro,0.0747279837988046
urn:mavedb:00000057-b-1#1001,,,p.Leu119Pro,0.3487027383273792
urn:mavedb:00000057-b-1#1002,,,p.Asp118Pro,-0.1431237827638889
urn:mavedb:00000057-b-1#1003,,,p.Cys117Pro,-0.1451312411269951
urn:mavedb:00000057-b-1#1004,,,p.Lys116Pro,-0.2768788566888624
urn:mavedb:00000057-b-1#1005,,,p.Asn115Pro,0.0272508176272753
urn:mavedb:00000057-b-1#1006,,,p.Gly114Pro,-0.1788990623566069
urn:mavedb:00000057-b-1#1007,,,p.Val113Pro,-0.0884526357726695
urn:mavedb:00000057-b-1#1008,,,p.Leu112Pro,-0.1787636994592573
urn:mavedb:00000057-b-1#1009,,,p.Val111Pro,-0.1366723283489384
urn:mavedb:00000057-b-1#1010,,,p.Met110Pro,-0.2844824563063337
urn:mavedb:00000057-b-1#1011,,,p.Pro109=,0.0
urn:mavedb:00000057-b-1#1012,,,p.Val108Pro,-0.1431674684078847
urn:mavedb:00000057-b-1#1013,,,p.Asp107Pro,-0.2093648764310443
urn:mavedb:00000057-b-1#1014,,,p.Asp106Pro,-0.1712345793680073
urn:mavedb:00000057-b-1#1015,,,p.Ser105Pro,-0.2335092155210597
urn:mavedb:00000057-b-1#1016,,,p.Asp104Pro,-0.1990237542508625
urn:mavedb:00000057-b-1#1017,,,p.Lys103Pro,-0.2358411014918686
urn:mavedb:00000057-b-1#1018,,,p.Val102Pro,-0.3152170797519391
urn:mavedb:00000057-b-1#1019,,,p.Arg101Pro,-0.2353729481858707
urn:mavedb:00000057-b-1#1020,,,p.Lys100Pro,-0.3156294393477732
urn:mavedb:00000057-b-1#1021,,,p.Ile99Pro,-0.2875735077188032
urn:mavedb:00000057-b-1#1022,,,p.Gln98Pro,-0.269904148548934
urn:mavedb:00000057-b-1#1023,,,p.Glu97Pro,-0.1855533749777592
urn:mavedb:00000057-b-1#1024,,,p.Arg96Pro,-0.1893805726282613
urn:mavedb:00000057-b-1#1025,,,p.Tyr95Pro,-0.4643708896005654
urn:mavedb:00000057-b-1#1026,,,p.Gln94Pro,-0.0529607795531549
urn:mavedb:00000057-b-1#1027,,,p.His93Pro,-0.1296076168144557
urn:mavedb:00000057-b-1#1028,,,p.Ile92Pro,-0.2536414415260891
urn:mavedb:00000057-b-1#1029,,,p.Asp91Pro,-0.3264846264902496
urn:mavedb:00000057-b-1#1030,,,p.Glu90Pro,-0.2122754886698511
urn:mavedb:00000057-b-1#1031,,,p.Phe89Pro,-0.3027974035419487
urn:mavedb:00000057-b-1#1032,,,p.Ser88Pro,-0.3016234303671649
urn:mavedb:00000057-b-1#1033,,,p.Lys87Pro,-0.1245185322845841
urn:mavedb:00000057-b-1#1034,,,p.Thr86Pro,-0.1355010484614923
urn:mavedb:00000057-b-1#1035,,,p.Asn85Pro,-0.2661581965745642
urn:mavedb:00000057-b-1#1036,,,p.Asn84Pro,-0.2695617559791671
urn:mavedb:00000057-b-1#1037,,,p.Ala120Ser,-0.1562516314684108
urn:mavedb:00000057-b-1#1038,,,p.Leu119Ser,0.3004810533485027
urn:mavedb:00000057-b-1#1039,,,p.Asp118Ser,0.0215573449133565
urn:mavedb:00000057-b-1#1040,,,p.Cys117Ser,-0.1835355991764422
urn:mavedb:00000057-b-1#1041,,,p.Lys116Ser,0.5800793524410375
urn:mavedb:00000057-b-1#1042,,,p.Asn115Ser,0.0272590432473709
urn:mavedb:00000057-b-1#1043,,,p.Gly114Ser,-0.0559980732275834
urn:mavedb:00000057-b-1#1044,,,p.Val113Ser,-0.1595805956816022
urn:mavedb:00000057-b-1#1045,,,p.Leu112Ser,-0.1589604563045144
urn:mavedb:00000057-b-1#1046,,,p.Val111Ser,-0.1440668685884152
urn:mavedb:00000057-b-1#1047,,,p.Met110Ser,-0.2429238972132133
urn:mavedb:00000057-b-1#1048,,,p.Pro109Ser,-0.1977618242622981
urn:mavedb:00000057-b-1#1049,,,p.Val108Ser,-0.2528338583231965
urn:mavedb:00000057-b-1#1050,,,p.Asp107Ser,-0.1458184776811336
urn:mavedb:00000057-b-1#1051,,,p.Asp106Ser,-0.1303280522014388
urn:mavedb:00000057-b-1#1052,,,p.Ser105=,0.0
urn:mavedb:00000057-b-1#1053,,,p.Asp104Ser,-0.1491015119972328
urn:mavedb:00000057-b-1#1054,,,p.Lys103Ser,-0.2309512946446506
urn:mavedb:00000057-b-1#1055,,,p.Val102Ser,-0.186155875749841
urn:mavedb:00000057-b-1#1056,,,p.Arg101Ser,-0.1886455969265233
urn:mavedb:00000057-b-1#1057,,,p.Lys100Ser,-0.1859891230906138
urn:mavedb:00000057-b-1#1058,,,p.Ile99Ser,-0.2616787171838503
urn:mavedb:00000057-b-1#1059,,,p.Gln98Ser,-0.1164709429270242
urn:mavedb:00000057-b-1#1060,,,p.Glu97Ser,-0.1384350786082687
urn:mavedb:00000057-b-1#1061,,,p.Arg96Ser,-0.1953684122261764
urn:mavedb:00000057-b-1#1062,,,p.Tyr95Ser,-0.2479488225162668
urn:mavedb:00000057-b-1#1063,,,p.Gln94Ser,-0.1274096091536805
urn:mavedb:00000057-b-1#1064,,,p.His93Ser,-0.1841381001735736
urn:mavedb:00000057-b-1#1065,,,p.Ile92Ser,-0.3119189296617452
urn:mavedb:00000057-b-1#1066,,,p.Asp91Ser,-0.1313506330548618
urn:mavedb:00000057-b-1#1067,,,p.Glu90Ser,-0.1452941617781452
urn:mavedb:00000057-b-1#1068,,,p.Phe89Ser,-0.197086023808023
urn:mavedb:00000057-b-1#1069,,,p.Ser88=,0.0
urn:mavedb:00000057-b-1#1070,,,p.Lys87Ser,-0.1771768657048285
urn:mavedb:00000057-b-1#1071,,,p.Thr86Ser,-0.1664915875233242
urn:mavedb:00000057-b-1#1072,,,p.Asn85Ser,-0.1825246640711201
urn:mavedb:00000057-b-1#1073,,,p.Asn84Ser,-0.1929972821747645
urn:mavedb:00000057-b-1#1074,,,p.Ile83Ser,-0.1206342982943497
urn:mavedb:00000057-b-1#1075,,,p.Ala82Ser,-0.1832159279447722
urn:mavedb:00000057-b-1#1076,,,p.Phe81Ser,-0.2165062929776983
urn:mavedb:00000057-b-1#1077,,,p.Val80Ser,-0.2866471415194921
urn:mavedb:00000057-b-1#1078,,,p.Cys79Ser,-0.2966748864316015
urn:mavedb:00000057-b-1#1079,,,p.Leu78Ser,-0.2262885447591429
urn:mavedb:00000057-b-1#1080,,,p.Phe77Ser,-0.3031072144277643
urn:mavedb:00000057-b-1#1081,,,p.Gly76Ser,-0.2611156836516994
urn:mavedb:00000057-b-1#1082,,,p.Glu75Ser,-0.2312526063033544
urn:mavedb:00000057-b-1#1083,,,p.Gly74Ser,-0.2562031977160005
urn:mavedb:00000057-b-1#1084,,,p.Thr73Ser,-0.1357690281352566
urn:mavedb:00000057-b-1#1085,,,p.Arg72Ser,-0.1856342249532287
urn:mavedb:00000057-b-1#1086,,,p.Ile83Pro,0.0901172787611273
urn:mavedb:00000057-b-1#1087,,,p.Ala82Pro,-0.2573831352513984
urn:mavedb:00000057-b-1#1088,,,p.Phe81Pro,-0.271008843341866
urn:mavedb:00000057-b-1#1089,,,p.Val80Pro,-0.2661444238835342
urn:mavedb:00000057-b-1#1090,,,p.Cys79Pro,-0.2883448518646819
urn:mavedb:00000057-b-1#1091,,,p.Leu78Pro,-0.3011669369806434
urn:mavedb:00000057-b-1#1092,,,p.Phe77Pro,-0.2598964943733199
urn:mavedb:00000057-b-1#1093,,,p.Gly76Pro,-0.3301396612368026
urn:mavedb:00000057-b-1#1094,,,p.Glu75Pro,-0.2675892957345041
urn:mavedb:00000057-b-1#1095,,,p.Gly74Pro,-0.0155649020183396
urn:mavedb:00000057-b-1#1096,,,p.Thr73Pro,-0.0748146910120862
urn:mavedb:00000057-b-1#1097,,,p.Arg72Pro,-0.1287147461064031
urn:mavedb:00000057-b-1#1098,,,p.Met71Pro,-0.0704905233257107
urn:mavedb:00000057-b-1#1099,,,p.Tyr70Pro,-0.2227150867128509
urn:mavedb:00000057-b-1#1100,,,p.Gln69Pro,-0.174304766619466
urn:mavedb:00000057-b-1#1101,,,p.Asp68Pro,-0.2428422904781731
urn:mavedb:00000057-b-1#1102,,,p.Arg67Pro,0.3793588971025379
urn:mavedb:00000057-b-1#1103,,,p.Met66Pro,0.1905753775885418
urn:mavedb:00000057-b-1#1104,,,p.Ala65Pro,-0.1230827192549835
urn:mavedb:00000057-b-1#1105,,,p.Ser64Pro,0.3428337022410336
urn:mavedb:00000057-b-1#1106,,,p.Tyr63Pro,0.3083036420034362
urn:mavedb:00000057-b-1#1107,,,p.Glu62Pro,-0.2262733108161717
urn:mavedb:00000057-b-1#1108,,,p.Glu61Pro,0.0855863143148778
urn:mavedb:00000057-b-1#1109,,,p.Gln60Pro,0.3443139704585973
urn:mavedb:00000057-b-1#1110,,,p.Gly59Pro,0.1528681828939101
urn:mavedb:00000057-b-1#1111,,,p.Ala58Pro,0.0377557402184906
urn:mavedb:00000057-b-1#1112,,,p.Thr57Pro,-0.2184754290811816
urn:mavedb:00000057-b-1#1113,,,p.Asp56Pro,-0.2603878953239534
urn:mavedb:00000057-b-1#1114,,,p.Leu55Pro,-0.299822672106655
urn:mavedb:00000057-b-1#1115,,,p.Ile54Pro,-0.3460592553797052
urn:mavedb:00000057-b-1#1116,,,p.Asp53Pro,-0.2063216687528566
urn:mavedb:00000057-b-1#1117,,,p.Leu52Pro,-0.1070828849726793
urn:mavedb:00000057-b-1#1118,,,p.Leu51Pro,-0.1671846914690451
urn:mavedb:00000057-b-1#1119,,,p.Cys50Pro,-0.0956361631215313
urn:mavedb:00000057-b-1#1120,,,p.Thr49Pro,-0.2605488528752399
urn:mavedb:00000057-b-1#1121,,,p.Glu48Pro,-0.1724663457499325
urn:mavedb:00000057-b-1#1122,,,p.Gly47Pro,-0.1411088183229448
urn:mavedb:00000057-b-1#1123,,,p.Asp46Pro,-0.2367123025987651
urn:mavedb:00000057-b-1#1124,,,p.Ile45Pro,-0.1195678962212978
urn:mavedb:00000057-b-1#1125,,,p.Val44Pro,-0.1786659352015947
urn:mavedb:00000057-b-1#1126,,,p.Val43Pro,-0.0830771412412781
urn:mavedb:00000057-b-1#1127,,,p.Gln42Pro,-0.148437787070172
urn:mavedb:00000057-b-1#1128,,,p.Lys41Pro,0.2491783082883304
urn:mavedb:00000057-b-1#1129,,,p.Arg40Pro,-0.3129522369219469
urn:mavedb:00000057-b-1#1130,,,p.Tyr39Pro,-0.3660198212095906
urn:mavedb:00000057-b-1#1131,,,p.Ser38Pro,-0.4139445078891937
urn:mavedb:00000057-b-1#1132,,,p.Asp37Pro,-0.3218670250143715
urn:mavedb:00000057-b-1#1133,,,p.Glu36Pro,-0.3240403516003367
urn:mavedb:00000057-b-1#1134,,,p.Ile35Pro,-0.2607378190033522
urn:mavedb:00000057-b-1#1135,,,p.Thr34Pro,-0.218098953106069
urn:mavedb:00000057-b-1#1136,,,p.Pro33=,0.0
urn:mavedb:00000057-b-1#1137,,,p.Asp32Pro,-0.2748660336054881
urn:mavedb:00000057-b-1#1138,,,p.Tyr31Pro,-0.1480952989587339
urn:mavedb:00000057-b-1#1139,,,p.Glu30Pro,-0.1209598479656373
urn:mavedb:00000057-b-1#1140,,,p.Asp29Pro,-0.159278067797659
urn:mavedb:00000057-b-1#1141,,,p.Val28Pro,-0.1785598335963563
urn:mavedb:00000057-b-1#1142,,,p.Phe27Pro,-0.2365939544061909
urn:mavedb:00000057-b-1#1143,,,p.His26Pro,-0.2982313362488504
urn:mavedb:00000057-b-1#1144,,,p.Asn25Pro,0.1029766423798526
urn:mavedb:00000057-b-1#1145,,,p.Gln24Pro,-0.3001207442689295
urn:mavedb:00000057-b-1#1146,,,p.Ile23Pro,-0.3374193475993144
urn:mavedb:00000057-b-1#1147,,,p.Leu22Pro,-0.1868968948006673
urn:mavedb:00000057-b-1#1148,,,p.Gln21Pro,-0.2902522394651625
urn:mavedb:00000057-b-1#1149,,,p.Ile20Pro,-0.3482562556231132
urn:mavedb:00000057-b-1#1150,,,p.Thr19Pro,-0.1887932573757646
urn:mavedb:00000057-b-1#1151,,,p.Leu18Pro,-0.3289928765640402
urn:mavedb:00000057-b-1#1152,,,p.Ala17Pro,-0.339751459028006
urn:mavedb:00000057-b-1#1153,,,p.Ser16Pro,-0.3141932610176101
urn:mavedb:00000057-b-1#1154,,,p.Lys15Pro,-0.4246030767612019
urn:mavedb:00000057-b-1#1155,,,p.Gly14Pro,-0.4066336930107436
urn:mavedb:00000057-b-1#1156,,,p.Val13Pro,-0.099541426493936
urn:mavedb:00000057-b-1#1157,,,p.Gly12Pro,0.2590145892774007
urn:mavedb:00000057-b-1#1158,,,p.Gly11Pro,0.1084625246212852
urn:mavedb:00000057-b-1#1159,,,p.Ala10Pro,-0.1971492768347937
urn:mavedb:00000057-b-1#1160,,,p.Gly9Pro,-0.3111758540998639
urn:mavedb:00000057-b-1#1161,,,p.Val8Pro,-0.3063267081118656
urn:mavedb:00000057-b-1#1162,,,p.Val7Pro,-0.2866536082244658
urn:mavedb:00000057-b-1#1163,,,p.Val6Pro,-0.191589682603018
urn:mavedb:00000057-b-1#1164,,,p.Leu5Pro,-0.3198451642964849
urn:mavedb:00000057-b-1#1165,,,p.Lys4Pro,-0.2268833986341122
urn:mavedb:00000057-b-1#1166,,,p.Tyr3Pro,-0.0087034217561009
urn:mavedb:00000057-b-1#1167,,,p.Glu2Pro,-0.2656910155489639
urn:mavedb:00000057-b-1#1168,,,p.Thr1Pro,-0.1873312980561854
urn:mavedb:00000057-b-1#1169,,,p.His165Asn,-0.0879895286181375
urn:mavedb:00000057-b-1#1170,,,p.Gln164Asn,-0.069259215223786
urn:mavedb:00000057-b-1#1171,,,p.Arg163Asn,-0.1455262415602614
urn:mavedb:00000057-b-1#1172,,,p.Ile162Asn,-0.2075909056354752
urn:mavedb:00000057-b-1#1173,,,p.Glu161Asn,-0.0966116754400711
urn:mavedb:00000057-b-1#1174,,,p.Arg160Asn,0.0544860213089099
urn:mavedb:00000057-b-1#1175,,,p.Val159Asn,-0.2080820519788666
urn:mavedb:00000057-b-1#1176,,,p.Leu158Asn,-0.1639887919345787
urn:mavedb:00000057-b-1#1177,,,p.Thr157Asn,0.033271538491239
urn:mavedb:00000057-b-1#1178,,,p.Tyr156Asn,-0.0859963846925508
urn:mavedb:00000057-b-1#1179,,,p.Phe155Asn,-0.2283021933550858
urn:mavedb:00000057-b-1#1180,,,p.Ala154Asn,-0.1922406724228446
urn:mavedb:00000057-b-1#1181,,,p.Asp153Asn,-0.1938583108798822
urn:mavedb:00000057-b-1#1182,,,p.Glu152Asn,0.2346664934377331
urn:mavedb:00000057-b-1#1183,,,p.Val151Asn,0.0354001553360825
urn:mavedb:00000057-b-1#1184,,,p.Gly150Asn,-0.0663230720207555
urn:mavedb:00000057-b-1#1185,,,p.Gln149Asn,0.0184545462968197
urn:mavedb:00000057-b-1#1186,,,p.Arg148Asn,0.0161196256906484
urn:mavedb:00000057-b-1#1187,,,p.Gln24Asn,-0.3072093009344328
urn:mavedb:00000057-b-1#1188,,,p.Ile23Asn,0.3762872518665401
urn:mavedb:00000057-b-1#1189,,,p.Leu22Asn,0.3143166618157448
urn:mavedb:00000057-b-1#1190,,,p.Gln21Asn,0.1462749100468498
urn:mavedb:00000057-b-1#1191,,,p.Ile20Asn,-0.3184015477544607
urn:mavedb:00000057-b-1#1192,,,p.Thr19Asn,0.0045611952964323
urn:mavedb:00000057-b-1#1193,,,p.Leu18Asn,-0.2542953676573367
urn:mavedb:00000057-b-1#1194,,,p.Ala17Asn,-0.3727991916339752
urn:mavedb:00000057-b-1#1195,,,p.Ser16Asn,-0.0066927439257452
urn:mavedb:00000057-b-1#1196,,,p.Lys15Asn,-0.5982245581911011
urn:mavedb:00000057-b-1#1197,,,p.Gly14Asn,-0.324906981362639
urn:mavedb:00000057-b-1#1198,,,p.Val13Asn,-0.0581532283619556
urn:mavedb:00000057-b-1#1199,,,p.Gly12Asn,0.3761181074119029
urn:mavedb:00000057-b-1#1200,,,p.Gly11Asn,0.3821204026790655
urn:mavedb:00000057-b-1#1201,,,p.Ala10Asn,-0.0949287327976342
urn:mavedb:00000057-b-1#1202,,,p.Gly9Asn,-0.2989511735650016
urn:mavedb:00000057-b-1#1203,,,p.Val8Asn,-0.21593886545197
urn:mavedb:00000057-b-1#1204,,,p.Val7Asn,-0.2868825433814033
urn:mavedb:00000057-b-1#1205,,,p.Val6Asn,-0.1017694074478513
urn:mavedb:00000057-b-1#1206,,,p.Leu5Asn,-0.3634964104874609
urn:mavedb:00000057-b-1#1207,,,p.Lys4Asn,-0.1248587832302138
urn:mavedb:00000057-b-1#1208,,,p.Tyr3Asn,-0.1052763240224456
urn:mavedb:00000057-b-1#1209,,,p.Glu2Asn,-0.1619003129842266
urn:mavedb:00000057-b-1#1210,,,p.Thr1Asn,-0.326391260882993
urn:mavedb:00000057-b-1#1211,,,p.His165Met,-0.045379113145897
urn:mavedb:00000057-b-1#1212,,,p.Gln164Met,-0.0648373320066774
urn:mavedb:00000057-b-1#1213,,,p.Arg163Met,-0.1293121700668992
urn:mavedb:00000057-b-1#1214,,,p.Ile162Met,0.0014345328344632
urn:mavedb:00000057-b-1#1215,,,p.Glu161Met,0.0947937953275124
urn:mavedb:00000057-b-1#1216,,,p.Arg160Met,-0.0355884655749198
urn:mavedb:00000057-b-1#1217,,,p.Val159Met,0.5378580558122084
urn:mavedb:00000057-b-1#1218,,,p.Leu158Met,-0.1402096212374277
urn:mavedb:00000057-b-1#1219,,,p.Thr157Met,0.0062915285020376
urn:mavedb:00000057-b-1#1220,,,p.Tyr156Met,-0.0827005216221642
urn:mavedb:00000057-b-1#1221,,,p.Phe155Met,0.2791947499723553
urn:mavedb:00000057-b-1#1222,,,p.Ala154Met,0.3156888435727873
urn:mavedb:00000057-b-1#1223,,,p.Asp153Met,-0.1557000149549304
urn:mavedb:00000057-b-1#1224,,,p.Glu152Met,-0.0020849245882818
urn:mavedb:00000057-b-1#1225,,,p.Val151Met,0.2368515381747048
urn:mavedb:00000057-b-1#1226,,,p.Gly150Met,-0.2635883961748313
urn:mavedb:00000057-b-1#1227,,,p.Gln149Met,-0.1931503582607359
urn:mavedb:00000057-b-1#1228,,,p.Arg148Met,0.1595611974984584
urn:mavedb:00000057-b-1#1229,,,p.Thr147Met,-0.104195205505702
urn:mavedb:00000057-b-1#1230,,,p.Lys146Met,0.1341763311853376
urn:mavedb:00000057-b-1#1231,,,p.Ala145Met,0.0487437794592095
urn:mavedb:00000057-b-1#1232,,,p.Ser144Met,0.2472629330823549
urn:mavedb:00000057-b-1#1233,,,p.Thr143Met,0.4433747676355237
urn:mavedb:00000057-b-1#1234,,,p.Glu142Met,0.0342384904249465
urn:mavedb:00000057-b-1#1235,,,p.Ile141Met,0.0090998406057284
urn:mavedb:00000057-b-1#1236,,,p.Tyr140Met,-0.0292503938573885
urn:mavedb:00000057-b-1#1237,,,p.Pro139Met,-0.1191564868731551
urn:mavedb:00000057-b-1#1238,,,p.Ile138Met,-0.0879987038847991
urn:mavedb:00000057-b-1#1239,,,p.Gly137Met,-0.0956725271313596
urn:mavedb:00000057-b-1#1240,,,p.Tyr136Met,-0.1795039802831023
urn:mavedb:00000057-b-1#1241,,,p.Ser135Met,-0.6050794624800002
urn:mavedb:00000057-b-1#1242,,,p.Arg134Met,0.0490849253280969
urn:mavedb:00000057-b-1#1243,,,p.Ala133Met,-0.1717555301515478
urn:mavedb:00000057-b-1#1244,,,p.Leu132Met,-0.0403817405955309
urn:mavedb:00000057-b-1#1245,,,p.Asp131Met,0.0172159761992126
urn:mavedb:00000057-b-1#1246,,,p.Gln130Met,-0.3161790598166975
urn:mavedb:00000057-b-1#1247,,,p.Ala129Met,-0.4356115526749657
urn:mavedb:00000057-b-1#1248,,,p.Gln128Met,-0.2353549125790096
urn:mavedb:00000057-b-1#1249,,,p.Arg127Met,0.0740537549864321
urn:mavedb:00000057-b-1#1250,,,p.Ser126Met,-0.0831413881791114
urn:mavedb:00000057-b-1#1251,,,p.Glu125Met,-0.0270177780626596
urn:mavedb:00000057-b-1#1252,,,p.Val124Met,-0.1650937844057382
urn:mavedb:00000057-b-1#1253,,,p.Thr123Met,-0.1289499001213931
urn:mavedb:00000057-b-1#1254,,,p.Arg122Met,0.0017570080827314
urn:mavedb:00000057-b-1#1255,,,p.Ala121Met,-0.2194739268797312
urn:mavedb:00000057-b-1#1256,,,p.Ala120Met,-0.0680153652992955
urn:mavedb:00000057-b-1#1257,,,p.Leu119Met,0.0162794635152199
urn:mavedb:00000057-b-1#1258,,,p.Asp118Met,-0.2208880223347838
urn:mavedb:00000057-b-1#1259,,,p.Cys117Met,-0.080931261706983
urn:mavedb:00000057-b-1#1260,,,p.Lys116Met,0.5402540552315556
urn:mavedb:00000057-b-1#1261,,,p.Asn115Met,0.5523696944252451
urn:mavedb:00000057-b-1#1262,,,p.Gly114Met,0.1101957848247016
urn:mavedb:00000057-b-1#1263,,,p.Val113Met,-0.0325503797207513
urn:mavedb:00000057-b-1#1264,,,p.Leu112Met,-0.1516544096543991
urn:mavedb:00000057-b-1#1265,,,p.Val111Met,-0.1258477861659406
urn:mavedb:00000057-b-1#1266,,,p.Met110=,0.0
urn:mavedb:00000057-b-1#1267,,,p.Pro109Met,-0.040172809137139
urn:mavedb:00000057-b-1#1268,,,p.Val108Met,-0.1448844057021424
urn:mavedb:00000057-b-1#1269,,,p.Asp107Met,-0.1861718510505372
urn:mavedb:00000057-b-1#1270,,,p.Asp106Met,-0.3045286397102598
urn:mavedb:00000057-b-1#1271,,,p.Ser105Met,-0.100263696951894
urn:mavedb:00000057-b-1#1272,,,p.Asp104Met,0.0183888001212713
urn:mavedb:00000057-b-1#1273,,,p.Lys103Met,-0.000447818381633
urn:mavedb:00000057-b-1#1274,,,p.Val102Met,-0.1605271002868719
urn:mavedb:00000057-b-1#1275,,,p.Arg101Met,-0.2189808623882153
urn:mavedb:00000057-b-1#1276,,,p.Lys100Met,-0.1099877215307337
urn:mavedb:00000057-b-1#1277,,,p.Ile99Met,-0.2374984299501101
urn:mavedb:00000057-b-1#1278,,,p.Gln98Met,-0.0302243729502591
urn:mavedb:00000057-b-1#1279,,,p.Glu97Met,-0.2108612458701269
urn:mavedb:00000057-b-1#1280,,,p.Arg96Met,-0.1571959758669363
urn:mavedb:00000057-b-1#1281,,,p.Tyr95Met,-0.1197937970935202
urn:mavedb:00000057-b-1#1282,,,p.Gln94Met,-0.0941484402312679
urn:mavedb:00000057-b-1#1283,,,p.His93Met,-0.103270796640243
urn:mavedb:00000057-b-1#1284,,,p.Ile92Met,-0.0058608201330418
urn:mavedb:00000057-b-1#1285,,,p.Asp91Met,-0.0290020377324397
urn:mavedb:00000057-b-1#1286,,,p.Glu90Met,-0.3170763555395018
urn:mavedb:00000057-b-1#1287,,,p.Phe89Met,-0.1931917173061794
urn:mavedb:00000057-b-1#1288,,,p.Ser88Met,-0.218770736857038
urn:mavedb:00000057-b-1#1289,,,p.Lys87Met,-0.2679616771842353
urn:mavedb:00000057-b-1#1290,,,p.Thr86Met,0.0170251437545833
urn:mavedb:00000057-b-1#1291,,,p.Asn85Met,-0.1406646703858696
urn:mavedb:00000057-b-1#1292,,,p.Asn84Met,-0.0503672457410918
urn:mavedb:00000057-b-1#1293,,,p.Ile83Met,-0.1800816418820459
urn:mavedb:00000057-b-1#1294,,,p.Ala82Met,-0.1760476981632825
urn:mavedb:00000057-b-1#1295,,,p.Phe81Met,-0.1228221415264193
urn:mavedb:00000057-b-1#1296,,,p.Val80Met,-0.1162331719904761
urn:mavedb:00000057-b-1#1297,,,p.Cys79Met,-0.1673133106214172
urn:mavedb:00000057-b-1#1298,,,p.Leu78Met,-0.0942327521910752
urn:mavedb:00000057-b-1#1299,,,p.Phe77Met,-0.2568325323209
urn:mavedb:00000057-b-1#1300,,,p.Gly76Met,-0.0649572627444683
urn:mavedb:00000057-b-1#1301,,,p.Glu75Met,-0.1016391462887534
urn:mavedb:00000057-b-1#1302,,,p.Ile20Arg,-0.2656878374853824
urn:mavedb:00000057-b-1#1303,,,p.Thr19Arg,-0.2824340371756234
urn:mavedb:00000057-b-1#1304,,,p.Leu18Arg,-0.3404352634247035
urn:mavedb:00000057-b-1#1305,,,p.Ala17Arg,-0.2234273928417469
urn:mavedb:00000057-b-1#1306,,,p.Ser16Arg,-0.4332369516545065
urn:mavedb:00000057-b-1#1307,,,p.Lys15Arg,-0.3783801948335522
urn:mavedb:00000057-b-1#1308,,,p.Gly14Arg,-0.4303426674048611
urn:mavedb:00000057-b-1#1309,,,p.Val13Arg,-0.4676777102665803
urn:mavedb:00000057-b-1#1310,,,p.Gly12Arg,0.1257141036494503
urn:mavedb:00000057-b-1#1311,,,p.Gly11Arg,0.4731460983433833
urn:mavedb:00000057-b-1#1312,,,p.Ala10Arg,0.0102334889504742
urn:mavedb:00000057-b-1#1313,,,p.Gly9Arg,-0.3098717052845896
urn:mavedb:00000057-b-1#1314,,,p.Val8Arg,-0.2107111619365254
urn:mavedb:00000057-b-1#1315,,,p.Val7Arg,-0.2837534697244954
urn:mavedb:00000057-b-1#1316,,,p.Val6Arg,-0.2138212004356518
urn:mavedb:00000057-b-1#1317,,,p.Leu5Arg,-0.4092653915122537
urn:mavedb:00000057-b-1#1318,,,p.Lys4Arg,-0.2251734875337191
urn:mavedb:00000057-b-1#1319,,,p.Tyr3Arg,0.1185265283119822
urn:mavedb:00000057-b-1#1320,,,p.Glu2Arg,-0.2704917882610113
urn:mavedb:00000057-b-1#1321,,,p.Thr1Arg,-0.243252799493734
urn:mavedb:00000057-b-1#1322,,,p.His165Gln,-0.0779892891548245
urn:mavedb:00000057-b-1#1323,,,p.Gln164=,0.0
urn:mavedb:00000057-b-1#1324,,,p.Arg163Gln,0.0582444724044516
urn:mavedb:00000057-b-1#1325,,,p.Ile162Gln,-0.1852188220367654
urn:mavedb:00000057-b-1#1326,,,p.Glu161Gln,-0.0308704178492043
urn:mavedb:00000057-b-1#1327,,,p.Arg160Gln,-0.0001588940410209
urn:mavedb:00000057-b-1#1328,,,p.Val159Gln,-0.1038489262932319
urn:mavedb:00000057-b-1#1329,,,p.Leu158Gln,-0.3015259872047272
urn:mavedb:00000057-b-1#1330,,,p.Thr157Gln,0.072877947296253
urn:mavedb:00000057-b-1#1331,,,p.Tyr156Gln,0.1756419058851037
urn:mavedb:00000057-b-1#1332,,,p.Phe155Gln,-0.2983186972725592
urn:mavedb:00000057-b-1#1333,,,p.Ala154Gln,-0.2026232221065415
urn:mavedb:00000057-b-1#1334,,,p.Asp153Gln,-0.3178274292771429
urn:mavedb:00000057-b-1#1335,,,p.Glu152Gln,0.031039926276656
urn:mavedb:00000057-b-1#1336,,,p.Val151Gln,0.2394429223163794
urn:mavedb:00000057-b-1#1337,,,p.Gly150Gln,-0.0757520205246758
urn:mavedb:00000057-b-1#1338,,,p.Gln149=,0.0
urn:mavedb:00000057-b-1#1339,,,p.Arg148Gln,0.0939040955908239
urn:mavedb:00000057-b-1#1340,,,p.Thr147Gln,0.0677832004781347
urn:mavedb:00000057-b-1#1341,,,p.Lys146Gln,0.1460878411571935
urn:mavedb:00000057-b-1#1342,,,p.Ala145Gln,-0.2118904005005003
urn:mavedb:00000057-b-1#1343,,,p.Ser144Gln,0.255361207481034
urn:mavedb:00000057-b-1#1344,,,p.Thr143Gln,-0.2039632262003286
urn:mavedb:00000057-b-1#1345,,,p.Glu142Gln,-0.1095838498077767
urn:mavedb:00000057-b-1#1346,,,p.Ile141Gln,-0.1803813032720863
urn:mavedb:00000057-b-1#1347,,,p.Tyr140Gln,-0.1644312520209525
urn:mavedb:00000057-b-1#1348,,,p.Pro139Gln,0.1225959880222694
urn:mavedb:00000057-b-1#1349,,,p.Ile138Gln,-0.0392615953565419
urn:mavedb:00000057-b-1#1350,,,p.Gly137Gln,-0.0810832027044485
urn:mavedb:00000057-b-1#1351,,,p.Tyr136Gln,-0.0545133930273441
urn:mavedb:00000057-b-1#1352,,,p.Ser135Gln,-0.1317048869811785
urn:mavedb:00000057-b-1#1353,,,p.Arg134Gln,-0.1112431401202007
urn:mavedb:00000057-b-1#1354,,,p.Ala133Gln,-0.2137939572102728
urn:mavedb:00000057-b-1#1355,,,p.Leu132Gln,-0.2900059410045749
urn:mavedb:00000057-b-1#1356,,,p.Asp131Gln,-0.0158221343972145
urn:mavedb:00000057-b-1#1357,,,p.Gln130=,0.0
urn:mavedb:00000057-b-1#1358,,,p.Ala129Gln,-0.0840514990888248
urn:mavedb:00000057-b-1#1359,,,p.Gln128=,0.0
urn:mavedb:00000057-b-1#1360,,,p.Arg127Gln,-0.1860288666048059
urn:mavedb:00000057-b-1#1361,,,p.Ser126Gln,-0.0176608283466016
urn:mavedb:00000057-b-1#1362,,,p.Glu125Gln,-0.0121352367000228
urn:mavedb:00000057-b-1#1363,,,p.Val124Gln,-0.0541225533875655
urn:mavedb:00000057-b-1#1364,,,p.Thr123Gln,-0.0443448902725325
urn:mavedb:00000057-b-1#1365,,,p.Arg122Gln,0.0061648628265515
urn:mavedb:00000057-b-1#1366,,,p.Ala121Gln,-0.0707817707346936
urn:mavedb:00000057-b-1#1367,,,p.Ala120Gln,-0.0533540449616681
urn:mavedb:00000057-b-1#1368,,,p.Leu119Gln,0.2194688981390682
urn:mavedb:00000057-b-1#1369,,,p.Asp118Gln,-0.0888091670977592
urn:mavedb:00000057-b-1#1370,,,p.Cys117Gln,-0.0474302951661348
urn:mavedb:00000057-b-1#1371,,,p.Lys116Gln,0.5185157747160076
urn:mavedb:00000057-b-1#1372,,,p.Asn115Gln,0.0016472334030197
urn:mavedb:00000057-b-1#1373,,,p.Gly114Gln,0.0412683480092389
urn:mavedb:00000057-b-1#1374,,,p.Val113Gln,-0.2066877235623058
urn:mavedb:00000057-b-1#1375,,,p.Leu112Gln,0.0584148365335558
urn:mavedb:00000057-b-1#1376,,,p.Val111Gln,-0.1871115538691692
urn:mavedb:00000057-b-1#1377,,,p.Met110Gln,-0.3087742582210465
urn:mavedb:00000057-b-1#1378,,,p.Pro109Gln,-0.2136055251370691
urn:mavedb:00000057-b-1#1379,,,p.Val108Gln,-0.2892540047117104
urn:mavedb:00000057-b-1#1380,,,p.Asp107Gln,-0.0994269382412176
urn:mavedb:00000057-b-1#1381,,,p.Asp106Gln,-0.1972078223052117
urn:mavedb:00000057-b-1#1382,,,p.Ser105Gln,-0.3348419668940801
urn:mavedb:00000057-b-1#1383,,,p.Asp104Gln,-0.1894550821088756
urn:mavedb:00000057-b-1#1384,,,p.Lys103Gln,-0.1483985565771911
urn:mavedb:00000057-b-1#1385,,,p.Val102Gln,-0.5467405726910327
urn:mavedb:00000057-b-1#1386,,,p.Arg101Gln,-0.1604422147994988
urn:mavedb:00000057-b-1#1387,,,p.Lys100Gln,-0.2650685481028859
urn:mavedb:00000057-b-1#1388,,,p.Ile99Gln,-0.2958945303803853
urn:mavedb:00000057-b-1#1389,,,p.Gln98=,0.0
urn:mavedb:00000057-b-1#1390,,,p.Glu97Gln,-0.1397299618666294
urn:mavedb:00000057-b-1#1391,,,p.Arg96Gln,-0.1801497238715814
urn:mavedb:00000057-b-1#1392,,,p.Tyr95Gln,-0.3257298690447224
urn:mavedb:00000057-b-1#1393,,,p.Gln94=,0.0
urn:mavedb:00000057-b-1#1394,,,p.His93Gln,-0.0394929216028346
urn:mavedb:00000057-b-1#1395,,,p.Ile92Gln,-0.2992576196143808
urn:mavedb:00000057-b-1#1396,,,p.Asp91Gln,-0.1697315307812688
urn:mavedb:00000057-b-1#1397,,,p.Glu90Gln,-0.1891490485464067
urn:mavedb:00000057-b-1#1398,,,p.Phe89Gln,-0.2699162896055341
urn:mavedb:00000057-b-1#1399,,,p.Ser88Gln,-0.1964974863241415
urn:mavedb:00000057-b-1#1400,,,p.Lys87Gln,-0.1443676281099505
urn:mavedb:00000057-b-1#1401,,,p.Thr86Gln,-0.1443336408734695
urn:mavedb:00000057-b-1#1402,,,p.Asn85Gln,-0.1620254708795457
urn:mavedb:00000057-b-1#1403,,,p.Asn84Gln,-0.4062846466924328
urn:mavedb:00000057-b-1#1404,,,p.Ile83Gln,-0.1309513992750889
urn:mavedb:00000057-b-1#1405,,,p.Ala82Gln,-0.0244426825709274
urn:mavedb:00000057-b-1#1406,,,p.Phe81Gln,-0.3633668804033589
urn:mavedb:00000057-b-1#1407,,,p.Val80Gln,-0.3516334608083613
urn:mavedb:00000057-b-1#1408,,,p.Cys79Gln,-0.2057153254981514
urn:mavedb:00000057-b-1#1409,,,p.Leu78Gln,-0.1891277655814791
urn:mavedb:00000057-b-1#1410,,,p.Phe77Gln,-0.1365350568853528
urn:mavedb:00000057-b-1#1411,,,p.Gly76Gln,-0.269776952735116
urn:mavedb:00000057-b-1#1412,,,p.Glu75Gln,-0.1034345768485552
urn:mavedb:00000057-b-1#1413,,,p.Gly74Gln,-0.006442352703735
urn:mavedb:00000057-b-1#1414,,,p.Thr73Gln,-0.1363284473734695
urn:mavedb:00000057-b-1#1415,,,p.Arg72Gln,-0.1837288583799757
urn:mavedb:00000057-b-1#1416,,,p.Met71Gln,-0.0529117761648136
urn:mavedb:00000057-b-1#1417,,,p.Tyr70Gln,-0.223598371978016
urn:mavedb:00000057-b-1#1418,,,p.Gln69=,0.0
urn:mavedb:00000057-b-1#1419,,,p.Asp68Gln,-0.119051519827469
urn:mavedb:00000057-b-1#1420,,,p.Arg67Gln,0.0429495053057111
urn:mavedb:00000057-b-1#1421,,,p.Met66Gln,-0.0734773066199983
urn:mavedb:00000057-b-1#1422,,,p.Ala65Gln,-0.2854428796039263
urn:mavedb:00000057-b-1#1423,,,p.Ser64Gln,-0.0461684007189471
urn:mavedb:00000057-b-1#1424,,,p.Tyr63Gln,0.2054147859804029
urn:mavedb:00000057-b-1#1425,,,p.Glu62Gln,-0.0441345277111174
urn:mavedb:00000057-b-1#1426,,,p.Glu61Gln,-0.1451421619574492
urn:mavedb:00000057-b-1#1427,,,p.Gln60=,0.0
urn:mavedb:00000057-b-1#1428,,,p.Gly59Gln,-0.1612783193592842
urn:mavedb:00000057-b-1#1429,,,p.Ala58Gln,0.1244063154855138
urn:mavedb:00000057-b-1#1430,,,p.Thr57Gln,-0.0575191578966472
urn:mavedb:00000057-b-1#1431,,,p.Asp56Gln,-0.2207201599556094
urn:mavedb:00000057-b-1#1432,,,p.Leu55Gln,-0.2030769339292956
urn:mavedb:00000057-b-1#1433,,,p.Ile54Gln,-0.3486826309980603
urn:mavedb:00000057-b-1#1434,,,p.Asp53Gln,-0.2365056103809313
urn:mavedb:00000057-b-1#1435,,,p.Leu52Gln,-0.1843853135073839
urn:mavedb:00000057-b-1#1436,,,p.Leu51Gln,-0.1109617921407128
urn:mavedb:00000057-b-1#1437,,,p.Cys50Gln,-0.1721420226081006
urn:mavedb:00000057-b-1#1438,,,p.Thr49Gln,-0.1063523174690451
urn:mavedb:00000057-b-1#1439,,,p.Glu48Gln,-0.1716092178224782
urn:mavedb:00000057-b-1#1440,,,p.Gly47Gln,-0.1833273357501139
urn:mavedb:00000057-b-1#1441,,,p.Asp46Gln,-0.2712632841315553
urn:mavedb:00000057-b-1#1442,,,p.Ile45Gln,-0.3233539745103586
urn:mavedb:00000057-b-1#1443,,,p.Val44Gln,-0.1654567429827278
urn:mavedb:00000057-b-1#1444,,,p.Val43Gln,-0.2660947225937962
urn:mavedb:00000057-b-1#1445,,,p.Gln42=,0.0
urn:mavedb:00000057-b-1#1446,,,p.Lys41Gln,-0.2760713914316058
urn:mavedb:00000057-b-1#1447,,,p.Arg40Gln,-0.2219136525335774
urn:mavedb:00000057-b-1#1448,,,p.Tyr39Gln,-0.2369332926027262
urn:mavedb:00000057-b-1#1449,,,p.Ser38Gln,-0.3075383156316698
urn:mavedb:00000057-b-1#1450,,,p.Asp37Gln,-0.3189887433057568
urn:mavedb:00000057-b-1#1451,,,p.Glu36Gln,-0.4283443995793987
urn:mavedb:00000057-b-1#1452,,,p.Ile35Gln,-0.2891519971363181
urn:mavedb:00000057-b-1#1453,,,p.Thr34Gln,-0.3197030605436499
urn:mavedb:00000057-b-1#1454,,,p.Gly74Met,-0.1288903096670711
urn:mavedb:00000057-b-1#1455,,,p.Thr73Met,0.0206131825917371
urn:mavedb:00000057-b-1#1456,,,p.Arg72Met,-0.4478140021744553
urn:mavedb:00000057-b-1#1457,,,p.Met71=,0.0
urn:mavedb:00000057-b-1#1458,,,p.Tyr70Met,0.2231224145039332
urn:mavedb:00000057-b-1#1459,,,p.Gln69Met,-0.1359543330080347
urn:mavedb:00000057-b-1#1460,,,p.Asp68Met,-0.2990218225834971
urn:mavedb:00000057-b-1#1461,,,p.Arg67Met,0.0789965064204063
urn:mavedb:00000057-b-1#1462,,,p.Met66=,0.0
urn:mavedb:00000057-b-1#1463,,,p.Ala65Met,-0.2675508596828555
urn:mavedb:00000057-b-1#1464,,,p.Ser64Met,-0.2374752947227089
urn:mavedb:00000057-b-1#1465,,,p.Tyr63Met,-0.0142327514248527
urn:mavedb:00000057-b-1#1466,,,p.Glu62Met,-0.151513590337988
urn:mavedb:00000057-b-1#1467,,,p.Glu61Met,0.4014562190861665
urn:mavedb:00000057-b-1#1468,,,p.Gln60Met,0.3484255119788609
urn:mavedb:00000057-b-1#1469,,,p.Gly59Met,-0.1832048893435697
urn:mavedb:00000057-b-1#1470,,,p.Ala58Met,0.0971079079035521
urn:mavedb:00000057-b-1#1471,,,p.Thr57Met,0.1139358667595438
urn:mavedb:00000057-b-1#1472,,,p.Asp56Met,-0.1848144594488404
urn:mavedb:00000057-b-1#1473,,,p.Leu55Met,-0.0729703108184809
urn:mavedb:00000057-b-1#1474,,,p.Ile54Met,-0.2061604624380086
urn:mavedb:00000057-b-1#1475,,,p.Asp53Met,-0.2014701147320639
urn:mavedb:00000057-b-1#1476,,,p.Leu52Met,-0.2679639685153179
urn:mavedb:00000057-b-1#1477,,,p.Leu51Met,-0.2078545796004712
urn:mavedb:00000057-b-1#1478,,,p.Cys50Met,-0.219052180773765
urn:mavedb:00000057-b-1#1479,,,p.Thr49Met,-0.2657812769376671
urn:mavedb:00000057-b-1#1480,,,p.Glu48Met,-0.2273538770539953
urn:mavedb:00000057-b-1#1481,,,p.Gly47Met,-0.3067798889909084
urn:mavedb:00000057-b-1#1482,,,p.Asp46Met,-0.2819300288060485
urn:mavedb:00000057-b-1#1483,,,p.Ile45Met,-0.1084813503916666
urn:mavedb:00000057-b-1#1484,,,p.Val44Met,-0.3916735768887892
urn:mavedb:00000057-b-1#1485,,,p.Val43Met,-0.2993969806078355
urn:mavedb:00000057-b-1#1486,,,p.Gln42Met,-0.3999815154860269
urn:mavedb:00000057-b-1#1487,,,p.Lys41Met,-0.2054841763033969
urn:mavedb:00000057-b-1#1488,,,p.Arg40Met,-0.313170455293962
urn:mavedb:00000057-b-1#1489,,,p.Tyr39Met,-0.1488291427560541
urn:mavedb:00000057-b-1#1490,,,p.Ser38Met,-0.4573734614732243
urn:mavedb:00000057-b-1#1491,,,p.Asp37Met,-0.4603498197982922
urn:mavedb:00000057-b-1#1492,,,p.Glu36Met,-0.2196194878479591
urn:mavedb:00000057-b-1#1493,,,p.Ile35Met,-0.2157159334186262
urn:mavedb:00000057-b-1#1494,,,p.Thr34Met,-0.3775847157012158
urn:mavedb:00000057-b-1#1495,,,p.Pro33Met,-0.1214280018344829
urn:mavedb:00000057-b-1#1496,,,p.Asp32Met,-0.1408280510566204
urn:mavedb:00000057-b-1#1497,,,p.Tyr31Met,0.0332988576831815
urn:mavedb:00000057-b-1#1498,,,p.Glu30Met,-0.2915971764687458
urn:mavedb:00000057-b-1#1499,,,p.Asp29Met,-0.2294832184363905
urn:mavedb:00000057-b-1#1500,,,p.Val28Met,-0.1727555201206242
urn:mavedb:00000057-b-1#1501,,,p.Phe27Met,0.0247982868314784
urn:mavedb:00000057-b-1#1502,,,p.His26Met,-0.1673892324160536
urn:mavedb:00000057-b-1#1503,,,p.Asn25Met,-0.0876648988980118
urn:mavedb:00000057-b-1#1504,,,p.Gln24Met,-0.2821274222339279
urn:mavedb:00000057-b-1#1505,,,p.Ile23Met,-0.1855202095699224
urn:mavedb:00000057-b-1#1506,,,p.Leu22Met,-0.2838887361635936
urn:mavedb:00000057-b-1#1507,,,p.Gln21Met,-0.1193899949671051
urn:mavedb:00000057-b-1#1508,,,p.Ile20Met,-0.2874104218048929
urn:mavedb:00000057-b-1#1509,,,p.Thr19Met,-0.0812850252400168
urn:mavedb:00000057-b-1#1510,,,p.Leu18Met,-0.1387607836595293
urn:mavedb:00000057-b-1#1511,,,p.Ala17Met,-0.248722048857324
urn:mavedb:00000057-b-1#1512,,,p.Ser16Met,-0.5448617966539804
urn:mavedb:00000057-b-1#1513,,,p.Lys15Met,-0.3948106194260626
urn:mavedb:00000057-b-1#1514,,,p.Gly14Met,-0.473517672060395
urn:mavedb:00000057-b-1#1515,,,p.Val13Met,0.0454661906116724
urn:mavedb:00000057-b-1#1516,,,p.Gly12Met,0.2874185499471665
urn:mavedb:00000057-b-1#1517,,,p.Gly11Met,0.4550889684668361
urn:mavedb:00000057-b-1#1518,,,p.Ala10Met,-0.1918399754396167
urn:mavedb:00000057-b-1#1519,,,p.Gly9Met,-0.1576602241898594
urn:mavedb:00000057-b-1#1520,,,p.Val8Met,-0.1437997469767862
urn:mavedb:00000057-b-1#1521,,,p.Val7Met,-0.0991113842076414
urn:mavedb:00000057-b-1#1522,,,p.Val6Met,-0.1946392888073835
urn:mavedb:00000057-b-1#1523,,,p.Leu5Met,-0.1164769760326684
urn:mavedb:00000057-b-1#1524,,,p.Lys4Met,-0.1865468112533641
urn:mavedb:00000057-b-1#1525,,,p.Tyr3Met,-0.0875975464837823
urn:mavedb:00000057-b-1#1526,,,p.Glu2Met,-0.2058691907228234
urn:mavedb:00000057-b-1#1527,,,p.Thr1Met,-0.1658702224130088
urn:mavedb:00000057-b-1#1528,,,p.His165Leu,-0.1014669047113172
urn:mavedb:00000057-b-1#1529,,,p.Gln164Leu,-0.1775921459044387
urn:mavedb:00000057-b-1#1530,,,p.Arg163Leu,0.0690279610059143
urn:mavedb:00000057-b-1#1531,,,p.Ile162Leu,-0.0153509058366337
urn:mavedb:00000057-b-1#1532,,,p.Glu161Leu,-0.046163358879063
urn:mavedb:00000057-b-1#1533,,,p.Arg160Leu,-0.103728394747689
urn:mavedb:00000057-b-1#1534,,,p.Val159Leu,0.1385564036006253
urn:mavedb:00000057-b-1#1535,,,p.Leu158=,0.0
urn:mavedb:00000057-b-1#1536,,,p.Thr157Leu,0.0985653864905414
urn:mavedb:00000057-b-1#1537,,,p.Tyr156Leu,0.0363150479365901
urn:mavedb:00000057-b-1#1538,,,p.Phe155Leu,0.2893744556436291
urn:mavedb:00000057-b-1#1539,,,p.Ala154Leu,0.4050611492448144
urn:mavedb:00000057-b-1#1540,,,p.Asp153Leu,-0.0790246818915148
urn:mavedb:00000057-b-1#1541,,,p.Glu152Leu,-0.0327425864945909
urn:mavedb:00000057-b-1#1542,,,p.Val151Leu,0.247450770116948
urn:mavedb:00000057-b-1#1543,,,p.Gly150Leu,0.0074569901844585
urn:mavedb:00000057-b-1#1544,,,p.Gln149Leu,-0.0179851693006972
urn:mavedb:00000057-b-1#1545,,,p.Arg148Leu,0.235358135825636
urn:mavedb:00000057-b-1#1546,,,p.Thr147Leu,-0.1287832225310434
urn:mavedb:00000057-b-1#1547,,,p.Lys146Leu,0.0044151786619505
urn:mavedb:00000057-b-1#1548,,,p.Ala145Leu,-0.0951225389742218
urn:mavedb:00000057-b-1#1549,,,p.Ser144Leu,0.1344831002600019
urn:mavedb:00000057-b-1#1550,,,p.Thr143Leu,0.4551281621322949
urn:mavedb:00000057-b-1#1551,,,p.Glu142Leu,-0.035635629733027
urn:mavedb:00000057-b-1#1552,,,p.Ile141Leu,-0.0869430131296625
urn:mavedb:00000057-b-1#1553,,,p.Tyr140Leu,-0.0180580057114958
urn:mavedb:00000057-b-1#1554,,,p.Pro139Leu,-0.143611837250146
urn:mavedb:00000057-b-1#1555,,,p.Leu52Ile,-0.0768746985274374
urn:mavedb:00000057-b-1#1556,,,p.Leu51Ile,-0.3479157781175785
urn:mavedb:00000057-b-1#1557,,,p.Cys50Ile,-0.2217008459452623
urn:mavedb:00000057-b-1#1558,,,p.Thr49Ile,-0.2763244826889075
urn:mavedb:00000057-b-1#1559,,,p.Glu48Ile,-0.2978091453653158
urn:mavedb:00000057-b-1#1560,,,p.Gly47Ile,-0.0342669272957549
urn:mavedb:00000057-b-1#1561,,,p.Asp46Ile,-0.0604923086725578
urn:mavedb:00000057-b-1#1562,,,p.Ile45=,0.0
urn:mavedb:00000057-b-1#1563,,,p.Val44Ile,-0.2941186180616499
urn:mavedb:00000057-b-1#1564,,,p.Val43Ile,-0.1340479792179042
urn:mavedb:00000057-b-1#1565,,,p.Gln42Ile,-0.2036780656539021
urn:mavedb:00000057-b-1#1566,,,p.Lys41Ile,-0.2017018887758016
urn:mavedb:00000057-b-1#1567,,,p.Arg40Ile,-0.3108313392074968
urn:mavedb:00000057-b-1#1568,,,p.Tyr39Ile,-0.3562217848502432
urn:mavedb:00000057-b-1#1569,,,p.Ser38Ile,-0.2861161173681509
urn:mavedb:00000057-b-1#1570,,,p.Asp37Ile,-0.3670526238203682
urn:mavedb:00000057-b-1#1571,,,p.Glu36Ile,-0.3655378439300844
urn:mavedb:00000057-b-1#1572,,,p.Ile35=,0.0
urn:mavedb:00000057-b-1#1573,,,p.Thr34Ile,-0.2199914438927676
urn:mavedb:00000057-b-1#1574,,,p.Pro33Ile,-0.2012901149565193
urn:mavedb:00000057-b-1#1575,,,p.Asp32Ile,-0.0868048818691624
urn:mavedb:00000057-b-1#1576,,,p.Tyr31Ile,0.0911710055953973
urn:mavedb:00000057-b-1#1577,,,p.Glu30Ile,-0.0827627592178598
urn:mavedb:00000057-b-1#1578,,,p.Asp29Ile,-0.2293944115473369
urn:mavedb:00000057-b-1#1579,,,p.Val28Ile,-0.0074059963803701
urn:mavedb:00000057-b-1#1580,,,p.Phe27Ile,-0.2143171867046643
urn:mavedb:00000057-b-1#1581,,,p.His26Ile,-0.222223853230249
urn:mavedb:00000057-b-1#1582,,,p.Asn25Ile,-0.1967197532046642
urn:mavedb:00000057-b-1#1583,,,p.Gln24Ile,0.0583210223341847
urn:mavedb:00000057-b-1#1584,,,p.Ile23=,0.0
urn:mavedb:00000057-b-1#1585,,,p.Leu22Ile,-0.0290661999899962
urn:mavedb:00000057-b-1#1586,,,p.Gln21Ile,0.0028019930129532
urn:mavedb:00000057-b-1#1587,,,p.Ile20=,0.0
urn:mavedb:00000057-b-1#1588,,,p.Thr19Ile,-0.1268424605942741
urn:mavedb:00000057-b-1#1589,,,p.Leu18Ile,-0.2147316534644672
urn:mavedb:00000057-b-1#1590,,,p.Ala17Ile,-0.0765105339923523
urn:mavedb:00000057-b-1#1591,,,p.Ser16Ile,-0.3420947305775065
urn:mavedb:00000057-b-1#1592,,,p.Lys15Ile,-0.3671988616011713
urn:mavedb:00000057-b-1#1593,,,p.Gly14Ile,-0.4104011605429041
urn:mavedb:00000057-b-1#1594,,,p.Val13Ile,0.0866415207895674
urn:mavedb:00000057-b-1#1595,,,p.Gly12Ile,0.2913852758843519
urn:mavedb:00000057-b-1#1596,,,p.Gly11Ile,0.3570419162222775
urn:mavedb:00000057-b-1#1597,,,p.Ala10Ile,-0.1755674929792408
urn:mavedb:00000057-b-1#1598,,,p.Gly9Ile,-0.3661150923064633
urn:mavedb:00000057-b-1#1599,,,p.Val8Ile,-0.16910770397919
urn:mavedb:00000057-b-1#1600,,,p.Val7Ile,-0.2318866735155644
urn:mavedb:00000057-b-1#1601,,,p.Val6Ile,-0.1934363094217432
urn:mavedb:00000057-b-1#1602,,,p.Leu5Ile,-0.3050723751961508
urn:mavedb:00000057-b-1#1603,,,p.Lys4Ile,-0.2965172110322968
urn:mavedb:00000057-b-1#1604,,,p.Tyr3Ile,-0.0994512904196894
urn:mavedb:00000057-b-1#1605,,,p.Glu2Ile,-0.3380642722507189
urn:mavedb:00000057-b-1#1606,,,p.Thr1Ile,-0.2283942104137302
urn:mavedb:00000057-b-1#1607,,,p.His165=,0.0
urn:mavedb:00000057-b-1#1608,,,p.Gln164His,-0.167750355121167
urn:mavedb:00000057-b-1#1609,,,p.Arg163His,-0.29976975024077
urn:mavedb:00000057-b-1#1610,,,p.Ile162His,-0.2236694653252872
urn:mavedb:00000057-b-1#1611,,,p.Glu161His,0.0041725096080868
urn:mavedb:00000057-b-1#1612,,,p.Arg160His,-0.0250868956571573
urn:mavedb:00000057-b-1#1613,,,p.Val159His,-0.0918405288351348
urn:mavedb:00000057-b-1#1614,,,p.Leu158His,-0.0224224557791474
urn:mavedb:00000057-b-1#1615,,,p.Thr157His,-0.0594516347092682
urn:mavedb:00000057-b-1#1616,,,p.Tyr156His,0.0105021371514328
urn:mavedb:00000057-b-1#1617,,,p.Phe155His,-0.1408895007576646
urn:mavedb:00000057-b-1#1618,,,p.Ala154His,-0.1358360609892474
urn:mavedb:00000057-b-1#1619,,,p.Asp153His,-0.1421601835761621
urn:mavedb:00000057-b-1#1620,,,p.Glu152His,-0.1725538767711788
urn:mavedb:00000057-b-1#1621,,,p.Val151His,0.0555338036936259
urn:mavedb:00000057-b-1#1622,,,p.Gly150His,-0.1615552554885594
urn:mavedb:00000057-b-1#1623,,,p.Gln149His,-0.0801410305137778
urn:mavedb:00000057-b-1#1624,,,p.Arg148His,0.3186084763908862
urn:mavedb:00000057-b-1#1625,,,p.Thr147His,-0.1122093261800953
urn:mavedb:00000057-b-1#1626,,,p.Lys146His,0.4840163116086529
urn:mavedb:00000057-b-1#1627,,,p.Ala145His,-0.0408724963736964
urn:mavedb:00000057-b-1#1628,,,p.Ser144His,0.455324251021949
urn:mavedb:00000057-b-1#1629,,,p.Thr143His,-0.1823952387525129
urn:mavedb:00000057-b-1#1630,,,p.Glu142His,-0.0459491973568213
urn:mavedb:00000057-b-1#1631,,,p.Ile141His,-0.1378560971360334
urn:mavedb:00000057-b-1#1632,,,p.Tyr140His,-0.1370386643759391
urn:mavedb:00000057-b-1#1633,,,p.Pro139His,-0.0822037002741033
urn:mavedb:00000057-b-1#1634,,,p.Ile138His,-0.0751721849805116
urn:mavedb:00000057-b-1#1635,,,p.Gly137His,-0.2489166289777659
urn:mavedb:00000057-b-1#1636,,,p.Tyr136His,-0.1994751126688294
urn:mavedb:00000057-b-1#1637,,,p.Ser135His,-0.010987084400109
urn:mavedb:00000057-b-1#1638,,,p.Arg134His,-0.0476818256201875
urn:mavedb:00000057-b-1#1639,,,p.Ala133His,-0.2490329547008321
urn:mavedb:00000057-b-1#1640,,,p.Leu132His,-0.1211226301403089
urn:mavedb:00000057-b-1#1641,,,p.Asp131His,-0.0383831780834964
urn:mavedb:00000057-b-1#1642,,,p.Gln130His,-0.2443656975709933
urn:mavedb:00000057-b-1#1643,,,p.Ala129His,-0.1461678077157384
urn:mavedb:00000057-b-1#1644,,,p.Gln128His,-0.0858432964097153
urn:mavedb:00000057-b-1#1645,,,p.Arg127His,-0.0579602135290227
urn:mavedb:00000057-b-1#1646,,,p.Ser126His,-0.1518001749199678
urn:mavedb:00000057-b-1#1647,,,p.Glu125His,-0.0625572514013357
urn:mavedb:00000057-b-1#1648,,,p.Val124His,0.042234296374402
urn:mavedb:00000057-b-1#1649,,,p.Thr123His,-0.1390503558667053
urn:mavedb:00000057-b-1#1650,,,p.Arg122His,0.0141811677726191
urn:mavedb:00000057-b-1#1651,,,p.Ala121His,0.0825724990550939
urn:mavedb:00000057-b-1#1652,,,p.Ala120His,-0.1311320795908012
urn:mavedb:00000057-b-1#1653,,,p.Leu119His,0.1194046787965354
urn:mavedb:00000057-b-1#1654,,,p.Asp118His,-0.0421648345894606
urn:mavedb:00000057-b-1#1655,,,p.Cys117His,-0.181424323363797
urn:mavedb:00000057-b-1#1656,,,p.Lys116His,0.6830265641444879
urn:mavedb:00000057-b-1#1657,,,p.Asn115His,0.4468413813388284
urn:mavedb:00000057-b-1#1658,,,p.Gly114His,-0.1122566324503062
urn:mavedb:00000057-b-1#1659,,,p.Val113His,-0.0949171497374276
urn:mavedb:00000057-b-1#1660,,,p.Leu112His,-0.2259049320776772
urn:mavedb:00000057-b-1#1661,,,p.Val111His,-0.1351652671463237
urn:mavedb:00000057-b-1#1662,,,p.Met110His,-0.4332853740235715
urn:mavedb:00000057-b-1#1663,,,p.Pro109His,-0.1323679760854742
urn:mavedb:00000057-b-1#1664,,,p.Val108His,-0.2643339993913693
urn:mavedb:00000057-b-1#1665,,,p.Asp107His,-0.142043281971307
urn:mavedb:00000057-b-1#1666,,,p.Asp106His,-0.1694789567968042
urn:mavedb:00000057-b-1#1667,,,p.Ser105His,-0.1645374224829933
urn:mavedb:00000057-b-1#1668,,,p.Asp104His,-0.2708869115248436
urn:mavedb:00000057-b-1#1669,,,p.Lys103His,-0.1467233740088152
urn:mavedb:00000057-b-1#1670,,,p.Thr147Asn,0.0213382458010772
urn:mavedb:00000057-b-1#1671,,,p.Lys146Asn,0.6592290950414251
urn:mavedb:00000057-b-1#1672,,,p.Ala145Asn,0.4001355917815185
urn:mavedb:00000057-b-1#1673,,,p.Ser144Asn,0.5866167597184649
urn:mavedb:00000057-b-1#1674,,,p.Thr143Asn,0.1765460839055406
urn:mavedb:00000057-b-1#1675,,,p.Glu142Asn,-0.1133682827208586
urn:mavedb:00000057-b-1#1676,,,p.Ile141Asn,0.0231372157035402
urn:mavedb:00000057-b-1#1677,,,p.Tyr140Asn,-0.1080460773719534
urn:mavedb:00000057-b-1#1678,,,p.Pro139Asn,-0.0152830947429342
urn:mavedb:00000057-b-1#1679,,,p.Ile138Asn,-0.1944607572014718
urn:mavedb:00000057-b-1#1680,,,p.Gly137Asn,-0.1868664116601369
urn:mavedb:00000057-b-1#1681,,,p.Tyr136Asn,-0.2260707638952197
urn:mavedb:00000057-b-1#1682,,,p.Ser135Asn,-0.0267324982921922
urn:mavedb:00000057-b-1#1683,,,p.Arg134Asn,-0.0568716428542276
urn:mavedb:00000057-b-1#1684,,,p.Ala133Asn,-0.0699197943259199
urn:mavedb:00000057-b-1#1685,,,p.Leu132Asn,0.0490887374412325
urn:mavedb:00000057-b-1#1686,,,p.Asp131Asn,-0.1667002155333707
urn:mavedb:00000057-b-1#1687,,,p.Gln130Asn,-0.033470019190426
urn:mavedb:00000057-b-1#1688,,,p.Ala129Asn,0.0290117830699021
urn:mavedb:00000057-b-1#1689,,,p.Gln128Asn,-0.0389444938779173
urn:mavedb:00000057-b-1#1690,,,p.Arg127Asn,-0.0894793859871008
urn:mavedb:00000057-b-1#1691,,,p.Ser126Asn,0.0116734555264738
urn:mavedb:00000057-b-1#1692,,,p.Glu125Asn,-0.1118619483076358
urn:mavedb:00000057-b-1#1693,,,p.Val124Asn,0.0455135966608159
urn:mavedb:00000057-b-1#1694,,,p.Thr123Asn,-0.109123567461486
urn:mavedb:00000057-b-1#1695,,,p.Arg122Asn,-0.0333176309183508
urn:mavedb:00000057-b-1#1696,,,p.Ala121Asn,-0.1041870732085366
urn:mavedb:00000057-b-1#1697,,,p.Ala120Asn,-0.1083169104919843
urn:mavedb:00000057-b-1#1698,,,p.Leu119Asn,0.2646105966289605
urn:mavedb:00000057-b-1#1699,,,p.Asp118Asn,0.1407713214579803
urn:mavedb:00000057-b-1#1700,,,p.Cys117Asn,-0.1140064284342538
urn:mavedb:00000057-b-1#1701,,,p.Lys116Asn,0.5353163615841979
urn:mavedb:00000057-b-1#1702,,,p.Asn115=,0.0
urn:mavedb:00000057-b-1#1703,,,p.Gly114Asn,-0.1832104037900593
urn:mavedb:00000057-b-1#1704,,,p.Val113Asn,-0.1334090684935721
urn:mavedb:00000057-b-1#1705,,,p.Leu112Asn,-0.0045580148375446
urn:mavedb:00000057-b-1#1706,,,p.Val111Asn,-0.1207235779991482
urn:mavedb:00000057-b-1#1707,,,p.Met110Asn,-0.3024686428138086
urn:mavedb:00000057-b-1#1708,,,p.Pro109Asn,-0.2188085838526083
urn:mavedb:00000057-b-1#1709,,,p.Val108Asn,-1.3016624779334147
urn:mavedb:00000057-b-1#1710,,,p.Asp107Asn,-0.2264948729209037
urn:mavedb:00000057-b-1#1711,,,p.Asp106Asn,-0.015965437227823
urn:mavedb:00000057-b-1#1712,,,p.Ser105Asn,0.3989362129605854
urn:mavedb:00000057-b-1#1713,,,p.Asp104Asn,-0.2078617464551513
urn:mavedb:00000057-b-1#1714,,,p.Lys103Asn,-0.2554799256954538
urn:mavedb:00000057-b-1#1715,,,p.Val102Asn,-0.2946636614996614
urn:mavedb:00000057-b-1#1716,,,p.Arg101Asn,-0.2528257371644789
urn:mavedb:00000057-b-1#1717,,,p.Lys100Asn,-0.1124320485700142
urn:mavedb:00000057-b-1#1718,,,p.Ile99Asn,-0.0869431105751765
urn:mavedb:00000057-b-1#1719,,,p.Gln98Asn,-0.3560508780759805
urn:mavedb:00000057-b-1#1720,,,p.Glu97Asn,-0.1258332891029304
urn:mavedb:00000057-b-1#1721,,,p.Arg96Asn,-0.5924015679870106
urn:mavedb:00000057-b-1#1722,,,p.Tyr95Asn,-0.3385474386188022
urn:mavedb:00000057-b-1#1723,,,p.Gln94Asn,0.0005077773273393
urn:mavedb:00000057-b-1#1724,,,p.His93Asn,-0.0228107778386167
urn:mavedb:00000057-b-1#1725,,,p.Ile92Asn,-0.084615585124582
urn:mavedb:00000057-b-1#1726,,,p.Asp91Asn,-0.0856322548196055
urn:mavedb:00000057-b-1#1727,,,p.Glu90Asn,-0.1705630722660254
urn:mavedb:00000057-b-1#1728,,,p.Phe89Asn,-0.3854341425251715
urn:mavedb:00000057-b-1#1729,,,p.Ser88Asn,-0.0825528360899841
urn:mavedb:00000057-b-1#1730,,,p.Lys87Asn,-0.225410551271717
urn:mavedb:00000057-b-1#1731,,,p.Thr86Asn,-0.2691160953452874
urn:mavedb:00000057-b-1#1732,,,p.Asn85=,0.0
urn:mavedb:00000057-b-1#1733,,,p.Asn84=,0.0
urn:mavedb:00000057-b-1#1734,,,p.Ile83Asn,-0.3537816519143034
urn:mavedb:00000057-b-1#1735,,,p.Ala82Asn,0.1538125365566521
urn:mavedb:00000057-b-1#1736,,,p.Phe81Asn,-0.2851627300146837
urn:mavedb:00000057-b-1#1737,,,p.Val80Asn,-0.3494242719326061
urn:mavedb:00000057-b-1#1738,,,p.Cys79Asn,-0.2289119502217028
urn:mavedb:00000057-b-1#1739,,,p.Leu78Asn,-0.280598784333813
urn:mavedb:00000057-b-1#1740,,,p.Phe77Asn,-0.3097719499045399
urn:mavedb:00000057-b-1#1741,,,p.Gly76Asn,-0.1853600968103778
urn:mavedb:00000057-b-1#1742,,,p.Glu75Asn,-0.1592745978151954
urn:mavedb:00000057-b-1#1743,,,p.Gly74Asn,-0.1416873161326524
urn:mavedb:00000057-b-1#1744,,,p.Thr73Asn,-0.1761980835004376
urn:mavedb:00000057-b-1#1745,,,p.Arg72Asn,-0.1993403855158239
urn:mavedb:00000057-b-1#1746,,,p.Met71Asn,-0.1954314801407306
urn:mavedb:00000057-b-1#1747,,,p.Tyr70Asn,-0.1181719238881223
urn:mavedb:00000057-b-1#1748,,,p.Gln69Asn,-0.2590959800788488
urn:mavedb:00000057-b-1#1749,,,p.Asp68Asn,-0.2615584185806329
urn:mavedb:00000057-b-1#1750,,,p.Arg67Asn,0.0911785091832297
urn:mavedb:00000057-b-1#1751,,,p.Met66Asn,0.0987326875075916
urn:mavedb:00000057-b-1#1752,,,p.Ala65Asn,-0.1524629896007222
urn:mavedb:00000057-b-1#1753,,,p.Ser64Asn,-0.2034490135913658
urn:mavedb:00000057-b-1#1754,,,p.Tyr63Asn,0.4638602866499789
urn:mavedb:00000057-b-1#1755,,,p.Glu62Asn,0.1661697579555676
urn:mavedb:00000057-b-1#1756,,,p.Glu61Asn,-0.0672650731796844
urn:mavedb:00000057-b-1#1757,,,p.Gln60Asn,0.3611774925839206
urn:mavedb:00000057-b-1#1758,,,p.Gly59Asn,-0.142972891545359
urn:mavedb:00000057-b-1#1759,,,p.Ala58Asn,0.186239225260826
urn:mavedb:00000057-b-1#1760,,,p.Thr57Asn,-0.1055709273179964
urn:mavedb:00000057-b-1#1761,,,p.Asp56Asn,-0.3177533524844081
urn:mavedb:00000057-b-1#1762,,,p.Leu55Asn,0.176198583694491
urn:mavedb:00000057-b-1#1763,,,p.Ile54Asn,-0.2726942023842069
urn:mavedb:00000057-b-1#1764,,,p.Asp53Asn,-0.1956767272388336
urn:mavedb:00000057-b-1#1765,,,p.Leu52Asn,-0.1709833276818726
urn:mavedb:00000057-b-1#1766,,,p.Leu51Asn,-0.2281502189118242
urn:mavedb:00000057-b-1#1767,,,p.Cys50Asn,-0.2768410825818274
urn:mavedb:00000057-b-1#1768,,,p.Thr49Asn,-0.1287577852165554
urn:mavedb:00000057-b-1#1769,,,p.Glu48Asn,-0.2144199894097538
urn:mavedb:00000057-b-1#1770,,,p.Gly47Asn,-0.3532013362103443
urn:mavedb:00000057-b-1#1771,,,p.Asp46Asn,-0.1809686873593527
urn:mavedb:00000057-b-1#1772,,,p.Ile45Asn,-0.1893119701223292
urn:mavedb:00000057-b-1#1773,,,p.Val44Asn,-0.226484939886427
urn:mavedb:00000057-b-1#1774,,,p.Val43Asn,-0.1801710456526105
urn:mavedb:00000057-b-1#1775,,,p.Gln42Asn,-0.1395150466530323
urn:mavedb:00000057-b-1#1776,,,p.Lys41Asn,0.080282607710395
urn:mavedb:00000057-b-1#1777,,,p.Arg40Asn,-0.2638185981314835
urn:mavedb:00000057-b-1#1778,,,p.Tyr39Asn,-0.3211048442191874
urn:mavedb:00000057-b-1#1779,,,p.Ser38Asn,-0.2871615587959904
urn:mavedb:00000057-b-1#1780,,,p.Asp37Asn,-0.3089796274650033
urn:mavedb:00000057-b-1#1781,,,p.Glu36Asn,-0.2549911076970744
urn:mavedb:00000057-b-1#1782,,,p.Ile35Asn,0.1360425714909176
urn:mavedb:00000057-b-1#1783,,,p.Thr34Asn,-0.2583274705903952
urn:mavedb:00000057-b-1#1784,,,p.Pro33Asn,-0.2869870499678014
urn:mavedb:00000057-b-1#1785,,,p.Asp32Asn,-0.0651171042157032
urn:mavedb:00000057-b-1#1786,,,p.Tyr31Asn,0.0397987108992408
urn:mavedb:00000057-b-1#1787,,,p.Glu30Asn,-0.2531993586079193
urn:mavedb:00000057-b-1#1788,,,p.Asp29Asn,-0.3111586965307939
urn:mavedb:00000057-b-1#1789,,,p.Val28Asn,-0.1601185148294166
urn:mavedb:00000057-b-1#1790,,,p.Phe27Asn,-0.3734623019651425
urn:mavedb:00000057-b-1#1791,,,p.His26Asn,-0.2584903146251366
urn:mavedb:00000057-b-1#1792,,,p.Asn25=,0.0
urn:mavedb:00000057-b-1#1793,,,p.Val102His,-0.1612678329504991
urn:mavedb:00000057-b-1#1794,,,p.Arg101His,-0.2327317053375986
urn:mavedb:00000057-b-1#1795,,,p.Lys100His,-0.2205235683813886
urn:mavedb:00000057-b-1#1796,,,p.Ile99His,-0.2715861481643732
urn:mavedb:00000057-b-1#1797,,,p.Gln98His,-0.1349095900224927
urn:mavedb:00000057-b-1#1798,,,p.Glu97His,-0.2012046792244924
urn:mavedb:00000057-b-1#1799,,,p.Arg96His,-0.2374168502117421
urn:mavedb:00000057-b-1#1800,,,p.Tyr95His,-0.3755647054984255
urn:mavedb:00000057-b-1#1801,,,p.Gln94His,-0.2023418137744686
urn:mavedb:00000057-b-1#1802,,,p.His93=,0.0
urn:mavedb:00000057-b-1#1803,,,p.Ile92His,-0.2824735569493887
urn:mavedb:00000057-b-1#1804,,,p.Asp91His,-0.1132679533383892
urn:mavedb:00000057-b-1#1805,,,p.Glu90His,-0.4997446281868523
urn:mavedb:00000057-b-1#1806,,,p.Phe89His,-0.2681735473157146
urn:mavedb:00000057-b-1#1807,,,p.Ser88His,-0.197457601331874
urn:mavedb:00000057-b-1#1808,,,p.Lys87His,-0.2690316713056103
urn:mavedb:00000057-b-1#1809,,,p.Thr86His,-0.0051962329147106
urn:mavedb:00000057-b-1#1810,,,p.Asn85His,-0.3149854692591855
urn:mavedb:00000057-b-1#1811,,,p.Asn84His,-0.0512014453689664
urn:mavedb:00000057-b-1#1812,,,p.Ile83His,-0.1101260056840656
urn:mavedb:00000057-b-1#1813,,,p.Ala82His,0.064535390650571
urn:mavedb:00000057-b-1#1814,,,p.Phe81His,-0.2848283715140819
urn:mavedb:00000057-b-1#1815,,,p.Val80His,-0.2145116575396512
urn:mavedb:00000057-b-1#1816,,,p.Cys79His,-0.1144979200497084
urn:mavedb:00000057-b-1#1817,,,p.Leu78His,-0.2741202206034854
urn:mavedb:00000057-b-1#1818,,,p.Phe77His,-0.1452854451325832
urn:mavedb:00000057-b-1#1819,,,p.Gly76His,-0.1304233936722444
urn:mavedb:00000057-b-1#1820,,,p.Glu75His,-0.2086618296142118
urn:mavedb:00000057-b-1#1821,,,p.Gly74His,-0.2149254849950271
urn:mavedb:00000057-b-1#1822,,,p.Thr73His,-0.0762064307506746
urn:mavedb:00000057-b-1#1823,,,p.Arg72His,-0.0323815792248714
urn:mavedb:00000057-b-1#1824,,,p.Met71His,-0.2196701646085638
urn:mavedb:00000057-b-1#1825,,,p.Tyr70His,-0.2149373562214643
urn:mavedb:00000057-b-1#1826,,,p.Gln69His,-0.2497877435860049
urn:mavedb:00000057-b-1#1827,,,p.Asp68His,-0.2353782830658827
urn:mavedb:00000057-b-1#1828,,,p.Arg67His,-0.1022506608114816
urn:mavedb:00000057-b-1#1829,,,p.Met66His,-0.0500649382510091
urn:mavedb:00000057-b-1#1830,,,p.Ala65His,-0.1394142624516359
urn:mavedb:00000057-b-1#1831,,,p.Ser64His,-0.0435420176552207
urn:mavedb:00000057-b-1#1832,,,p.Tyr63His,0.1537553542784502
urn:mavedb:00000057-b-1#1833,,,p.Glu62His,0.4731025609530281
urn:mavedb:00000057-b-1#1834,,,p.Glu61His,-0.0562478701004092
urn:mavedb:00000057-b-1#1835,,,p.Gln60His,0.3962226311094193
urn:mavedb:00000057-b-1#1836,,,p.Gly59His,-0.0057471671424274
urn:mavedb:00000057-b-1#1837,,,p.Ala58His,0.0016784447253577
urn:mavedb:00000057-b-1#1838,,,p.Thr57His,-0.0753076844339253
urn:mavedb:00000057-b-1#1839,,,p.Asp56His,-0.2301412128140428
urn:mavedb:00000057-b-1#1840,,,p.Leu55His,-0.12439039017642
urn:mavedb:00000057-b-1#1841,,,p.Ile54His,-0.288233673211626
urn:mavedb:00000057-b-1#1842,,,p.Asp53His,-0.3569951136387001
urn:mavedb:00000057-b-1#1843,,,p.Leu52His,-0.3050626052864126
urn:mavedb:00000057-b-1#1844,,,p.Leu51His,-0.0150215885342324
urn:mavedb:00000057-b-1#1845,,,p.Cys50His,-0.1066865489993797
urn:mavedb:00000057-b-1#1846,,,p.Thr49His,-0.2017115615402696
urn:mavedb:00000057-b-1#1847,,,p.Glu48His,-0.1199087567065347
urn:mavedb:00000057-b-1#1848,,,p.Gly47His,-0.2171390605106212
urn:mavedb:00000057-b-1#1849,,,p.Asp46His,-0.1299339290205478
urn:mavedb:00000057-b-1#1850,,,p.Ile45His,-0.3026539832728537
urn:mavedb:00000057-b-1#1851,,,p.Val44His,-0.1662129085366571
urn:mavedb:00000057-b-1#1852,,,p.Val43His,0.045465653167099
urn:mavedb:00000057-b-1#1853,,,p.Gln42His,-0.1100597549864416
urn:mavedb:00000057-b-1#1854,,,p.Lys41His,-0.1606345310304619
urn:mavedb:00000057-b-1#1855,,,p.Arg40His,-0.2470624348070572
urn:mavedb:00000057-b-1#1856,,,p.Tyr39His,-0.0909031103054611
urn:mavedb:00000057-b-1#1857,,,p.Ser38His,-0.2893326066769349
urn:mavedb:00000057-b-1#1858,,,p.Asp37His,-0.3141733167102402
urn:mavedb:00000057-b-1#1859,,,p.Glu36His,-0.2139057477252701
urn:mavedb:00000057-b-1#1860,,,p.Ile35His,-0.1064962835752667
urn:mavedb:00000057-b-1#1861,,,p.Thr34His,-0.3380408906398328
urn:mavedb:00000057-b-1#1862,,,p.Pro33His,-0.178000457342303
urn:mavedb:00000057-b-1#1863,,,p.Asp32His,-0.1418773145627535
urn:mavedb:00000057-b-1#1864,,,p.Tyr31His,0.1154482898574854
urn:mavedb:00000057-b-1#1865,,,p.Glu30His,-0.2111474128471294
urn:mavedb:00000057-b-1#1866,,,p.Asp29His,-0.1774618899687458
urn:mavedb:00000057-b-1#1867,,,p.Val28His,-0.2375497124127623
urn:mavedb:00000057-b-1#1868,,,p.Phe27His,-0.1086758171487213
urn:mavedb:00000057-b-1#1869,,,p.His26=,0.0
urn:mavedb:00000057-b-1#1870,,,p.Asn25His,-0.3083710405700421
urn:mavedb:00000057-b-1#1871,,,p.Gln24His,-0.1363479354997601
urn:mavedb:00000057-b-1#1872,,,p.Ile23His,-0.0470251906149476
urn:mavedb:00000057-b-1#1873,,,p.Leu22His,0.1696947258208344
urn:mavedb:00000057-b-1#1874,,,p.Gln21His,0.0891138309684153
urn:mavedb:00000057-b-1#1875,,,p.Ile20His,-0.1219751008319468
urn:mavedb:00000057-b-1#1876,,,p.Thr19His,-0.21351127921189
urn:mavedb:00000057-b-1#1877,,,p.Leu18His,-0.2108357738493246
urn:mavedb:00000057-b-1#1878,,,p.Ala17His,-0.3592403513756228
urn:mavedb:00000057-b-1#1879,,,p.Ser16His,-0.4372595636405541
urn:mavedb:00000057-b-1#1880,,,p.Lys15His,-0.3926273805426831
urn:mavedb:00000057-b-1#1881,,,p.Gly14His,-0.3076624143784968
urn:mavedb:00000057-b-1#1882,,,p.Val13His,0.084144129381468
urn:mavedb:00000057-b-1#1883,,,p.Gly12His,0.3158407235894482
urn:mavedb:00000057-b-1#1884,,,p.Gly11His,0.3194103365229427
urn:mavedb:00000057-b-1#1885,,,p.Ala10His,-0.1494129056725138
urn:mavedb:00000057-b-1#1886,,,p.Gly9His,-0.258955551429363
urn:mavedb:00000057-b-1#1887,,,p.Val8His,-0.1860231355304518
urn:mavedb:00000057-b-1#1888,,,p.Val7His,-0.3732602752459987
urn:mavedb:00000057-b-1#1889,,,p.Val6His,-0.0568015176680148
urn:mavedb:00000057-b-1#1890,,,p.Leu5His,-0.3272330501743084
urn:mavedb:00000057-b-1#1891,,,p.Lys4His,-0.1556029683539449
urn:mavedb:00000057-b-1#1892,,,p.Tyr3His,-0.1980174753005854
urn:mavedb:00000057-b-1#1893,,,p.Glu2His,-0.2192464953201198
urn:mavedb:00000057-b-1#1894,,,p.Glu125=,0.0
urn:mavedb:00000057-b-1#1895,,,p.Val124Glu,0.0370595886331048
urn:mavedb:00000057-b-1#1896,,,p.Thr123Glu,-0.0270237453025521
urn:mavedb:00000057-b-1#1897,,,p.Arg122Glu,-0.0452168608305697
urn:mavedb:00000057-b-1#1898,,,p.Ala121Glu,0.1633477140286518
urn:mavedb:00000057-b-1#1899,,,p.Ala120Glu,-0.0548457301717156
urn:mavedb:00000057-b-1#1900,,,p.Leu119Glu,0.5056632768981619
urn:mavedb:00000057-b-1#1901,,,p.Asp118Glu,0.153961731778806
urn:mavedb:00000057-b-1#1902,,,p.Cys117Glu,-0.0975441500056429
urn:mavedb:00000057-b-1#1903,,,p.Lys116Glu,0.2394927045273373
urn:mavedb:00000057-b-1#1904,,,p.Asn115Glu,-0.1752509468993324
urn:mavedb:00000057-b-1#1905,,,p.Gly114Glu,-0.1711477835301632
urn:mavedb:00000057-b-1#1906,,,p.Val113Glu,-0.0909734800726507
urn:mavedb:00000057-b-1#1907,,,p.Leu112Glu,-0.137355402729901
urn:mavedb:00000057-b-1#1908,,,p.Val111Glu,-0.2176260171295411
urn:mavedb:00000057-b-1#1909,,,p.Met110Glu,-0.2110201462121258
urn:mavedb:00000057-b-1#1910,,,p.Pro109Glu,-0.2378976852605477
urn:mavedb:00000057-b-1#1911,,,p.Val108Glu,-0.2080585680456288
urn:mavedb:00000057-b-1#1912,,,p.Asp107Glu,-0.2202936563150956
urn:mavedb:00000057-b-1#1913,,,p.Asp106Glu,-0.1684938268734695
urn:mavedb:00000057-b-1#1914,,,p.Ser105Glu,-0.1222194708858302
urn:mavedb:00000057-b-1#1915,,,p.Asp104Glu,-0.2019176858734695
urn:mavedb:00000057-b-1#1916,,,p.Lys103Glu,-0.3124729725665635
urn:mavedb:00000057-b-1#1917,,,p.Val102Glu,-0.2334801334259315
urn:mavedb:00000057-b-1#1918,,,p.Arg101Glu,-0.2242646423100956
urn:mavedb:00000057-b-1#1919,,,p.Lys100Glu,-0.2811759184545856
urn:mavedb:00000057-b-1#1920,,,p.Ile99Glu,-0.2456853101505652
urn:mavedb:00000057-b-1#1921,,,p.Gln98Glu,-0.2787480019229856
urn:mavedb:00000057-b-1#1922,,,p.Glu97=,0.0
urn:mavedb:00000057-b-1#1923,,,p.Arg96Glu,-0.3225934153101131
urn:mavedb:00000057-b-1#1924,,,p.Tyr95Glu,-0.1537287311543358
urn:mavedb:00000057-b-1#1925,,,p.Gln94Glu,-0.0827800171252058
urn:mavedb:00000057-b-1#1926,,,p.His93Glu,-0.1754687462825607
urn:mavedb:00000057-b-1#1927,,,p.Ile92Glu,-0.1873897338145398
urn:mavedb:00000057-b-1#1928,,,p.Asp91Glu,-0.2332879464009449
urn:mavedb:00000057-b-1#1929,,,p.Glu90=,0.0
urn:mavedb:00000057-b-1#1930,,,p.Phe89Glu,-0.1539881958444976
urn:mavedb:00000057-b-1#1931,,,p.Ser88Glu,-0.1998552900531329
urn:mavedb:00000057-b-1#1932,,,p.Lys87Glu,-0.4461813357078416
urn:mavedb:00000057-b-1#1933,,,p.Thr86Glu,-0.0382636821219121
urn:mavedb:00000057-b-1#1934,,,p.Asn85Glu,-0.1499558349594776
urn:mavedb:00000057-b-1#1935,,,p.Asn84Glu,0.0838634692945467
urn:mavedb:00000057-b-1#1936,,,p.Ile83Glu,-0.1657346400181494
urn:mavedb:00000057-b-1#1937,,,p.Ala82Glu,-0.0698345268106617
urn:mavedb:00000057-b-1#1938,,,p.Phe81Glu,-0.2866194026587089
urn:mavedb:00000057-b-1#1939,,,p.Val80Glu,-0.2735116659168811
urn:mavedb:00000057-b-1#1940,,,p.Cys79Glu,-0.3727524735119077
urn:mavedb:00000057-b-1#1941,,,p.Leu78Glu,-0.2854636127500559
urn:mavedb:00000057-b-1#1942,,,p.Phe77Glu,-0.2039644944420544
urn:mavedb:00000057-b-1#1943,,,p.Gly76Glu,-0.3453466070665635
urn:mavedb:00000057-b-1#1944,,,p.Glu75=,0.0
urn:mavedb:00000057-b-1#1945,,,p.Gly74Glu,-0.1117835601796942
urn:mavedb:00000057-b-1#1946,,,p.Thr73Glu,-0.173570282481164
urn:mavedb:00000057-b-1#1947,,,p.Arg72Glu,-0.2952677495936463
urn:mavedb:00000057-b-1#1948,,,p.Met71Glu,-0.0368553726513978
urn:mavedb:00000057-b-1#1949,,,p.Tyr70Glu,-0.078425572158602
urn:mavedb:00000057-b-1#1950,,,p.Gln69Glu,-0.270669711177374
urn:mavedb:00000057-b-1#1951,,,p.Asp68Glu,-0.1651604710490202
urn:mavedb:00000057-b-1#1952,,,p.Arg67Glu,0.3949767901160356
urn:mavedb:00000057-b-1#1953,,,p.Met66Glu,0.0870064830033237
urn:mavedb:00000057-b-1#1954,,,p.Ala65Glu,-0.2447312469207464
urn:mavedb:00000057-b-1#1955,,,p.Ser64Glu,-0.1667830493248905
urn:mavedb:00000057-b-1#1956,,,p.Tyr63Glu,0.1925388200519376
urn:mavedb:00000057-b-1#1957,,,p.Glu62=,0.0
urn:mavedb:00000057-b-1#1958,,,p.Glu61=,0.0
urn:mavedb:00000057-b-1#1959,,,p.Gln60Glu,0.4162789920616595
urn:mavedb:00000057-b-1#1960,,,p.Gly59Glu,-0.2432556915854694
urn:mavedb:00000057-b-1#1961,,,p.Ala58Glu,0.0928535126454127
urn:mavedb:00000057-b-1#1962,,,p.Thr57Glu,-0.1169217628885056
urn:mavedb:00000057-b-1#1963,,,p.Asp56Glu,-0.2541858189561651
urn:mavedb:00000057-b-1#1964,,,p.Leu55Glu,0.4348446004981789
urn:mavedb:00000057-b-1#1965,,,p.Ile54Glu,-0.3100402702106056
urn:mavedb:00000057-b-1#1966,,,p.Asp53Glu,-0.1194936109563263
urn:mavedb:00000057-b-1#1967,,,p.Leu52Glu,-0.2679428587890216
urn:mavedb:00000057-b-1#1968,,,p.Leu51Glu,-0.249958457075861
urn:mavedb:00000057-b-1#1969,,,p.Cys50Glu,-0.1924024338170136
urn:mavedb:00000057-b-1#1970,,,p.Thr49Glu,-0.2942731929292747
urn:mavedb:00000057-b-1#1971,,,p.Glu48=,0.0
urn:mavedb:00000057-b-1#1972,,,p.Gly47Glu,-0.1732313600927252
urn:mavedb:00000057-b-1#1973,,,p.Asp46Glu,-0.1545532663101455
urn:mavedb:00000057-b-1#1974,,,p.Ile45Glu,-0.2100331336076594
urn:mavedb:00000057-b-1#1975,,,p.Val44Glu,-0.2033596535448074
urn:mavedb:00000057-b-1#1976,,,p.Val43Glu,-0.2751523435323886
urn:mavedb:00000057-b-1#1977,,,p.Gln42Glu,-0.3490878889891462
urn:mavedb:00000057-b-1#1978,,,p.Lys41Glu,-0.2588046809998884
urn:mavedb:00000057-b-1#1979,,,p.Arg40Glu,-0.2941584271023642
urn:mavedb:00000057-b-1#1980,,,p.Tyr39Glu,-0.3059399408093811
urn:mavedb:00000057-b-1#1981,,,p.Ser38Glu,-0.1735293533692049
urn:mavedb:00000057-b-1#1982,,,p.Asp37Glu,-0.2481158492059184
urn:mavedb:00000057-b-1#1983,,,p.Glu36=,0.0
urn:mavedb:00000057-b-1#1984,,,p.Ile35Glu,-0.1811561638498309
urn:mavedb:00000057-b-1#1985,,,p.Thr34Glu,-0.3322692918003796
urn:mavedb:00000057-b-1#1986,,,p.Pro33Glu,0.0772471017810609
urn:mavedb:00000057-b-1#1987,,,p.Asp32Glu,0.2967224996533897
urn:mavedb:00000057-b-1#1988,,,p.Tyr31Glu,-0.0364628099157361
urn:mavedb:00000057-b-1#1989,,,p.Glu30=,0.0
urn:mavedb:00000057-b-1#1990,,,p.Asp29Glu,-0.2500295951981472
urn:mavedb:00000057-b-1#1991,,,p.Val28Glu,-0.1132057107288714
urn:mavedb:00000057-b-1#1992,,,p.Phe27Glu,-0.0859036714783317
urn:mavedb:00000057-b-1#1993,,,p.His26Glu,-0.1941155311408374
urn:mavedb:00000057-b-1#1994,,,p.Asn25Glu,-0.2025928074235938
urn:mavedb:00000057-b-1#1995,,,p.Gln24Glu,-0.2866353335297793
urn:mavedb:00000057-b-1#1996,,,p.Ile23Glu,-0.1777328011494816
urn:mavedb:00000057-b-1#1997,,,p.Leu22Glu,0.4135637996467373
urn:mavedb:00000057-b-1#1998,,,p.Gln21Glu,0.1271252193303436
urn:mavedb:00000057-b-1#1999,,,p.Ile20Glu,-0.2112285284935054
urn:mavedb:00000057-b-1#2000,,,p.Thr19Glu,-0.0834578026502786
urn:mavedb:00000057-b-1#2001,,,p.Leu18Glu,-0.2301318543700169
urn:mavedb:00000057-b-1#2002,,,p.Ala17Glu,-0.251252780893888
urn:mavedb:00000057-b-1#2003,,,p.Ser16Glu,-0.5462246263549813
urn:mavedb:00000057-b-1#2004,,,p.Lys15Glu,-0.545868392078612
urn:mavedb:00000057-b-1#2005,,,p.Gly14Glu,-0.4115240778821246
urn:mavedb:00000057-b-1#2006,,,p.Val13Glu,0.0510826008749937
urn:mavedb:00000057-b-1#2007,,,p.Gly12Glu,0.2867624448674689
urn:mavedb:00000057-b-1#2008,,,p.Gly11Glu,0.2677074836621076
urn:mavedb:00000057-b-1#2009,,,p.Ile138Leu,-0.0366974838608518
urn:mavedb:00000057-b-1#2010,,,p.Gly137Leu,-0.0710014169439293
urn:mavedb:00000057-b-1#2011,,,p.Tyr136Leu,-0.0113411060474862
urn:mavedb:00000057-b-1#2012,,,p.Ser135Leu,0.1471035293588171
urn:mavedb:00000057-b-1#2013,,,p.Arg134Leu,-0.0867431897014603
urn:mavedb:00000057-b-1#2014,,,p.Ala133Leu,-0.104667781378229
urn:mavedb:00000057-b-1#2015,,,p.Leu132=,0.0
urn:mavedb:00000057-b-1#2016,,,p.Asp131Leu,-0.0575517164230402
urn:mavedb:00000057-b-1#2017,,,p.Gln130Leu,-0.1592444837062539
urn:mavedb:00000057-b-1#2018,,,p.Ala129Leu,-0.0984474735249057
urn:mavedb:00000057-b-1#2019,,,p.Gln128Leu,-0.0003716616736513
urn:mavedb:00000057-b-1#2020,,,p.Arg127Leu,-0.0085483016281945
urn:mavedb:00000057-b-1#2021,,,p.Ser126Leu,-0.0444357682634515
urn:mavedb:00000057-b-1#2022,,,p.Glu125Leu,-0.016068348301285
urn:mavedb:00000057-b-1#2023,,,p.Val124Leu,-0.0315202862443949
urn:mavedb:00000057-b-1#2024,,,p.Thr123Leu,-0.1669802264569384
urn:mavedb:00000057-b-1#2025,,,p.Arg122Leu,-0.0453531960180283
urn:mavedb:00000057-b-1#2026,,,p.Ala121Leu,-0.1878303099782511
urn:mavedb:00000057-b-1#2027,,,p.Ala120Leu,-0.0104106046807811
urn:mavedb:00000057-b-1#2028,,,p.Leu119=,0.0
urn:mavedb:00000057-b-1#2029,,,p.Asp118Leu,-0.1206038519696298
urn:mavedb:00000057-b-1#2030,,,p.Cys117Leu,-0.1761592993768755
urn:mavedb:00000057-b-1#2031,,,p.Lys116Leu,0.5571915754766252
urn:mavedb:00000057-b-1#2032,,,p.Asn115Leu,0.7216766284557339
urn:mavedb:00000057-b-1#2033,,,p.Gly114Leu,-0.0415810341908616
urn:mavedb:00000057-b-1#2034,,,p.Val113Leu,-0.0077195351244631
urn:mavedb:00000057-b-1#2035,,,p.Leu112=,0.0
urn:mavedb:00000057-b-1#2036,,,p.Val111Leu,0.0886178321337663
urn:mavedb:00000057-b-1#2037,,,p.Met110Leu,-0.2345764328000536
urn:mavedb:00000057-b-1#2038,,,p.Pro109Leu,-0.3310902057320681
urn:mavedb:00000057-b-1#2039,,,p.Val108Leu,-0.1740153843322058
urn:mavedb:00000057-b-1#2040,,,p.Asp107Leu,-0.2685848283926761
urn:mavedb:00000057-b-1#2041,,,p.Asp106Leu,-0.2120873560197593
urn:mavedb:00000057-b-1#2042,,,p.Ser105Leu,-0.1791303711998051
urn:mavedb:00000057-b-1#2043,,,p.Asp104Leu,-0.1763762837548038
urn:mavedb:00000057-b-1#2044,,,p.Lys103Leu,-0.105193432844145
urn:mavedb:00000057-b-1#2045,,,p.Val102Leu,-0.171280403289523
urn:mavedb:00000057-b-1#2046,,,p.Arg101Leu,-0.1376790234472599
urn:mavedb:00000057-b-1#2047,,,p.Lys100Leu,-0.2164738565811489
urn:mavedb:00000057-b-1#2048,,,p.Ile99Leu,-0.1427753960099628
urn:mavedb:00000057-b-1#2049,,,p.Gln98Leu,-0.0455923114343933
urn:mavedb:00000057-b-1#2050,,,p.Glu97Leu,-0.2353131486405089
urn:mavedb:00000057-b-1#2051,,,p.Arg96Leu,-0.1028436096831168
urn:mavedb:00000057-b-1#2052,,,p.Tyr95Leu,-0.243319094711158
urn:mavedb:00000057-b-1#2053,,,p.Gln94Leu,-0.1292615148213616
urn:mavedb:00000057-b-1#2054,,,p.His93Leu,-0.125976222290879
urn:mavedb:00000057-b-1#2055,,,p.Ile92Leu,-0.1552329660784649
urn:mavedb:00000057-b-1#2056,,,p.Asp91Leu,0.0326945804469361
urn:mavedb:00000057-b-1#2057,,,p.Glu90Leu,-0.2072583525773528
urn:mavedb:00000057-b-1#2058,,,p.Phe89Leu,-0.2428836552012453
urn:mavedb:00000057-b-1#2059,,,p.Ser88Leu,-0.2275271784202498
urn:mavedb:00000057-b-1#2060,,,p.Lys87Leu,-0.200352486169548
urn:mavedb:00000057-b-1#2061,,,p.Thr86Leu,-0.098086881230531
urn:mavedb:00000057-b-1#2062,,,p.Asn85Leu,-0.283725870520961
urn:mavedb:00000057-b-1#2063,,,p.Asn84Leu,-0.2010662276090481
urn:mavedb:00000057-b-1#2064,,,p.Ile83Leu,-0.1682148773549459
urn:mavedb:00000057-b-1#2065,,,p.Ala82Leu,-0.2862352774447893
urn:mavedb:00000057-b-1#2066,,,p.Phe81Leu,-0.2435264130934342
urn:mavedb:00000057-b-1#2067,,,p.Val80Leu,-0.2328309833734695
urn:mavedb:00000057-b-1#2068,,,p.Cys79Leu,-0.1896739144752798
urn:mavedb:00000057-b-1#2069,,,p.Leu78=,0.0
urn:mavedb:00000057-b-1#2070,,,p.Phe77Leu,-0.2739226627852273
urn:mavedb:00000057-b-1#2071,,,p.Gly76Leu,-0.0431967497792835
urn:mavedb:00000057-b-1#2072,,,p.Glu75Leu,-0.1937912136430177
urn:mavedb:00000057-b-1#2073,,,p.Gly74Leu,-0.0772340588683023
urn:mavedb:00000057-b-1#2074,,,p.Thr73Leu,-0.1893021585307596
urn:mavedb:00000057-b-1#2075,,,p.Arg72Leu,-0.2129861354074024
urn:mavedb:00000057-b-1#2076,,,p.Met71Leu,-0.171580635370789
urn:mavedb:00000057-b-1#2077,,,p.Tyr70Leu,0.1851490812163424
urn:mavedb:00000057-b-1#2078,,,p.Gln69Leu,-0.1753169168394033
urn:mavedb:00000057-b-1#2079,,,p.Asp68Leu,-0.1811868249571242
urn:mavedb:00000057-b-1#2080,,,p.Arg67Leu,-0.05509026147119
urn:mavedb:00000057-b-1#2081,,,p.Met66Leu,-0.1789903910949753
urn:mavedb:00000057-b-1#2082,,,p.Ala65Leu,-0.1905835985963965
urn:mavedb:00000057-b-1#2083,,,p.Ser64Leu,-0.1836995053734695
urn:mavedb:00000057-b-1#2084,,,p.Tyr63Leu,-0.1360880331047138
urn:mavedb:00000057-b-1#2085,,,p.Glu62Leu,-0.139684953797894
urn:mavedb:00000057-b-1#2086,,,p.Glu61Leu,0.1881426694435823
urn:mavedb:00000057-b-1#2087,,,p.Gln60Leu,0.4283093129815565
urn:mavedb:00000057-b-1#2088,,,p.Gly59Leu,-0.1367520515529449
urn:mavedb:00000057-b-1#2089,,,p.Ala58Leu,-0.152509247332319
urn:mavedb:00000057-b-1#2090,,,p.Thr57Leu,0.1657582488765329
urn:mavedb:00000057-b-1#2091,,,p.Asp56Leu,-0.2415540908532513
urn:mavedb:00000057-b-1#2092,,,p.Leu55=,0.0
urn:mavedb:00000057-b-1#2093,,,p.Ile54Leu,-0.207124272526224
urn:mavedb:00000057-b-1#2094,,,p.Asp53Leu,-0.1811326515938404
urn:mavedb:00000057-b-1#2095,,,p.Leu52=,0.0
urn:mavedb:00000057-b-1#2096,,,p.Leu51=,0.0
urn:mavedb:00000057-b-1#2097,,,p.Cys50Leu,-0.2162150806519708
urn:mavedb:00000057-b-1#2098,,,p.Thr49Leu,-0.2739197236544094
urn:mavedb:00000057-b-1#2099,,,p.Glu48Leu,-0.2770905538511178
urn:mavedb:00000057-b-1#2100,,,p.Gly47Leu,-0.2415903090842571
urn:mavedb:00000057-b-1#2101,,,p.Asp46Leu,-0.013188165508745
urn:mavedb:00000057-b-1#2102,,,p.Ile45Leu,-0.2420559023548676
urn:mavedb:00000057-b-1#2103,,,p.Val44Leu,-0.2223735206020868
urn:mavedb:00000057-b-1#2104,,,p.Val43Leu,-0.1405538080943275
urn:mavedb:00000057-b-1#2105,,,p.Gln42Leu,-0.2894612860868461
urn:mavedb:00000057-b-1#2106,,,p.Lys41Leu,-0.0910667775288664
urn:mavedb:00000057-b-1#2107,,,p.Arg40Leu,-0.3610651887571907
urn:mavedb:00000057-b-1#2108,,,p.Tyr39Leu,-0.3085737095076587
urn:mavedb:00000057-b-1#2109,,,p.Ser38Leu,-0.048165072685095
urn:mavedb:00000057-b-1#2110,,,p.Asp37Leu,-0.3450863213409429
urn:mavedb:00000057-b-1#2111,,,p.Glu36Leu,-0.2708581408940884
urn:mavedb:00000057-b-1#2112,,,p.Ile35Leu,-0.0959785808486374
urn:mavedb:00000057-b-1#2113,,,p.Thr34Leu,-0.3685555850045748
urn:mavedb:00000057-b-1#2114,,,p.Pro33Leu,-0.3008354771996908
urn:mavedb:00000057-b-1#2115,,,p.Asp32Leu,-0.0748071432660608
urn:mavedb:00000057-b-1#2116,,,p.Tyr31Leu,0.0861004658253629
urn:mavedb:00000057-b-1#2117,,,p.Glu30Leu,-0.1886377771256981
urn:mavedb:00000057-b-1#2118,,,p.Asp29Leu,-0.1638895055391944
urn:mavedb:00000057-b-1#2119,,,p.Val28Leu,-0.2132941289091312
urn:mavedb:00000057-b-1#2120,,,p.Phe27Leu,-0.1120447745637095
urn:mavedb:00000057-b-1#2121,,,p.His26Leu,-0.1095652950388721
urn:mavedb:00000057-b-1#2122,,,p.Asn25Leu,-0.2189765345920592
urn:mavedb:00000057-b-1#2123,,,p.Gln24Leu,-0.3186680589920165
urn:mavedb:00000057-b-1#2124,,,p.Ile23Leu,0.0192612218256656
urn:mavedb:00000057-b-1#2125,,,p.Leu22=,0.0
urn:mavedb:00000057-b-1#2126,,,p.Gln21Leu,-0.0299992049929645
urn:mavedb:00000057-b-1#2127,,,p.Ile20Leu,-0.3281113729494021
urn:mavedb:00000057-b-1#2128,,,p.Thr19Leu,-0.1515252298990323
urn:mavedb:00000057-b-1#2129,,,p.Leu18=,0.0
urn:mavedb:00000057-b-1#2130,,,p.Ala17Leu,-0.3177535747658381
urn:mavedb:00000057-b-1#2131,,,p.Ser16Leu,-0.4454840638787717
urn:mavedb:00000057-b-1#2132,,,p.Lys15Leu,-0.4426692784755471
urn:mavedb:00000057-b-1#2133,,,p.Gly14Leu,-0.4131581240212177
urn:mavedb:00000057-b-1#2134,,,p.Val13Leu,0.0071172376793807
urn:mavedb:00000057-b-1#2135,,,p.Gly12Leu,0.2350521033238568
urn:mavedb:00000057-b-1#2136,,,p.Gly11Leu,0.5215303039521471
urn:mavedb:00000057-b-1#2137,,,p.Ala10Leu,-0.0256773844124553
urn:mavedb:00000057-b-1#2138,,,p.Gly9Leu,-0.3009235400384516
urn:mavedb:00000057-b-1#2139,,,p.Val8Leu,-0.3104949038600021
urn:mavedb:00000057-b-1#2140,,,p.Val7Leu,-0.0964385826357891
urn:mavedb:00000057-b-1#2141,,,p.Val6Leu,-0.1407475994179141
urn:mavedb:00000057-b-1#2142,,,p.Leu5=,0.0
urn:mavedb:00000057-b-1#2143,,,p.Lys4Leu,-0.1617110341854248
urn:mavedb:00000057-b-1#2144,,,p.Tyr3Leu,-0.1657279821928596
urn:mavedb:00000057-b-1#2145,,,p.Glu2Leu,-0.2239927812217043
urn:mavedb:00000057-b-1#2146,,,p.Thr1Leu,-0.1119976250448027
urn:mavedb:00000057-b-1#2147,,,p.His165Lys,-0.1259108823782784
urn:mavedb:00000057-b-1#2148,,,p.Gln164Lys,-0.1854379035220562
urn:mavedb:00000057-b-1#2149,,,p.Arg163Lys,0.1098861616060932
urn:mavedb:00000057-b-1#2150,,,p.Ile162Lys,-0.3076259906960601
urn:mavedb:00000057-b-1#2151,,,p.Glu161Lys,-0.0224645231642502
urn:mavedb:00000057-b-1#2152,,,p.Arg160Lys,-0.1095799380004422
urn:mavedb:00000057-b-1#2153,,,p.Val159Lys,0.2283558926206781
urn:mavedb:00000057-b-1#2154,,,p.Leu158Lys,-0.1990682462524246
urn:mavedb:00000057-b-1#2155,,,p.Thr157Lys,-0.1383568950584217
urn:mavedb:00000057-b-1#2156,,,p.Tyr156Lys,0.2051576047050371
urn:mavedb:00000057-b-1#2157,,,p.Phe155Lys,-0.1926046828317404
urn:mavedb:00000057-b-1#2158,,,p.Ala154Lys,-0.273396957618081
urn:mavedb:00000057-b-1#2159,,,p.Asp153Lys,-0.0885464110997893
urn:mavedb:00000057-b-1#2160,,,p.Glu152Lys,-0.0887555560356053
urn:mavedb:00000057-b-1#2161,,,p.Val151Lys,0.1921697025482261
urn:mavedb:00000057-b-1#2162,,,p.Gly150Lys,-0.0539953379168596
urn:mavedb:00000057-b-1#2163,,,p.Gln149Lys,0.0530518856104361
urn:mavedb:00000057-b-1#2164,,,p.Arg148Lys,-0.0835812246689172
urn:mavedb:00000057-b-1#2165,,,p.Thr147Lys,-0.107615850017921
urn:mavedb:00000057-b-1#2166,,,p.Lys146=,0.0
urn:mavedb:00000057-b-1#2167,,,p.Ala145Lys,-0.3623565067840905
urn:mavedb:00000057-b-1#2168,,,p.Ser144Lys,0.3047126302471443
urn:mavedb:00000057-b-1#2169,,,p.Thr143Lys,-0.1227442126893744
urn:mavedb:00000057-b-1#2170,,,p.Glu142Lys,-0.1577516473172419
urn:mavedb:00000057-b-1#2171,,,p.Ile141Lys,-0.0593696869295056
urn:mavedb:00000057-b-1#2172,,,p.Tyr140Lys,-0.2347429889240378
urn:mavedb:00000057-b-1#2173,,,p.Pro139Lys,-0.097735089165933
urn:mavedb:00000057-b-1#2174,,,p.Ile138Lys,-0.5042366018529719
urn:mavedb:00000057-b-1#2175,,,p.Gly137Lys,-0.1578536356789874
urn:mavedb:00000057-b-1#2176,,,p.Tyr136Lys,0.0352016652340017
urn:mavedb:00000057-b-1#2177,,,p.Ser135Lys,0.0970527839214457
urn:mavedb:00000057-b-1#2178,,,p.Arg134Lys,-0.18429481501645
urn:mavedb:00000057-b-1#2179,,,p.Ala133Lys,-0.2581156488472999
urn:mavedb:00000057-b-1#2180,,,p.Leu132Lys,-0.1965317262151093
urn:mavedb:00000057-b-1#2181,,,p.Asp131Lys,0.0918749007254343
urn:mavedb:00000057-b-1#2182,,,p.Gln130Lys,-0.0229122208199844
urn:mavedb:00000057-b-1#2183,,,p.Ala129Lys,0.3658533046126878
urn:mavedb:00000057-b-1#2184,,,p.Gln128Lys,-0.1302253044646986
urn:mavedb:00000057-b-1#2185,,,p.Arg127Lys,0.017081709734948
urn:mavedb:00000057-b-1#2186,,,p.Ser126Lys,-0.1561212482769488
urn:mavedb:00000057-b-1#2187,,,p.Glu125Lys,-0.0759410528421378
urn:mavedb:00000057-b-1#2188,,,p.Val124Lys,-0.072244122219065
urn:mavedb:00000057-b-1#2189,,,p.Thr123Lys,-0.1830871204758412
urn:mavedb:00000057-b-1#2190,,,p.Arg122Lys,0.0908531967045823
urn:mavedb:00000057-b-1#2191,,,p.Ala121Lys,0.0332585445962278
urn:mavedb:00000057-b-1#2192,,,p.Ala120Lys,-0.0925240260487988
urn:mavedb:00000057-b-1#2193,,,p.Leu119Lys,-0.0050954258962588
urn:mavedb:00000057-b-1#2194,,,p.Asp118Lys,-0.0005362703698493
urn:mavedb:00000057-b-1#2195,,,p.Cys117Lys,-0.0467068170178489
urn:mavedb:00000057-b-1#2196,,,p.Lys116=,0.0
urn:mavedb:00000057-b-1#2197,,,p.Asn115Lys,0.1378780027324972
urn:mavedb:00000057-b-1#2198,,,p.Gly114Lys,-0.2930137689778972
urn:mavedb:00000057-b-1#2199,,,p.Val113Lys,-0.149399457424402
urn:mavedb:00000057-b-1#2200,,,p.Leu112Lys,-0.024640502648311
urn:mavedb:00000057-b-1#2201,,,p.Val111Lys,-0.215972740326048
urn:mavedb:00000057-b-1#2202,,,p.Met110Lys,-0.3827760534283128
urn:mavedb:00000057-b-1#2203,,,p.Pro109Lys,-0.2279915685863205
urn:mavedb:00000057-b-1#2204,,,p.Val108Lys,-0.2041756040173421
urn:mavedb:00000057-b-1#2205,,,p.Asp107Lys,-0.2222073490092926
urn:mavedb:00000057-b-1#2206,,,p.Asp106Lys,-0.0144579747148327
urn:mavedb:00000057-b-1#2207,,,p.Ser105Lys,-0.3533381202457191
urn:mavedb:00000057-b-1#2208,,,p.Asp104Lys,-0.202565540462025
urn:mavedb:00000057-b-1#2209,,,p.Lys103=,0.0
urn:mavedb:00000057-b-1#2210,,,p.Val102Lys,-0.3161177949809166
urn:mavedb:00000057-b-1#2211,,,p.Arg101Lys,-0.2948944600315619
urn:mavedb:00000057-b-1#2212,,,p.Lys100=,0.0
urn:mavedb:00000057-b-1#2213,,,p.Ile99Lys,-0.2615977735436229
urn:mavedb:00000057-b-1#2214,,,p.Gln98Lys,-0.0646753477538178
urn:mavedb:00000057-b-1#2215,,,p.Glu97Lys,-0.0600107307834261
urn:mavedb:00000057-b-1#2216,,,p.Arg96Lys,-0.1684138513202089
urn:mavedb:00000057-b-1#2217,,,p.Tyr95Lys,-0.1565023450420719
urn:mavedb:00000057-b-1#2218,,,p.Phe77Lys,-0.2942887332759398
urn:mavedb:00000057-b-1#2219,,,p.Gly76Lys,-0.2521722998543072
urn:mavedb:00000057-b-1#2220,,,p.Glu75Lys,-0.1745829162519119
urn:mavedb:00000057-b-1#2221,,,p.Gly74Lys,-0.239920709503718
urn:mavedb:00000057-b-1#2222,,,p.Thr73Lys,-0.2163832239839866
urn:mavedb:00000057-b-1#2223,,,p.Arg72Lys,-0.3387241214482899
urn:mavedb:00000057-b-1#2224,,,p.Met71Lys,0.0277118660709391
urn:mavedb:00000057-b-1#2225,,,p.Tyr70Lys,-0.160123699586807
urn:mavedb:00000057-b-1#2226,,,p.Gln69Lys,-0.23329153340332
urn:mavedb:00000057-b-1#2227,,,p.Asp68Lys,-0.1636581886462572
urn:mavedb:00000057-b-1#2228,,,p.Arg67Lys,-0.1100018301258051
urn:mavedb:00000057-b-1#2229,,,p.Met66Lys,0.2377876734592253
urn:mavedb:00000057-b-1#2230,,,p.Ala65Lys,-0.2016186287324926
urn:mavedb:00000057-b-1#2231,,,p.Ser64Lys,-0.0990506543870871
urn:mavedb:00000057-b-1#2232,,,p.Tyr63Lys,0.1256883452443895
urn:mavedb:00000057-b-1#2233,,,p.Glu62Lys,0.4295509979652509
urn:mavedb:00000057-b-1#2234,,,p.Glu61Lys,0.0218654197154019
urn:mavedb:00000057-b-1#2235,,,p.Gln60Lys,0.6040965264013181
urn:mavedb:00000057-b-1#2236,,,p.Gly59Lys,0.0025518403191054
urn:mavedb:00000057-b-1#2237,,,p.Ala58Lys,0.0947577308442497
urn:mavedb:00000057-b-1#2238,,,p.Thr57Lys,-0.153690381128888
urn:mavedb:00000057-b-1#2239,,,p.Asp56Lys,-0.1971369217772868
urn:mavedb:00000057-b-1#2240,,,p.Leu55Lys,-0.3552213335858186
urn:mavedb:00000057-b-1#2241,,,p.Ile54Lys,-0.5534508151490003
urn:mavedb:00000057-b-1#2242,,,p.Asp53Lys,-0.2716747662936193
urn:mavedb:00000057-b-1#2243,,,p.Leu52Lys,-0.2731503176306359
urn:mavedb:00000057-b-1#2244,,,p.Leu51Lys,-0.163482207657955
urn:mavedb:00000057-b-1#2245,,,p.Cys50Lys,-0.2248533820821381
urn:mavedb:00000057-b-1#2246,,,p.Thr49Lys,-0.1924880211837916
urn:mavedb:00000057-b-1#2247,,,p.Glu48Lys,-0.5165613430361908
urn:mavedb:00000057-b-1#2248,,,p.Gly47Lys,-0.1922528942486031
urn:mavedb:00000057-b-1#2249,,,p.Asp46Lys,0.0648396978067568
urn:mavedb:00000057-b-1#2250,,,p.Ile45Lys,-0.1583339768882987
urn:mavedb:00000057-b-1#2251,,,p.Val44Lys,-0.2481767924583331
urn:mavedb:00000057-b-1#2252,,,p.Val43Lys,-0.2010608344890786
urn:mavedb:00000057-b-1#2253,,,p.Gln42Lys,-0.2302940020380589
urn:mavedb:00000057-b-1#2254,,,p.Lys41=,0.0
urn:mavedb:00000057-b-1#2255,,,p.Arg40Lys,-0.2184655364639818
urn:mavedb:00000057-b-1#2256,,,p.Tyr39Lys,-0.1828288570109731
urn:mavedb:00000057-b-1#2257,,,p.Ser38Lys,-0.2591445925618503
urn:mavedb:00000057-b-1#2258,,,p.Asp37Lys,-0.2712107240512573
urn:mavedb:00000057-b-1#2259,,,p.Glu36Lys,-0.2812869778958046
urn:mavedb:00000057-b-1#2260,,,p.Ile35Lys,-0.3016929683908622
urn:mavedb:00000057-b-1#2261,,,p.Thr34Lys,-0.313785763311641
urn:mavedb:00000057-b-1#2262,,,p.Pro33Lys,-0.0391293548851801
urn:mavedb:00000057-b-1#2263,,,p.Asp32Lys,-0.2895591217157752
urn:mavedb:00000057-b-1#2264,,,p.Tyr31Lys,-0.4120103149351166
urn:mavedb:00000057-b-1#2265,,,p.Glu30Lys,-0.0375132266528054
urn:mavedb:00000057-b-1#2266,,,p.Asp29Lys,-0.2813983370772715
urn:mavedb:00000057-b-1#2267,,,p.Val28Lys,-0.2716403058698327
urn:mavedb:00000057-b-1#2268,,,p.Phe27Lys,-0.189992680749653
urn:mavedb:00000057-b-1#2269,,,p.His26Lys,-0.3602164819163044
urn:mavedb:00000057-b-1#2270,,,p.Asn25Lys,-0.1579619891761171
urn:mavedb:00000057-b-1#2271,,,p.Gln24Lys,-0.3711121381617092
urn:mavedb:00000057-b-1#2272,,,p.Ile23Lys,0.2157594025960468
urn:mavedb:00000057-b-1#2273,,,p.Leu22Lys,0.2166212813119482
urn:mavedb:00000057-b-1#2274,,,p.Gln21Lys,0.0502798030711289
urn:mavedb:00000057-b-1#2275,,,p.Ile20Lys,-0.3385245853942828
urn:mavedb:00000057-b-1#2276,,,p.Thr19Lys,-0.2577634064127539
urn:mavedb:00000057-b-1#2277,,,p.Leu18Lys,-0.0903427678581341
urn:mavedb:00000057-b-1#2278,,,p.Ala17Lys,-0.0072210881850764
urn:mavedb:00000057-b-1#2279,,,p.Ser16Lys,-0.2681016471802151
urn:mavedb:00000057-b-1#2280,,,p.Lys15=,0.0
urn:mavedb:00000057-b-1#2281,,,p.Gly14Lys,-0.3762077876574872
urn:mavedb:00000057-b-1#2282,,,p.Val13Lys,-0.0951840006478301
urn:mavedb:00000057-b-1#2283,,,p.Gly12Lys,0.3617779940875116
urn:mavedb:00000057-b-1#2284,,,p.Gly11Lys,0.6040489718245678
urn:mavedb:00000057-b-1#2285,,,p.Ala10Lys,0.1988726180767955
urn:mavedb:00000057-b-1#2286,,,p.Gly9Lys,-0.2572029224322608
urn:mavedb:00000057-b-1#2287,,,p.Val8Lys,-0.115480111031416
urn:mavedb:00000057-b-1#2288,,,p.Val7Lys,-0.2286767875636974
urn:mavedb:00000057-b-1#2289,,,p.Val6Lys,-0.2358370651930796
urn:mavedb:00000057-b-1#2290,,,p.Leu5Lys,-0.4857396143271061
urn:mavedb:00000057-b-1#2291,,,p.Lys4=,0.0
urn:mavedb:00000057-b-1#2292,,,p.Tyr3Lys,0.0192051538735578
urn:mavedb:00000057-b-1#2293,,,p.Glu2Lys,-0.3035452116122385
urn:mavedb:00000057-b-1#2294,,,p.Thr1Lys,-0.1585695516145756
urn:mavedb:00000057-b-1#2295,,,p.His165Ile,-0.0732320947150647
urn:mavedb:00000057-b-1#2296,,,p.Gln164Ile,-0.1764409527015598
urn:mavedb:00000057-b-1#2297,,,p.Arg163Ile,0.1343607891823836
urn:mavedb:00000057-b-1#2298,,,p.Ile162=,0.0
urn:mavedb:00000057-b-1#2299,,,p.Glu161Ile,-0.1621953371410021
urn:mavedb:00000057-b-1#2300,,,p.Arg160Ile,-0.1681139446829548
urn:mavedb:00000057-b-1#2301,,,p.Val159Ile,0.0840377566921563
urn:mavedb:00000057-b-1#2302,,,p.Leu158Ile,-0.0400971603890253
urn:mavedb:00000057-b-1#2303,,,p.Thr157Ile,-0.0543315624507483
urn:mavedb:00000057-b-1#2304,,,p.Tyr156Ile,0.063655212413665
urn:mavedb:00000057-b-1#2305,,,p.Phe155Ile,0.3866968659063719
urn:mavedb:00000057-b-1#2306,,,p.Ala154Ile,0.3743132199000572
urn:mavedb:00000057-b-1#2307,,,p.Asp153Ile,-0.0060300592794343
urn:mavedb:00000057-b-1#2308,,,p.Glu152Ile,-0.2194761703787848
urn:mavedb:00000057-b-1#2309,,,p.Val151Ile,0.1315500546699438
urn:mavedb:00000057-b-1#2310,,,p.Gly150Ile,0.1369511363990149
urn:mavedb:00000057-b-1#2311,,,p.Gln149Ile,-0.1869705288749744
urn:mavedb:00000057-b-1#2312,,,p.Arg148Ile,0.1970768805722553
urn:mavedb:00000057-b-1#2313,,,p.Thr147Ile,-0.0244994410132246
urn:mavedb:00000057-b-1#2314,,,p.Lys146Ile,0.0748653841624238
urn:mavedb:00000057-b-1#2315,,,p.Ala145Ile,-0.0675512904651569
urn:mavedb:00000057-b-1#2316,,,p.Ser144Ile,0.1904825275979565
urn:mavedb:00000057-b-1#2317,,,p.Thr143Ile,0.5297890218724289
urn:mavedb:00000057-b-1#2318,,,p.Glu142Ile,-0.1220607507341909
urn:mavedb:00000057-b-1#2319,,,p.Ile141=,0.0
urn:mavedb:00000057-b-1#2320,,,p.Tyr140Ile,-0.1539755768331713
urn:mavedb:00000057-b-1#2321,,,p.Pro139Ile,-0.1379326967946718
urn:mavedb:00000057-b-1#2322,,,p.Ile138=,0.0
urn:mavedb:00000057-b-1#2323,,,p.Gly137Ile,0.0188624302525872
urn:mavedb:00000057-b-1#2324,,,p.Tyr136Ile,-0.0353688316031444
urn:mavedb:00000057-b-1#2325,,,p.Ser135Ile,0.0135231942029605
urn:mavedb:00000057-b-1#2326,,,p.Arg134Ile,-0.2187452604695744
urn:mavedb:00000057-b-1#2327,,,p.Ala133Ile,-0.078675013928916
urn:mavedb:00000057-b-1#2328,,,p.Leu132Ile,-0.2525595899272775
urn:mavedb:00000057-b-1#2329,,,p.Asp131Ile,-0.0892790571497087
urn:mavedb:00000057-b-1#2330,,,p.Gln130Ile,-0.231854332217812
urn:mavedb:00000057-b-1#2331,,,p.Ala129Ile,-0.0514228562146082
urn:mavedb:00000057-b-1#2332,,,p.Gln128Ile,0.0693367307574546
urn:mavedb:00000057-b-1#2333,,,p.Arg127Ile,0.1169425586848532
urn:mavedb:00000057-b-1#2334,,,p.Ser126Ile,-0.1357605736716037
urn:mavedb:00000057-b-1#2335,,,p.Glu125Ile,-0.0770596997294422
urn:mavedb:00000057-b-1#2336,,,p.Val124Ile,0.1375894002891677
urn:mavedb:00000057-b-1#2337,,,p.Thr123Ile,-0.0944679946123177
urn:mavedb:00000057-b-1#2338,,,p.Arg122Ile,-0.1352877751296625
urn:mavedb:00000057-b-1#2339,,,p.Ala121Ile,-0.0009558302664019
urn:mavedb:00000057-b-1#2340,,,p.Ala120Ile,0.0333214558939379
urn:mavedb:00000057-b-1#2341,,,p.Leu119Ile,0.0294567692148732
urn:mavedb:00000057-b-1#2342,,,p.Asp118Ile,-0.3806654540938218
urn:mavedb:00000057-b-1#2343,,,p.Cys117Ile,-0.113692517534392
urn:mavedb:00000057-b-1#2344,,,p.Lys116Ile,0.2931307870647326
urn:mavedb:00000057-b-1#2345,,,p.Asn115Ile,-0.0951819869238855
urn:mavedb:00000057-b-1#2346,,,p.Gly114Ile,0.0148158199433688
urn:mavedb:00000057-b-1#2347,,,p.Val113Ile,-0.1533232302760815
urn:mavedb:00000057-b-1#2348,,,p.Leu112Ile,0.0472006791507956
urn:mavedb:00000057-b-1#2349,,,p.Val111Ile,0.0041703572697303
urn:mavedb:00000057-b-1#2350,,,p.Met110Ile,-0.2258724094970156
urn:mavedb:00000057-b-1#2351,,,p.Pro109Ile,-0.4575189454726124
urn:mavedb:00000057-b-1#2352,,,p.Val108Ile,-0.2463802401778781
urn:mavedb:00000057-b-1#2353,,,p.Asp107Ile,-0.1779976632837746
urn:mavedb:00000057-b-1#2354,,,p.Asp106Ile,-0.2366045618734695
urn:mavedb:00000057-b-1#2355,,,p.Ser105Ile,-0.1487726282499459
urn:mavedb:00000057-b-1#2356,,,p.Asp104Ile,-0.2716394789977273
urn:mavedb:00000057-b-1#2357,,,p.Lys103Ile,-0.2011512071525731
urn:mavedb:00000057-b-1#2358,,,p.Val102Ile,-0.2413267605931835
urn:mavedb:00000057-b-1#2359,,,p.Arg101Ile,-0.2024852697161793
urn:mavedb:00000057-b-1#2360,,,p.Lys100Ile,-0.3152180661346757
urn:mavedb:00000057-b-1#2361,,,p.Ile99=,0.0
urn:mavedb:00000057-b-1#2362,,,p.Gln98Ile,-0.2057157409408869
urn:mavedb:00000057-b-1#2363,,,p.Glu97Ile,-0.2494967306594904
urn:mavedb:00000057-b-1#2364,,,p.Arg96Ile,0.0409438568452873
urn:mavedb:00000057-b-1#2365,,,p.Tyr95Ile,-0.084569755578409
urn:mavedb:00000057-b-1#2366,,,p.Gln94Ile,-0.2675036241595545
urn:mavedb:00000057-b-1#2367,,,p.His93Ile,-0.3749222677672773
urn:mavedb:00000057-b-1#2368,,,p.Ile92=,0.0
urn:mavedb:00000057-b-1#2369,,,p.Asp91Ile,-0.1280572401701165
urn:mavedb:00000057-b-1#2370,,,p.Glu90Ile,-0.11368293385043
urn:mavedb:00000057-b-1#2371,,,p.Phe89Ile,-0.1582699316877696
urn:mavedb:00000057-b-1#2372,,,p.Ser88Ile,-0.2799198104079332
urn:mavedb:00000057-b-1#2373,,,p.Lys87Ile,-0.2405429987548305
urn:mavedb:00000057-b-1#2374,,,p.Thr86Ile,-0.2376584192968288
urn:mavedb:00000057-b-1#2375,,,p.Asn85Ile,-0.1775212782890685
urn:mavedb:00000057-b-1#2376,,,p.Asn84Ile,-0.0100475588362441
urn:mavedb:00000057-b-1#2377,,,p.Ile83=,0.0
urn:mavedb:00000057-b-1#2378,,,p.Ala82Ile,-0.344979541631257
urn:mavedb:00000057-b-1#2379,,,p.Phe81Ile,-0.2725701054301094
urn:mavedb:00000057-b-1#2380,,,p.Val80Ile,-0.2254036186881825
urn:mavedb:00000057-b-1#2381,,,p.Cys79Ile,-0.1957845395581138
urn:mavedb:00000057-b-1#2382,,,p.Leu78Ile,-0.0512605399744154
urn:mavedb:00000057-b-1#2383,,,p.Phe77Ile,-0.3245507143597709
urn:mavedb:00000057-b-1#2384,,,p.Gly76Ile,0.0143356870156527
urn:mavedb:00000057-b-1#2385,,,p.Glu75Ile,-0.1986461264178334
urn:mavedb:00000057-b-1#2386,,,p.Gly74Ile,0.1047958456553165
urn:mavedb:00000057-b-1#2387,,,p.Thr73Ile,-0.2917095061381808
urn:mavedb:00000057-b-1#2388,,,p.Arg72Ile,-0.3182494417531927
urn:mavedb:00000057-b-1#2389,,,p.Met71Ile,-0.1193518548257162
urn:mavedb:00000057-b-1#2390,,,p.Tyr70Ile,0.0726418002369258
urn:mavedb:00000057-b-1#2391,,,p.Gln69Ile,-0.2102325758203825
urn:mavedb:00000057-b-1#2392,,,p.Asp68Ile,-0.2031167567707905
urn:mavedb:00000057-b-1#2393,,,p.Arg67Ile,0.1122453958986488
urn:mavedb:00000057-b-1#2394,,,p.Met66Ile,-0.249932982202214
urn:mavedb:00000057-b-1#2395,,,p.Ala65Ile,-0.0556432351144523
urn:mavedb:00000057-b-1#2396,,,p.Ser64Ile,-0.2725830360928909
urn:mavedb:00000057-b-1#2397,,,p.Tyr63Ile,-0.1027377552540399
urn:mavedb:00000057-b-1#2398,,,p.Glu62Ile,-0.2692114175755991
urn:mavedb:00000057-b-1#2399,,,p.Glu61Ile,0.1207757669021214
urn:mavedb:00000057-b-1#2400,,,p.Gln60Ile,0.4023268065103936
urn:mavedb:00000057-b-1#2401,,,p.Gly59Ile,-0.1161738863184972
urn:mavedb:00000057-b-1#2402,,,p.Ala58Ile,-0.2315402618809145
urn:mavedb:00000057-b-1#2403,,,p.Thr57Ile,0.0152324886955427
urn:mavedb:00000057-b-1#2404,,,p.Asp56Ile,-0.336813410325787
urn:mavedb:00000057-b-1#2405,,,p.Leu55Ile,-0.0686108897817021
urn:mavedb:00000057-b-1#2406,,,p.Ile54=,0.0
urn:mavedb:00000057-b-1#2407,,,p.Asp53Ile,-0.1204182344152771
urn:mavedb:00000057-b-1#2408,,,p.Ala10Glu,-0.21535850164781
urn:mavedb:00000057-b-1#2409,,,p.Gly9Glu,0.0053563670105479
urn:mavedb:00000057-b-1#2410,,,p.Val8Glu,-0.3465946610464969
urn:mavedb:00000057-b-1#2411,,,p.Val7Glu,-0.2282610061925788
urn:mavedb:00000057-b-1#2412,,,p.Val6Glu,-0.2241956010654439
urn:mavedb:00000057-b-1#2413,,,p.Leu5Glu,-0.3966497428687325
urn:mavedb:00000057-b-1#2414,,,p.Lys4Glu,-0.2905176046444691
urn:mavedb:00000057-b-1#2415,,,p.Tyr3Glu,-0.313582792221632
urn:mavedb:00000057-b-1#2416,,,p.Glu2=,0.0
urn:mavedb:00000057-b-1#2417,,,p.Thr1Glu,-0.2798685665865347
urn:mavedb:00000057-b-1#2418,,,p.His165Asp,0.084952824416383
urn:mavedb:00000057-b-1#2419,,,p.Gln164Asp,-0.1878448463752403
urn:mavedb:00000057-b-1#2420,,,p.Arg163Asp,-0.1266927610244808
urn:mavedb:00000057-b-1#2421,,,p.Ile162Asp,-0.1022781335218652
urn:mavedb:00000057-b-1#2422,,,p.Glu161Asp,-0.1613739633199493
urn:mavedb:00000057-b-1#2423,,,p.Arg160Asp,-0.0427396632648141
urn:mavedb:00000057-b-1#2424,,,p.Val159Asp,-0.2141448696068558
urn:mavedb:00000057-b-1#2425,,,p.Leu158Asp,-0.2173415574585845
urn:mavedb:00000057-b-1#2426,,,p.Thr157Asp,-0.1245831321410414
urn:mavedb:00000057-b-1#2427,,,p.Tyr156Asp,0.0575821373542485
urn:mavedb:00000057-b-1#2428,,,p.Phe155Asp,-0.1082530321108418
urn:mavedb:00000057-b-1#2429,,,p.Ala154Asp,-0.2938458115938293
urn:mavedb:00000057-b-1#2430,,,p.Asp153=,0.0
urn:mavedb:00000057-b-1#2431,,,p.Glu152Asp,-0.120210797074931
urn:mavedb:00000057-b-1#2432,,,p.Val151Asp,0.0790110082600404
urn:mavedb:00000057-b-1#2433,,,p.Gly150Asp,-0.0174640551719216
urn:mavedb:00000057-b-1#2434,,,p.Gln149Asp,-0.1010009995084203
urn:mavedb:00000057-b-1#2435,,,p.Arg148Asp,-0.1346560963262073
urn:mavedb:00000057-b-1#2436,,,p.Thr147Asp,0.1382402579520813
urn:mavedb:00000057-b-1#2437,,,p.Lys146Asp,0.5138631658630216
urn:mavedb:00000057-b-1#2438,,,p.Ala145Asp,-0.2373351228648689
urn:mavedb:00000057-b-1#2439,,,p.Ser144Asp,0.6024427562703853
urn:mavedb:00000057-b-1#2440,,,p.Thr143Asp,-0.0317917210132543
urn:mavedb:00000057-b-1#2441,,,p.Glu142Asp,-0.176182187064498
urn:mavedb:00000057-b-1#2442,,,p.Ile141Asp,-0.2474492303262073
urn:mavedb:00000057-b-1#2443,,,p.Tyr140Asp,-0.2194095053233213
urn:mavedb:00000057-b-1#2444,,,p.Pro139Asp,0.0185243658232902
urn:mavedb:00000057-b-1#2445,,,p.Ile138Asp,-0.1558306552239736
urn:mavedb:00000057-b-1#2446,,,p.Gly137Asp,-0.0799467284316633
urn:mavedb:00000057-b-1#2447,,,p.Tyr136Asp,-0.1295128532283698
urn:mavedb:00000057-b-1#2448,,,p.Ser135Asp,-0.0282919644600032
urn:mavedb:00000057-b-1#2449,,,p.Arg134Asp,-0.0794861128494146
urn:mavedb:00000057-b-1#2450,,,p.Ala133Asp,-0.2104248766628316
urn:mavedb:00000057-b-1#2451,,,p.Leu132Asp,-0.030211948637527
urn:mavedb:00000057-b-1#2452,,,p.Asp131=,0.0
urn:mavedb:00000057-b-1#2453,,,p.Gln130Asp,-0.1131409584262223
urn:mavedb:00000057-b-1#2454,,,p.Ala129Asp,-0.3647055346917861
urn:mavedb:00000057-b-1#2455,,,p.Gln128Asp,-0.0300372093852605
urn:mavedb:00000057-b-1#2456,,,p.Arg127Asp,-0.117456769789537
urn:mavedb:00000057-b-1#2457,,,p.Ser126Asp,-0.0356508169525879
urn:mavedb:00000057-b-1#2458,,,p.Glu125Asp,-0.1417364846480892
urn:mavedb:00000057-b-1#2459,,,p.Val124Asp,-0.0248478155752129
urn:mavedb:00000057-b-1#2460,,,p.Thr123Asp,0.4072846093602545
urn:mavedb:00000057-b-1#2461,,,p.Arg122Asp,0.1034911245874218
urn:mavedb:00000057-b-1#2462,,,p.Ala121Asp,-0.1063476768642351
urn:mavedb:00000057-b-1#2463,,,p.Ala120Asp,0.016308467914847
urn:mavedb:00000057-b-1#2464,,,p.Leu119Asp,0.4570923196099016
urn:mavedb:00000057-b-1#2465,,,p.Asp118=,0.0
urn:mavedb:00000057-b-1#2466,,,p.Cys117Asp,0.0326111604349926
urn:mavedb:00000057-b-1#2467,,,p.Lys116Asp,-0.0060638106549415
urn:mavedb:00000057-b-1#2468,,,p.Asn115Asp,-0.1181133783916015
urn:mavedb:00000057-b-1#2469,,,p.Gly114Asp,-0.2792275081987899
urn:mavedb:00000057-b-1#2470,,,p.Val113Asp,-0.3071164199405127
urn:mavedb:00000057-b-1#2471,,,p.Leu112Asp,-0.0541483932036995
urn:mavedb:00000057-b-1#2472,,,p.Val111Asp,-0.1366956486228813
urn:mavedb:00000057-b-1#2473,,,p.Met110Asp,-0.2862690486705433
urn:mavedb:00000057-b-1#2474,,,p.Pro109Asp,-0.2410122553999968
urn:mavedb:00000057-b-1#2475,,,p.Val108Asp,-0.2423562176079181
urn:mavedb:00000057-b-1#2476,,,p.Asp107=,0.0
urn:mavedb:00000057-b-1#2477,,,p.Asp106=,0.0
urn:mavedb:00000057-b-1#2478,,,p.Ser105Asp,-0.1012689364493401
urn:mavedb:00000057-b-1#2479,,,p.Asp104=,0.0
urn:mavedb:00000057-b-1#2480,,,p.Lys103Asp,-0.2788789860985916
urn:mavedb:00000057-b-1#2481,,,p.Val102Asp,-0.2490884744785528
urn:mavedb:00000057-b-1#2482,,,p.Arg101Asp,-0.1988050723150936
urn:mavedb:00000057-b-1#2483,,,p.Lys100Asp,-0.3998687881919836
urn:mavedb:00000057-b-1#2484,,,p.Ile99Asp,-0.4000999622916499
urn:mavedb:00000057-b-1#2485,,,p.Gln98Asp,-0.2789195492413177
urn:mavedb:00000057-b-1#2486,,,p.Glu97Asp,-0.0441060216355897
urn:mavedb:00000057-b-1#2487,,,p.Arg96Asp,-0.3504259947966269
urn:mavedb:00000057-b-1#2488,,,p.Tyr95Asp,-0.1407564714732072
urn:mavedb:00000057-b-1#2489,,,p.Gln94Asp,0.1017899301050439
urn:mavedb:00000057-b-1#2490,,,p.His93Asp,-0.2085534310952423
urn:mavedb:00000057-b-1#2491,,,p.Ile92Asp,-0.3621776426819423
urn:mavedb:00000057-b-1#2492,,,p.Asp91=,0.0
urn:mavedb:00000057-b-1#2493,,,p.Glu90Asp,-0.297618136108693
urn:mavedb:00000057-b-1#2494,,,p.Phe89Asp,-0.1135640230452778
urn:mavedb:00000057-b-1#2495,,,p.Ser88Asp,-0.1610750095717373
urn:mavedb:00000057-b-1#2496,,,p.Lys87Asp,-0.1501234759896909
urn:mavedb:00000057-b-1#2497,,,p.Thr86Asp,-0.1982648597023292
urn:mavedb:00000057-b-1#2498,,,p.Asn85Asp,-0.0970921827000715
urn:mavedb:00000057-b-1#2499,,,p.Asn84Asp,-0.1144542044886438
urn:mavedb:00000057-b-1#2500,,,p.Ile83Asp,-0.1084928437582413
urn:mavedb:00000057-b-1#2501,,,p.Ala82Asp,-0.0553700823507384
urn:mavedb:00000057-b-1#2502,,,p.Phe81Asp,-0.2838255962791289
urn:mavedb:00000057-b-1#2503,,,p.Val80Asp,-0.3299748999903788
urn:mavedb:00000057-b-1#2504,,,p.Cys79Asp,-0.2944167363388251
urn:mavedb:00000057-b-1#2505,,,p.Leu78Asp,-0.1736590063257162
urn:mavedb:00000057-b-1#2506,,,p.Phe77Asp,-0.2757660851565693
urn:mavedb:00000057-b-1#2507,,,p.Gly76Asp,-0.2061296831989242
urn:mavedb:00000057-b-1#2508,,,p.Glu75Asp,-0.1363596588591732
urn:mavedb:00000057-b-1#2509,,,p.Val43Asp,-0.2755767425748224
urn:mavedb:00000057-b-1#2510,,,p.Gln42Asp,-0.2642159793328061
urn:mavedb:00000057-b-1#2511,,,p.Lys41Asp,0.077763117081477
urn:mavedb:00000057-b-1#2512,,,p.Arg40Asp,-0.3150494946472776
urn:mavedb:00000057-b-1#2513,,,p.Tyr39Asp,-0.1455564842769397
urn:mavedb:00000057-b-1#2514,,,p.Ser38Asp,-0.3126780122731404
urn:mavedb:00000057-b-1#2515,,,p.Asp37=,0.0
urn:mavedb:00000057-b-1#2516,,,p.Glu36Asp,0.2024852214398338
urn:mavedb:00000057-b-1#2517,,,p.Ile35Asp,-0.146955596133106
urn:mavedb:00000057-b-1#2518,,,p.Thr34Asp,-0.1593657897975053
urn:mavedb:00000057-b-1#2519,,,p.Pro33Asp,-0.2996041351544306
urn:mavedb:00000057-b-1#2520,,,p.Asp32=,0.0
urn:mavedb:00000057-b-1#2521,,,p.Tyr31Asp,-0.2103010293247306
urn:mavedb:00000057-b-1#2522,,,p.Glu30Asp,-0.4370819513657232
urn:mavedb:00000057-b-1#2523,,,p.Asp29=,0.0
urn:mavedb:00000057-b-1#2524,,,p.Val28Asp,-0.0988587947017961
urn:mavedb:00000057-b-1#2525,,,p.Phe27Asp,-0.3589913567374219
urn:mavedb:00000057-b-1#2526,,,p.His26Asp,-0.152856671784711
urn:mavedb:00000057-b-1#2527,,,p.Asn25Asp,-0.080504239863671
urn:mavedb:00000057-b-1#2528,,,p.Gln24Asp,-0.2080025206588146
urn:mavedb:00000057-b-1#2529,,,p.Ile23Asp,-0.2324736049708192
urn:mavedb:00000057-b-1#2530,,,p.Leu22Asp,-0.1444997948333093
urn:mavedb:00000057-b-1#2531,,,p.Gln21Asp,0.4094613409664524
urn:mavedb:00000057-b-1#2532,,,p.Ile20Asp,-0.2895505870878824
urn:mavedb:00000057-b-1#2533,,,p.Thr19Asp,-0.2550845258177172
urn:mavedb:00000057-b-1#2534,,,p.Leu18Asp,-0.3994308052785293
urn:mavedb:00000057-b-1#2535,,,p.Ala17Asp,-0.2426492932704818
urn:mavedb:00000057-b-1#2536,,,p.Ser16Asp,-0.3703024420914735
urn:mavedb:00000057-b-1#2537,,,p.Lys15Asp,-0.3372577961656565
urn:mavedb:00000057-b-1#2538,,,p.Gly14Asp,-0.200403370534933
urn:mavedb:00000057-b-1#2539,,,p.Val13Asp,-0.1417092269557325
urn:mavedb:00000057-b-1#2540,,,p.Gly12Asp,0.3927024247520617
urn:mavedb:00000057-b-1#2541,,,p.Gly11Asp,0.1664450271676006
urn:mavedb:00000057-b-1#2542,,,p.Ala10Asp,-0.2577895898789222
urn:mavedb:00000057-b-1#2543,,,p.Gly9Asp,-0.3177265789854237
urn:mavedb:00000057-b-1#2544,,,p.Val8Asp,-0.2687837249304348
urn:mavedb:00000057-b-1#2545,,,p.Val7Asp,-0.4259180058856016
urn:mavedb:00000057-b-1#2546,,,p.Val6Asp,-0.2987776721452444
urn:mavedb:00000057-b-1#2547,,,p.Leu5Asp,-0.167334485577361
urn:mavedb:00000057-b-1#2548,,,p.Lys4Asp,-0.3056921124642821
urn:mavedb:00000057-b-1#2549,,,p.Tyr3Asp,-0.1481252889812234
urn:mavedb:00000057-b-1#2550,,,p.Glu2Asp,-0.2898565945279955
urn:mavedb:00000057-b-1#2551,,,p.Thr1Asp,-0.2173347215234999
urn:mavedb:00000057-b-1#2552,,,p.His165Cys,0.1052318630109256
urn:mavedb:00000057-b-1#2553,,,p.Gln164Cys,-0.0601587385107132
urn:mavedb:00000057-b-1#2554,,,p.Arg163Cys,0.044643752631122
urn:mavedb:00000057-b-1#2555,,,p.Ile162Cys,-0.2183136302667484
urn:mavedb:00000057-b-1#2556,,,p.Glu161Cys,0.0073072824064973
urn:mavedb:00000057-b-1#2557,,,p.Arg160Cys,0.0263589031047411
urn:mavedb:00000057-b-1#2558,,,p.Val159Cys,-0.0510720193346399
urn:mavedb:00000057-b-1#2559,,,p.Leu158Cys,-0.1816501353852277
urn:mavedb:00000057-b-1#2560,,,p.Thr157Cys,-0.1506230923210222
urn:mavedb:00000057-b-1#2561,,,p.Tyr156Cys,0.1228646860911748
urn:mavedb:00000057-b-1#2562,,,p.Phe155Cys,0.1124712529071684
urn:mavedb:00000057-b-1#2563,,,p.Ala154Cys,0.0595780191008546
urn:mavedb:00000057-b-1#2564,,,p.Asp153Cys,-0.3317166907466205
urn:mavedb:00000057-b-1#2565,,,p.Glu152Cys,-0.075197260055769
urn:mavedb:00000057-b-1#2566,,,p.Val151Cys,-0.0987249851343125
urn:mavedb:00000057-b-1#2567,,,p.Gly150Cys,-0.2460708195344861
urn:mavedb:00000057-b-1#2568,,,p.Gln149Cys,-0.2255991048871901
urn:mavedb:00000057-b-1#2569,,,p.Arg148Cys,0.1070665028011387
urn:mavedb:00000057-b-1#2570,,,p.Thr147Cys,0.1455042640588112
urn:mavedb:00000057-b-1#2571,,,p.Lys146Cys,0.1600201557882612
urn:mavedb:00000057-b-1#2572,,,p.Ala145Cys,0.1929532283803896
urn:mavedb:00000057-b-1#2573,,,p.Ser144Cys,0.3379206793467514
urn:mavedb:00000057-b-1#2574,,,p.Thr143Cys,0.092215247623734
urn:mavedb:00000057-b-1#2575,,,p.Glu142Cys,-0.1211832210402985
urn:mavedb:00000057-b-1#2576,,,p.Ile141Cys,-0.0576004762706885
urn:mavedb:00000057-b-1#2577,,,p.Tyr140Cys,-0.0580300704052504
urn:mavedb:00000057-b-1#2578,,,p.Pro139Cys,0.0945691445541719
urn:mavedb:00000057-b-1#2579,,,p.Ile138Cys,-0.2317762362288302
urn:mavedb:00000057-b-1#2580,,,p.Gly137Cys,-0.4106250973901436
urn:mavedb:00000057-b-1#2581,,,p.Tyr136Cys,-0.1080682051717724
urn:mavedb:00000057-b-1#2582,,,p.Ser135Cys,0.2233979587787209
urn:mavedb:00000057-b-1#2583,,,p.Arg134Cys,-0.0815078985581002
urn:mavedb:00000057-b-1#2584,,,p.Ala133Cys,-0.0959499251124663
urn:mavedb:00000057-b-1#2585,,,p.Leu132Cys,-0.0775748781244371
urn:mavedb:00000057-b-1#2586,,,p.Asp131Cys,-0.3687712769323035
urn:mavedb:00000057-b-1#2587,,,p.Gln130Cys,-0.2137509093355644
urn:mavedb:00000057-b-1#2588,,,p.Ala129Cys,-0.0906576020995731
urn:mavedb:00000057-b-1#2589,,,p.Gln128Cys,-0.2048266624369867
urn:mavedb:00000057-b-1#2590,,,p.Arg127Cys,-0.0177231533941207
urn:mavedb:00000057-b-1#2591,,,p.Ser126Cys,-0.1000763376876958
urn:mavedb:00000057-b-1#2592,,,p.Glu125Cys,-0.1396644847882205
urn:mavedb:00000057-b-1#2593,,,p.Val124Cys,-0.0582225342407699
urn:mavedb:00000057-b-1#2594,,,p.Thr123Cys,-0.1020293244578922
urn:mavedb:00000057-b-1#2595,,,p.Arg122Cys,-0.0902704632184943
urn:mavedb:00000057-b-1#2596,,,p.Ala121Cys,-0.1753133771454715
urn:mavedb:00000057-b-1#2597,,,p.Ala120Cys,0.0471520039277101
urn:mavedb:00000057-b-1#2598,,,p.Leu119Cys,0.0251985115890766
urn:mavedb:00000057-b-1#2599,,,p.Asp118Cys,0.1206290322919846
urn:mavedb:00000057-b-1#2600,,,p.Cys117=,0.0
urn:mavedb:00000057-b-1#2601,,,p.Lys116Cys,0.6588204913673442
urn:mavedb:00000057-b-1#2602,,,p.Asn115Cys,0.2706194085996625
urn:mavedb:00000057-b-1#2603,,,p.Gly114Cys,0.0045662111737926
urn:mavedb:00000057-b-1#2604,,,p.Val113Cys,0.0363296953926147
urn:mavedb:00000057-b-1#2605,,,p.Leu112Cys,0.0699257181227945
urn:mavedb:00000057-b-1#2606,,,p.Val111Cys,-0.133793817800628
urn:mavedb:00000057-b-1#2607,,,p.Met110Cys,-0.2164728316731854
urn:mavedb:00000057-b-1#2608,,,p.Pro109Cys,-0.2063168669976472
urn:mavedb:00000057-b-1#2609,,,p.Val108Cys,-0.2632679976208782
urn:mavedb:00000057-b-1#2610,,,p.Asp107Cys,0.0362144747740703
urn:mavedb:00000057-b-1#2611,,,p.Asp106Cys,-0.1084291893823969
urn:mavedb:00000057-b-1#2612,,,p.Ser105Cys,-0.1527529787493706
urn:mavedb:00000057-b-1#2613,,,p.Asp104Cys,-0.2050624790401431
urn:mavedb:00000057-b-1#2614,,,p.Lys103Cys,-0.0955331417208826
urn:mavedb:00000057-b-1#2615,,,p.Val102Cys,-0.1472739461640715
urn:mavedb:00000057-b-1#2616,,,p.Arg101Cys,-0.2600101358297962
urn:mavedb:00000057-b-1#2617,,,p.Lys100Cys,-0.2734531491883512
urn:mavedb:00000057-b-1#2618,,,p.Ile99Cys,-0.1593821636956238
urn:mavedb:00000057-b-1#2619,,,p.Gln98Cys,-0.3363010140781943
urn:mavedb:00000057-b-1#2620,,,p.Glu97Cys,-0.1705780920684342
urn:mavedb:00000057-b-1#2621,,,p.Arg96Cys,-0.1191504297968288
urn:mavedb:00000057-b-1#2622,,,p.Tyr95Cys,-0.1517952808218348
urn:mavedb:00000057-b-1#2623,,,p.Gln94Cys,-0.2282852789884064
urn:mavedb:00000057-b-1#2624,,,p.Gln94Lys,0.0807944644995268
urn:mavedb:00000057-b-1#2625,,,p.His93Lys,-0.0569708225693356
urn:mavedb:00000057-b-1#2626,,,p.Ile92Lys,-0.1674320483020203
urn:mavedb:00000057-b-1#2627,,,p.Asp91Lys,0.3774313716913902
urn:mavedb:00000057-b-1#2628,,,p.Glu90Lys,-0.2114535601166361
urn:mavedb:00000057-b-1#2629,,,p.Phe89Lys,-0.3272953502863772
urn:mavedb:00000057-b-1#2630,,,p.Ser88Lys,-0.10204924430578
urn:mavedb:00000057-b-1#2631,,,p.Lys87=,0.0
urn:mavedb:00000057-b-1#2632,,,p.Thr86Lys,-0.3631616254477357
urn:mavedb:00000057-b-1#2633,,,p.Asn85Lys,-0.2102554712585557
urn:mavedb:00000057-b-1#2634,,,p.Asn84Lys,-0.2828738521826573
urn:mavedb:00000057-b-1#2635,,,p.Ile83Lys,-0.2683668022120932
urn:mavedb:00000057-b-1#2636,,,p.Ala82Lys,-0.1345031413930864
urn:mavedb:00000057-b-1#2637,,,p.Phe81Lys,-0.2616849280496848
urn:mavedb:00000057-b-1#2638,,,p.Val80Lys,-0.2233817863521459
urn:mavedb:00000057-b-1#2639,,,p.Cys79Lys,-0.264849599345358
urn:mavedb:00000057-b-1#2640,,,p.Leu78Lys,-0.2955241084057441
urn:mavedb:00000057-b-1#2641,,,p.Thr1His,-0.2839605300127286
urn:mavedb:00000057-b-1#2642,,,p.His165Gly,-0.0295029531524505
urn:mavedb:00000057-b-1#2643,,,p.Gln164Gly,-0.06646303405831
urn:mavedb:00000057-b-1#2644,,,p.Arg163Gly,-0.1338773800929483
urn:mavedb:00000057-b-1#2645,,,p.Ile162Gly,-0.1240562517766271
urn:mavedb:00000057-b-1#2646,,,p.Glu161Gly,-0.0220262539024931
urn:mavedb:00000057-b-1#2647,,,p.Arg160Gly,-0.0781714700321935
urn:mavedb:00000057-b-1#2648,,,p.Val159Gly,-0.1010133951837876
urn:mavedb:00000057-b-1#2649,,,p.Leu158Gly,-0.1872829606999822
urn:mavedb:00000057-b-1#2650,,,p.Thr157Gly,-0.2707411388597865
urn:mavedb:00000057-b-1#2651,,,p.Tyr156Gly,-0.0797877423246162
urn:mavedb:00000057-b-1#2652,,,p.Phe155Gly,-0.0815475540875548
urn:mavedb:00000057-b-1#2653,,,p.Ala154Gly,-0.0486188552921816
urn:mavedb:00000057-b-1#2654,,,p.Asp153Gly,-0.0909363611493332
urn:mavedb:00000057-b-1#2655,,,p.Glu152Gly,-0.0430861271906252
urn:mavedb:00000057-b-1#2656,,,p.Val151Gly,0.2015659336774982
urn:mavedb:00000057-b-1#2657,,,p.Gly150=,0.0
urn:mavedb:00000057-b-1#2658,,,p.Gln149Gly,0.0329570040900836
urn:mavedb:00000057-b-1#2659,,,p.Arg148Gly,-0.1637177466525274
urn:mavedb:00000057-b-1#2660,,,p.Thr147Gly,0.1151394108507268
urn:mavedb:00000057-b-1#2661,,,p.Lys146Gly,0.5387910908006438
urn:mavedb:00000057-b-1#2662,,,p.Ala145Gly,0.3024135790372286
urn:mavedb:00000057-b-1#2663,,,p.Ser144Gly,0.3860687650397957
urn:mavedb:00000057-b-1#2664,,,p.Thr143Gly,-0.0321174703056581
urn:mavedb:00000057-b-1#2665,,,p.Glu142Gly,-0.0428568567501111
urn:mavedb:00000057-b-1#2666,,,p.Ile141Gly,0.111498303160607
urn:mavedb:00000057-b-1#2667,,,p.Tyr140Gly,-0.149732185411258
urn:mavedb:00000057-b-1#2668,,,p.Pro139Gly,-0.1984517466788122
urn:mavedb:00000057-b-1#2669,,,p.Ile138Gly,-0.1079901363218225
urn:mavedb:00000057-b-1#2670,,,p.Gly137=,0.0
urn:mavedb:00000057-b-1#2671,,,p.Tyr136Gly,-0.0793560553277028
urn:mavedb:00000057-b-1#2672,,,p.Ser135Gly,-0.085357888616541
urn:mavedb:00000057-b-1#2673,,,p.Arg134Gly,-0.0419565261298379
urn:mavedb:00000057-b-1#2674,,,p.Ala133Gly,-0.117422070701651
urn:mavedb:00000057-b-1#2675,,,p.Leu132Gly,-0.1040187377433687
urn:mavedb:00000057-b-1#2676,,,p.Asp131Gly,0.0037446962834479
urn:mavedb:00000057-b-1#2677,,,p.Gln130Gly,-0.1784089170209023
urn:mavedb:00000057-b-1#2678,,,p.Ala129Gly,-0.1594378119723656
urn:mavedb:00000057-b-1#2679,,,p.Gln128Gly,-0.0469897386732503
urn:mavedb:00000057-b-1#2680,,,p.Arg127Gly,-0.1325880984810949
urn:mavedb:00000057-b-1#2681,,,p.Ser126Gly,-0.0165092328233561
urn:mavedb:00000057-b-1#2682,,,p.Glu125Gly,-0.0786661813261528
urn:mavedb:00000057-b-1#2683,,,p.Val124Gly,0.152004594726257
urn:mavedb:00000057-b-1#2684,,,p.Thr123Gly,-0.0620236476870981
urn:mavedb:00000057-b-1#2685,,,p.Arg122Gly,-0.0301046542250845
urn:mavedb:00000057-b-1#2686,,,p.Ala121Gly,0.0721720001309179
urn:mavedb:00000057-b-1#2687,,,p.Ala120Gly,0.0591989489910402
urn:mavedb:00000057-b-1#2688,,,p.Leu119Gly,0.335115129799691
urn:mavedb:00000057-b-1#2689,,,p.Asp118Gly,0.173345001944679
urn:mavedb:00000057-b-1#2690,,,p.Cys117Gly,-0.0998512374602728
urn:mavedb:00000057-b-1#2691,,,p.Lys116Gly,0.658967470392959
urn:mavedb:00000057-b-1#2692,,,p.Asn115Gly,0.1725346294544805
urn:mavedb:00000057-b-1#2693,,,p.Gly114=,0.0
urn:mavedb:00000057-b-1#2694,,,p.Val113Gly,-0.1676030233429735
urn:mavedb:00000057-b-1#2695,,,p.Leu112Gly,-0.1413595527987319
urn:mavedb:00000057-b-1#2696,,,p.Val111Gly,0.0229239552052231
urn:mavedb:00000057-b-1#2697,,,p.Met110Gly,-0.4434537380376701
urn:mavedb:00000057-b-1#2698,,,p.Pro109Gly,-0.2780264407321889
urn:mavedb:00000057-b-1#2699,,,p.Val108Gly,-0.2276737631188131
urn:mavedb:00000057-b-1#2700,,,p.Asp107Gly,-0.2443228770410693
urn:mavedb:00000057-b-1#2701,,,p.Asp106Gly,-0.172670082305699
urn:mavedb:00000057-b-1#2702,,,p.Ser105Gly,-0.2703207212073131
urn:mavedb:00000057-b-1#2703,,,p.Asp104Gly,-0.1687209180696022
urn:mavedb:00000057-b-1#2704,,,p.Lys103Gly,-0.1611871141573785
urn:mavedb:00000057-b-1#2705,,,p.Val102Gly,-0.2334107093564404
urn:mavedb:00000057-b-1#2706,,,p.Arg101Gly,-0.1761238693035667
urn:mavedb:00000057-b-1#2707,,,p.Lys100Gly,-0.3025359299531776
urn:mavedb:00000057-b-1#2708,,,p.Ile99Gly,-0.311960893702432
urn:mavedb:00000057-b-1#2709,,,p.Gln98Gly,-0.238112533009223
urn:mavedb:00000057-b-1#2710,,,p.Glu97Gly,-0.1961371785209595
urn:mavedb:00000057-b-1#2711,,,p.Arg96Gly,-0.2388649176893945
urn:mavedb:00000057-b-1#2712,,,p.Tyr95Gly,-0.1316343613033728
urn:mavedb:00000057-b-1#2713,,,p.Gln94Gly,-0.1902909795835976
urn:mavedb:00000057-b-1#2714,,,p.His93Gly,-0.0494874214231358
urn:mavedb:00000057-b-1#2715,,,p.Ile92Gly,-0.1402733719868912
urn:mavedb:00000057-b-1#2716,,,p.Asp91Gly,-0.1845094149910292
urn:mavedb:00000057-b-1#2717,,,p.Glu90Gly,-0.2093157377665016
urn:mavedb:00000057-b-1#2718,,,p.Phe89Gly,-0.2584567548017188
urn:mavedb:00000057-b-1#2719,,,p.Ser88Gly,-0.161536564164793
urn:mavedb:00000057-b-1#2720,,,p.Lys87Gly,-0.2740808606358302
urn:mavedb:00000057-b-1#2721,,,p.Thr86Gly,-0.224390280864893
urn:mavedb:00000057-b-1#2722,,,p.Asn85Gly,-0.1513684695137273
urn:mavedb:00000057-b-1#2723,,,p.Asn84Gly,-0.0135025835524586
urn:mavedb:00000057-b-1#2724,,,p.Ile83Gly,-0.0967687326545537
urn:mavedb:00000057-b-1#2725,,,p.Ala82Gly,-0.1741751164786784
urn:mavedb:00000057-b-1#2726,,,p.Phe81Gly,-0.1992329876834374
urn:mavedb:00000057-b-1#2727,,,p.Val80Gly,-0.2798530909416333
urn:mavedb:00000057-b-1#2728,,,p.Cys79Gly,-0.2430594385217472
urn:mavedb:00000057-b-1#2729,,,p.Leu78Gly,-0.3009523904393857
urn:mavedb:00000057-b-1#2730,,,p.Phe77Gly,-0.266805882440521
urn:mavedb:00000057-b-1#2731,,,p.Gly76=,0.0
urn:mavedb:00000057-b-1#2732,,,p.Glu75Gly,-0.2834404990058296
urn:mavedb:00000057-b-1#2733,,,p.Gly74=,0.0
urn:mavedb:00000057-b-1#2734,,,p.Thr73Gly,-0.0926954433118915
urn:mavedb:00000057-b-1#2735,,,p.Arg72Gly,-0.1751786122959873
urn:mavedb:00000057-b-1#2736,,,p.Met71Gly,-0.2269460200261212
urn:mavedb:00000057-b-1#2737,,,p.Tyr70Gly,-0.2066194157753671
urn:mavedb:00000057-b-1#2738,,,p.Gln69Gly,-0.108520249797576
urn:mavedb:00000057-b-1#2739,,,p.Asp68Gly,-0.2201928514920778
urn:mavedb:00000057-b-1#2740,,,p.Arg67Gly,0.1196305556125351
urn:mavedb:00000057-b-1#2741,,,p.Met66Gly,0.2187640118330118
urn:mavedb:00000057-b-1#2742,,,p.Ala65Gly,-0.1037561784676324
urn:mavedb:00000057-b-1#2743,,,p.Ser64Gly,0.0288528817696307
urn:mavedb:00000057-b-1#2744,,,p.Tyr63Gly,0.2400804839097307
urn:mavedb:00000057-b-1#2745,,,p.Glu62Gly,-0.0769500351510352
urn:mavedb:00000057-b-1#2746,,,p.Glu61Gly,0.07900369399466
urn:mavedb:00000057-b-1#2747,,,p.Gln60Gly,0.4590907881191857
urn:mavedb:00000057-b-1#2748,,,p.Gly59=,0.0
urn:mavedb:00000057-b-1#2749,,,p.Ala58Gly,0.2342966760421244
urn:mavedb:00000057-b-1#2750,,,p.Thr57Gly,-0.1333867644390345
urn:mavedb:00000057-b-1#2751,,,p.Asp56Gly,-0.2819956956818834
urn:mavedb:00000057-b-1#2752,,,p.Leu55Gly,0.1491203106008996
urn:mavedb:00000057-b-1#2753,,,p.Ile54Gly,-0.3312324940520687
urn:mavedb:00000057-b-1#2754,,,p.Asp53Gly,-0.1962008680259013
urn:mavedb:00000057-b-1#2755,,,p.Leu52Gly,-0.2511186142890199
urn:mavedb:00000057-b-1#2756,,,p.Leu51Gly,-0.2217879650670754
urn:mavedb:00000057-b-1#2757,,,p.Cys50Gly,-0.3216729413519211
urn:mavedb:00000057-b-1#2758,,,p.Thr49Gly,-0.2085915553399878
urn:mavedb:00000057-b-1#2759,,,p.Glu48Gly,-0.0881466247474582
urn:mavedb:00000057-b-1#2760,,,p.Gly47=,0.0
urn:mavedb:00000057-b-1#2761,,,p.Asp46Gly,-0.1491777775009349
urn:mavedb:00000057-b-1#2762,,,p.Ile45Gly,-0.1312872340816585
urn:mavedb:00000057-b-1#2763,,,p.Val44Gly,-0.1986476363086382
urn:mavedb:00000057-b-1#2764,,,p.Val43Gly,-0.1912045371193239
urn:mavedb:00000057-b-1#2765,,,p.Gln42Gly,-0.2104212204015329
urn:mavedb:00000057-b-1#2766,,,p.Lys41Gly,-0.0647711438083914
urn:mavedb:00000057-b-1#2767,,,p.Arg40Gly,-0.2250700316842795
urn:mavedb:00000057-b-1#2768,,,p.Tyr39Gly,-0.4374848501973376
urn:mavedb:00000057-b-1#2769,,,p.Ser38Gly,-0.0665174602096482
urn:mavedb:00000057-b-1#2770,,,p.Asp37Gly,-0.3285997680648769
urn:mavedb:00000057-b-1#2771,,,p.Glu36Gly,-0.337829590817253
urn:mavedb:00000057-b-1#2772,,,p.Ile35Gly,-0.3090089653619166
urn:mavedb:00000057-b-1#2773,,,p.Thr34Gly,-0.3271110657875044
urn:mavedb:00000057-b-1#2774,,,p.Pro33Gly,-0.1778969561897908
urn:mavedb:00000057-b-1#2775,,,p.Asp32Gly,-0.1602153559705635
urn:mavedb:00000057-b-1#2776,,,p.Tyr31Gly,-0.2786987397217875
urn:mavedb:00000057-b-1#2777,,,p.Glu30Gly,-0.2362910239589143
urn:mavedb:00000057-b-1#2778,,,p.Asp29Gly,-0.1068172476464725
urn:mavedb:00000057-b-1#2779,,,p.Val28Gly,-0.1005022717573506
urn:mavedb:00000057-b-1#2780,,,p.Phe27Gly,-0.2620256799881371
urn:mavedb:00000057-b-1#2781,,,p.His26Gly,0.003769656395475
urn:mavedb:00000057-b-1#2782,,,p.Asn25Gly,-0.2580538695564236
urn:mavedb:00000057-b-1#2783,,,p.Gln24Gly,0.0552313681283372
urn:mavedb:00000057-b-1#2784,,,p.Ile23Gly,0.3403004469387463
urn:mavedb:00000057-b-1#2785,,,p.Leu22Gly,0.2004140813916858
urn:mavedb:00000057-b-1#2786,,,p.Gln21Gly,0.0130908830372985
urn:mavedb:00000057-b-1#2787,,,p.Ile20Gly,-0.2731910148378903
urn:mavedb:00000057-b-1#2788,,,p.Thr19Gly,0.0363987421108696
urn:mavedb:00000057-b-1#2789,,,p.Leu18Gly,-0.2491255634380688
urn:mavedb:00000057-b-1#2790,,,p.Ala17Gly,0.0346487453823126
urn:mavedb:00000057-b-1#2791,,,p.Ser16Gly,-0.3814754317735885
urn:mavedb:00000057-b-1#2792,,,p.Lys15Gly,-0.3269994969012184
urn:mavedb:00000057-b-1#2793,,,p.Gly14=,0.0
urn:mavedb:00000057-b-1#2794,,,p.Val13Gly,0.0761814833413874
urn:mavedb:00000057-b-1#2795,,,p.Gly12=,0.0
urn:mavedb:00000057-b-1#2796,,,p.Gly11=,0.0
urn:mavedb:00000057-b-1#2797,,,p.Ala10Gly,-0.1537221106335164
urn:mavedb:00000057-b-1#2798,,,p.Gly9=,0.0
urn:mavedb:00000057-b-1#2799,,,p.Val8Gly,-0.2923177386243173
urn:mavedb:00000057-b-1#2800,,,p.Val7Gly,-0.1944453589185254
urn:mavedb:00000057-b-1#2801,,,p.Val6Gly,-0.2020409411934339
urn:mavedb:00000057-b-1#2802,,,p.Leu5Gly,-0.3335083770614743
urn:mavedb:00000057-b-1#2803,,,p.Lys4Gly,-0.2760227059499957
urn:mavedb:00000057-b-1#2804,,,p.Tyr3Gly,-0.2303342870207584
urn:mavedb:00000057-b-1#2805,,,p.Glu2Gly,-0.1786760924991448
urn:mavedb:00000057-b-1#2806,,,p.Thr1Gly,-0.1640384216085205
urn:mavedb:00000057-b-1#2807,,,p.His165Phe,0.0064284702979136
urn:mavedb:00000057-b-1#2808,,,p.Gln164Phe,-0.0006902988689151
urn:mavedb:00000057-b-1#2809,,,p.Arg163Phe,-0.1409516214850887
urn:mavedb:00000057-b-1#2810,,,p.Ile162Phe,-0.1080442072870071
urn:mavedb:00000057-b-1#2811,,,p.Glu161Phe,-0.237009609892967
urn:mavedb:00000057-b-1#2812,,,p.Arg160Phe,-0.089597500032143
urn:mavedb:00000057-b-1#2813,,,p.Val159Phe,0.1118864669770713
urn:mavedb:00000057-b-1#2814,,,p.Leu158Phe,-0.2240910452605424
urn:mavedb:00000057-b-1#2815,,,p.Thr157Phe,0.0082032680415359
urn:mavedb:00000057-b-1#2816,,,p.Tyr156Phe,0.3508874405100203
urn:mavedb:00000057-b-1#2817,,,p.Phe155=,0.0
urn:mavedb:00000057-b-1#2818,,,p.Ala154Phe,-0.1080603246497087
urn:mavedb:00000057-b-1#2819,,,p.Gly150Phe,0.0921032464263839
urn:mavedb:00000057-b-1#2820,,,p.Gln149Phe,-0.1509238171502247
urn:mavedb:00000057-b-1#2821,,,p.Arg148Phe,0.0622331700410844
urn:mavedb:00000057-b-1#2822,,,p.Thr147Phe,-0.0809213713685113
urn:mavedb:00000057-b-1#2823,,,p.Lys146Phe,0.1625712235596145
urn:mavedb:00000057-b-1#2824,,,p.Ala145Phe,-0.1672737512333278
urn:mavedb:00000057-b-1#2825,,,p.Ser144Phe,0.0972901052210696
urn:mavedb:00000057-b-1#2826,,,p.Thr143Phe,-0.1707277547647671
urn:mavedb:00000057-b-1#2827,,,p.Glu142Phe,-0.0926095272272064
urn:mavedb:00000057-b-1#2828,,,p.Ile141Phe,-0.1478111885726646
urn:mavedb:00000057-b-1#2829,,,p.Tyr140Phe,-0.0388512327488306
urn:mavedb:00000057-b-1#2830,,,p.Pro139Phe,0.112077775542676
urn:mavedb:00000057-b-1#2831,,,p.Ile138Phe,0.04454428821225
urn:mavedb:00000057-b-1#2832,,,p.Gly137Phe,-0.0877273407217284
urn:mavedb:00000057-b-1#2833,,,p.Tyr136Phe,-0.0546831956744911
urn:mavedb:00000057-b-1#2834,,,p.Ser135Phe,0.1576451773751762
urn:mavedb:00000057-b-1#2835,,,p.Arg134Phe,-0.1661527202346514
urn:mavedb:00000057-b-1#2836,,,p.Ala133Phe,0.0359655142738558
urn:mavedb:00000057-b-1#2837,,,p.Leu132Phe,-0.1843628571521196
urn:mavedb:00000057-b-1#2838,,,p.Asp131Phe,-0.5211622152343923
urn:mavedb:00000057-b-1#2839,,,p.Gln130Phe,-0.0567588015582247
urn:mavedb:00000057-b-1#2840,,,p.Ala129Phe,0.1127995127446527
urn:mavedb:00000057-b-1#2841,,,p.Gln128Phe,0.1491518033962917
urn:mavedb:00000057-b-1#2842,,,p.Arg127Phe,-0.056140325097436
urn:mavedb:00000057-b-1#2843,,,p.Ser126Phe,-0.0863424113393136
urn:mavedb:00000057-b-1#2844,,,p.Glu125Phe,-0.0609811705453602
urn:mavedb:00000057-b-1#2845,,,p.Val124Phe,0.0708795690728087
urn:mavedb:00000057-b-1#2846,,,p.Thr123Phe,-0.1997425513646694
urn:mavedb:00000057-b-1#2847,,,p.Arg122Phe,-0.2477767188089893
urn:mavedb:00000057-b-1#2848,,,p.Ala121Phe,-0.1137048006554848
urn:mavedb:00000057-b-1#2849,,,p.Ala120Phe,-0.0658190452628335
urn:mavedb:00000057-b-1#2850,,,p.Leu119Phe,0.1532178638536595
urn:mavedb:00000057-b-1#2851,,,p.Asp118Phe,-0.0705493948795012
urn:mavedb:00000057-b-1#2852,,,p.Cys117Phe,-0.1311789747726222
urn:mavedb:00000057-b-1#2853,,,p.Lys116Phe,0.5494679904449932
urn:mavedb:00000057-b-1#2854,,,p.Asn115Phe,-0.3060266175907983
urn:mavedb:00000057-b-1#2855,,,p.Gly114Phe,-0.1293569513584613
urn:mavedb:00000057-b-1#2856,,,p.Val113Phe,-0.1878689663841384
urn:mavedb:00000057-b-1#2857,,,p.Leu112Phe,-0.0065753755913514
urn:mavedb:00000057-b-1#2858,,,p.Val111Phe,-0.4539259605017836
urn:mavedb:00000057-b-1#2859,,,p.Met110Phe,-0.2518643319482029
urn:mavedb:00000057-b-1#2860,,,p.Pro109Phe,-0.209087657263841
urn:mavedb:00000057-b-1#2861,,,p.Val108Phe,-0.2300583981939749
urn:mavedb:00000057-b-1#2862,,,p.Asp107Phe,-0.2695796158945666
urn:mavedb:00000057-b-1#2863,,,p.Asp106Phe,-0.1767103737045312
urn:mavedb:00000057-b-1#2864,,,p.Ser105Phe,-0.2107213043734695
urn:mavedb:00000057-b-1#2865,,,p.Asp104Phe,-0.2341620450718754
urn:mavedb:00000057-b-1#2866,,,p.Lys103Phe,0.0202830724380539
urn:mavedb:00000057-b-1#2867,,,p.Val102Phe,-0.2155900315949782
urn:mavedb:00000057-b-1#2868,,,p.Arg101Phe,-0.2239035097624778
urn:mavedb:00000057-b-1#2869,,,p.Lys100Phe,-0.1422663336483473
urn:mavedb:00000057-b-1#2870,,,p.Ile99Phe,-0.1235991549510622
urn:mavedb:00000057-b-1#2871,,,p.Gln98Phe,0.0263494005831214
urn:mavedb:00000057-b-1#2872,,,p.Glu97Phe,-0.1422068798360013
urn:mavedb:00000057-b-1#2873,,,p.Arg96Phe,-0.1707204807868784
urn:mavedb:00000057-b-1#2874,,,p.Tyr95Phe,-0.2051355133286921
urn:mavedb:00000057-b-1#2875,,,p.Gln94Phe,-0.0947415057317462
urn:mavedb:00000057-b-1#2876,,,p.His93Phe,-0.2468651882553582
urn:mavedb:00000057-b-1#2877,,,p.Ile92Phe,-0.1165894110287112
urn:mavedb:00000057-b-1#2878,,,p.Asp91Phe,-0.2117883626167666
urn:mavedb:00000057-b-1#2879,,,p.Glu90Phe,-0.2921491659761448
urn:mavedb:00000057-b-1#2880,,,p.Phe89=,0.0
urn:mavedb:00000057-b-1#2881,,,p.Ser88Phe,-0.2005735612667739
urn:mavedb:00000057-b-1#2882,,,p.Lys87Phe,-0.217870371052905
urn:mavedb:00000057-b-1#2883,,,p.Thr86Phe,-0.171011864079409
urn:mavedb:00000057-b-1#2884,,,p.Asn85Phe,-0.2265653673187089
urn:mavedb:00000057-b-1#2885,,,p.Asn84Phe,-0.1432677996120318
urn:mavedb:00000057-b-1#2886,,,p.Ile83Phe,-0.1518446300048758
urn:mavedb:00000057-b-1#2887,,,p.Ala82Phe,-0.2863632732184983
urn:mavedb:00000057-b-1#2888,,,p.Phe81=,0.0
urn:mavedb:00000057-b-1#2889,,,p.Val80Phe,0.0041078657005013
urn:mavedb:00000057-b-1#2890,,,p.Cys79Phe,-0.0171927029691733
urn:mavedb:00000057-b-1#2891,,,p.Leu78Phe,-0.2425521605853469
urn:mavedb:00000057-b-1#2892,,,p.Phe77=,0.0
urn:mavedb:00000057-b-1#2893,,,p.Gly76Phe,0.3800660489065032
urn:mavedb:00000057-b-1#2894,,,p.Glu75Phe,-0.0757298194488013
urn:mavedb:00000057-b-1#2895,,,p.Gly74Phe,-0.1840117620503522
urn:mavedb:00000057-b-1#2896,,,p.Thr73Phe,-0.1746561481851414
urn:mavedb:00000057-b-1#2897,,,p.Arg72Phe,-0.1408687645251141
urn:mavedb:00000057-b-1#2898,,,p.Met71Phe,-0.2899198029161194
urn:mavedb:00000057-b-1#2899,,,p.Tyr70Phe,0.0215431590574363
urn:mavedb:00000057-b-1#2900,,,p.Gln69Phe,-0.2732570799641416
urn:mavedb:00000057-b-1#2901,,,p.Asp68Phe,-0.2386969614924916
urn:mavedb:00000057-b-1#2902,,,p.Arg67Phe,0.0851396922112953
urn:mavedb:00000057-b-1#2903,,,p.Met66Phe,-0.0052484847889129
urn:mavedb:00000057-b-1#2904,,,p.Ala65Phe,-0.3056721264458584
urn:mavedb:00000057-b-1#2905,,,p.Ser64Phe,-0.217803769298374
urn:mavedb:00000057-b-1#2906,,,p.Tyr63Phe,-0.1304373231035809
urn:mavedb:00000057-b-1#2907,,,p.Glu62Phe,0.3731275620233925
urn:mavedb:00000057-b-1#2908,,,p.Glu61Phe,0.2008133868844057
urn:mavedb:00000057-b-1#2909,,,p.Gln60Phe,0.2865362530499086
urn:mavedb:00000057-b-1#2910,,,p.Gly59Phe,-0.0751245973753412
urn:mavedb:00000057-b-1#2911,,,p.Ala58Phe,-0.133488499755935
urn:mavedb:00000057-b-1#2912,,,p.Thr57Phe,0.0639708536798479
urn:mavedb:00000057-b-1#2913,,,p.Asp56Phe,-0.299760414281687
urn:mavedb:00000057-b-1#2914,,,p.Leu55Phe,-0.1713887165820645
urn:mavedb:00000057-b-1#2915,,,p.Ile54Phe,-0.0371241065175698
urn:mavedb:00000057-b-1#2916,,,p.Asp53Phe,-0.2684865953008956
urn:mavedb:00000057-b-1#2917,,,p.Leu52Phe,0.0062300281012418
urn:mavedb:00000057-b-1#2918,,,p.Leu51Phe,-0.267800975422272
urn:mavedb:00000057-b-1#2919,,,p.Cys50Phe,-0.2455209643916304
urn:mavedb:00000057-b-1#2920,,,p.Thr49Phe,-0.2330405701573367
urn:mavedb:00000057-b-1#2921,,,p.Glu48Phe,-0.0825395278694268
urn:mavedb:00000057-b-1#2922,,,p.Gly47Phe,-0.3278389669242305
urn:mavedb:00000057-b-1#2923,,,p.Asp46Phe,-0.1241507466494362
urn:mavedb:00000057-b-1#2924,,,p.Ile45Phe,-0.1932482291939722
urn:mavedb:00000057-b-1#2925,,,p.Val44Phe,-0.4012240741614769
urn:mavedb:00000057-b-1#2926,,,p.Val43Phe,-0.29122932677198
urn:mavedb:00000057-b-1#2927,,,p.Gln42Phe,-0.1953255024705635
urn:mavedb:00000057-b-1#2928,,,p.Lys41Phe,-0.131871366092884
urn:mavedb:00000057-b-1#2929,,,p.Arg40Phe,-0.4308289313780739
urn:mavedb:00000057-b-1#2930,,,p.Tyr39Phe,-0.1692357103236957
urn:mavedb:00000057-b-1#2931,,,p.Ser38Phe,-0.2761385312912006
urn:mavedb:00000057-b-1#2932,,,p.Asp37Phe,-0.526966697971755
urn:mavedb:00000057-b-1#2933,,,p.Glu36Phe,-0.2288957636729564
urn:mavedb:00000057-b-1#2934,,,p.Ile35Phe,0.0129857637387944
urn:mavedb:00000057-b-1#2935,,,p.Thr34Phe,-0.4023472770910354
urn:mavedb:00000057-b-1#2936,,,p.Pro33Phe,-0.1588937932460921
urn:mavedb:00000057-b-1#2937,,,p.Asp32Phe,-0.1003461738902689
urn:mavedb:00000057-b-1#2938,,,p.Tyr31Phe,-0.2261784215177051
urn:mavedb:00000057-b-1#2939,,,p.Glu30Phe,-0.1964181411701579
urn:mavedb:00000057-b-1#2940,,,p.Asp29Phe,-0.2884233959288015
urn:mavedb:00000057-b-1#2941,,,p.Val28Phe,-0.0774032184967973
urn:mavedb:00000057-b-1#2942,,,p.Phe27=,0.0
urn:mavedb:00000057-b-1#2943,,,p.His26Phe,-0.0814852763926228
urn:mavedb:00000057-b-1#2944,,,p.Asn25Phe,-0.1288838536943976
urn:mavedb:00000057-b-1#2945,,,p.Gln24Phe,-0.3405314364355387
urn:mavedb:00000057-b-1#2946,,,p.Ile23Phe,0.112835707020003
urn:mavedb:00000057-b-1#2947,,,p.Leu22Phe,-0.0799674833265711
urn:mavedb:00000057-b-1#2948,,,p.Gln21Phe,0.0234635573548268
urn:mavedb:00000057-b-1#2949,,,p.Ile20Phe,-0.3492464686728081
urn:mavedb:00000057-b-1#2950,,,p.Thr19Phe,-0.253614720311641
urn:mavedb:00000057-b-1#2951,,,p.Leu18Phe,0.1274317812728726
urn:mavedb:00000057-b-1#2952,,,p.Ala17Phe,-0.2772710802272307
urn:mavedb:00000057-b-1#2953,,,p.Ser16Phe,-0.2412561791802979
urn:mavedb:00000057-b-1#2954,,,p.Lys15Phe,-0.4194221223633764
urn:mavedb:00000057-b-1#2955,,,p.Gly14Phe,-0.4491699142340586
urn:mavedb:00000057-b-1#2956,,,p.Val13Phe,-0.3491187191293225
urn:mavedb:00000057-b-1#2957,,,p.Gly12Phe,0.2376827702175031
urn:mavedb:00000057-b-1#2958,,,p.Gly11Phe,0.1748114370015549
urn:mavedb:00000057-b-1#2959,,,p.Ala10Phe,-0.1808430082444569
urn:mavedb:00000057-b-1#2960,,,p.Gly9Phe,-0.3015870909992265
urn:mavedb:00000057-b-1#2961,,,p.Val8Phe,0.0097535085234098
urn:mavedb:00000057-b-1#2962,,,p.Val7Phe,-0.1777091266272026
urn:mavedb:00000057-b-1#2963,,,p.Val6Phe,0.0106530124905662
urn:mavedb:00000057-b-1#2964,,,p.Leu5Phe,-0.2194737931892953
urn:mavedb:00000057-b-1#2965,,,p.Lys4Phe,-0.312184132663912
urn:mavedb:00000057-b-1#2966,,,p.Tyr3Phe,-0.2308133949212876
urn:mavedb:00000057-b-1#2967,,,p.Glu2Phe,-0.283098632662596
urn:mavedb:00000057-b-1#2968,,,p.Thr1Phe,-0.2126277339728524
urn:mavedb:00000057-b-1#2969,,,p.His165Glu,0.0598834885782713
urn:mavedb:00000057-b-1#2970,,,p.Gln164Glu,0.0317229026040899
urn:mavedb:00000057-b-1#2971,,,p.Arg163Glu,-0.071487072490853
urn:mavedb:00000057-b-1#2972,,,p.Ile162Glu,-0.0616530923229845
urn:mavedb:00000057-b-1#2973,,,p.Glu161=,0.0
urn:mavedb:00000057-b-1#2974,,,p.Arg160Glu,-0.193140055220567
urn:mavedb:00000057-b-1#2975,,,p.Val159Glu,-0.0718835773215913
urn:mavedb:00000057-b-1#2976,,,p.Leu158Glu,-0.183146775811213
urn:mavedb:00000057-b-1#2977,,,p.Thr157Glu,0.0679283624368458
urn:mavedb:00000057-b-1#2978,,,p.Tyr156Glu,0.3172847770995628
urn:mavedb:00000057-b-1#2979,,,p.Phe155Glu,-0.3448957035284173
urn:mavedb:00000057-b-1#2980,,,p.Ala154Glu,-0.1204021831097885
urn:mavedb:00000057-b-1#2981,,,p.Asp153Glu,-0.1464510402488055
urn:mavedb:00000057-b-1#2982,,,p.Glu152=,0.0
urn:mavedb:00000057-b-1#2983,,,p.Val151Glu,0.0986365222665839
urn:mavedb:00000057-b-1#2984,,,p.Gly150Glu,0.343242276171518
urn:mavedb:00000057-b-1#2985,,,p.Gln149Glu,0.0254573282282076
urn:mavedb:00000057-b-1#2986,,,p.Arg148Glu,0.1036964160931007
urn:mavedb:00000057-b-1#2987,,,p.Thr147Glu,0.2186611819578641
urn:mavedb:00000057-b-1#2988,,,p.Lys146Glu,0.4297761073624985
urn:mavedb:00000057-b-1#2989,,,p.Ala145Glu,0.0023153828295115
urn:mavedb:00000057-b-1#2990,,,p.Ser144Glu,0.5540873407344107
urn:mavedb:00000057-b-1#2991,,,p.Thr143Glu,0.0241319236072754
urn:mavedb:00000057-b-1#2992,,,p.Glu142=,0.0
urn:mavedb:00000057-b-1#2993,,,p.Ile141Glu,-0.2226493205750948
urn:mavedb:00000057-b-1#2994,,,p.Tyr140Glu,-0.3137689437740687
urn:mavedb:00000057-b-1#2995,,,p.Pro139Glu,-0.0595867089098019
urn:mavedb:00000057-b-1#2996,,,p.Ile138Glu,-0.1993374739419327
urn:mavedb:00000057-b-1#2997,,,p.Gly137Glu,0.0692027929498765
urn:mavedb:00000057-b-1#2998,,,p.Tyr136Glu,-0.2529456756243419
urn:mavedb:00000057-b-1#2999,,,p.Ser135Glu,-0.1774713680443206
urn:mavedb:00000057-b-1#3000,,,p.Arg134Glu,-0.1177901973877853
urn:mavedb:00000057-b-1#3001,,,p.Ala133Glu,0.0099048323987338
urn:mavedb:00000057-b-1#3002,,,p.Leu132Glu,-0.1871668600738245
urn:mavedb:00000057-b-1#3003,,,p.Asp131Glu,0.003037781784861
urn:mavedb:00000057-b-1#3004,,,p.Gln130Glu,-0.1070657843898078
urn:mavedb:00000057-b-1#3005,,,p.Ala129Glu,-0.0422291488466374
urn:mavedb:00000057-b-1#3006,,,p.Gln128Glu,0.0060923870223177
urn:mavedb:00000057-b-1#3007,,,p.Arg127Glu,-0.0297471709555583
urn:mavedb:00000057-b-1#3008,,,p.Ser126Glu,-0.1129149007322911
urn:mavedb:00000057-b-1#3009,,,p.His93Cys,-0.0124907619033422
urn:mavedb:00000057-b-1#3010,,,p.Ile92Cys,-0.2021922489865952
urn:mavedb:00000057-b-1#3011,,,p.Asp91Cys,-0.0496346681609446
urn:mavedb:00000057-b-1#3012,,,p.Glu90Cys,-0.1128446918291055
urn:mavedb:00000057-b-1#3013,,,p.Phe89Cys,-0.2785022489285817
urn:mavedb:00000057-b-1#3014,,,p.Ser88Cys,-0.0836042349764922
urn:mavedb:00000057-b-1#3015,,,p.Lys87Cys,-0.2424531972536752
urn:mavedb:00000057-b-1#3016,,,p.Thr86Cys,-0.3066972519164073
urn:mavedb:00000057-b-1#3017,,,p.Asn85Cys,-0.1330573334110441
urn:mavedb:00000057-b-1#3018,,,p.Asn84Cys,-0.2101209442914905
urn:mavedb:00000057-b-1#3019,,,p.Ile83Cys,-0.0460309463517919
urn:mavedb:00000057-b-1#3020,,,p.Ala82Cys,-0.2122005071316902
urn:mavedb:00000057-b-1#3021,,,p.Phe81Cys,-0.4210891878129224
urn:mavedb:00000057-b-1#3022,,,p.Val80Cys,-0.0907184904560599
urn:mavedb:00000057-b-1#3023,,,p.Cys79=,0.0
urn:mavedb:00000057-b-1#3024,,,p.Leu78Cys,-0.2275654915823153
urn:mavedb:00000057-b-1#3025,,,p.Phe77Cys,-0.2725116230696106
urn:mavedb:00000057-b-1#3026,,,p.Gly76Cys,-0.0316499093858302
urn:mavedb:00000057-b-1#3027,,,p.Glu75Cys,-0.11259371638582
urn:mavedb:00000057-b-1#3028,,,p.Gly74Cys,-0.0252971572785854
urn:mavedb:00000057-b-1#3029,,,p.Thr73Cys,-0.0880497863921985
urn:mavedb:00000057-b-1#3030,,,p.Arg72Cys,-0.0991642829378702
urn:mavedb:00000057-b-1#3031,,,p.Met71Cys,-0.2837315245908364
urn:mavedb:00000057-b-1#3032,,,p.Tyr70Cys,-0.1248746949668432
urn:mavedb:00000057-b-1#3033,,,p.Gln69Cys,-0.0628310033295838
urn:mavedb:00000057-b-1#3034,,,p.Asp68Cys,-0.0859536022455555
urn:mavedb:00000057-b-1#3035,,,p.Arg67Cys,0.1567689655788413
urn:mavedb:00000057-b-1#3036,,,p.Met66Cys,-0.1123631200724299
urn:mavedb:00000057-b-1#3037,,,p.Ala65Cys,-0.0675453342376496
urn:mavedb:00000057-b-1#3038,,,p.Ser64Cys,-0.0460247957049471
urn:mavedb:00000057-b-1#3039,,,p.Tyr63Cys,0.3464461916912304
urn:mavedb:00000057-b-1#3040,,,p.Glu62Cys,-0.172795869049621
urn:mavedb:00000057-b-1#3041,,,p.Glu61Cys,0.072161553258056
urn:mavedb:00000057-b-1#3042,,,p.Gln60Cys,0.3788230132848985
urn:mavedb:00000057-b-1#3043,,,p.Gly59Cys,0.0573407846026026
urn:mavedb:00000057-b-1#3044,,,p.Ala58Cys,0.0834982300989132
urn:mavedb:00000057-b-1#3045,,,p.Thr57Cys,-0.1375944427920538
urn:mavedb:00000057-b-1#3046,,,p.Asp56Cys,-0.2910282709319952
urn:mavedb:00000057-b-1#3047,,,p.Leu55Cys,-0.2773712318643978
urn:mavedb:00000057-b-1#3048,,,p.Ile54Cys,-0.1798377420244269
urn:mavedb:00000057-b-1#3049,,,p.Asp53Cys,-0.2732383345257321
urn:mavedb:00000057-b-1#3050,,,p.Leu52Cys,-0.1940393393864816
urn:mavedb:00000057-b-1#3051,,,p.Leu51Cys,-0.1616834035009426
urn:mavedb:00000057-b-1#3052,,,p.Cys50=,0.0
urn:mavedb:00000057-b-1#3053,,,p.Thr49Cys,-0.2484383749721691
urn:mavedb:00000057-b-1#3054,,,p.Glu48Cys,0.2021816015713544
urn:mavedb:00000057-b-1#3055,,,p.Gly47Cys,-0.2875885169772594
urn:mavedb:00000057-b-1#3056,,,p.Asp46Cys,-0.2251721717841656
urn:mavedb:00000057-b-1#3057,,,p.Ile45Cys,-0.146223935864349
urn:mavedb:00000057-b-1#3058,,,p.Val44Cys,-0.179302476345656
urn:mavedb:00000057-b-1#3059,,,p.Val43Cys,-0.2589037789993415
urn:mavedb:00000057-b-1#3060,,,p.Gln42Cys,-0.2689601072992409
urn:mavedb:00000057-b-1#3061,,,p.Lys41Cys,-0.0458108389505758
urn:mavedb:00000057-b-1#3062,,,p.Arg40Cys,-0.2636645823399501
urn:mavedb:00000057-b-1#3063,,,p.Tyr39Cys,-0.20806823190569
urn:mavedb:00000057-b-1#3064,,,p.Ser38Cys,-0.1171184422918713
urn:mavedb:00000057-b-1#3065,,,p.Asp37Cys,-0.4108533469289999
urn:mavedb:00000057-b-1#3066,,,p.Glu36Cys,-0.2348259991311709
urn:mavedb:00000057-b-1#3067,,,p.Ile35Cys,-0.1314609644570045
urn:mavedb:00000057-b-1#3068,,,p.Thr34Cys,-0.2723174235506457
urn:mavedb:00000057-b-1#3069,,,p.Pro33Cys,-0.1493980681888981
urn:mavedb:00000057-b-1#3070,,,p.Asp32Cys,-0.0421952288297151
urn:mavedb:00000057-b-1#3071,,,p.Tyr31Cys,-0.2146549166900962
urn:mavedb:00000057-b-1#3072,,,p.Glu30Cys,-0.0678264017139428
urn:mavedb:00000057-b-1#3073,,,p.Asp29Cys,-0.2417037036710286
urn:mavedb:00000057-b-1#3074,,,p.Val28Cys,-0.3405854833324841
urn:mavedb:00000057-b-1#3075,,,p.Phe27Cys,-0.1506047112428554
urn:mavedb:00000057-b-1#3076,,,p.His26Cys,-0.0897858723750713
urn:mavedb:00000057-b-1#3077,,,p.Asn25Cys,-0.2504585600013373
urn:mavedb:00000057-b-1#3078,,,p.Gln24Cys,-0.048300660080734
urn:mavedb:00000057-b-1#3079,,,p.Ile23Cys,-0.1339143059001455
urn:mavedb:00000057-b-1#3080,,,p.Leu22Cys,0.01007649404444
urn:mavedb:00000057-b-1#3081,,,p.Gln21Cys,-0.0478577731523676
urn:mavedb:00000057-b-1#3082,,,p.Ile20Cys,-0.1527778867525043
urn:mavedb:00000057-b-1#3083,,,p.Thr19Cys,-0.2857229936782114
urn:mavedb:00000057-b-1#3084,,,p.Leu18Cys,-0.1835695123887361
urn:mavedb:00000057-b-1#3085,,,p.Ala17Cys,-0.2303089016264908
urn:mavedb:00000057-b-1#3086,,,p.Ser16Cys,-0.4323744516038837
urn:mavedb:00000057-b-1#3087,,,p.Lys15Cys,-0.2090039336632466
urn:mavedb:00000057-b-1#3088,,,p.Gly14Cys,-0.3508960459158594
urn:mavedb:00000057-b-1#3089,,,p.Val13Cys,-0.0093390031924697
urn:mavedb:00000057-b-1#3090,,,p.Gly12Cys,0.4831430508876822
urn:mavedb:00000057-b-1#3091,,,p.Gly11Cys,0.197865116157159
urn:mavedb:00000057-b-1#3092,,,p.Ala10Cys,-0.1699470361594496
urn:mavedb:00000057-b-1#3093,,,p.Gly9Cys,-0.402873157628061
urn:mavedb:00000057-b-1#3094,,,p.Val8Cys,-0.1140368349990963
urn:mavedb:00000057-b-1#3095,,,p.Val7Cys,-0.0570155590139053
urn:mavedb:00000057-b-1#3096,,,p.Val6Cys,-0.0964521312302151
urn:mavedb:00000057-b-1#3097,,,p.Leu5Cys,-0.06130306322724
urn:mavedb:00000057-b-1#3098,,,p.Lys4Cys,-0.1511012017173974
urn:mavedb:00000057-b-1#3099,,,p.Tyr3Cys,-0.166465152849504
urn:mavedb:00000057-b-1#3100,,,p.Glu2Cys,-0.1312267651751029
urn:mavedb:00000057-b-1#3101,,,p.Thr1Cys,-0.257049362525938
urn:mavedb:00000057-b-1#3102,,,p.His165Ala,-0.1052207306837714
urn:mavedb:00000057-b-1#3103,,,p.Gln164Ala,-0.0435395869886592
urn:mavedb:00000057-b-1#3104,,,p.Arg163Ala,-0.0710731000388546
urn:mavedb:00000057-b-1#3105,,,p.Ile162Ala,-0.1886098018164103
urn:mavedb:00000057-b-1#3106,,,p.Glu161Ala,0.0181739914576388
urn:mavedb:00000057-b-1#3107,,,p.Arg160Ala,-0.0340831486036936
urn:mavedb:00000057-b-1#3108,,,p.Val159Ala,-0.1358146673470247
urn:mavedb:00000057-b-1#3109,,,p.Leu158Ala,-0.1816459112767251
urn:mavedb:00000057-b-1#3110,,,p.Thr157Ala,0.1860823272342768
urn:mavedb:00000057-b-1#3111,,,p.Tyr156Ala,0.0966465417771868
urn:mavedb:00000057-b-1#3112,,,p.Phe155Ala,-0.0881910329253111
urn:mavedb:00000057-b-1#3113,,,p.Ala154=,0.0
urn:mavedb:00000057-b-1#3114,,,p.Asp153Ala,-0.0709460569407777
urn:mavedb:00000057-b-1#3115,,,p.Glu152Ala,0.1231248493119879
urn:mavedb:00000057-b-1#3116,,,p.Val151Ala,0.1141910989154437
urn:mavedb:00000057-b-1#3117,,,p.Gly150Ala,-0.0796546884393959
urn:mavedb:00000057-b-1#3118,,,p.Gln149Ala,-0.1896800086249372
urn:mavedb:00000057-b-1#3119,,,p.Arg148Ala,-0.0855757512455654
urn:mavedb:00000057-b-1#3120,,,p.Thr147Ala,-0.0793681402347718
urn:mavedb:00000057-b-1#3121,,,p.Lys146Ala,0.1421368374555464
urn:mavedb:00000057-b-1#3122,,,p.Ala145=,0.0
urn:mavedb:00000057-b-1#3123,,,p.Ser144Ala,0.1998505508728504
urn:mavedb:00000057-b-1#3124,,,p.Thr143Ala,-0.0328184793172616
urn:mavedb:00000057-b-1#3125,,,p.Glu142Ala,-0.1189473679094615
urn:mavedb:00000057-b-1#3126,,,p.Ile141Ala,-0.1345026744527688
urn:mavedb:00000057-b-1#3127,,,p.Tyr140Ala,-0.0901386550506063
urn:mavedb:00000057-b-1#3128,,,p.Pro139Ala,-0.0938339096633709
urn:mavedb:00000057-b-1#3129,,,p.Ile138Ala,-0.1047139796843942
urn:mavedb:00000057-b-1#3130,,,p.Gly137Ala,-0.0903628432298477
urn:mavedb:00000057-b-1#3131,,,p.Tyr136Ala,-0.1197774538892991
urn:mavedb:00000057-b-1#3132,,,p.Ser135Ala,0.0347982017675185
urn:mavedb:00000057-b-1#3133,,,p.Arg134Ala,-0.0786576738834925
urn:mavedb:00000057-b-1#3134,,,p.Ala133=,0.0
urn:mavedb:00000057-b-1#3135,,,p.Leu132Ala,-0.0438006183455603
urn:mavedb:00000057-b-1#3136,,,p.Asp131Ala,-0.0398197732120091
urn:mavedb:00000057-b-1#3137,,,p.Gln130Ala,-0.1164852080273259
urn:mavedb:00000057-b-1#3138,,,p.Ala129=,0.0
urn:mavedb:00000057-b-1#3139,,,p.Gln128Ala,-0.0693609738871379
urn:mavedb:00000057-b-1#3140,,,p.Arg127Ala,0.3534873722891167
urn:mavedb:00000057-b-1#3141,,,p.Ser126Ala,-0.0109827426686014
urn:mavedb:00000057-b-1#3142,,,p.Glu125Ala,-0.1342069485302837
urn:mavedb:00000057-b-1#3143,,,p.Val124Ala,0.0137163800525536
urn:mavedb:00000057-b-1#3144,,,p.Thr123Ala,-0.109940549831861
urn:mavedb:00000057-b-1#3145,,,p.Arg122Ala,-0.0144648150792785
urn:mavedb:00000057-b-1#3146,,,p.Ala121=,0.0
urn:mavedb:00000057-b-1#3147,,,p.Ala120=,0.0
urn:mavedb:00000057-b-1#3148,,,p.Leu119Ala,0.1966624807544485
urn:mavedb:00000057-b-1#3149,,,p.Asp118Ala,-0.0546569499147951
urn:mavedb:00000057-b-1#3150,,,p.Cys117Ala,0.0071321302302669
urn:mavedb:00000057-b-1#3151,,,p.Lys116Ala,0.633540581223651
urn:mavedb:00000057-b-1#3152,,,p.Asn115Ala,0.070818933187061
urn:mavedb:00000057-b-1#3153,,,p.Gly114Ala,-0.0726981316305812
urn:mavedb:00000057-b-1#3154,,,p.Val113Ala,-0.0367381339081095
urn:mavedb:00000057-b-1#3155,,,p.Leu112Ala,-0.1538394232438539
urn:mavedb:00000057-b-1#3156,,,p.Val111Ala,-0.0572426752211643
urn:mavedb:00000057-b-1#3157,,,p.Met110Ala,-0.3075937936358236
urn:mavedb:00000057-b-1#3158,,,p.Pro109Ala,-0.1580873498873322
urn:mavedb:00000057-b-1#3159,,,p.Val108Ala,-0.2022057005548602
urn:mavedb:00000057-b-1#3160,,,p.Asp107Ala,-0.2175895496176992
urn:mavedb:00000057-b-1#3161,,,p.Asp106Ala,-0.2926254749983063
urn:mavedb:00000057-b-1#3162,,,p.Ser105Ala,-0.2522000839643158
urn:mavedb:00000057-b-1#3163,,,p.Asp104Ala,-0.1287313110115504
urn:mavedb:00000057-b-1#3164,,,p.Lys103Ala,-0.2038951441373986
urn:mavedb:00000057-b-1#3165,,,p.Val102Ala,-0.166855154145932
urn:mavedb:00000057-b-1#3166,,,p.Arg101Ala,-0.2281786998398517
urn:mavedb:00000057-b-1#3167,,,p.Lys100Ala,-0.0909998533024994
urn:mavedb:00000057-b-1#3168,,,p.Ile99Ala,-0.2236114712041703
urn:mavedb:00000057-b-1#3169,,,p.Gln98Ala,-0.1774732997547906
urn:mavedb:00000057-b-1#3170,,,p.Glu97Ala,-0.1620294374359397
urn:mavedb:00000057-b-1#3171,,,p.Arg96Ala,-0.1665565838899562
urn:mavedb:00000057-b-1#3172,,,p.Tyr95Ala,-0.123210914091943
urn:mavedb:00000057-b-1#3173,,,p.Gln94Ala,-0.102016336992211
urn:mavedb:00000057-b-1#3174,,,p.His93Ala,-0.0902530976579918
urn:mavedb:00000057-b-1#3175,,,p.Ile92Ala,-0.0906995299628188
urn:mavedb:00000057-b-1#3176,,,p.Asp91Ala,-0.1471577433939546
urn:mavedb:00000057-b-1#3177,,,p.Glu90Ala,-0.1485559703919001
urn:mavedb:00000057-b-1#3178,,,p.Phe89Ala,-0.1693923172178584
urn:mavedb:00000057-b-1#3179,,,p.Ser88Ala,-0.1846681024848934
urn:mavedb:00000057-b-1#3180,,,p.Lys87Ala,-0.242637667249071
urn:mavedb:00000057-b-1#3181,,,p.Thr86Ala,-0.0837939018724628
urn:mavedb:00000057-b-1#3182,,,p.Asn85Ala,-0.2315835087489417
urn:mavedb:00000057-b-1#3183,,,p.Asn84Ala,-0.0872819876464038
urn:mavedb:00000057-b-1#3184,,,p.Ile83Ala,0.0037837617681575
urn:mavedb:00000057-b-1#3185,,,p.Ala82=,0.0
urn:mavedb:00000057-b-1#3186,,,p.Phe81Ala,-0.183956937713014
urn:mavedb:00000057-b-1#3187,,,p.Val80Ala,-0.2077473645873845
urn:mavedb:00000057-b-1#3188,,,p.Cys79Ala,-0.1423720846847371
urn:mavedb:00000057-b-1#3189,,,p.Leu78Ala,-0.2094037063365951
urn:mavedb:00000057-b-1#3190,,,p.Phe77Ala,-0.2530432920611685
urn:mavedb:00000057-b-1#3191,,,p.Gly76Ala,-0.0652937822791826
urn:mavedb:00000057-b-1#3192,,,p.Glu75Ala,-0.2131846991724166
urn:mavedb:00000057-b-1#3193,,,p.Gly74Ala,-0.2080462554722584
urn:mavedb:00000057-b-1#3194,,,p.Thr73Ala,-0.1382552194480688
urn:mavedb:00000057-b-1#3195,,,p.Arg72Ala,-0.0654438276776283
urn:mavedb:00000057-b-1#3196,,,p.Met71Ala,-0.2542817733273221
urn:mavedb:00000057-b-1#3197,,,p.Tyr70Ala,-0.242391295283856
urn:mavedb:00000057-b-1#3198,,,p.Gln69Ala,-0.1587337106474493
urn:mavedb:00000057-b-1#3199,,,p.Asp68Ala,-0.1782877469302482
urn:mavedb:00000057-b-1#3200,,,p.Arg67Ala,-0.0400454985158029
urn:mavedb:00000057-b-1#3201,,,p.Met66Ala,0.0973011790919038
urn:mavedb:00000057-b-1#3202,,,p.Ala65=,0.0
urn:mavedb:00000057-b-1#3203,,,p.Ser64Ala,-0.293920776402246
urn:mavedb:00000057-b-1#3204,,,p.Tyr63Ala,0.2313512850545096
urn:mavedb:00000057-b-1#3205,,,p.Glu62Ala,-0.1207260852894383
urn:mavedb:00000057-b-1#3206,,,p.Glu61Ala,-0.0676968866307025
urn:mavedb:00000057-b-1#3207,,,p.Gln60Ala,0.4362220221010679
urn:mavedb:00000057-b-1#3208,,,p.Gly59Ala,-0.0159428390524452
urn:mavedb:00000057-b-1#3209,,,p.Ala58=,0.0
urn:mavedb:00000057-b-1#3210,,,p.Thr57Ala,-0.1278139324249521
urn:mavedb:00000057-b-1#3211,,,p.Asp56Ala,-0.3746097226170142
urn:mavedb:00000057-b-1#3212,,,p.Leu55Ala,-0.0905801782940117
urn:mavedb:00000057-b-1#3213,,,p.Ile54Ala,-0.0941516937000806
urn:mavedb:00000057-b-1#3214,,,p.Asp53Ala,-0.2051252297008733
urn:mavedb:00000057-b-1#3215,,,p.Leu52Ala,-0.0545622926956797
urn:mavedb:00000057-b-1#3216,,,p.Leu51Ala,-0.3275296953762683
urn:mavedb:00000057-b-1#3217,,,p.Cys50Ala,-0.2463723998443746
urn:mavedb:00000057-b-1#3218,,,p.Thr49Ala,-0.1907982981448996
urn:mavedb:00000057-b-1#3219,,,p.Glu48Ala,-0.2608963487766351
urn:mavedb:00000057-b-1#3220,,,p.Gly47Ala,-0.2306993786093335
urn:mavedb:00000057-b-1#3221,,,p.Asp46Ala,-0.1395163371061278
urn:mavedb:00000057-b-1#3222,,,p.Ile45Ala,-0.1464628184134146
urn:mavedb:00000057-b-1#3223,,,p.Val44Ala,-0.2177676492510887
urn:mavedb:00000057-b-1#3224,,,p.Val43Ala,-0.1754510728451088
urn:mavedb:00000057-b-1#3225,,,p.Asp153Phe,0.0411589729226801
urn:mavedb:00000057-b-1#3226,,,p.Glu152Phe,0.0319138774225405
urn:mavedb:00000057-b-1#3227,,,p.Val151Phe,0.1425052378662572
urn:mavedb:00000057-b-1#3228,,,p.Gly74Asp,-0.2612357647048348
urn:mavedb:00000057-b-1#3229,,,p.Thr73Asp,-0.2111075350078954
urn:mavedb:00000057-b-1#3230,,,p.Arg72Asp,-0.1024691185823763
urn:mavedb:00000057-b-1#3231,,,p.Met71Asp,0.1894854474557172
urn:mavedb:00000057-b-1#3232,,,p.Tyr70Asp,0.0871514644562541
urn:mavedb:00000057-b-1#3233,,,p.Gln69Asp,-0.1560872604976342
urn:mavedb:00000057-b-1#3234,,,p.Asp68=,0.0
urn:mavedb:00000057-b-1#3235,,,p.Arg67Asp,0.4316413300188526
urn:mavedb:00000057-b-1#3236,,,p.Met66Asp,0.2642650284542125
urn:mavedb:00000057-b-1#3237,,,p.Ala65Asp,-0.2420456301720931
urn:mavedb:00000057-b-1#3238,,,p.Ser64Asp,-0.0976859571821548
urn:mavedb:00000057-b-1#3239,,,p.Tyr63Asp,0.2714532811279159
urn:mavedb:00000057-b-1#3240,,,p.Glu62Asp,-0.031979054946638
urn:mavedb:00000057-b-1#3241,,,p.Glu61Asp,-0.1565832386469289
urn:mavedb:00000057-b-1#3242,,,p.Gln60Asp,0.3816891939568178
urn:mavedb:00000057-b-1#3243,,,p.Gly59Asp,-0.1319090997405805
urn:mavedb:00000057-b-1#3244,,,p.Ala58Asp,-0.0625977931485869
urn:mavedb:00000057-b-1#3245,,,p.Thr57Asp,-0.185800944620699
urn:mavedb:00000057-b-1#3246,,,p.Asp56=,0.0
urn:mavedb:00000057-b-1#3247,,,p.Leu55Asp,0.3643059470326434
urn:mavedb:00000057-b-1#3248,,,p.Ile54Asp,-0.3736617252836441
urn:mavedb:00000057-b-1#3249,,,p.Asp53=,0.0
urn:mavedb:00000057-b-1#3250,,,p.Leu52Asp,-0.4521036142308136
urn:mavedb:00000057-b-1#3251,,,p.Leu51Asp,-0.0751650895385279
urn:mavedb:00000057-b-1#3252,,,p.Cys50Asp,-0.1112948718689339
urn:mavedb:00000057-b-1#3253,,,p.Thr49Asp,-0.2941327428500197
urn:mavedb:00000057-b-1#3254,,,p.Glu48Asp,-0.3027090159836675
urn:mavedb:00000057-b-1#3255,,,p.Gly47Asp,-0.211542633743934
urn:mavedb:00000057-b-1#3256,,,p.Asp46=,0.0
urn:mavedb:00000057-b-1#3257,,,p.Ile45Asp,-0.1017268169777686
urn:mavedb:00000057-b-1#3258,,,p.Val44Asp,-0.1428303005928595
urn:mavedb:00000057-b-1#3259,,,p.Gln42Ala,-0.2877360425890102
urn:mavedb:00000057-b-1#3260,,,p.Lys41Ala,0.0180321141976857
urn:mavedb:00000057-b-1#3261,,,p.Arg40Ala,-0.278944841996102
urn:mavedb:00000057-b-1#3262,,,p.Tyr39Ala,-0.2140014850392573
urn:mavedb:00000057-b-1#3263,,,p.Ser38Ala,-0.3168694551900702
urn:mavedb:00000057-b-1#3264,,,p.Asp37Ala,-0.2779909494301286
urn:mavedb:00000057-b-1#3265,,,p.Glu36Ala,-0.2390200807993223
urn:mavedb:00000057-b-1#3266,,,p.Ile35Ala,-0.1671105247185289
urn:mavedb:00000057-b-1#3267,,,p.Thr34Ala,-0.3071278141668961
urn:mavedb:00000057-b-1#3268,,,p.Pro33Ala,0.1079799890893642
urn:mavedb:00000057-b-1#3269,,,p.Asp32Ala,-0.0364030485848334
urn:mavedb:00000057-b-1#3270,,,p.Tyr31Ala,-0.2139261015527438
urn:mavedb:00000057-b-1#3271,,,p.Glu30Ala,-0.1306011179096127
urn:mavedb:00000057-b-1#3272,,,p.Asp29Ala,-0.2409101803261578
urn:mavedb:00000057-b-1#3273,,,p.Val28Ala,-0.2513682260819864
urn:mavedb:00000057-b-1#3274,,,p.Phe27Ala,-0.1791100144847768
urn:mavedb:00000057-b-1#3275,,,p.His26Ala,-0.3202985869122483
urn:mavedb:00000057-b-1#3276,,,p.Asn25Ala,-0.2428113898696629
urn:mavedb:00000057-b-1#3277,,,p.Gln24Ala,0.0056978916920222
urn:mavedb:00000057-b-1#3278,,,p.Ile23Ala,-0.1183212211991486
urn:mavedb:00000057-b-1#3279,,,p.Leu22Ala,0.0762269674609594
urn:mavedb:00000057-b-1#3280,,,p.Gln21Ala,-0.0610992983897972
urn:mavedb:00000057-b-1#3281,,,p.Ile20Ala,-0.3423516247930484
urn:mavedb:00000057-b-1#3282,,,p.Thr19Ala,-0.0185074912236828
urn:mavedb:00000057-b-1#3283,,,p.Leu18Ala,-0.2671607036912889
urn:mavedb:00000057-b-1#3284,,,p.Ala17=,0.0
urn:mavedb:00000057-b-1#3285,,,p.Ser16Ala,-0.4320199444960506
urn:mavedb:00000057-b-1#3286,,,p.Lys15Ala,-0.262401748311641
urn:mavedb:00000057-b-1#3287,,,p.Gly14Ala,-0.3508093707710853
urn:mavedb:00000057-b-1#3288,,,p.Val13Ala,-0.1706414422228404
urn:mavedb:00000057-b-1#3289,,,p.Gly12Ala,0.1623644246037597
urn:mavedb:00000057-b-1#3290,,,p.Gly11Ala,0.3972963413751896
urn:mavedb:00000057-b-1#3291,,,p.Ala10=,0.0
urn:mavedb:00000057-b-1#3292,,,p.Gly9Ala,-0.1981497793147284
urn:mavedb:00000057-b-1#3293,,,p.Val8Ala,-0.2760666785617767
urn:mavedb:00000057-b-1#3294,,,p.Val7Ala,-0.0654672773710168
urn:mavedb:00000057-b-1#3295,,,p.Val6Ala,-0.2325299289704007
urn:mavedb:00000057-b-1#3296,,,p.Leu5Ala,-0.3286154949711327
urn:mavedb:00000057-b-1#3297,,,p.Lys4Ala,-0.1266373281347834
urn:mavedb:00000057-b-1#3298,,,p.Tyr3Ala,-0.2407253942950538
urn:mavedb:00000057-b-1#3299,,,p.Glu2Ala,-0.2422196379630747
urn:mavedb:00000057-b-1#3300,,,p.Thr1Ala,-0.2240994474860732
