accession,hgvs_nt,hgvs_splice,hgvs_pro,score
urn:mavedb:00000057-d-1#1,,,p.[Gly11Val;His165Tyr],0.0204889014821977
urn:mavedb:00000057-d-1#2,,,p.[Gly11Val;Gln164Tyr],-0.1561041457778896
urn:mavedb:00000057-d-1#3,,,p.[Gly11Val;Arg163Tyr],-0.1783856316793403
urn:mavedb:00000057-d-1#4,,,p.[Gly11Val;Ile162Tyr],-0.1010142515350158
urn:mavedb:00000057-d-1#5,,,p.[Gly11Val;Glu161Tyr],-0.057993379507426
urn:mavedb:00000057-d-1#6,,,p.[Gly11Val;Arg160Tyr],-0.0752025282935665
urn:mavedb:00000057-d-1#7,,,p.[Gly11Val;Val159Tyr],-0.1986700899425379
urn:mavedb:00000057-d-1#8,,,p.[Gly11Val;Leu158Tyr],-0.2679564213252067
urn:mavedb:00000057-d-1#9,,,p.[Gly11Val;Thr157Tyr],-0.0363889533186491
urn:mavedb:00000057-d-1#10,,,p.[Gly11Val;Tyr156=],0.0
urn:mavedb:00000057-d-1#11,,,p.[Gly11Val;Phe155Tyr],-0.1160633854612645
urn:mavedb:00000057-d-1#12,,,p.[Gly11Val;Ala154Tyr],-0.1788305578633238
urn:mavedb:00000057-d-1#13,,,p.[Gly11Val;Asp153Tyr],-0.1471662229293964
urn:mavedb:00000057-d-1#14,,,p.[Gly11Val;Glu152Tyr],0.0053259169714873
urn:mavedb:00000057-d-1#15,,,p.[Gly11Val;Val151Tyr],-0.0209725603004325
urn:mavedb:00000057-d-1#16,,,p.[Gly11Val;Gly150Tyr],-0.137046890149369
urn:mavedb:00000057-d-1#17,,,p.[Gly11Val;Gln149Tyr],-0.0829353883038952
urn:mavedb:00000057-d-1#18,,,p.[Gly11Val;Arg148Tyr],-0.0170253327128136
urn:mavedb:00000057-d-1#19,,,p.[Gly11Val;Thr147Tyr],-0.0930086681484594
urn:mavedb:00000057-d-1#20,,,p.[Gly11Val;Lys146Tyr],0.0079137137487301
urn:mavedb:00000057-d-1#21,,,p.[Gly11Val;Ala145Tyr],-0.2681200937657197
urn:mavedb:00000057-d-1#22,,,p.[Gly11Val;Ser144Tyr],-0.0313306409162534
urn:mavedb:00000057-d-1#23,,,p.[Gly11Val;Thr143Tyr],-0.3143391582281106
urn:mavedb:00000057-d-1#24,,,p.[Gly11Val;Glu142Tyr],-0.2303630372897813
urn:mavedb:00000057-d-1#25,,,p.[Gly11Val;Ile141Tyr],-0.0934845110215118
urn:mavedb:00000057-d-1#26,,,p.[Gly11Val;Tyr140=],0.0
urn:mavedb:00000057-d-1#27,,,p.[Gly11Val;Pro139Tyr],-0.1742977260788666
urn:mavedb:00000057-d-1#28,,,p.[Gly11Val;Ile138Tyr],-0.3550377784498543
urn:mavedb:00000057-d-1#29,,,p.[Gly11Val;Gly137Tyr],-0.0535102363750149
urn:mavedb:00000057-d-1#30,,,p.[Gly11Val;Tyr136=],0.0
urn:mavedb:00000057-d-1#31,,,p.[Gly11Val;Ser135Tyr],0.0274805517844327
urn:mavedb:00000057-d-1#32,,,p.[Gly11Val;Arg134Tyr],-0.1253912336600937
urn:mavedb:00000057-d-1#33,,,p.[Gly11Val;Ala133Tyr],-0.2207876412925012
urn:mavedb:00000057-d-1#34,,,p.[Gly11Val;Leu132Tyr],-0.0426534548480657
urn:mavedb:00000057-d-1#35,,,p.[Gly11Val;Asp131Tyr],-0.0249630561606461
urn:mavedb:00000057-d-1#36,,,p.[Gly11Val;Gln130Tyr],-0.0338614985779109
urn:mavedb:00000057-d-1#37,,,p.[Gly11Val;Ala129Tyr],-0.1221495318469444
urn:mavedb:00000057-d-1#38,,,p.[Gly11Val;Gln128Tyr],-0.0405718409899864
urn:mavedb:00000057-d-1#39,,,p.[Gly11Val;Arg127Tyr],-0.0441597865239232
urn:mavedb:00000057-d-1#40,,,p.[Gly11Val;Ser126Tyr],0.0135033684900205
urn:mavedb:00000057-d-1#41,,,p.[Gly11Val;Glu125Tyr],0.04299534508185
urn:mavedb:00000057-d-1#42,,,p.[Gly11Val;Val124Tyr],-0.094661791204754
urn:mavedb:00000057-d-1#43,,,p.[Gly11Val;Thr123Tyr],-0.118842406695108
urn:mavedb:00000057-d-1#44,,,p.[Gly11Val;Arg122Tyr],-0.0779820318116984
urn:mavedb:00000057-d-1#45,,,p.[Gly11Val;Ala121Tyr],-0.0746061327870747
urn:mavedb:00000057-d-1#46,,,p.[Gly11Val;Ala120Tyr],-0.209861186337693
urn:mavedb:00000057-d-1#47,,,p.[Gly11Val;Leu119Tyr],-0.0277819297470563
urn:mavedb:00000057-d-1#48,,,p.[Gly11Val;Asp118Tyr],-0.2369565177317413
urn:mavedb:00000057-d-1#49,,,p.[Gly11Val;Cys117Tyr],-0.0928789689767256
urn:mavedb:00000057-d-1#50,,,p.[Gly11Val;Lys116Tyr],-0.0347537936870706
urn:mavedb:00000057-d-1#51,,,p.[Gly11Val;Asn115Tyr],-0.1875968793679229
urn:mavedb:00000057-d-1#52,,,p.[Gly11Val;Gly114Tyr],-0.1509065371243086
urn:mavedb:00000057-d-1#53,,,p.[Gly11Val;Val113Tyr],-0.1978329062655031
urn:mavedb:00000057-d-1#54,,,p.[Gly11Val;Leu112Tyr],-0.2078968800535404
urn:mavedb:00000057-d-1#55,,,p.[Gly11Val;Val111Tyr],-0.1650282780751137
urn:mavedb:00000057-d-1#56,,,p.[Gly11Val;Met110Tyr],-0.2845016230545839
urn:mavedb:00000057-d-1#57,,,p.[Gly11Val;Pro109Tyr],-0.1209408396327454
urn:mavedb:00000057-d-1#58,,,p.[Gly11Val;Val108Tyr],-0.1287481345035371
urn:mavedb:00000057-d-1#59,,,p.[Gly11Val;Asp107Tyr],0.0002553482983757
urn:mavedb:00000057-d-1#60,,,p.[Gly11Val;Asp106Tyr],0.0253722493751569
urn:mavedb:00000057-d-1#61,,,p.[Gly11Val;Ser105Tyr],-0.0847425175848718
urn:mavedb:00000057-d-1#62,,,p.[Gly11Val;Asp104Tyr],-0.1394076666081922
urn:mavedb:00000057-d-1#63,,,p.[Gly11Val;Lys103Tyr],-0.1324471041909181
urn:mavedb:00000057-d-1#64,,,p.[Gly11Val;Val102Tyr],-0.0412504845305593
urn:mavedb:00000057-d-1#65,,,p.[Gly11Val;Arg101Tyr],-0.2040437525398456
urn:mavedb:00000057-d-1#66,,,p.[Gly11Val;Lys100Tyr],-0.1371647343752558
urn:mavedb:00000057-d-1#67,,,p.[Gly11Val;Ile99Tyr],-0.1548423440446942
urn:mavedb:00000057-d-1#68,,,p.[Gly11Val;Gln98Tyr],-0.2052261185705295
urn:mavedb:00000057-d-1#69,,,p.[Gly11Val;Glu97Tyr],-0.096023981970945
urn:mavedb:00000057-d-1#70,,,p.[Gly11Val;Arg96Tyr],0.1289185983395934
urn:mavedb:00000057-d-1#71,,,p.[Gly11Val;Tyr95=],0.0
urn:mavedb:00000057-d-1#72,,,p.[Gly11Val;Gln94Tyr],-0.0226423086668735
urn:mavedb:00000057-d-1#73,,,p.[Gly11Val;His93Tyr],-0.0408674481578724
urn:mavedb:00000057-d-1#74,,,p.[Gly11Val;Ile92Tyr],-0.1546234627145824
urn:mavedb:00000057-d-1#75,,,p.[Gly11Val;Asp91Tyr],-0.0893042683617063
urn:mavedb:00000057-d-1#76,,,p.[Gly11Val;Glu90Tyr],-0.0149198410798905
urn:mavedb:00000057-d-1#77,,,p.[Gly11Val;Phe89Tyr],-0.0222570057500984
urn:mavedb:00000057-d-1#78,,,p.[Gly11Val;Ser88Tyr],-0.0605515641222585
urn:mavedb:00000057-d-1#79,,,p.[Gly11Val;Lys87Tyr],-0.1391539454858747
urn:mavedb:00000057-d-1#80,,,p.[Gly11Val;Thr86Tyr],0.0066829352463097
urn:mavedb:00000057-d-1#81,,,p.[Gly11Val;Asn85Tyr],-0.1974121513275761
urn:mavedb:00000057-d-1#82,,,p.[Gly11Val;Asn84Tyr],-0.1587085718384762
urn:mavedb:00000057-d-1#83,,,p.[Gly11Val;Ile83Tyr],0.1497080985821666
urn:mavedb:00000057-d-1#84,,,p.[Gly11Val;Ala82Tyr],-0.0650765515839143
urn:mavedb:00000057-d-1#85,,,p.[Gly11Val;Phe81Tyr],-0.028619936328675
urn:mavedb:00000057-d-1#86,,,p.[Gly11Val;Val80Tyr],-0.0769959199010966
urn:mavedb:00000057-d-1#87,,,p.[Gly11Val;Cys79Tyr],-0.1417039706975718
urn:mavedb:00000057-d-1#88,,,p.[Gly11Val;Leu78Tyr],-0.0615674028145123
urn:mavedb:00000057-d-1#89,,,p.[Gly11Val;Phe77Tyr],-0.0451409372436989
urn:mavedb:00000057-d-1#90,,,p.[Gly11Val;Gly76Tyr],-0.1117107494716571
urn:mavedb:00000057-d-1#91,,,p.[Gly11Val;Glu75Tyr],-0.0911403120722449
urn:mavedb:00000057-d-1#92,,,p.[Gly11Val;Gly74Tyr],-0.0836366147952574
urn:mavedb:00000057-d-1#93,,,p.[Gly11Val;Thr73Tyr],-0.0277743460219489
urn:mavedb:00000057-d-1#94,,,p.[Gly11Val;Arg72Tyr],-0.1615911803385108
urn:mavedb:00000057-d-1#95,,,p.[Gly11Val;Met71Tyr],0.0292341100459934
urn:mavedb:00000057-d-1#96,,,p.[Gly11Val;Tyr70=],0.0
urn:mavedb:00000057-d-1#97,,,p.[Gly11Val;Gln69Tyr],-0.0465378581485956
urn:mavedb:00000057-d-1#98,,,p.[Gly11Val;Asp68Tyr],-0.162968115627649
urn:mavedb:00000057-d-1#99,,,p.[Gly11Val;Arg67Tyr],0.0202125192367254
urn:mavedb:00000057-d-1#100,,,p.[Gly11Val;Met66Tyr],-0.1020259005006166
urn:mavedb:00000057-d-1#101,,,p.[Gly11Val;Ala65Tyr],-0.1435132536367698
urn:mavedb:00000057-d-1#102,,,p.[Gly11Val;Ser64Tyr],-0.1311838851102531
urn:mavedb:00000057-d-1#103,,,p.[Gly11Val;Tyr63=],0.0
urn:mavedb:00000057-d-1#104,,,p.[Gly11Val;Glu62Tyr],0.0146398115781463
urn:mavedb:00000057-d-1#105,,,p.[Gly11Val;Glu61Tyr],-0.0897142035574967
urn:mavedb:00000057-d-1#106,,,p.[Gly11Val;Gln60Tyr],-0.1082425640664016
urn:mavedb:00000057-d-1#107,,,p.[Gly11Val;Gly59Tyr],-0.2288575840768598
urn:mavedb:00000057-d-1#108,,,p.[Gly11Val;Ala58Tyr],-0.2701537997075113
urn:mavedb:00000057-d-1#109,,,p.[Gly11Val;Thr57Tyr],-0.14863336652804
urn:mavedb:00000057-d-1#110,,,p.[Gly11Val;Asp56Tyr],-0.2974493541854124
urn:mavedb:00000057-d-1#111,,,p.[Gly11Val;Leu55Tyr],0.0032596709226091
urn:mavedb:00000057-d-1#112,,,p.[Gly11Val;Ile54Tyr],-0.1487200270243157
urn:mavedb:00000057-d-1#113,,,p.[Gly11Val;Asp53Tyr],-0.1163771088390828
urn:mavedb:00000057-d-1#114,,,p.[Gly11Val;Leu52Tyr],-0.0941702968181584
urn:mavedb:00000057-d-1#115,,,p.[Gly11Val;Leu51Tyr],0.0434001088442758
urn:mavedb:00000057-d-1#116,,,p.[Gly11Val;Cys50Tyr],0.0095028741681411
urn:mavedb:00000057-d-1#117,,,p.[Gly11Val;Thr49Tyr],0.0130223600997332
urn:mavedb:00000057-d-1#118,,,p.[Gly11Val;Glu48Tyr],-0.0567005971935967
urn:mavedb:00000057-d-1#119,,,p.[Gly11Val;Gly47Tyr],-0.0785029123984929
urn:mavedb:00000057-d-1#120,,,p.[Gly11Val;Asp46Tyr],0.0442356933746449
urn:mavedb:00000057-d-1#121,,,p.[Gly11Val;Ile45Tyr],0.0708814588207467
urn:mavedb:00000057-d-1#122,,,p.[Gly11Val;Val44Tyr],-0.0043289306777838
urn:mavedb:00000057-d-1#123,,,p.[Gly11Val;Val43Tyr],0.0707052667039487
urn:mavedb:00000057-d-1#124,,,p.[Gly11Val;Gln42Tyr],0.0492683915401173
urn:mavedb:00000057-d-1#125,,,p.[Gly11Val;Lys41Tyr],-0.0337249086138913
urn:mavedb:00000057-d-1#126,,,p.[Gly11Val;Arg40Tyr],-0.0600356528212623
urn:mavedb:00000057-d-1#127,,,p.[Gly11Val;Tyr39=],0.0
urn:mavedb:00000057-d-1#128,,,p.[Gly11Val;Ser38Tyr],0.0059513654195949
urn:mavedb:00000057-d-1#129,,,p.[Gly11Val;Asp37Tyr],-0.1561596771724082
urn:mavedb:00000057-d-1#130,,,p.[Gly11Val;Glu36Tyr],-0.0595931553463734
urn:mavedb:00000057-d-1#131,,,p.[Gly11Val;Ile35Tyr],-0.0099522966235682
urn:mavedb:00000057-d-1#132,,,p.[Gly11Val;Thr34Tyr],-0.1321673982687839
urn:mavedb:00000057-d-1#133,,,p.[Gly11Val;Pro33Tyr],-0.188165271445628
urn:mavedb:00000057-d-1#134,,,p.[Gly11Val;Asp32Tyr],0.0060016141054971
urn:mavedb:00000057-d-1#135,,,p.[Gly11Val;Tyr31=],0.0
urn:mavedb:00000057-d-1#136,,,p.[Gly11Val;Glu30Tyr],-0.0828327350506098
urn:mavedb:00000057-d-1#137,,,p.[Gly11Val;Asp29Tyr],0.0237415377343223
urn:mavedb:00000057-d-1#138,,,p.[Gly11Val;Val28Tyr],0.0326154430934892
urn:mavedb:00000057-d-1#139,,,p.[Gly11Val;Phe27Tyr],0.0117094550678267
urn:mavedb:00000057-d-1#140,,,p.[Gly11Val;His26Tyr],0.1949603629307439
urn:mavedb:00000057-d-1#141,,,p.[Gly11Val;Asn25Tyr],-0.1130202262218462
urn:mavedb:00000057-d-1#142,,,p.[Gly11Val;Gln24Tyr],-0.0754447679770855
urn:mavedb:00000057-d-1#143,,,p.[Gly11Val;Ile23Tyr],0.0048412372460254
urn:mavedb:00000057-d-1#144,,,p.[Gly11Val;Leu22Tyr],0.0053767076964926
urn:mavedb:00000057-d-1#145,,,p.[Gly11Val;Gln21Tyr],-0.1003954902119978
urn:mavedb:00000057-d-1#146,,,p.[Gly11Val;Ile20Tyr],-0.0206586271984743
urn:mavedb:00000057-d-1#147,,,p.[Gly11Val;Thr19Tyr],-0.2323638720145545
urn:mavedb:00000057-d-1#148,,,p.[Gly11Val;Leu18Tyr],-0.1754149024274882
urn:mavedb:00000057-d-1#149,,,p.[Gly11Val;Ala17Tyr],-0.2544155873214745
urn:mavedb:00000057-d-1#150,,,p.[Gly11Val;Ser16Tyr],-0.2379554030004644
urn:mavedb:00000057-d-1#151,,,p.[Gly11Val;Lys15Tyr],-0.1777704737701863
urn:mavedb:00000057-d-1#152,,,p.[Gly11Val;Gly14Tyr],-0.3136039978754311
urn:mavedb:00000057-d-1#153,,,p.[Gly11Val;Val13Tyr],-0.256244963267928
urn:mavedb:00000057-d-1#154,,,p.[Gly11Val;Gly12Tyr],-0.0104533710702838
urn:mavedb:00000057-d-1#155,,,p.Gly11Tyr,0.0
urn:mavedb:00000057-d-1#156,,,p.[Ala10Tyr;Gly11Val],-0.1128235846119575
urn:mavedb:00000057-d-1#157,,,p.[Gly9Tyr;Gly11Val],-0.29722862245137
urn:mavedb:00000057-d-1#158,,,p.[Val8Tyr;Gly11Val],-0.030137481173177
urn:mavedb:00000057-d-1#159,,,p.[Val7Tyr;Gly11Val],-0.1411562570446058
urn:mavedb:00000057-d-1#160,,,p.[Val6Tyr;Gly11Val],-0.0815975044451567
urn:mavedb:00000057-d-1#161,,,p.[Leu5Tyr;Gly11Val],-0.168840811708457
urn:mavedb:00000057-d-1#162,,,p.[Lys4Tyr;Gly11Val],-0.1300344720567268
urn:mavedb:00000057-d-1#163,,,p.[Tyr3=;Gly11Val],0.0
urn:mavedb:00000057-d-1#164,,,p.[Glu2Tyr;Gly11Val],-0.0668033201591353
urn:mavedb:00000057-d-1#165,,,p.[Thr1Tyr;Gly11Val],-0.0041058787658708
urn:mavedb:00000057-d-1#166,,,p.[Gly11Val;His165Trp],0.027067453132338
urn:mavedb:00000057-d-1#167,,,p.[Gly11Val;Gln164Trp],-0.1001452261005639
urn:mavedb:00000057-d-1#168,,,p.[Gly11Val;Arg163Trp],-0.1172640898632873
urn:mavedb:00000057-d-1#169,,,p.[Gly11Val;Ile162Trp],-0.1522134691730357
urn:mavedb:00000057-d-1#170,,,p.[Gly11Val;Glu161Trp],0.0249514629151444
urn:mavedb:00000057-d-1#171,,,p.[Gly11Val;Arg160Trp],-0.0542595551869448
urn:mavedb:00000057-d-1#172,,,p.[Gly11Val;Val159Trp],-0.0788886251956206
urn:mavedb:00000057-d-1#173,,,p.[Gly11Val;Leu158Trp],-0.1433712375639973
urn:mavedb:00000057-d-1#174,,,p.[Gly11Val;Thr157Trp],0.0064578169621578
urn:mavedb:00000057-d-1#175,,,p.[Gly11Val;Tyr156Trp],-0.011174109128214
urn:mavedb:00000057-d-1#176,,,p.[Gly11Val;Phe155Trp],-0.0248651105887762
urn:mavedb:00000057-d-1#177,,,p.[Gly11Val;Ala154Trp],-0.2540506584107787
urn:mavedb:00000057-d-1#178,,,p.[Gly11Val;Asp153Trp],-0.1341920492937078
urn:mavedb:00000057-d-1#179,,,p.[Gly11Val;Glu152Trp],-0.0176038248268725
urn:mavedb:00000057-d-1#180,,,p.[Gly11Val;Val151Trp],-0.0201271953360692
urn:mavedb:00000057-d-1#181,,,p.[Gly11Val;Gly150Trp],-0.1312224126590109
urn:mavedb:00000057-d-1#182,,,p.[Gly11Val;Gln149Trp],-0.0529786700781592
urn:mavedb:00000057-d-1#183,,,p.[Gly11Val;Arg148Trp],-0.0315881362829965
urn:mavedb:00000057-d-1#184,,,p.[Gly11Val;Thr147Trp],0.0263013584767685
urn:mavedb:00000057-d-1#185,,,p.[Gly11Val;Lys146Trp],0.0286833295160204
urn:mavedb:00000057-d-1#186,,,p.[Gly11Val;Ala145Trp],-0.2312233629792145
urn:mavedb:00000057-d-1#187,,,p.[Gly11Val;Ser144Trp],-0.2286319956526983
urn:mavedb:00000057-d-1#188,,,p.[Gly11Val;Thr143Trp],-0.2129699763056277
urn:mavedb:00000057-d-1#189,,,p.[Gly11Val;Glu142Trp],-0.1042607301732945
urn:mavedb:00000057-d-1#190,,,p.[Gly11Val;Ile141Trp],-0.1538784010269251
urn:mavedb:00000057-d-1#191,,,p.[Gly11Val;Tyr140Trp],-0.1697554836017319
urn:mavedb:00000057-d-1#192,,,p.[Gly11Val;Pro139Trp],-0.2041804626324266
urn:mavedb:00000057-d-1#193,,,p.[Gly11Val;Ile138Trp],-0.0932105053561372
urn:mavedb:00000057-d-1#194,,,p.[Gly11Val;Gly137Trp],-0.0330396595175701
urn:mavedb:00000057-d-1#195,,,p.[Gly11Val;Tyr136Trp],0.0405185922046952
urn:mavedb:00000057-d-1#196,,,p.[Gly11Val;Ser135Trp],-0.1854328254198616
urn:mavedb:00000057-d-1#197,,,p.[Gly11Val;Arg134Trp],-0.103200188668669
urn:mavedb:00000057-d-1#198,,,p.[Gly11Val;Ala133Trp],-0.2828889330764608
urn:mavedb:00000057-d-1#199,,,p.[Gly11Val;Leu132Trp],0.0078042277185548
urn:mavedb:00000057-d-1#200,,,p.[Gly11Val;Asp131Trp],-0.2225561276301529
urn:mavedb:00000057-d-1#201,,,p.[Gly11Val;Gln130Trp],-0.0374871793333825
urn:mavedb:00000057-d-1#202,,,p.[Gly11Val;Ala129Trp],0.028274021524279
urn:mavedb:00000057-d-1#203,,,p.[Gly11Val;Gln128Trp],-0.0477537283278843
urn:mavedb:00000057-d-1#204,,,p.[Gly11Val;Arg127Trp],-0.0103721807032961
urn:mavedb:00000057-d-1#205,,,p.[Gly11Val;Ser126Trp],-0.0494343763271287
urn:mavedb:00000057-d-1#206,,,p.[Gly11Val;Glu125Trp],0.0527014731021195
urn:mavedb:00000057-d-1#207,,,p.[Gly11Val;Val124Trp],0.0445003124028815
urn:mavedb:00000057-d-1#208,,,p.[Gly11Val;Thr123Trp],-0.1489685024085691
urn:mavedb:00000057-d-1#209,,,p.[Gly11Val;Arg122Trp],-0.1090709176404866
urn:mavedb:00000057-d-1#210,,,p.[Gly11Val;Ala121Trp],-0.2382860456515042
urn:mavedb:00000057-d-1#211,,,p.[Gly11Val;Ala120Trp],-0.1337654004410907
urn:mavedb:00000057-d-1#212,,,p.[Gly11Val;Leu119Trp],0.0050637983837271
urn:mavedb:00000057-d-1#213,,,p.[Gly11Val;Asp118Trp],-0.2710877972671357
urn:mavedb:00000057-d-1#214,,,p.[Gly11Val;Gln60Thr],0.0229795757509837
urn:mavedb:00000057-d-1#215,,,p.[Gly11Val;Gly59Thr],-0.1602892607086366
urn:mavedb:00000057-d-1#216,,,p.[Gly11Val;Ala58Thr],0.0188073846731364
urn:mavedb:00000057-d-1#217,,,p.[Gly11Val;Thr57=],0.0
urn:mavedb:00000057-d-1#218,,,p.[Gly11Val;Asp56Thr],-0.2994948725067785
urn:mavedb:00000057-d-1#219,,,p.[Gly11Val;Leu55Thr],0.0263305525112701
urn:mavedb:00000057-d-1#220,,,p.[Gly11Val;Ile54Thr],0.0140564679226317
urn:mavedb:00000057-d-1#221,,,p.[Gly11Val;Asp53Thr],-0.1638093934879348
urn:mavedb:00000057-d-1#222,,,p.[Gly11Val;Leu52Thr],-0.0086176896572898
urn:mavedb:00000057-d-1#223,,,p.[Gly11Val;Leu51Thr],0.0319940293159496
urn:mavedb:00000057-d-1#224,,,p.[Gly11Val;Cys50Thr],-0.0017316818821758
urn:mavedb:00000057-d-1#225,,,p.[Gly11Val;Thr49=],0.0
urn:mavedb:00000057-d-1#226,,,p.[Gly11Val;Glu48Thr],-0.0287124576916463
urn:mavedb:00000057-d-1#227,,,p.[Gly11Val;Gly47Thr],0.0081993173650499
urn:mavedb:00000057-d-1#228,,,p.[Gly11Val;Asp46Thr],-0.0389584793463973
urn:mavedb:00000057-d-1#229,,,p.[Gly11Val;Ile45Thr],0.0114772389112658
urn:mavedb:00000057-d-1#230,,,p.[Gly11Val;Val44Thr],0.0375078768236997
urn:mavedb:00000057-d-1#231,,,p.[Gly11Val;Val43Thr],0.0155480537176636
urn:mavedb:00000057-d-1#232,,,p.[Gly11Val;Gln42Thr],0.031850248860988
urn:mavedb:00000057-d-1#233,,,p.[Gly11Val;Lys41Thr],0.0495959700662369
urn:mavedb:00000057-d-1#234,,,p.[Gly11Val;Arg40Thr],0.0596134643585851
urn:mavedb:00000057-d-1#235,,,p.[Gly11Val;Tyr39Thr],-0.1779798417241312
urn:mavedb:00000057-d-1#236,,,p.[Gly11Val;Ser38Thr],0.1129334750105186
urn:mavedb:00000057-d-1#237,,,p.[Gly11Val;Asp37Thr],-0.1541810572514713
urn:mavedb:00000057-d-1#238,,,p.[Gly11Val;Glu36Thr],-0.0893969162043684
urn:mavedb:00000057-d-1#239,,,p.[Gly11Val;Ile35Thr],-0.2009037255169168
urn:mavedb:00000057-d-1#240,,,p.[Gly11Val;Thr34=],0.0
urn:mavedb:00000057-d-1#241,,,p.[Gly11Val;Pro33Thr],-0.0847258207900261
urn:mavedb:00000057-d-1#242,,,p.[Gly11Val;Asp32Thr],-0.0479351111842641
urn:mavedb:00000057-d-1#243,,,p.[Gly11Val;Tyr31Thr],-0.1260934404853711
urn:mavedb:00000057-d-1#244,,,p.[Gly11Val;Glu30Thr],-0.0204329292547724
urn:mavedb:00000057-d-1#245,,,p.[Gly11Val;Asp29Thr],0.0053794091607896
urn:mavedb:00000057-d-1#246,,,p.[Gly11Val;Val28Thr],-0.0493522151418093
urn:mavedb:00000057-d-1#247,,,p.[Gly11Val;Phe27Thr],-0.1609301068336563
urn:mavedb:00000057-d-1#248,,,p.[Gly11Val;His26Thr],0.062887264521021
urn:mavedb:00000057-d-1#249,,,p.[Gly11Val;Asn25Thr],-0.0401019077201302
urn:mavedb:00000057-d-1#250,,,p.[Gly11Val;Gln24Thr],0.0418041325745266
urn:mavedb:00000057-d-1#251,,,p.[Gly11Val;Ile23Thr],0.1278918219491621
urn:mavedb:00000057-d-1#252,,,p.[Gly11Val;Leu22Thr],0.221918215909424
urn:mavedb:00000057-d-1#253,,,p.[Gly11Val;Gln21Thr],-0.0521169934716975
urn:mavedb:00000057-d-1#254,,,p.[Gly11Val;Ile20Thr],-0.0369571206884454
urn:mavedb:00000057-d-1#255,,,p.[Gly11Val;Thr19=],0.0
urn:mavedb:00000057-d-1#256,,,p.[Gly11Val;Leu18Thr],0.0757289472555803
urn:mavedb:00000057-d-1#257,,,p.[Gly11Val;Ala17Thr],-0.2112473322261854
urn:mavedb:00000057-d-1#258,,,p.[Gly11Val;Ser16Thr],-0.0957433806055375
urn:mavedb:00000057-d-1#259,,,p.[Gly11Val;Lys15Thr],-0.1873583697143888
urn:mavedb:00000057-d-1#260,,,p.[Gly11Val;Gly14Thr],-0.2396187762990353
urn:mavedb:00000057-d-1#261,,,p.[Gly11Val;Val13Thr],0.0732349295569221
urn:mavedb:00000057-d-1#262,,,p.[Gly11Val;Gly12Thr],-0.082443421024113
urn:mavedb:00000057-d-1#263,,,p.Gly11Thr,0.0
urn:mavedb:00000057-d-1#264,,,p.[Ala10Thr;Gly11Val],-0.0096179076458634
urn:mavedb:00000057-d-1#265,,,p.[Gly9Thr;Gly11Val],-0.1750533095665462
urn:mavedb:00000057-d-1#266,,,p.[Val8Thr;Gly11Val],-0.1130974540709374
urn:mavedb:00000057-d-1#267,,,p.[Val7Thr;Gly11Val],-0.0544906018149221
urn:mavedb:00000057-d-1#268,,,p.[Val6Thr;Gly11Val],0.0203489997556106
urn:mavedb:00000057-d-1#269,,,p.[Leu5Thr;Gly11Val],-0.0241307861397213
urn:mavedb:00000057-d-1#270,,,p.[Lys4Thr;Gly11Val],-0.1985372299504125
urn:mavedb:00000057-d-1#271,,,p.[Tyr3Thr;Gly11Val],0.0800837188897272
urn:mavedb:00000057-d-1#272,,,p.[Glu2Thr;Gly11Val],-0.0547720382620012
urn:mavedb:00000057-d-1#273,,,p.[Thr1=;Gly11Val],0.0
urn:mavedb:00000057-d-1#274,,,p.[Gly11Val;His165Ser],0.1160944042582715
urn:mavedb:00000057-d-1#275,,,p.[Gly11Val;Gln164Ser],0.0594483525655499
urn:mavedb:00000057-d-1#276,,,p.[Gly11Val;Arg163Ser],0.0383903714405636
urn:mavedb:00000057-d-1#277,,,p.[Gly11Val;Ile162Ser],-0.0833808328256418
urn:mavedb:00000057-d-1#278,,,p.[Gly11Val;Glu161Ser],0.0077091059792189
urn:mavedb:00000057-d-1#279,,,p.[Gly11Val;Arg160Ser],-0.1026958233493667
urn:mavedb:00000057-d-1#280,,,p.[Gly11Val;Val159Ser],-0.2147866976145422
urn:mavedb:00000057-d-1#281,,,p.[Gly11Val;Leu158Ser],-0.2466570322707074
urn:mavedb:00000057-d-1#282,,,p.[Gly11Val;Thr157Ser],-0.0537552736913055
urn:mavedb:00000057-d-1#283,,,p.[Gly11Val;Tyr156Ser],0.0200046806202282
urn:mavedb:00000057-d-1#284,,,p.[Gly11Val;Phe155Ser],-0.240008805353359
urn:mavedb:00000057-d-1#285,,,p.[Gly11Val;Ala154Ser],-0.0117494988780561
urn:mavedb:00000057-d-1#286,,,p.[Gly11Val;Asp153Ser],-0.1137483293122801
urn:mavedb:00000057-d-1#287,,,p.[Gly11Val;Glu152Ser],-0.0803734524975569
urn:mavedb:00000057-d-1#288,,,p.[Gly11Val;Val151Ser],-0.0643132487343555
urn:mavedb:00000057-d-1#289,,,p.[Gly11Val;Gly150Ser],-0.002148736129192
urn:mavedb:00000057-d-1#290,,,p.[Gly11Val;Gln149Ser],-0.0177422517255075
urn:mavedb:00000057-d-1#291,,,p.[Gly11Val;Arg148Ser],0.0160445440407644
urn:mavedb:00000057-d-1#292,,,p.[Gly11Val;Thr147Ser],0.0295604150932889
urn:mavedb:00000057-d-1#293,,,p.[Gly11Val;Lys146Ser],0.0729859516925478
urn:mavedb:00000057-d-1#294,,,p.[Gly11Val;Ala145Ser],0.0056556103660659
urn:mavedb:00000057-d-1#295,,,p.[Gly11Val;Ser144=],0.0
urn:mavedb:00000057-d-1#296,,,p.[Gly11Val;Thr143Ser],-0.0724783831307894
urn:mavedb:00000057-d-1#297,,,p.[Gly11Val;Glu142Ser],-0.1171040689579692
urn:mavedb:00000057-d-1#298,,,p.[Gly11Val;Ile141Ser],-0.1652664441603724
urn:mavedb:00000057-d-1#299,,,p.[Gly11Val;Tyr140Ser],-0.1803390970436092
urn:mavedb:00000057-d-1#300,,,p.[Gly11Val;Pro139Ser],-0.0667884843619725
urn:mavedb:00000057-d-1#301,,,p.[Gly11Val;Ile138Ser],-0.1853402368917705
urn:mavedb:00000057-d-1#302,,,p.[Gly11Val;Gly137Ser],-0.1648312377214822
urn:mavedb:00000057-d-1#303,,,p.[Gly11Val;Tyr136Ser],-0.1382375295201428
urn:mavedb:00000057-d-1#304,,,p.[Gly11Val;Ser135=],0.0
urn:mavedb:00000057-d-1#305,,,p.[Gly11Val;Arg134Ser],-0.0219356215381459
urn:mavedb:00000057-d-1#306,,,p.[Gly11Val;Ala133Ser],-0.1102847517331718
urn:mavedb:00000057-d-1#307,,,p.[Gly11Val;Leu132Ser],-0.1449166074973224
urn:mavedb:00000057-d-1#308,,,p.[Gly11Val;Asp131Ser],-0.0484885641049228
urn:mavedb:00000057-d-1#309,,,p.[Gly11Val;Gln130Ser],-0.0236657524999222
urn:mavedb:00000057-d-1#310,,,p.[Gly11Val;Ala129Ser],-0.17092246658099
urn:mavedb:00000057-d-1#311,,,p.[Gly11Val;Gln128Ser],-0.0294591766190217
urn:mavedb:00000057-d-1#312,,,p.[Gly11Val;Arg127Ser],0.0269732721168453
urn:mavedb:00000057-d-1#313,,,p.[Gly11Val;Ser126=],0.0
urn:mavedb:00000057-d-1#314,,,p.[Gly11Val;Glu125Ser],0.0764841860146199
urn:mavedb:00000057-d-1#315,,,p.[Gly11Val;Val124Ser],-0.040110592341316
urn:mavedb:00000057-d-1#316,,,p.[Gly11Val;Thr123Ser],0.0086676211482237
urn:mavedb:00000057-d-1#317,,,p.[Gly11Val;Arg122Ser],0.0381202247626954
urn:mavedb:00000057-d-1#318,,,p.[Gly11Val;Ala121Ser],-0.0400728719423091
urn:mavedb:00000057-d-1#319,,,p.[Gly11Val;Ala120Ser],-0.0224525937841217
urn:mavedb:00000057-d-1#320,,,p.[Gly11Val;Leu119Ser],0.1365107759407704
urn:mavedb:00000057-d-1#321,,,p.[Gly11Val;Asp118Ser],-0.1772886792331648
urn:mavedb:00000057-d-1#322,,,p.[Gly11Val;Cys117Ser],0.0422922477043334
urn:mavedb:00000057-d-1#323,,,p.[Gly11Val;Lys116Ser],0.0162732064964721
urn:mavedb:00000057-d-1#324,,,p.[Gly11Val;Asn115Ser],0.0474663989933841
urn:mavedb:00000057-d-1#325,,,p.[Gly11Val;Gly114Ser],-0.1045944433275084
urn:mavedb:00000057-d-1#326,,,p.[Gly11Val;Val113Ser],-0.2210169613984331
urn:mavedb:00000057-d-1#327,,,p.[Gly11Val;Leu112Ser],-0.2688271006582691
urn:mavedb:00000057-d-1#328,,,p.[Gly11Val;Val111Ser],-0.2613500465208272
urn:mavedb:00000057-d-1#329,,,p.[Gly11Val;Met110Ser],-0.2624950876901835
urn:mavedb:00000057-d-1#330,,,p.[Gly11Val;Pro109Ser],-0.1681291390916448
urn:mavedb:00000057-d-1#331,,,p.[Gly11Val;Val108Ser],-0.1666346647071119
urn:mavedb:00000057-d-1#332,,,p.[Gly11Val;Asp107Ser],-0.053169777890812
urn:mavedb:00000057-d-1#333,,,p.[Gly11Val;Asp106Ser],-0.0301479841452186
urn:mavedb:00000057-d-1#334,,,p.[Gly11Val;Ser105=],0.0
urn:mavedb:00000057-d-1#335,,,p.[Gly11Val;Asp104Ser],-0.0345376493990528
urn:mavedb:00000057-d-1#336,,,p.[Gly11Val;Lys103Ser],-0.0826553849041588
urn:mavedb:00000057-d-1#337,,,p.[Gly11Val;Val102Ser],-0.0577061072460466
urn:mavedb:00000057-d-1#338,,,p.[Gly11Val;Arg101Ser],-0.0989094555301984
urn:mavedb:00000057-d-1#339,,,p.[Gly11Val;Lys100Ser],-0.1288383174588945
urn:mavedb:00000057-d-1#340,,,p.[Gly11Val;Ile99Ser],-0.1722289752309061
urn:mavedb:00000057-d-1#341,,,p.[Gly11Val;Gln98Ser],-0.0852355535188902
urn:mavedb:00000057-d-1#342,,,p.[Gly11Val;Glu97Ser],-0.0765812961512576
urn:mavedb:00000057-d-1#343,,,p.[Gly11Val;Arg96Ser],-0.0809667247659482
urn:mavedb:00000057-d-1#344,,,p.[Gly11Val;Tyr95Ser],-0.1171373050780677
urn:mavedb:00000057-d-1#345,,,p.[Gly11Val;Gln94Ser],-0.0434789387254433
urn:mavedb:00000057-d-1#346,,,p.[Gly11Val;His93Ser],-0.0372368992484811
urn:mavedb:00000057-d-1#347,,,p.[Gly11Val;Ile92Ser],-0.1840603120724162
urn:mavedb:00000057-d-1#348,,,p.[Gly11Val;Asp91Ser],-0.0284653599619159
urn:mavedb:00000057-d-1#349,,,p.[Gly11Val;Glu90Ser],-0.0917262006275657
urn:mavedb:00000057-d-1#350,,,p.[Gly11Val;Phe89Ser],-0.1796964069666765
urn:mavedb:00000057-d-1#351,,,p.[Gly11Val;Ser88=],0.0
urn:mavedb:00000057-d-1#352,,,p.[Gly11Val;Lys87Ser],-0.0207642066011536
urn:mavedb:00000057-d-1#353,,,p.[Gly11Val;Thr86Ser],-0.012732671247956
urn:mavedb:00000057-d-1#354,,,p.[Gly11Val;Asn85Ser],-0.0361971787021963
urn:mavedb:00000057-d-1#355,,,p.[Gly11Val;Asn84Ser],-0.0185647563926133
urn:mavedb:00000057-d-1#356,,,p.[Gly11Val;Ile83Ser],-0.0458434931951905
urn:mavedb:00000057-d-1#357,,,p.[Gly11Val;Ala82Ser],0.0363177253943066
urn:mavedb:00000057-d-1#358,,,p.[Gly11Val;Phe81Ser],-0.1156656060244799
urn:mavedb:00000057-d-1#359,,,p.[Gly11Val;Val80Ser],-0.1925307800429438
urn:mavedb:00000057-d-1#360,,,p.[Gly11Val;Cys79Ser],-0.1837718116647049
urn:mavedb:00000057-d-1#361,,,p.[Gly11Val;Leu78Ser],-0.2326810372118881
urn:mavedb:00000057-d-1#362,,,p.[Gly11Val;Phe77Ser],-0.2722310528644263
urn:mavedb:00000057-d-1#363,,,p.[Gly11Val;Gly76Ser],-0.2311970944077364
urn:mavedb:00000057-d-1#364,,,p.[Gly11Val;Glu75Ser],-0.0423574133917422
urn:mavedb:00000057-d-1#365,,,p.[Gly11Val;Gly74Ser],-0.0314546778768559
urn:mavedb:00000057-d-1#366,,,p.[Gly11Val;Thr73Ser],0.1150220371657834
urn:mavedb:00000057-d-1#367,,,p.[Gly11Val;Arg72Ser],-0.0567203127306209
urn:mavedb:00000057-d-1#368,,,p.[Gly11Val;Met71Ser],-0.1008309403428674
urn:mavedb:00000057-d-1#369,,,p.[Gly11Val;Tyr70Ser],0.0099436554916565
urn:mavedb:00000057-d-1#370,,,p.[Gly11Val;Gln69Ser],-0.0158641517722385
urn:mavedb:00000057-d-1#371,,,p.[Gly11Val;Asp68Ser],-0.1072946952590226
urn:mavedb:00000057-d-1#372,,,p.[Gly11Val;Arg67Ser],-0.019733162763641
urn:mavedb:00000057-d-1#373,,,p.[Gly11Val;Met66Ser],-0.0057737286596482
urn:mavedb:00000057-d-1#374,,,p.[Gly11Val;Ala65Ser],0.0114155509475676
urn:mavedb:00000057-d-1#375,,,p.[Gly11Val;Ser64=],0.0
urn:mavedb:00000057-d-1#376,,,p.[Gly11Val;Tyr63Ser],0.0039260316124483
urn:mavedb:00000057-d-1#377,,,p.[Gly11Val;Glu62Ser],0.0573197596132199
urn:mavedb:00000057-d-1#378,,,p.[Gly11Val;Glu61Ser],-0.0506157835444227
urn:mavedb:00000057-d-1#379,,,p.[Gly11Val;Gln60Ser],-0.0090487124038994
urn:mavedb:00000057-d-1#380,,,p.[Gly11Val;Gly59Ser],-0.1718992837466107
urn:mavedb:00000057-d-1#381,,,p.[Gly11Val;Ala58Ser],0.0024412911918769
urn:mavedb:00000057-d-1#382,,,p.[Gly11Val;Thr57Ser],-0.0576389976361063
urn:mavedb:00000057-d-1#383,,,p.[Gly11Val;Asp56Ser],-0.2218930436212773
urn:mavedb:00000057-d-1#384,,,p.[Gly11Val;Leu55Ser],-0.0271267424727672
urn:mavedb:00000057-d-1#385,,,p.[Gly11Val;Ile54Ser],-0.2425296275582008
urn:mavedb:00000057-d-1#386,,,p.[Gly11Val;Asp53Ser],-0.0957400047509028
urn:mavedb:00000057-d-1#387,,,p.[Gly11Val;Leu52Ser],-0.1622587460056586
urn:mavedb:00000057-d-1#388,,,p.[Gly11Val;Leu51Ser],0.0220381026698596
urn:mavedb:00000057-d-1#389,,,p.[Gly11Val;Cys50Ser],-0.0508169203189756
urn:mavedb:00000057-d-1#390,,,p.[Gly11Val;Thr49Ser],0.0601156336390883
urn:mavedb:00000057-d-1#391,,,p.[Gly11Val;Glu48Ser],0.0204559617894382
urn:mavedb:00000057-d-1#392,,,p.[Gly11Val;Gly47Ser],0.05027679324898
urn:mavedb:00000057-d-1#393,,,p.[Gly11Val;Asp46Ser],-0.0330046056297425
urn:mavedb:00000057-d-1#394,,,p.[Gly11Val;Ile45Ser],0.1664902692810073
urn:mavedb:00000057-d-1#395,,,p.[Gly11Val;Val44Ser],0.0673355298743325
urn:mavedb:00000057-d-1#396,,,p.[Gly11Val;Val43Ser],0.0511354848636141
urn:mavedb:00000057-d-1#397,,,p.[Gly11Val;Gln42Ser],0.0571067592866772
urn:mavedb:00000057-d-1#398,,,p.[Gly11Val;Lys41Ser],0.055309160065335
urn:mavedb:00000057-d-1#399,,,p.[Gly11Val;Arg40Ser],-0.0482084747126435
urn:mavedb:00000057-d-1#400,,,p.[Gly11Val;Tyr39Ser],-0.1965868033752756
urn:mavedb:00000057-d-1#401,,,p.[Gly11Val;Ser38=],0.0
urn:mavedb:00000057-d-1#402,,,p.[Gly11Val;Asp37Ser],-0.1958065370651752
urn:mavedb:00000057-d-1#403,,,p.[Gly11Val;Glu36Ser],-0.1430734776081454
urn:mavedb:00000057-d-1#404,,,p.[Gly11Val;Ile35Ser],-0.1037351426725648
urn:mavedb:00000057-d-1#405,,,p.[Gly11Val;Thr34Ser],-0.1495577157301334
urn:mavedb:00000057-d-1#406,,,p.[Gly11Val;Pro33Ser],-0.1056076277845248
urn:mavedb:00000057-d-1#407,,,p.[Gly11Val;Asp32Ser],-0.0571734800271985
urn:mavedb:00000057-d-1#408,,,p.[Gly11Val;Tyr31Ser],-0.1369257130216364
urn:mavedb:00000057-d-1#409,,,p.[Gly11Val;Glu30Ser],-0.0089314716861119
urn:mavedb:00000057-d-1#410,,,p.[Gly11Val;Asp29Ser],-0.000509026712305
urn:mavedb:00000057-d-1#411,,,p.[Gly11Val;Val28Ser],-0.010224319564173
urn:mavedb:00000057-d-1#412,,,p.[Gly11Val;Phe27Ser],-0.2012261219162437
urn:mavedb:00000057-d-1#413,,,p.[Gly11Val;His26Ser],0.0519623405564409
urn:mavedb:00000057-d-1#414,,,p.[Gly11Val;Asn25Ser],0.0395780991208422
urn:mavedb:00000057-d-1#415,,,p.[Gly11Val;Gln24Ser],0.09212538080727
urn:mavedb:00000057-d-1#416,,,p.[Gly11Val;Ile23Ser],0.0297954538011693
urn:mavedb:00000057-d-1#417,,,p.[Gly11Val;Leu22Ser],0.176150328571929
urn:mavedb:00000057-d-1#418,,,p.[Gly11Val;Gln21Ser],0.0179077142180274
urn:mavedb:00000057-d-1#419,,,p.[Gly11Val;Ile20Ser],-0.039048890459004
urn:mavedb:00000057-d-1#420,,,p.[Gly11Val;Thr19Ser],0.0998736248309623
urn:mavedb:00000057-d-1#421,,,p.[Gly11Val;Leu18Ser],0.1657638518639508
urn:mavedb:00000057-d-1#422,,,p.[Gly11Val;Ala17Ser],-0.1421967813724213
urn:mavedb:00000057-d-1#423,,,p.[Gly11Val;Ser16=],0.0
urn:mavedb:00000057-d-1#424,,,p.[Gly11Val;Lys15Ser],-0.1824228795520344
urn:mavedb:00000057-d-1#425,,,p.[Gly11Val;Gly14Ser],-0.2315260719748333
urn:mavedb:00000057-d-1#426,,,p.[Gly11Val;Val13Ser],0.0588743904991885
urn:mavedb:00000057-d-1#427,,,p.[Gly11Val;Gly12Ser],-0.0318199286506539
urn:mavedb:00000057-d-1#428,,,p.Gly11Ser,0.0
urn:mavedb:00000057-d-1#429,,,p.[Ala10Ser;Gly11Val],0.0404623742344177
urn:mavedb:00000057-d-1#430,,,p.[Gly11Val;Ile23Pro],-0.1696043655073318
urn:mavedb:00000057-d-1#431,,,p.[Gly11Val;Leu22Pro],-0.129705482279544
urn:mavedb:00000057-d-1#432,,,p.[Gly11Val;Gln21Pro],-0.1261214575334661
urn:mavedb:00000057-d-1#433,,,p.[Gly11Val;Ile20Pro],-0.2265059635948416
urn:mavedb:00000057-d-1#434,,,p.[Gly11Val;Thr19Pro],-0.0894591053174774
urn:mavedb:00000057-d-1#435,,,p.[Gly11Val;Leu18Pro],-0.2098764475315942
urn:mavedb:00000057-d-1#436,,,p.[Gly11Val;Ala17Pro],-0.2960930239227667
urn:mavedb:00000057-d-1#437,,,p.[Gly11Val;Ser16Pro],-0.2696936485630169
urn:mavedb:00000057-d-1#438,,,p.[Gly11Val;Lys15Pro],-0.2542662393598576
urn:mavedb:00000057-d-1#439,,,p.[Gly11Val;Gly14Pro],-0.2172190054371143
urn:mavedb:00000057-d-1#440,,,p.[Gly11Val;Val13Pro],-0.1836763132536614
urn:mavedb:00000057-d-1#441,,,p.[Gly11Val;Gly12Pro],-0.1452280593538696
urn:mavedb:00000057-d-1#442,,,p.Gly11Pro,0.0
urn:mavedb:00000057-d-1#443,,,p.[Ala10Pro;Gly11Val],0.0971868883011583
urn:mavedb:00000057-d-1#444,,,p.[Gly9Pro;Gly11Val],-0.2534275667966793
urn:mavedb:00000057-d-1#445,,,p.[Val8Pro;Gly11Val],-0.217437540698181
urn:mavedb:00000057-d-1#446,,,p.[Val7Pro;Gly11Val],-0.2320705912091126
urn:mavedb:00000057-d-1#447,,,p.[Val6Pro;Gly11Val],-0.2349231644714401
urn:mavedb:00000057-d-1#448,,,p.[Leu5Pro;Gly11Val],-0.144198669854484
urn:mavedb:00000057-d-1#449,,,p.[Lys4Pro;Gly11Val],-0.0204680908474582
urn:mavedb:00000057-d-1#450,,,p.[Tyr3Pro;Gly11Val],0.0950407225968153
urn:mavedb:00000057-d-1#451,,,p.[Glu2Pro;Gly11Val],0.0169267861267426
urn:mavedb:00000057-d-1#452,,,p.[Thr1Pro;Gly11Val],0.0616698994133128
urn:mavedb:00000057-d-1#453,,,p.[Gly11Val;His165Asn],0.1004306964741987
urn:mavedb:00000057-d-1#454,,,p.[Gly11Val;Gln164Asn],0.0004402237684368
urn:mavedb:00000057-d-1#455,,,p.[Gly11Val;Arg163Asn],0.0948496129727962
urn:mavedb:00000057-d-1#456,,,p.[Gly11Val;Ile162Asn],-0.1579893258229691
urn:mavedb:00000057-d-1#457,,,p.[Gly11Val;Glu161Asn],0.1494341718975158
urn:mavedb:00000057-d-1#458,,,p.[Gly11Val;Arg160Asn],0.1415859183948969
urn:mavedb:00000057-d-1#459,,,p.[Gly11Val;Val159Asn],-0.1666027553794016
urn:mavedb:00000057-d-1#460,,,p.[Gly11Val;Leu158Asn],-0.2312402050043443
urn:mavedb:00000057-d-1#461,,,p.[Gly11Val;Thr157Asn],-0.1017472270706068
urn:mavedb:00000057-d-1#462,,,p.[Gly11Val;Tyr156Asn],0.2870419968284301
urn:mavedb:00000057-d-1#463,,,p.[Gly11Val;Phe155Asn],-0.2044243767722212
urn:mavedb:00000057-d-1#464,,,p.[Gly11Val;Ala154Asn],-0.2561218735448715
urn:mavedb:00000057-d-1#465,,,p.[Gly11Val;Asp153Asn],-0.1126112795827948
urn:mavedb:00000057-d-1#466,,,p.[Gly11Val;Glu152Asn],-0.1687349384442063
urn:mavedb:00000057-d-1#467,,,p.[Gly11Val;Val151Asn],-0.066562274535084
urn:mavedb:00000057-d-1#468,,,p.[Gly11Val;Gly150Asn],-0.0214368126249402
urn:mavedb:00000057-d-1#469,,,p.[Gly11Val;Gln149Asn],0.0286284254715221
urn:mavedb:00000057-d-1#470,,,p.[Gly11Val;Arg148Asn],0.1192795174164041
urn:mavedb:00000057-d-1#471,,,p.[Gly11Val;Thr147Asn],0.0230071400012087
urn:mavedb:00000057-d-1#472,,,p.[Gly11Val;Lys146Asn],0.0954683355208439
urn:mavedb:00000057-d-1#473,,,p.[Gly11Val;Ala145Asn],-0.1314020285807489
urn:mavedb:00000057-d-1#474,,,p.[Gly11Val;Ser144Asn],0.0438098070277431
urn:mavedb:00000057-d-1#475,,,p.[Gly11Val;Thr143Asn],-0.1349181639720626
urn:mavedb:00000057-d-1#476,,,p.[Gly11Val;Glu142Asn],-0.1425856172686469
urn:mavedb:00000057-d-1#477,,,p.[Gly11Val;Ile141Asn],-0.1586752230555247
urn:mavedb:00000057-d-1#478,,,p.[Gly11Val;Tyr140Asn],-0.1484166878904418
urn:mavedb:00000057-d-1#479,,,p.[Gly11Val;Pro139Asn],-0.0530182332160272
urn:mavedb:00000057-d-1#480,,,p.[Gly11Val;Ile138Asn],-0.264850135593891
urn:mavedb:00000057-d-1#481,,,p.[Gly11Val;Gly137Asn],0.0118848912819468
urn:mavedb:00000057-d-1#482,,,p.[Gly11Val;Tyr136Asn],-0.0726456925631929
urn:mavedb:00000057-d-1#483,,,p.[Gly11Val;Ser135Asn],-0.0433340296601509
urn:mavedb:00000057-d-1#484,,,p.[Gly11Val;Arg134Asn],-0.0164065749496674
urn:mavedb:00000057-d-1#485,,,p.[Gly11Val;Ala133Asn],-0.2005575347243378
urn:mavedb:00000057-d-1#486,,,p.[Gly11Val;Leu132Asn],-0.1744010272924592
urn:mavedb:00000057-d-1#487,,,p.[Gly11Val;Asp131Asn],-0.0881001765345809
urn:mavedb:00000057-d-1#488,,,p.[Gly11Val;Gln130Asn],-0.0800010641940125
urn:mavedb:00000057-d-1#489,,,p.[Gly11Val;Ala129Asn],-0.1882865849607066
urn:mavedb:00000057-d-1#490,,,p.[Gly11Val;Gln128Asn],-0.0316114975203676
urn:mavedb:00000057-d-1#491,,,p.[Gly11Val;Arg127Asn],-0.0281290926123378
urn:mavedb:00000057-d-1#492,,,p.[Gly11Val;Ser126Asn],-0.0318797516018412
urn:mavedb:00000057-d-1#493,,,p.[Gly11Val;Glu125Asn],0.1044293174904281
urn:mavedb:00000057-d-1#494,,,p.[Gly11Val;Val124Asn],0.0152445790619967
urn:mavedb:00000057-d-1#495,,,p.[Gly11Val;Thr123Asn],-0.0386108359507054
urn:mavedb:00000057-d-1#496,,,p.[Gly11Val;Arg122Asn],0.1368237397742973
urn:mavedb:00000057-d-1#497,,,p.[Gly11Val;Ala121Asn],0.0400068945405979
urn:mavedb:00000057-d-1#498,,,p.[Gly11Val;Ala120Asn],-0.0050904880181728
urn:mavedb:00000057-d-1#499,,,p.[Gly11Val;Leu119Asn],0.1334391234969315
urn:mavedb:00000057-d-1#500,,,p.[Gly11Val;Asp118Asn],-0.1166998329006966
urn:mavedb:00000057-d-1#501,,,p.[Gly11Val;Cys117Asn],0.0134995448822666
urn:mavedb:00000057-d-1#502,,,p.[Gly11Val;Lys116Asn],0.0646555364172234
urn:mavedb:00000057-d-1#503,,,p.[Gly11Val;Asn115=],0.0
urn:mavedb:00000057-d-1#504,,,p.[Gly11Val;Gly114Asn],-0.0620651723969567
urn:mavedb:00000057-d-1#505,,,p.[Gly11Val;Val113Asn],-0.3169674643659016
urn:mavedb:00000057-d-1#506,,,p.[Gly11Val;Leu112Asn],-0.2835192241516548
urn:mavedb:00000057-d-1#507,,,p.[Gly11Val;Val111Asn],-0.2600921590291155
urn:mavedb:00000057-d-1#508,,,p.[Gly11Val;Met110Asn],-0.2737598559259438
urn:mavedb:00000057-d-1#509,,,p.[Gly11Val;Pro109Asn],-0.1225222513826036
urn:mavedb:00000057-d-1#510,,,p.[Gly11Val;Val108Asn],-0.991074910796156
urn:mavedb:00000057-d-1#511,,,p.[Gly11Val;Asp107Asn],0.0343370807214054
urn:mavedb:00000057-d-1#512,,,p.[Gly11Val;Asp106Asn],-0.0375799663856147
urn:mavedb:00000057-d-1#513,,,p.[Gly11Val;Ser105Asn],0.1831861832943795
urn:mavedb:00000057-d-1#514,,,p.[Gly11Val;Asp104Asn],-0.0494219427639012
urn:mavedb:00000057-d-1#515,,,p.[Gly11Val;Lys103Asn],-0.1286671389491938
urn:mavedb:00000057-d-1#516,,,p.[Gly11Val;Val102Asn],-0.0914540818845732
urn:mavedb:00000057-d-1#517,,,p.[Gly11Val;Arg101Asn],-0.0023977696033927
urn:mavedb:00000057-d-1#518,,,p.[Gly11Val;Lys100Asn],-0.005134616445602
urn:mavedb:00000057-d-1#519,,,p.[Gly11Val;Ile99Asn],-0.2172018532562478
urn:mavedb:00000057-d-1#520,,,p.[Gly11Val;Gln98Asn],0.0660894895439821
urn:mavedb:00000057-d-1#521,,,p.[Gly11Val;Glu97Asn],-0.0861289420711389
urn:mavedb:00000057-d-1#522,,,p.[Gly11Val;Arg96Asn],-0.1980881174168171
urn:mavedb:00000057-d-1#523,,,p.[Gly11Val;Tyr95Asn],-0.0703502547790781
urn:mavedb:00000057-d-1#524,,,p.[Gly11Val;Gln94Asn],0.061487147335331
urn:mavedb:00000057-d-1#525,,,p.[Gly11Val;His93Asn],-0.033087359892252
urn:mavedb:00000057-d-1#526,,,p.[Gly11Val;Ile92Asn],-0.2365312154521924
urn:mavedb:00000057-d-1#527,,,p.[Gly11Val;Asp91Asn],-0.0972167144777704
urn:mavedb:00000057-d-1#528,,,p.[Gly11Val;Glu90Asn],-0.0653707799117993
urn:mavedb:00000057-d-1#529,,,p.[Gly11Val;Phe89Asn],-0.1777042360105811
urn:mavedb:00000057-d-1#530,,,p.[Gly11Val;Ser88Asn],-0.0879026313981558
urn:mavedb:00000057-d-1#531,,,p.[Gly11Val;Lys87Asn],-0.1360100671038926
urn:mavedb:00000057-d-1#532,,,p.[Gly11Val;Thr86Asn],-0.1315041441800691
urn:mavedb:00000057-d-1#533,,,p.[Gly11Val;Asn85=],0.0
urn:mavedb:00000057-d-1#534,,,p.[Gly11Val;Asn84=],0.0
urn:mavedb:00000057-d-1#535,,,p.[Gly11Val;Ile83Asn],0.1692519605344475
urn:mavedb:00000057-d-1#536,,,p.[Gly11Val;Ala82Asn],0.0878953030357431
urn:mavedb:00000057-d-1#537,,,p.[Gly11Val;Phe81Asn],-0.3210026676040761
urn:mavedb:00000057-d-1#538,,,p.[Gly11Val;Val80Asn],-0.2140023513804338
urn:mavedb:00000057-d-1#539,,,p.[Gly11Val;Cys79Asn],-0.2583537614875543
urn:mavedb:00000057-d-1#540,,,p.[Gly11Val;Leu78Asn],-0.1324555514762602
urn:mavedb:00000057-d-1#541,,,p.[Gly11Val;Phe77Asn],-0.2566576412577764
urn:mavedb:00000057-d-1#542,,,p.[Gly11Val;Gly76Asn],-0.2315550812756931
urn:mavedb:00000057-d-1#543,,,p.[Gly11Val;Glu75Asn],-0.0330064990720934
urn:mavedb:00000057-d-1#544,,,p.[Gly11Val;Gly74Asn],-0.1384351931570649
urn:mavedb:00000057-d-1#545,,,p.[Gly11Val;Thr73Asn],-0.0200514701493281
urn:mavedb:00000057-d-1#546,,,p.[Gly11Val;Arg72Asn],-0.0826670412273743
urn:mavedb:00000057-d-1#547,,,p.[Gly11Val;Met71Asn],-0.1089476040045705
urn:mavedb:00000057-d-1#548,,,p.[Gly11Val;Tyr70Asn],-0.0973215008505435
urn:mavedb:00000057-d-1#549,,,p.[Gly11Val;Gln69Asn],-0.0638480557990634
urn:mavedb:00000057-d-1#550,,,p.[Gly11Val;Asp68Asn],-0.0599630424964985
urn:mavedb:00000057-d-1#551,,,p.[Gly11Val;Arg67Asn],-0.0392801537449208
urn:mavedb:00000057-d-1#552,,,p.[Gly11Val;Met66Asn],-0.0297036533499558
urn:mavedb:00000057-d-1#553,,,p.[Gly11Val;Ala65Asn],-0.0767976406883165
urn:mavedb:00000057-d-1#554,,,p.[Gly11Val;Ser64Asn],0.0102763052218612
urn:mavedb:00000057-d-1#555,,,p.[Gly11Val;Tyr63Asn],0.0782307719730746
urn:mavedb:00000057-d-1#556,,,p.[Gly11Val;Glu62Asn],0.0658151196080416
urn:mavedb:00000057-d-1#557,,,p.[Gly11Val;Glu61Asn],0.0524238255396142
urn:mavedb:00000057-d-1#558,,,p.[Gly11Val;Gln60Asn],0.0225925178810486
urn:mavedb:00000057-d-1#559,,,p.[Gly11Val;Gly59Asn],-0.2116866266734339
urn:mavedb:00000057-d-1#560,,,p.[Gly11Val;Ala58Asn],0.0088208570229409
urn:mavedb:00000057-d-1#561,,,p.[Gly11Val;Thr57Asn],-0.1677150104266586
urn:mavedb:00000057-d-1#562,,,p.[Gly11Val;Asp56Asn],-0.221228311642798
urn:mavedb:00000057-d-1#563,,,p.[Gly11Val;Leu55Asn],-0.0416326886671412
urn:mavedb:00000057-d-1#564,,,p.[Gly11Val;Ile54Asn],-0.0785469184511959
urn:mavedb:00000057-d-1#565,,,p.[Gly11Val;Asp53Asn],-0.1544984268254632
urn:mavedb:00000057-d-1#566,,,p.[Gly11Val;Cys117Trp],-0.1103293709545753
urn:mavedb:00000057-d-1#567,,,p.[Gly11Val;Lys116Trp],-0.0644679205669232
urn:mavedb:00000057-d-1#568,,,p.[Gly11Val;Asn115Trp],-0.1801913257370444
urn:mavedb:00000057-d-1#569,,,p.[Gly11Val;Gly114Trp],-0.2222552172857981
urn:mavedb:00000057-d-1#570,,,p.[Gly11Val;Val113Trp],-0.292883462950302
urn:mavedb:00000057-d-1#571,,,p.[Gly11Val;Leu112Trp],-0.1151838898414959
urn:mavedb:00000057-d-1#572,,,p.[Gly11Val;Val111Trp],-0.1439788644855808
urn:mavedb:00000057-d-1#573,,,p.[Gly11Val;Met110Trp],-0.1415762681187468
urn:mavedb:00000057-d-1#574,,,p.[Gly11Val;Pro109Trp],-0.1169133259966065
urn:mavedb:00000057-d-1#575,,,p.[Gly11Val;Val108Trp],-0.1575985454674625
urn:mavedb:00000057-d-1#576,,,p.[Gly11Val;Asp107Trp],-0.1598746213493282
urn:mavedb:00000057-d-1#577,,,p.[Gly11Val;Asp106Trp],-0.0077611980000482
urn:mavedb:00000057-d-1#578,,,p.[Gly11Val;Ser105Trp],-0.0589845152052754
urn:mavedb:00000057-d-1#579,,,p.[Gly11Val;Asp104Trp],-0.1020164554819767
urn:mavedb:00000057-d-1#580,,,p.[Gly11Val;Lys103Trp],0.0066832751363966
urn:mavedb:00000057-d-1#581,,,p.[Gly11Val;Val102Trp],0.0284456941411384
urn:mavedb:00000057-d-1#582,,,p.[Gly11Val;Arg101Trp],-0.0844609655542798
urn:mavedb:00000057-d-1#583,,,p.[Gly11Val;Lys100Trp],-0.186190458771961
urn:mavedb:00000057-d-1#584,,,p.[Gly11Val;Ile99Trp],-0.2237449758787924
urn:mavedb:00000057-d-1#585,,,p.[Gly11Val;Gln98Trp],-0.0736311238941434
urn:mavedb:00000057-d-1#586,,,p.[Gly11Val;Glu97Trp],-0.2230023779206624
urn:mavedb:00000057-d-1#587,,,p.[Gly11Val;Arg96Trp],0.1151221315636429
urn:mavedb:00000057-d-1#588,,,p.[Gly11Val;Tyr95Trp],-0.0616918421193888
urn:mavedb:00000057-d-1#589,,,p.[Gly11Val;Gln94Trp],0.1097192059377933
urn:mavedb:00000057-d-1#590,,,p.[Gly11Val;His93Trp],-0.0296523966388417
urn:mavedb:00000057-d-1#591,,,p.[Gly11Val;Ile92Trp],-0.082418344451926
urn:mavedb:00000057-d-1#592,,,p.[Gly11Val;Asp91Trp],0.0458236512339234
urn:mavedb:00000057-d-1#593,,,p.[Gly11Val;Glu90Trp],-0.0390205055260213
urn:mavedb:00000057-d-1#594,,,p.[Gly11Val;Phe89Trp],-0.0912372469508495
urn:mavedb:00000057-d-1#595,,,p.[Gly11Val;Ser88Trp],-0.088777850474359
urn:mavedb:00000057-d-1#596,,,p.[Gly11Val;Lys87Trp],-0.0443973983724857
urn:mavedb:00000057-d-1#597,,,p.[Gly11Val;Thr86Trp],-0.063897741661197
urn:mavedb:00000057-d-1#598,,,p.[Gly11Val;Asn85Trp],-0.0677588913419752
urn:mavedb:00000057-d-1#599,,,p.[Gly11Val;Asn84Trp],-0.2312881775651241
urn:mavedb:00000057-d-1#600,,,p.[Gly11Val;Ile83Trp],-0.139044730506414
urn:mavedb:00000057-d-1#601,,,p.[Gly11Val;Ala82Trp],-0.2222244606222349
urn:mavedb:00000057-d-1#602,,,p.[Gly11Val;Phe81Trp],-0.0687606410312091
urn:mavedb:00000057-d-1#603,,,p.[Gly11Val;Val80Trp],-0.3222212631399264
urn:mavedb:00000057-d-1#604,,,p.[Gly11Val;Cys79Trp],-0.2429166248021249
urn:mavedb:00000057-d-1#605,,,p.[Gly11Val;Leu78Trp],-0.2367311592772809
urn:mavedb:00000057-d-1#606,,,p.[Gly11Val;Phe77Trp],-0.1704978710271674
urn:mavedb:00000057-d-1#607,,,p.[Gly11Val;Gly76Trp],-0.2788967822947173
urn:mavedb:00000057-d-1#608,,,p.[Gly11Val;Glu75Trp],-0.2275237246611866
urn:mavedb:00000057-d-1#609,,,p.[Gly11Val;Gly74Trp],-0.1687278956318204
urn:mavedb:00000057-d-1#610,,,p.[Gly11Val;Thr73Trp],-0.0450159603043366
urn:mavedb:00000057-d-1#611,,,p.[Gly11Val;Arg72Trp],-0.0620136159287761
urn:mavedb:00000057-d-1#612,,,p.[Gly11Val;Met71Trp],-0.0995541373766022
urn:mavedb:00000057-d-1#613,,,p.[Gly11Val;Tyr70Trp],-0.0160943686353092
urn:mavedb:00000057-d-1#614,,,p.[Gly11Val;Gln69Trp],-0.016094853867284
urn:mavedb:00000057-d-1#615,,,p.[Gly11Val;Asp68Trp],-0.0785940029766565
urn:mavedb:00000057-d-1#616,,,p.[Gly11Val;Arg67Trp],-0.0447141306596754
urn:mavedb:00000057-d-1#617,,,p.[Gly11Val;Met66Trp],0.0600375911630409
urn:mavedb:00000057-d-1#618,,,p.[Gly11Val;Ala65Trp],-0.0556324655128518
urn:mavedb:00000057-d-1#619,,,p.[Gly11Val;Ser64Trp],0.0002845401647083
urn:mavedb:00000057-d-1#620,,,p.[Gly11Val;Tyr63Trp],-0.1514877643329932
urn:mavedb:00000057-d-1#621,,,p.[Gly11Val;Glu62Trp],-0.0367330690068961
urn:mavedb:00000057-d-1#622,,,p.[Gly11Val;Glu61Trp],-0.1245842322555629
urn:mavedb:00000057-d-1#623,,,p.[Gly11Val;Gln60Trp],0.0132190221193947
urn:mavedb:00000057-d-1#624,,,p.[Gly11Val;Gly59Trp],-0.2006663950426198
urn:mavedb:00000057-d-1#625,,,p.[Gly11Val;Ala58Trp],-0.2280584460554592
urn:mavedb:00000057-d-1#626,,,p.[Gly11Val;Thr57Trp],-0.2189357443361254
urn:mavedb:00000057-d-1#627,,,p.[Gly11Val;Asp56Trp],-0.3315276023091786
urn:mavedb:00000057-d-1#628,,,p.[Gly11Val;Leu55Trp],0.0027833862797229
urn:mavedb:00000057-d-1#629,,,p.[Gly11Val;Ile54Trp],-0.166606312840508
urn:mavedb:00000057-d-1#630,,,p.[Gly11Val;Asp53Trp],-0.1643410984707502
urn:mavedb:00000057-d-1#631,,,p.[Gly11Val;Leu52Trp],0.0065760473371627
urn:mavedb:00000057-d-1#632,,,p.[Gly11Val;Leu51Trp],-0.0218987012252149
urn:mavedb:00000057-d-1#633,,,p.[Gly11Val;Cys50Trp],-0.0421691898497698
urn:mavedb:00000057-d-1#634,,,p.[Gly11Val;Thr49Trp],-0.0237989901301173
urn:mavedb:00000057-d-1#635,,,p.[Gly11Val;Glu48Trp],-0.0964319806520623
urn:mavedb:00000057-d-1#636,,,p.[Gly11Val;Gly47Trp],-0.0779460631752515
urn:mavedb:00000057-d-1#637,,,p.[Gly11Val;Asp46Trp],-0.1786877874411566
urn:mavedb:00000057-d-1#638,,,p.[Gly11Val;Ile45Trp],0.0318261787611434
urn:mavedb:00000057-d-1#639,,,p.[Gly11Val;Val44Trp],0.0325634027361451
urn:mavedb:00000057-d-1#640,,,p.[Gly11Val;Val43Trp],0.0260164876502613
urn:mavedb:00000057-d-1#641,,,p.[Gly11Val;Gln42Trp],-0.0553556406132159
urn:mavedb:00000057-d-1#642,,,p.[Gly11Val;Lys41Trp],-0.0518005759929081
urn:mavedb:00000057-d-1#643,,,p.[Gly11Val;Arg40Trp],-0.100780756568201
urn:mavedb:00000057-d-1#644,,,p.[Gly11Val;Tyr39Trp],-0.0603561176313074
urn:mavedb:00000057-d-1#645,,,p.[Gly11Val;Ser38Trp],-0.0780502582468729
urn:mavedb:00000057-d-1#646,,,p.[Gly11Val;Asp37Trp],-0.2050720261315524
urn:mavedb:00000057-d-1#647,,,p.[Gly11Val;Glu36Trp],-0.0814442677576536
urn:mavedb:00000057-d-1#648,,,p.[Gly11Val;Ile35Trp],-0.2008776616646153
urn:mavedb:00000057-d-1#649,,,p.[Gly11Val;Thr34Trp],-0.1852884727506052
urn:mavedb:00000057-d-1#650,,,p.[Gly11Val;Pro33Trp],-0.140642507674716
urn:mavedb:00000057-d-1#651,,,p.[Gly11Val;Asp32Trp],-0.0893719867367653
urn:mavedb:00000057-d-1#652,,,p.[Gly11Val;Tyr31Trp],-0.1589218503089657
urn:mavedb:00000057-d-1#653,,,p.[Gly11Val;Glu30Trp],0.0122911327177737
urn:mavedb:00000057-d-1#654,,,p.[Gly11Val;Asp29Trp],-0.0055078947676898
urn:mavedb:00000057-d-1#655,,,p.[Gly11Val;Val28Trp],0.0783289303558058
urn:mavedb:00000057-d-1#656,,,p.[Gly11Val;Phe27Trp],0.0775450060288346
urn:mavedb:00000057-d-1#657,,,p.[Gly11Val;His26Trp],0.064418437103303
urn:mavedb:00000057-d-1#658,,,p.[Gly11Val;Asn25Trp],-0.1223522543275702
urn:mavedb:00000057-d-1#659,,,p.[Gly11Val;Gln24Trp],-0.0652996636074734
urn:mavedb:00000057-d-1#660,,,p.[Gly11Val;Ile23Trp],-0.1267614562218121
urn:mavedb:00000057-d-1#661,,,p.[Gly11Val;Leu22Trp],0.0865624400415328
urn:mavedb:00000057-d-1#662,,,p.[Gly11Val;Gln21Trp],-0.1022461605820441
urn:mavedb:00000057-d-1#663,,,p.[Gly11Val;Ile20Trp],-0.033748336513712
urn:mavedb:00000057-d-1#664,,,p.[Gly11Val;Thr19Trp],-0.1192420388003646
urn:mavedb:00000057-d-1#665,,,p.[Gly11Val;Leu18Trp],-0.0974344962983874
urn:mavedb:00000057-d-1#666,,,p.[Gly11Val;Ala17Trp],-0.224280716212796
urn:mavedb:00000057-d-1#667,,,p.[Gly11Val;Ser16Trp],-0.2604128435411206
urn:mavedb:00000057-d-1#668,,,p.[Gly11Val;Lys15Trp],-0.3669180491342941
urn:mavedb:00000057-d-1#669,,,p.[Gly11Val;Gly14Trp],-0.2553778516277653
urn:mavedb:00000057-d-1#670,,,p.[Gly11Val;Val13Trp],-0.1820488706335161
urn:mavedb:00000057-d-1#671,,,p.[Gly11Val;Gly12Trp],-0.010358311656537
urn:mavedb:00000057-d-1#672,,,p.Gly11Trp,0.0
urn:mavedb:00000057-d-1#673,,,p.[Ala10Trp;Gly11Val],-0.1704234773530646
urn:mavedb:00000057-d-1#674,,,p.[Gly9Trp;Gly11Val],-0.2068311047581298
urn:mavedb:00000057-d-1#675,,,p.[Val8Trp;Gly11Val],-0.005191636599248
urn:mavedb:00000057-d-1#676,,,p.[Val7Trp;Gly11Val],-0.1741184147602862
urn:mavedb:00000057-d-1#677,,,p.[Val6Trp;Gly11Val],-0.1204405346359725
urn:mavedb:00000057-d-1#678,,,p.[Leu5Trp;Gly11Val],-0.2017328861111
urn:mavedb:00000057-d-1#679,,,p.[Lys4Trp;Gly11Val],-0.1068720833263148
urn:mavedb:00000057-d-1#680,,,p.[Tyr3Trp;Gly11Val],0.0553593124489589
urn:mavedb:00000057-d-1#681,,,p.[Glu2Trp;Gly11Val],-0.0115607478626494
urn:mavedb:00000057-d-1#682,,,p.[Thr1Trp;Gly11Val],-0.0745982644704599
urn:mavedb:00000057-d-1#683,,,p.[Gly11Val;His165Val],0.0290057634806604
urn:mavedb:00000057-d-1#684,,,p.[Gly11Val;Gln164Val],-0.19889371875294
urn:mavedb:00000057-d-1#685,,,p.[Gly11Val;Arg163Val],-0.1143003853262681
urn:mavedb:00000057-d-1#686,,,p.[Gly11Val;Ile162Val],-0.0878151782445763
urn:mavedb:00000057-d-1#687,,,p.[Gly11Val;Glu161Val],-0.0100772011707187
urn:mavedb:00000057-d-1#688,,,p.[Gly11Val;Arg160Val],-0.1871961954936302
urn:mavedb:00000057-d-1#689,,,p.[Gly11Val;Val159=],0.0
urn:mavedb:00000057-d-1#690,,,p.[Gly11Val;Leu158Val],-0.1168687576767527
urn:mavedb:00000057-d-1#691,,,p.[Gly11Val;Thr157Val],-0.0379594592984421
urn:mavedb:00000057-d-1#692,,,p.[Gly11Val;Tyr156Val],-0.0033848286439422
urn:mavedb:00000057-d-1#693,,,p.[Gly11Val;Phe155Val],0.0286861380227697
urn:mavedb:00000057-d-1#694,,,p.[Gly11Val;Ala154Val],-0.0092083962057175
urn:mavedb:00000057-d-1#695,,,p.[Gly11Val;Asp153Val],-0.171091535409233
urn:mavedb:00000057-d-1#696,,,p.[Gly11Val;Glu152Val],-0.0024285324223587
urn:mavedb:00000057-d-1#697,,,p.[Gly11Val;Val151=],0.0
urn:mavedb:00000057-d-1#698,,,p.[Gly11Val;Gly150Val],-0.1207767931117506
urn:mavedb:00000057-d-1#699,,,p.[Gly11Val;Gln149Val],-0.071653011508511
urn:mavedb:00000057-d-1#700,,,p.[Gly11Val;Arg148Val],-0.069785256243715
urn:mavedb:00000057-d-1#701,,,p.[Gly11Val;Thr147Val],0.0051582225888583
urn:mavedb:00000057-d-1#702,,,p.[Gly11Val;Lys146Val],-0.0522395727318822
urn:mavedb:00000057-d-1#703,,,p.[Gly11Val;Ala145Val],-0.1254151449970225
urn:mavedb:00000057-d-1#704,,,p.[Gly11Val;Ser144Val],-0.0863476135931967
urn:mavedb:00000057-d-1#705,,,p.[Gly11Val;Thr143Val],0.141688798108559
urn:mavedb:00000057-d-1#706,,,p.[Gly11Val;Glu142Val],-0.1159983118229243
urn:mavedb:00000057-d-1#707,,,p.[Gly11Val;Asn85Val],-0.1778883416156313
urn:mavedb:00000057-d-1#708,,,p.[Gly11Val;Asn84Val],-0.1912471734682084
urn:mavedb:00000057-d-1#709,,,p.[Gly11Val;Ile83Val],0.0831847817897734
urn:mavedb:00000057-d-1#710,,,p.[Gly11Val;Ala82Val],-0.1427375205583744
urn:mavedb:00000057-d-1#711,,,p.[Gly11Val;Phe81Val],-0.0056706559962574
urn:mavedb:00000057-d-1#712,,,p.[Gly11Val;Val80=],0.0
urn:mavedb:00000057-d-1#713,,,p.[Gly11Val;Cys79Val],0.067041299719088
urn:mavedb:00000057-d-1#714,,,p.[Gly11Val;Leu78Val],-0.0471602526520242
urn:mavedb:00000057-d-1#715,,,p.[Gly11Val;Phe77Val],-0.1738748000356644
urn:mavedb:00000057-d-1#716,,,p.[Gly11Val;Gly76Val],-0.1024828873528294
urn:mavedb:00000057-d-1#717,,,p.[Gly11Val;Glu75Val],-0.0983884789748566
urn:mavedb:00000057-d-1#718,,,p.[Gly11Val;Gly74Val],0.0103530422601874
urn:mavedb:00000057-d-1#719,,,p.[Gly11Val;Thr73Val],-0.1229014892894652
urn:mavedb:00000057-d-1#720,,,p.[Gly11Val;Arg72Val],-0.0852319085636321
urn:mavedb:00000057-d-1#721,,,p.[Gly11Val;Met71Val],-0.0337657787400072
urn:mavedb:00000057-d-1#722,,,p.[Gly11Val;Tyr70Val],0.054867324033252
urn:mavedb:00000057-d-1#723,,,p.[Gly11Val;Gln69Val],-0.1338854446474369
urn:mavedb:00000057-d-1#724,,,p.[Gly11Val;Asp68Val],-0.2235039110729325
urn:mavedb:00000057-d-1#725,,,p.[Gly11Val;Arg67Val],-0.0657152068513911
urn:mavedb:00000057-d-1#726,,,p.[Gly11Val;Met66Val],0.0122357405065069
urn:mavedb:00000057-d-1#727,,,p.[Gly11Val;Ala65Val],-0.0131147812986199
urn:mavedb:00000057-d-1#728,,,p.[Gly11Val;Ser64Val],-0.0786888716830267
urn:mavedb:00000057-d-1#729,,,p.[Gly11Val;Tyr63Val],-0.0036205566051057
urn:mavedb:00000057-d-1#730,,,p.[Gly11Val;Glu62Val],-0.0450841013842912
urn:mavedb:00000057-d-1#731,,,p.[Gly11Val;Glu61Val],0.0430168051886207
urn:mavedb:00000057-d-1#732,,,p.[Gly11Val;Gln60Val],-0.041697993848385
urn:mavedb:00000057-d-1#733,,,p.[Gly11Val;Gly59Val],-0.2836255474033271
urn:mavedb:00000057-d-1#734,,,p.[Gly11Val;Ala58Val],-0.2171532481001742
urn:mavedb:00000057-d-1#735,,,p.[Gly11Val;Thr57Val],-0.1495324738963076
urn:mavedb:00000057-d-1#736,,,p.[Gly11Val;Asp56Val],-0.303468631195872
urn:mavedb:00000057-d-1#737,,,p.[Gly11Val;Leu55Val],0.0208614878184297
urn:mavedb:00000057-d-1#738,,,p.[Gly11Val;Ile54Val],-0.0363417965678097
urn:mavedb:00000057-d-1#739,,,p.[Gly11Val;Asp53Val],-0.2043556395431554
urn:mavedb:00000057-d-1#740,,,p.[Gly11Val;Leu52Val],0.0471200694364452
urn:mavedb:00000057-d-1#741,,,p.[Gly11Val;Leu51Val],0.1075336778086069
urn:mavedb:00000057-d-1#742,,,p.[Gly11Val;Cys50Val],0.0607496674980954
urn:mavedb:00000057-d-1#743,,,p.[Gly11Val;Thr49Val],-0.0145582293407779
urn:mavedb:00000057-d-1#744,,,p.[Gly11Val;Glu48Val],0.0054338567889655
urn:mavedb:00000057-d-1#745,,,p.[Gly11Val;Gly47Val],-0.1075644015473575
urn:mavedb:00000057-d-1#746,,,p.[Gly11Val;Asp46Val],-0.0825997187603603
urn:mavedb:00000057-d-1#747,,,p.[Gly11Val;Ile45Val],0.117158230727464
urn:mavedb:00000057-d-1#748,,,p.[Gly11Val;Val44=],0.0
urn:mavedb:00000057-d-1#749,,,p.[Gly11Val;Val43=],0.0
urn:mavedb:00000057-d-1#750,,,p.[Gly11Val;Gln42Val],0.0019157946260753
urn:mavedb:00000057-d-1#751,,,p.[Gly11Val;Lys41Val],-0.0155243828356529
urn:mavedb:00000057-d-1#752,,,p.[Gly11Val;Arg40Val],0.0603507735274678
urn:mavedb:00000057-d-1#753,,,p.[Gly11Val;Tyr39Val],-0.1668237764329869
urn:mavedb:00000057-d-1#754,,,p.[Gly11Val;Ser38Val],0.0792516825267917
urn:mavedb:00000057-d-1#755,,,p.[Gly11Val;Asp37Val],-0.1364616572777756
urn:mavedb:00000057-d-1#756,,,p.[Gly11Val;Glu36Val],-0.1509990326075069
urn:mavedb:00000057-d-1#757,,,p.[Gly11Val;Ile35Val],0.0886663134185614
urn:mavedb:00000057-d-1#758,,,p.[Gly11Val;Thr34Val],-0.1515098145244382
urn:mavedb:00000057-d-1#759,,,p.[Gly11Val;Pro33Val],-0.1457310966135543
urn:mavedb:00000057-d-1#760,,,p.[Gly11Val;Asp32Val],-0.0487841776151946
urn:mavedb:00000057-d-1#761,,,p.[Gly11Val;Tyr31Val],-0.1218379120303654
urn:mavedb:00000057-d-1#762,,,p.[Gly11Val;Glu30Val],-0.0113390520031109
urn:mavedb:00000057-d-1#763,,,p.[Gly11Val;Asp29Val],-0.0580093609078858
urn:mavedb:00000057-d-1#764,,,p.[Gly11Val;Val28=],0.0
urn:mavedb:00000057-d-1#765,,,p.[Gly11Val;Phe27Val],-0.1074822973227668
urn:mavedb:00000057-d-1#766,,,p.[Gly11Val;His26Val],0.0719654219610606
urn:mavedb:00000057-d-1#767,,,p.[Gly11Val;Asn25Val],-0.1862402573725626
urn:mavedb:00000057-d-1#768,,,p.[Gly11Val;Gln24Val],-0.0081290110915547
urn:mavedb:00000057-d-1#769,,,p.[Gly11Val;Ile23Val],0.0609278540008586
urn:mavedb:00000057-d-1#770,,,p.[Gly11Val;Leu22Val],0.0584614504819079
urn:mavedb:00000057-d-1#771,,,p.[Gly11Val;Gln21Val],-0.1114030036297873
urn:mavedb:00000057-d-1#772,,,p.[Gly11Val;Ile20Val],0.0511402710117543
urn:mavedb:00000057-d-1#773,,,p.[Gly11Val;Thr19Val],-0.0363590482584138
urn:mavedb:00000057-d-1#774,,,p.[Gly11Val;Leu18Val],-0.0147757896222323
urn:mavedb:00000057-d-1#775,,,p.[Gly11Val;Ala17Val],-0.1810421157861132
urn:mavedb:00000057-d-1#776,,,p.[Gly11Val;Ser16Val],-0.2954382609604977
urn:mavedb:00000057-d-1#777,,,p.[Gly11Val;Lys15Val],-0.2241501236381649
urn:mavedb:00000057-d-1#778,,,p.[Gly11Val;Gly14Val],-0.2399687411566053
urn:mavedb:00000057-d-1#779,,,p.[Gly11Val;Val13=],0.0
urn:mavedb:00000057-d-1#780,,,p.[Gly11Val;Gly12Val],-0.0475787135247276
urn:mavedb:00000057-d-1#781,,,p.Gly11Val,0.0
urn:mavedb:00000057-d-1#782,,,p.[Ala10Val;Gly11Val],-0.0511615372216401
urn:mavedb:00000057-d-1#783,,,p.[Gly9Val;Gly11Val],-0.1719074960573373
urn:mavedb:00000057-d-1#784,,,p.[Val8=;Gly11Val],0.0
urn:mavedb:00000057-d-1#785,,,p.[Val7=;Gly11Val],0.0
urn:mavedb:00000057-d-1#786,,,p.[Val6=;Gly11Val],0.0
urn:mavedb:00000057-d-1#787,,,p.[Leu5Val;Gly11Val],0.0008027164483962
urn:mavedb:00000057-d-1#788,,,p.[Lys4Val;Gly11Val],-0.1001581119695914
urn:mavedb:00000057-d-1#789,,,p.[Tyr3Val;Gly11Val],0.0589646740842455
urn:mavedb:00000057-d-1#790,,,p.[Glu2Val;Gly11Val],-0.0459176555578809
urn:mavedb:00000057-d-1#791,,,p.[Thr1Val;Gly11Val],0.0237552365010371
urn:mavedb:00000057-d-1#792,,,p.[Gly11Val;His165Thr],0.0474316393952018
urn:mavedb:00000057-d-1#793,,,p.[Gly11Val;Gln164Thr],-0.0517790382070848
urn:mavedb:00000057-d-1#794,,,p.[Gly11Val;Arg163Thr],-0.0552282577913767
urn:mavedb:00000057-d-1#795,,,p.[Gly11Val;Ile162Thr],-0.0817999207390838
urn:mavedb:00000057-d-1#796,,,p.[Gly11Val;Glu161Thr],0.0140562055283461
urn:mavedb:00000057-d-1#797,,,p.[Gly11Val;Arg160Thr],-0.1051279643959883
urn:mavedb:00000057-d-1#798,,,p.[Gly11Val;Val159Thr],-0.157621322569109
urn:mavedb:00000057-d-1#799,,,p.[Gly11Val;Leu158Thr],-0.1976022451506744
urn:mavedb:00000057-d-1#800,,,p.[Gly11Val;Thr157=],0.0
urn:mavedb:00000057-d-1#801,,,p.[Gly11Val;Tyr156Thr],0.0724243324421913
urn:mavedb:00000057-d-1#802,,,p.[Gly11Val;Phe155Thr],-0.0763957036557959
urn:mavedb:00000057-d-1#803,,,p.[Gly11Val;Ala154Thr],-0.1264636401161525
urn:mavedb:00000057-d-1#804,,,p.[Gly11Val;Asp153Thr],-0.075473428883186
urn:mavedb:00000057-d-1#805,,,p.[Gly11Val;Glu152Thr],0.0067718871741344
urn:mavedb:00000057-d-1#806,,,p.[Gly11Val;Val151Thr],0.0050577634258204
urn:mavedb:00000057-d-1#807,,,p.[Gly11Val;Gly150Thr],-0.020867128682658
urn:mavedb:00000057-d-1#808,,,p.[Gly11Val;Gln149Thr],-0.0661852681532565
urn:mavedb:00000057-d-1#809,,,p.[Gly11Val;Arg148Thr],-0.0584759905775083
urn:mavedb:00000057-d-1#810,,,p.[Gly11Val;Thr147=],0.0
urn:mavedb:00000057-d-1#811,,,p.[Gly11Val;Lys146Thr],0.0570400328868801
urn:mavedb:00000057-d-1#812,,,p.[Gly11Val;Ala145Thr],-0.0912834042616158
urn:mavedb:00000057-d-1#813,,,p.[Gly11Val;Ser144Thr],-0.0706478307649872
urn:mavedb:00000057-d-1#814,,,p.[Gly11Val;Thr143=],0.0
urn:mavedb:00000057-d-1#815,,,p.[Gly11Val;Glu142Thr],-0.1588210171790955
urn:mavedb:00000057-d-1#816,,,p.[Gly11Val;Ile141Thr],-0.0881963919321432
urn:mavedb:00000057-d-1#817,,,p.[Gly11Val;Tyr140Thr],-0.2193619969870099
urn:mavedb:00000057-d-1#818,,,p.[Gly11Val;Pro139Thr],0.0134872497395364
urn:mavedb:00000057-d-1#819,,,p.[Gly11Val;Ile138Thr],-0.1744673623561504
urn:mavedb:00000057-d-1#820,,,p.[Gly11Val;Gly137Thr],-0.1782976462761776
urn:mavedb:00000057-d-1#821,,,p.[Gly11Val;Tyr136Thr],-0.2071714600601007
urn:mavedb:00000057-d-1#822,,,p.[Gly11Val;Ser135Thr],0.013138491046489
urn:mavedb:00000057-d-1#823,,,p.[Gly11Val;Arg134Thr],0.0394748908540971
urn:mavedb:00000057-d-1#824,,,p.[Gly11Val;Ala133Thr],-0.1516884789237203
urn:mavedb:00000057-d-1#825,,,p.[Gly11Val;Leu132Thr],-0.1163921928476748
urn:mavedb:00000057-d-1#826,,,p.[Gly11Val;Asp131Thr],-0.0596379464205434
urn:mavedb:00000057-d-1#827,,,p.[Gly11Val;Gln130Thr],-0.0922891437162408
urn:mavedb:00000057-d-1#828,,,p.[Gly11Val;Ala129Thr],-0.1033137313032572
urn:mavedb:00000057-d-1#829,,,p.[Gly11Val;Gln128Thr],-0.0662772655120995
urn:mavedb:00000057-d-1#830,,,p.[Gly11Val;Arg127Thr],0.0135151327925012
urn:mavedb:00000057-d-1#831,,,p.[Gly11Val;Ser126Thr],0.0439785453061704
urn:mavedb:00000057-d-1#832,,,p.[Gly11Val;Glu125Thr],0.0044908115653592
urn:mavedb:00000057-d-1#833,,,p.[Gly11Val;Val124Thr],0.0357542437266413
urn:mavedb:00000057-d-1#834,,,p.[Gly11Val;Thr123=],0.0
urn:mavedb:00000057-d-1#835,,,p.[Gly11Val;Arg122Thr],-0.0460834492193808
urn:mavedb:00000057-d-1#836,,,p.[Gly11Val;Ala121Thr],-0.0717620842329963
urn:mavedb:00000057-d-1#837,,,p.[Gly11Val;Ala120Thr],-0.027034681952711
urn:mavedb:00000057-d-1#838,,,p.[Gly11Val;Leu119Thr],0.1171822413436212
urn:mavedb:00000057-d-1#839,,,p.[Gly11Val;Asp118Thr],-0.1436604256630916
urn:mavedb:00000057-d-1#840,,,p.[Gly11Val;Cys117Thr],0.0058098118873347
urn:mavedb:00000057-d-1#841,,,p.[Gly11Val;Lys116Thr],-0.0594277814627082
urn:mavedb:00000057-d-1#842,,,p.[Gly11Val;Asn115Thr],0.2106868148252841
urn:mavedb:00000057-d-1#843,,,p.[Gly11Val;Gly114Thr],-0.2510329207165477
urn:mavedb:00000057-d-1#844,,,p.[Gly11Val;Val113Thr],-0.2392964871797194
urn:mavedb:00000057-d-1#845,,,p.[Gly11Val;Leu112Thr],-0.174047100708174
urn:mavedb:00000057-d-1#846,,,p.[Gly11Val;Val111Thr],-0.2324072792285779
urn:mavedb:00000057-d-1#847,,,p.[Gly11Val;Met110Thr],-0.2157723950800827
urn:mavedb:00000057-d-1#848,,,p.[Gly11Val;Pro109Thr],-0.1038727448788322
urn:mavedb:00000057-d-1#849,,,p.[Gly11Val;Val108Thr],-0.1803621834013336
urn:mavedb:00000057-d-1#850,,,p.[Gly11Val;Asp107Thr],-0.0085430278579864
urn:mavedb:00000057-d-1#851,,,p.[Gly11Val;Asp106Thr],-0.0491719477251421
urn:mavedb:00000057-d-1#852,,,p.[Gly11Val;Ser105Thr],0.0146662140548435
urn:mavedb:00000057-d-1#853,,,p.[Gly11Val;Asp104Thr],-0.0737201928112201
urn:mavedb:00000057-d-1#854,,,p.[Gly11Val;Lys103Thr],-0.0087283973437492
urn:mavedb:00000057-d-1#855,,,p.[Gly11Val;Val102Thr],-0.1110006687494239
urn:mavedb:00000057-d-1#856,,,p.[Gly11Val;Arg101Thr],-0.1517237156338914
urn:mavedb:00000057-d-1#857,,,p.[Gly11Val;Lys100Thr],-0.0945214019586156
urn:mavedb:00000057-d-1#858,,,p.[Gly11Val;Ile99Thr],-0.2041830066673849
urn:mavedb:00000057-d-1#859,,,p.[Gly11Val;Gln98Thr],0.0994285823883991
urn:mavedb:00000057-d-1#860,,,p.[Gly11Val;Glu97Thr],-0.0400553623579668
urn:mavedb:00000057-d-1#861,,,p.[Gly11Val;Arg96Thr],-0.0028369978160981
urn:mavedb:00000057-d-1#862,,,p.[Gly11Val;Tyr95Thr],-0.0649864714948198
urn:mavedb:00000057-d-1#863,,,p.[Gly11Val;Gln94Thr],-0.0005573527143911
urn:mavedb:00000057-d-1#864,,,p.[Gly11Val;His93Thr],-0.0733352652169012
urn:mavedb:00000057-d-1#865,,,p.[Gly11Val;Ile92Thr],-0.1773550702179233
urn:mavedb:00000057-d-1#866,,,p.[Gly11Val;Asp91Thr],-0.0384925923743942
urn:mavedb:00000057-d-1#867,,,p.[Gly11Val;Glu90Thr],-0.0657952867048233
urn:mavedb:00000057-d-1#868,,,p.[Gly11Val;Phe89Thr],-0.2114003367437144
urn:mavedb:00000057-d-1#869,,,p.[Gly11Val;Ser88Thr],-0.0153539215198054
urn:mavedb:00000057-d-1#870,,,p.[Gly11Val;Lys87Thr],-0.1384043494321362
urn:mavedb:00000057-d-1#871,,,p.[Gly11Val;Thr86=],0.0
urn:mavedb:00000057-d-1#872,,,p.[Gly11Val;Asn85Thr],-0.2009035474441141
urn:mavedb:00000057-d-1#873,,,p.[Gly11Val;Asn84Thr],0.0660679187594493
urn:mavedb:00000057-d-1#874,,,p.[Gly11Val;Ile83Thr],0.0657326880771596
urn:mavedb:00000057-d-1#875,,,p.[Gly11Val;Ala82Thr],-0.0410896599730384
urn:mavedb:00000057-d-1#876,,,p.[Gly11Val;Phe81Thr],-0.1009716667682155
urn:mavedb:00000057-d-1#877,,,p.[Gly11Val;Val80Thr],-0.1639842794451564
urn:mavedb:00000057-d-1#878,,,p.[Gly11Val;Cys79Thr],-0.152876102103155
urn:mavedb:00000057-d-1#879,,,p.[Gly11Val;Leu78Thr],-0.2105175787580704
urn:mavedb:00000057-d-1#880,,,p.[Gly11Val;Phe77Thr],-0.1824843720318542
urn:mavedb:00000057-d-1#881,,,p.[Gly11Val;Gly76Thr],-0.1367561770450719
urn:mavedb:00000057-d-1#882,,,p.[Gly11Val;Glu75Thr],-0.0888589611402899
urn:mavedb:00000057-d-1#883,,,p.[Gly11Val;Gly74Thr],-0.0122044542227709
urn:mavedb:00000057-d-1#884,,,p.[Gly11Val;Thr73=],0.0
urn:mavedb:00000057-d-1#885,,,p.[Gly11Val;Arg72Thr],-0.1339724001143747
urn:mavedb:00000057-d-1#886,,,p.[Gly11Val;Met71Thr],0.0075054365379009
urn:mavedb:00000057-d-1#887,,,p.[Gly11Val;Tyr70Thr],0.0335518483490437
urn:mavedb:00000057-d-1#888,,,p.[Gly11Val;Gln69Thr],-0.0665241284863736
urn:mavedb:00000057-d-1#889,,,p.[Gly11Val;Asp68Thr],-0.0988632990362837
urn:mavedb:00000057-d-1#890,,,p.[Gly11Val;Arg67Thr],-0.05583556505548
urn:mavedb:00000057-d-1#891,,,p.[Gly11Val;Met66Thr],0.0212508342496223
urn:mavedb:00000057-d-1#892,,,p.[Gly11Val;Ala65Thr],-0.0033324395819221
urn:mavedb:00000057-d-1#893,,,p.[Gly11Val;Ser64Thr],-0.0431510270938697
urn:mavedb:00000057-d-1#894,,,p.[Gly11Val;Tyr63Thr],-0.0574049841301514
urn:mavedb:00000057-d-1#895,,,p.[Gly11Val;Glu62Thr],0.1002117887559682
urn:mavedb:00000057-d-1#896,,,p.[Gly11Val;Glu61Thr],0.101002973323512
urn:mavedb:00000057-d-1#897,,,p.[Gly11Val;Leu52Asn],-0.0942881200573853
urn:mavedb:00000057-d-1#898,,,p.[Gly11Val;Leu51Asn],0.0974554150234271
urn:mavedb:00000057-d-1#899,,,p.[Gly11Val;Cys50Asn],-0.066392593021968
urn:mavedb:00000057-d-1#900,,,p.[Gly11Val;Thr49Asn],0.0704393028944931
urn:mavedb:00000057-d-1#901,,,p.[Gly11Val;Glu48Asn],0.0559131789866016
urn:mavedb:00000057-d-1#902,,,p.[Gly11Val;Gly47Asn],-0.0478194737026673
urn:mavedb:00000057-d-1#903,,,p.[Gly11Val;Asp46Asn],-0.0033322589613109
urn:mavedb:00000057-d-1#904,,,p.[Gly11Val;Ile45Asn],-0.0326518599605401
urn:mavedb:00000057-d-1#905,,,p.[Gly11Val;Val44Asn],-0.0098697361488472
urn:mavedb:00000057-d-1#906,,,p.[Gly11Val;Val43Asn],0.0732280811051372
urn:mavedb:00000057-d-1#907,,,p.[Gly11Val;Gln42Asn],0.0545339132678584
urn:mavedb:00000057-d-1#908,,,p.[Gly11Val;Lys41Asn],0.1503109797173848
urn:mavedb:00000057-d-1#909,,,p.[Gly11Val;Arg40Asn],0.0053850679627598
urn:mavedb:00000057-d-1#910,,,p.[Gly11Val;Tyr39Asn],-0.168407616175535
urn:mavedb:00000057-d-1#911,,,p.[Gly11Val;Ser38Asn],0.0367289135592859
urn:mavedb:00000057-d-1#912,,,p.[Gly11Val;Asp37Asn],-0.1965494459171208
urn:mavedb:00000057-d-1#913,,,p.[Gly11Val;Glu36Asn],-0.2012617098565127
urn:mavedb:00000057-d-1#914,,,p.[Gly11Val;Ile35Asn],-0.042187343062762
urn:mavedb:00000057-d-1#915,,,p.[Gly11Val;Thr34Asn],-0.162240977713693
urn:mavedb:00000057-d-1#916,,,p.[Gly11Val;Pro33Asn],-0.2197929895333935
urn:mavedb:00000057-d-1#917,,,p.[Gly11Val;Asp32Asn],-0.1073952537225308
urn:mavedb:00000057-d-1#918,,,p.[Gly11Val;Tyr31Asn],-0.156608758125908
urn:mavedb:00000057-d-1#919,,,p.[Gly11Val;Glu30Asn],-0.0242068301556938
urn:mavedb:00000057-d-1#920,,,p.[Gly11Val;Asp29Asn],-0.0615657004718036
urn:mavedb:00000057-d-1#921,,,p.[Gly11Val;Val28Asn],-0.0490382379573265
urn:mavedb:00000057-d-1#922,,,p.[Gly11Val;Phe27Asn],-0.1325240686640824
urn:mavedb:00000057-d-1#923,,,p.[Gly11Val;His26Asn],0.012271836854939
urn:mavedb:00000057-d-1#924,,,p.[Gly11Val;Asn25=],0.0
urn:mavedb:00000057-d-1#925,,,p.[Gly11Val;Gln24Asn],0.1785190971576995
urn:mavedb:00000057-d-1#926,,,p.[Gly11Val;Ile23Asn],0.1799877474290752
urn:mavedb:00000057-d-1#927,,,p.[Gly11Val;Leu22Asn],0.2563334035103327
urn:mavedb:00000057-d-1#928,,,p.[Gly11Val;Gln21Asn],0.1013877802663183
urn:mavedb:00000057-d-1#929,,,p.[Gly11Val;Ile20Asn],-0.1773010981924756
urn:mavedb:00000057-d-1#930,,,p.[Gly11Val;Thr19Asn],0.0971808603837491
urn:mavedb:00000057-d-1#931,,,p.[Gly11Val;Leu18Asn],0.1017371613668441
urn:mavedb:00000057-d-1#932,,,p.[Gly11Val;Ala17Asn],-0.0835670073176762
urn:mavedb:00000057-d-1#933,,,p.[Gly11Val;Ser16Asn],-0.2347154017063517
urn:mavedb:00000057-d-1#934,,,p.[Gly11Val;Lys15Asn],-0.1499480383549146
urn:mavedb:00000057-d-1#935,,,p.[Gly11Val;Gly14Asn],-0.3384920659151868
urn:mavedb:00000057-d-1#936,,,p.[Gly11Val;Val13Asn],-0.111435822830172
urn:mavedb:00000057-d-1#937,,,p.[Gly11Val;Gly12Asn],-0.0541015328968027
urn:mavedb:00000057-d-1#938,,,p.Gly11Asn,0.0
urn:mavedb:00000057-d-1#939,,,p.[Ala10Asn;Gly11Val],0.0228979058635017
urn:mavedb:00000057-d-1#940,,,p.[Gly9Asn;Gly11Val],-0.2648932054259217
urn:mavedb:00000057-d-1#941,,,p.[Val8Asn;Gly11Val],-0.1260718644495172
urn:mavedb:00000057-d-1#942,,,p.[Val7Asn;Gly11Val],-0.1721075244861545
urn:mavedb:00000057-d-1#943,,,p.[Val6Asn;Gly11Val],-0.092291976405005
urn:mavedb:00000057-d-1#944,,,p.[Leu5Asn;Gly11Val],-0.1069271286112143
urn:mavedb:00000057-d-1#945,,,p.[Lys4Asn;Gly11Val],0.0762588688936146
urn:mavedb:00000057-d-1#946,,,p.[Tyr3Asn;Gly11Val],0.0317561297267486
urn:mavedb:00000057-d-1#947,,,p.[Glu2Asn;Gly11Val],-0.1099270126682484
urn:mavedb:00000057-d-1#948,,,p.[Thr1Asn;Gly11Val],-0.0186009769445025
urn:mavedb:00000057-d-1#949,,,p.[Gly11Val;His165Met],0.0586500196610071
urn:mavedb:00000057-d-1#950,,,p.[Gly11Val;Gln164Met],-0.1129890948401933
urn:mavedb:00000057-d-1#951,,,p.[Gly11Val;Arg163Met],0.1585141025815644
urn:mavedb:00000057-d-1#952,,,p.[Gly11Val;Ile162Met],-0.0365939006816336
urn:mavedb:00000057-d-1#953,,,p.[Gly11Val;Glu161Met],0.1140530227467087
urn:mavedb:00000057-d-1#954,,,p.[Gly11Val;Arg160Met],-0.0833170912234213
urn:mavedb:00000057-d-1#955,,,p.[Gly11Val;Val159Met],-0.0241490694040119
urn:mavedb:00000057-d-1#956,,,p.[Gly11Val;Leu158Met],-0.1473467532305438
urn:mavedb:00000057-d-1#957,,,p.[Gly11Val;Thr157Met],0.051600956615657
urn:mavedb:00000057-d-1#958,,,p.[Gly11Val;Tyr156Met],0.1177730737524523
urn:mavedb:00000057-d-1#959,,,p.[Gly11Val;Phe155Met],-0.0250636838914504
urn:mavedb:00000057-d-1#960,,,p.[Gly11Val;Ala154Met],0.0864440692283332
urn:mavedb:00000057-d-1#961,,,p.[Gly11Val;Asp153Met],-0.1102676552430153
urn:mavedb:00000057-d-1#962,,,p.[Gly11Val;Glu152Met],-0.0164245938911247
urn:mavedb:00000057-d-1#963,,,p.[Gly11Val;Val151Met],-0.0633916409481233
urn:mavedb:00000057-d-1#964,,,p.[Gly11Val;Gly150Met],0.0049993960885209
urn:mavedb:00000057-d-1#965,,,p.[Gly11Val;Gln149Met],0.1084288162747964
urn:mavedb:00000057-d-1#966,,,p.[Gly11Val;Arg148Met],0.0821521992361736
urn:mavedb:00000057-d-1#967,,,p.[Gly11Val;Thr147Met],-0.0142357468228443
urn:mavedb:00000057-d-1#968,,,p.[Gly11Val;Lys146Met],0.0049421921570158
urn:mavedb:00000057-d-1#969,,,p.[Gly11Val;Ala145Met],-0.19449128268101
urn:mavedb:00000057-d-1#970,,,p.[Gly11Val;Ser144Met],-0.0271702450181573
urn:mavedb:00000057-d-1#971,,,p.[Gly11Val;Thr143Met],0.0059997586588839
urn:mavedb:00000057-d-1#972,,,p.[Gly11Val;Glu142Met],-0.0871865991875192
urn:mavedb:00000057-d-1#973,,,p.[Gly11Val;Ile141Met],-0.1230044845182749
urn:mavedb:00000057-d-1#974,,,p.[Gly11Val;Tyr140Met],-0.1157875837003914
urn:mavedb:00000057-d-1#975,,,p.[Gly11Val;Pro139Met],-0.1496360818422323
urn:mavedb:00000057-d-1#976,,,p.[Gly11Val;Ile138Met],-0.1937685562343105
urn:mavedb:00000057-d-1#977,,,p.[Gly11Val;Arg67Met],-0.0205232783341019
urn:mavedb:00000057-d-1#978,,,p.[Gly11Val;Met66=],0.0
urn:mavedb:00000057-d-1#979,,,p.[Gly11Val;Ala65Met],0.0496104914387448
urn:mavedb:00000057-d-1#980,,,p.[Gly11Val;Ser64Met],-0.0344127157888812
urn:mavedb:00000057-d-1#981,,,p.[Gly11Val;Tyr63Met],-0.0230044454792315
urn:mavedb:00000057-d-1#982,,,p.[Gly11Val;Glu62Met],-0.0565985144924017
urn:mavedb:00000057-d-1#983,,,p.[Gly11Val;Glu61Met],0.1688009335776583
urn:mavedb:00000057-d-1#984,,,p.[Gly11Val;Gln60Met],-0.030999885090547
urn:mavedb:00000057-d-1#985,,,p.[Gly11Val;Gly59Met],-0.119739948252127
urn:mavedb:00000057-d-1#986,,,p.[Gly11Val;Ala58Met],-0.0307550353289976
urn:mavedb:00000057-d-1#987,,,p.[Gly11Val;Thr57Met],-0.1322939719959271
urn:mavedb:00000057-d-1#988,,,p.[Gly11Val;Asp56Met],-0.2164560949536839
urn:mavedb:00000057-d-1#989,,,p.[Gly11Val;Leu55Met],0.0830943182423626
urn:mavedb:00000057-d-1#990,,,p.[Gly11Val;Ile54Met],-0.0539887619394658
urn:mavedb:00000057-d-1#991,,,p.[Gly11Val;Asp53Met],-0.1455042273384837
urn:mavedb:00000057-d-1#992,,,p.[Gly11Val;Leu52Met],-0.1174470033658666
urn:mavedb:00000057-d-1#993,,,p.[Gly11Val;Leu51Met],0.1240013176098432
urn:mavedb:00000057-d-1#994,,,p.[Gly11Val;Cys50Met],-0.0535064216359904
urn:mavedb:00000057-d-1#995,,,p.[Gly11Val;Thr49Met],0.0424611720853845
urn:mavedb:00000057-d-1#996,,,p.[Gly11Val;Glu48Met],0.0429530807033157
urn:mavedb:00000057-d-1#997,,,p.[Gly11Val;Gly47Met],-0.0278258238874298
urn:mavedb:00000057-d-1#998,,,p.[Gly11Val;Asp46Met],-0.1107508958776748
urn:mavedb:00000057-d-1#999,,,p.[Gly11Val;Ile45Met],0.0969292996900209
urn:mavedb:00000057-d-1#1000,,,p.[Gly11Val;Val44Met],0.033129957257532
urn:mavedb:00000057-d-1#1001,,,p.[Gly11Val;Val43Met],0.1094943861112436
urn:mavedb:00000057-d-1#1002,,,p.[Gly11Val;Gln42Met],0.127527982287002
urn:mavedb:00000057-d-1#1003,,,p.[Gly11Val;Lys41Met],0.0637102372579246
urn:mavedb:00000057-d-1#1004,,,p.[Gly11Val;Arg40Met],-0.0128889362751509
urn:mavedb:00000057-d-1#1005,,,p.[Gly11Val;Tyr39Met],-0.171111476764086
urn:mavedb:00000057-d-1#1006,,,p.[Gly11Val;Ser38Met],-0.0394565867566367
urn:mavedb:00000057-d-1#1007,,,p.[Gly11Val;Asp37Met],-0.342233815014449
urn:mavedb:00000057-d-1#1008,,,p.[Gly11Val;Glu36Met],-0.1204335886831546
urn:mavedb:00000057-d-1#1009,,,p.[Gly11Val;Ile35Met],-0.1734916088763373
urn:mavedb:00000057-d-1#1010,,,p.[Gly11Val;Thr34Met],-0.2749194157657738
urn:mavedb:00000057-d-1#1011,,,p.[Gly11Val;Pro33Met],-0.0714599282291374
urn:mavedb:00000057-d-1#1012,,,p.[Gly11Val;Asp32Met],-0.0560352766754804
urn:mavedb:00000057-d-1#1013,,,p.[Gly11Val;Tyr31Met],-0.0301310762308815
urn:mavedb:00000057-d-1#1014,,,p.[Gly11Val;Glu30Met],-0.0584429327742707
urn:mavedb:00000057-d-1#1015,,,p.[Gly11Val;Asp29Met],0.0069525179195463
urn:mavedb:00000057-d-1#1016,,,p.[Gly11Val;Val28Met],0.0637792619281598
urn:mavedb:00000057-d-1#1017,,,p.[Gly11Val;Phe27Met],0.0108651581090535
urn:mavedb:00000057-d-1#1018,,,p.[Gly11Val;His26Met],0.1613194697985622
urn:mavedb:00000057-d-1#1019,,,p.[Gly11Val;Asn25Met],-0.1150438861532308
urn:mavedb:00000057-d-1#1020,,,p.[Gly11Val;Gln24Met],0.0160412705224283
urn:mavedb:00000057-d-1#1021,,,p.[Gly11Val;Ile23Met],0.2227989720741149
urn:mavedb:00000057-d-1#1022,,,p.[Gly11Val;Leu22Met],-0.0057719948534865
urn:mavedb:00000057-d-1#1023,,,p.[Gly11Val;Gln21Met],-0.049549954832836
urn:mavedb:00000057-d-1#1024,,,p.[Gly11Val;Ile20Met],-0.0023956221232509
urn:mavedb:00000057-d-1#1025,,,p.[Gly11Val;Thr19Met],-0.2450198611811803
urn:mavedb:00000057-d-1#1026,,,p.[Gly11Val;Leu18Met],0.0159568575777569
urn:mavedb:00000057-d-1#1027,,,p.[Gly11Val;Ala17Met],-0.1991261630619036
urn:mavedb:00000057-d-1#1028,,,p.[Gly11Val;Ser16Met],-0.276740410919984
urn:mavedb:00000057-d-1#1029,,,p.[Gly11Val;Lys15Met],-0.1689583438077967
urn:mavedb:00000057-d-1#1030,,,p.[Gly11Val;Gly14Met],-0.2699706745944741
urn:mavedb:00000057-d-1#1031,,,p.[Gly11Val;Val13Met],0.0347876305942236
urn:mavedb:00000057-d-1#1032,,,p.[Gly11Val;Gly12Met],-0.1052097285837719
urn:mavedb:00000057-d-1#1033,,,p.Gly11Met,0.0
urn:mavedb:00000057-d-1#1034,,,p.[Ala10Met;Gly11Val],-0.0315040363115083
urn:mavedb:00000057-d-1#1035,,,p.[Gly9Met;Gly11Val],-0.1009370670258379
urn:mavedb:00000057-d-1#1036,,,p.[Val8Met;Gly11Val],-0.0620262682988511
urn:mavedb:00000057-d-1#1037,,,p.[Val7Met;Gly11Val],-0.0038498412544264
urn:mavedb:00000057-d-1#1038,,,p.[Val6Met;Gly11Val],-0.0258270963105571
urn:mavedb:00000057-d-1#1039,,,p.[Leu5Met;Gly11Val],0.1134549543173125
urn:mavedb:00000057-d-1#1040,,,p.[Lys4Met;Gly11Val],-0.1078148115353561
urn:mavedb:00000057-d-1#1041,,,p.[Tyr3Met;Gly11Val],0.073378435506786
urn:mavedb:00000057-d-1#1042,,,p.[Glu2Met;Gly11Val],-0.1257371050564775
urn:mavedb:00000057-d-1#1043,,,p.[Thr1Met;Gly11Val],-0.0782501227093254
urn:mavedb:00000057-d-1#1044,,,p.[Gly11Val;His165Leu],0.1174588799299837
urn:mavedb:00000057-d-1#1045,,,p.[Gly11Val;Gln164Leu],-0.1865863578252852
urn:mavedb:00000057-d-1#1046,,,p.[Gly11Val;Arg163Leu],0.0582941779200018
urn:mavedb:00000057-d-1#1047,,,p.[Gly11Val;Ile162Leu],0.0218419151839984
urn:mavedb:00000057-d-1#1048,,,p.[Gly11Val;Glu161Leu],0.0677335411683427
urn:mavedb:00000057-d-1#1049,,,p.[Gly11Val;Arg160Leu],-0.1031796685563034
urn:mavedb:00000057-d-1#1050,,,p.[Gly11Val;Val159Leu],-0.0191148836802962
urn:mavedb:00000057-d-1#1051,,,p.[Gly11Val;Leu158=],0.0
urn:mavedb:00000057-d-1#1052,,,p.[Gly11Val;Thr157Leu],-0.0084803808509237
urn:mavedb:00000057-d-1#1053,,,p.[Gly11Val;Tyr156Leu],0.0300229715180835
urn:mavedb:00000057-d-1#1054,,,p.[Gly11Val;Phe155Leu],-0.0366491201261948
urn:mavedb:00000057-d-1#1055,,,p.[Gly11Val;Ala154Leu],0.0714268188595566
urn:mavedb:00000057-d-1#1056,,,p.[Gly11Val;Asp153Leu],-0.0082864053958055
urn:mavedb:00000057-d-1#1057,,,p.[Gly11Val;Glu152Leu],0.0309794383646387
urn:mavedb:00000057-d-1#1058,,,p.[Gly11Val;Val151Leu],0.0218677990992092
urn:mavedb:00000057-d-1#1059,,,p.[Gly11Val;Gly150Leu],-0.012203800116785
urn:mavedb:00000057-d-1#1060,,,p.[Gly11Val;Gln149Leu],-0.0779628812982216
urn:mavedb:00000057-d-1#1061,,,p.[Gly11Val;Arg148Leu],0.0266876575643489
urn:mavedb:00000057-d-1#1062,,,p.[Gly11Val;Thr147Leu],-0.099853149904621
urn:mavedb:00000057-d-1#1063,,,p.[Gly11Val;Lys146Leu],0.042064751789944
urn:mavedb:00000057-d-1#1064,,,p.[Gly11Val;Ala145Leu],-0.1914190558060562
urn:mavedb:00000057-d-1#1065,,,p.[Gly11Val;Ser144Leu],-0.1752008240832536
urn:mavedb:00000057-d-1#1066,,,p.[Gly11Val;Thr143Leu],0.0565210211243365
urn:mavedb:00000057-d-1#1067,,,p.[Gly11Val;Glu142Leu],-0.1603156779093975
urn:mavedb:00000057-d-1#1068,,,p.[Gly11Val;Ile141Leu],-0.0373323696338251
urn:mavedb:00000057-d-1#1069,,,p.[Gly11Val;Tyr140Leu],-0.0686982045938419
urn:mavedb:00000057-d-1#1070,,,p.[Gly11Val;Pro139Leu],-0.121316038420991
urn:mavedb:00000057-d-1#1071,,,p.[Gly11Val;Ile138Leu],-0.1725399764535893
urn:mavedb:00000057-d-1#1072,,,p.[Gly11Val;Gly137Leu],-0.2143833309300313
urn:mavedb:00000057-d-1#1073,,,p.[Gly11Val;Tyr136Leu],0.1087510578491899
urn:mavedb:00000057-d-1#1074,,,p.[Gly11Val;Ser135Leu],-0.0254414078568
urn:mavedb:00000057-d-1#1075,,,p.[Gly11Val;Arg134Leu],-0.0334926581051644
urn:mavedb:00000057-d-1#1076,,,p.[Gly11Val;Ala133Leu],-0.1927912479326029
urn:mavedb:00000057-d-1#1077,,,p.[Gly11Val;Leu132=],0.0
urn:mavedb:00000057-d-1#1078,,,p.[Gly11Val;Asp131Leu],-0.122638822384819
urn:mavedb:00000057-d-1#1079,,,p.[Gly11Val;Gln130Leu],0.0015147311187438
urn:mavedb:00000057-d-1#1080,,,p.[Gly11Val;Ala129Leu],0.0433954638832038
urn:mavedb:00000057-d-1#1081,,,p.[Gly11Val;Gln128Leu],0.0267302341547954
urn:mavedb:00000057-d-1#1082,,,p.[Gly11Val;Arg127Leu],0.0104755371716911
urn:mavedb:00000057-d-1#1083,,,p.[Gly11Val;Ser126Leu],-0.0744121380014647
urn:mavedb:00000057-d-1#1084,,,p.[Gly11Val;Glu125Leu],-0.0446567438575834
urn:mavedb:00000057-d-1#1085,,,p.[Gly11Val;Val124Leu],-0.0607541900547791
urn:mavedb:00000057-d-1#1086,,,p.[Gly11Val;Thr123Leu],-0.068976139439978
urn:mavedb:00000057-d-1#1087,,,p.[Gly11Val;Arg122Leu],-0.0695461667326821
urn:mavedb:00000057-d-1#1088,,,p.[Gly11Val;Ala121Leu],0.0108226052043613
urn:mavedb:00000057-d-1#1089,,,p.[Gly11Val;Ala120Leu],-0.0381382472626564
urn:mavedb:00000057-d-1#1090,,,p.[Gly11Val;Leu119=],0.0
urn:mavedb:00000057-d-1#1091,,,p.[Gly11Val;Asp118Leu],-0.2510775001581599
urn:mavedb:00000057-d-1#1092,,,p.[Gly11Val;Cys117Leu],0.0222026294196827
urn:mavedb:00000057-d-1#1093,,,p.[Gly11Val;Lys116Leu],0.0396016795822844
urn:mavedb:00000057-d-1#1094,,,p.[Gly11Val;Asn115Leu],0.2428221611650922
urn:mavedb:00000057-d-1#1095,,,p.[Gly11Val;Gly114Leu],-0.10475885076066
urn:mavedb:00000057-d-1#1096,,,p.[Gly11Val;Val113Leu],-0.0212929742530701
urn:mavedb:00000057-d-1#1097,,,p.[Gly11Val;Leu112=],0.0
urn:mavedb:00000057-d-1#1098,,,p.[Gly11Val;Val111Leu],-0.0533540193024796
urn:mavedb:00000057-d-1#1099,,,p.[Gly11Val;Met110Leu],-0.0924644967049485
urn:mavedb:00000057-d-1#1100,,,p.[Gly11Val;Pro109Leu],-0.1155514493849088
urn:mavedb:00000057-d-1#1101,,,p.[Gly11Val;Val108Leu],-0.1041168153269309
urn:mavedb:00000057-d-1#1102,,,p.[Gly11Val;Asp107Leu],-0.0654767673154318
urn:mavedb:00000057-d-1#1103,,,p.[Gly11Val;Asp106Leu],0.0064874822121562
urn:mavedb:00000057-d-1#1104,,,p.[Gly11Val;Ser105Leu],-0.0229757403373276
urn:mavedb:00000057-d-1#1105,,,p.[Gly11Val;Asp104Leu],-0.0712953466686885
urn:mavedb:00000057-d-1#1106,,,p.[Gly11Val;Lys103Leu],-0.0054151318484157
urn:mavedb:00000057-d-1#1107,,,p.[Gly11Val;Val102Leu],0.0307364081882859
urn:mavedb:00000057-d-1#1108,,,p.[Gly11Val;Arg101Leu],-0.2271427685700054
urn:mavedb:00000057-d-1#1109,,,p.[Gly11Val;Lys100Leu],-0.0363888437847688
urn:mavedb:00000057-d-1#1110,,,p.[Gly11Val;Ile99Leu],-0.0284380924295769
urn:mavedb:00000057-d-1#1111,,,p.[Gly11Val;Gln98Leu],0.1255147348052164
urn:mavedb:00000057-d-1#1112,,,p.[Gly11Val;Glu97Leu],-0.1454516770849335
urn:mavedb:00000057-d-1#1113,,,p.[Gly11Val;Ile141Val],0.0159844084842839
urn:mavedb:00000057-d-1#1114,,,p.[Gly11Val;Tyr140Val],-0.1203683975962279
urn:mavedb:00000057-d-1#1115,,,p.[Gly11Val;Pro139Val],-0.2207778693758577
urn:mavedb:00000057-d-1#1116,,,p.[Gly11Val;Ile138Val],-0.098101254401508
urn:mavedb:00000057-d-1#1117,,,p.[Gly11Val;Gly137Val],-0.2515615231333607
urn:mavedb:00000057-d-1#1118,,,p.[Gly11Val;Tyr136Val],-0.0194278493087144
urn:mavedb:00000057-d-1#1119,,,p.[Gly11Val;Ser135Val],0.0185483661913347
urn:mavedb:00000057-d-1#1120,,,p.[Gly11Val;Arg134Val],-0.1436367779251758
urn:mavedb:00000057-d-1#1121,,,p.[Gly11Val;Ala133Val],-0.1886929919758246
urn:mavedb:00000057-d-1#1122,,,p.[Gly11Val;Leu132Val],-0.1644016129842055
urn:mavedb:00000057-d-1#1123,,,p.[Gly11Val;Asp131Val],-0.1392756832316713
urn:mavedb:00000057-d-1#1124,,,p.[Gly11Val;Gln130Val],-0.0433082367832065
urn:mavedb:00000057-d-1#1125,,,p.[Gly11Val;Ala129Val],-0.0229005714434074
urn:mavedb:00000057-d-1#1126,,,p.[Gly11Val;Gln128Val],-0.0385155983223805
urn:mavedb:00000057-d-1#1127,,,p.[Gly11Val;Arg127Val],-0.0606994250606629
urn:mavedb:00000057-d-1#1128,,,p.[Gly11Val;Ser126Val],0.0444129828958536
urn:mavedb:00000057-d-1#1129,,,p.[Gly11Val;Glu125Val],-0.0064320872324777
urn:mavedb:00000057-d-1#1130,,,p.[Gly11Val;Val124=],0.0
urn:mavedb:00000057-d-1#1131,,,p.[Gly11Val;Thr123Val],-0.0542172777382298
urn:mavedb:00000057-d-1#1132,,,p.[Gly11Val;Arg122Val],-0.0234957181868912
urn:mavedb:00000057-d-1#1133,,,p.[Gly11Val;Ala121Val],-0.0197334584624102
urn:mavedb:00000057-d-1#1134,,,p.[Gly11Val;Ala120Val],-0.0105088751255689
urn:mavedb:00000057-d-1#1135,,,p.[Gly11Val;Leu119Val],0.0608746277143683
urn:mavedb:00000057-d-1#1136,,,p.[Gly11Val;Asp118Val],-0.273294973874893
urn:mavedb:00000057-d-1#1137,,,p.[Gly11Val;Cys117Val],0.0299939120845007
urn:mavedb:00000057-d-1#1138,,,p.[Gly11Val;Lys116Val],0.0913138063749109
urn:mavedb:00000057-d-1#1139,,,p.[Gly11Val;Asn115Val],0.1147995560534273
urn:mavedb:00000057-d-1#1140,,,p.[Gly11Val;Gly114Val],-0.0430424702806703
urn:mavedb:00000057-d-1#1141,,,p.[Gly11Val;Val113=],0.0
urn:mavedb:00000057-d-1#1142,,,p.[Gly11Val;Leu112Val],-0.1142341743886931
urn:mavedb:00000057-d-1#1143,,,p.[Gly11Val;Val111=],0.0
urn:mavedb:00000057-d-1#1144,,,p.[Gly11Val;Met110Val],-0.099277312448985
urn:mavedb:00000057-d-1#1145,,,p.[Gly11Val;Pro109Val],-0.0435942149672073
urn:mavedb:00000057-d-1#1146,,,p.[Gly11Val;Val108=],0.0
urn:mavedb:00000057-d-1#1147,,,p.[Gly11Val;Asp107Val],-0.0664373375590006
urn:mavedb:00000057-d-1#1148,,,p.[Gly11Val;Asp106Val],-0.0148646329611473
urn:mavedb:00000057-d-1#1149,,,p.[Gly11Val;Ser105Val],-0.0336418535613471
urn:mavedb:00000057-d-1#1150,,,p.[Gly11Val;Asp104Val],-0.126497182630952
urn:mavedb:00000057-d-1#1151,,,p.[Gly11Val;Lys103Val],-0.1193020331734689
urn:mavedb:00000057-d-1#1152,,,p.[Gly11Val;Val102=],0.0
urn:mavedb:00000057-d-1#1153,,,p.[Gly11Val;Gln149Arg],-0.0015978074846756
urn:mavedb:00000057-d-1#1154,,,p.[Gly11Val;Arg148=],0.0
urn:mavedb:00000057-d-1#1155,,,p.[Gly11Val;Thr147Arg],-0.0664073464600195
urn:mavedb:00000057-d-1#1156,,,p.[Gly11Val;Lys146Arg],0.0128076352535984
urn:mavedb:00000057-d-1#1157,,,p.[Gly11Val;Ala145Arg],-0.2374899767365479
urn:mavedb:00000057-d-1#1158,,,p.[Gly11Val;Ser144Arg],-0.1374773875568911
urn:mavedb:00000057-d-1#1159,,,p.[Gly11Val;Thr143Arg],-0.225038879503926
urn:mavedb:00000057-d-1#1160,,,p.[Gly11Val;Glu142Arg],-0.1520217757890354
urn:mavedb:00000057-d-1#1161,,,p.[Gly11Val;Ile141Arg],-0.1289876213027893
urn:mavedb:00000057-d-1#1162,,,p.[Gly11Val;Tyr140Arg],-0.2321391834708256
urn:mavedb:00000057-d-1#1163,,,p.[Gly11Val;Pro139Arg],-0.0296055411713386
urn:mavedb:00000057-d-1#1164,,,p.[Gly11Val;Ile138Arg],-0.2678271311087748
urn:mavedb:00000057-d-1#1165,,,p.[Gly11Val;Gly137Arg],-0.1735601308192835
urn:mavedb:00000057-d-1#1166,,,p.[Gly11Val;Tyr136Arg],-0.1503118858522048
urn:mavedb:00000057-d-1#1167,,,p.[Gly11Val;Ser135Arg],0.0755840131141476
urn:mavedb:00000057-d-1#1168,,,p.[Gly11Val;Arg134=],0.0
urn:mavedb:00000057-d-1#1169,,,p.[Gly11Val;Ala133Arg],-0.2401403074990464
urn:mavedb:00000057-d-1#1170,,,p.[Gly11Val;Leu132Arg],-0.1544522953336714
urn:mavedb:00000057-d-1#1171,,,p.[Gly11Val;Asp131Arg],-0.0485131749390192
urn:mavedb:00000057-d-1#1172,,,p.[Gly11Val;Gln130Arg],0.031726369110777
urn:mavedb:00000057-d-1#1173,,,p.[Gly11Val;Ala129Arg],-0.1844477070499899
urn:mavedb:00000057-d-1#1174,,,p.[Gly11Val;Gln128Arg],0.022605459777192
urn:mavedb:00000057-d-1#1175,,,p.[Gly11Val;Arg127=],0.0
urn:mavedb:00000057-d-1#1176,,,p.[Gly11Val;Ser126Arg],0.0496159731827611
urn:mavedb:00000057-d-1#1177,,,p.[Gly11Val;Glu125Arg],-0.1168194592557644
urn:mavedb:00000057-d-1#1178,,,p.[Gly11Val;Val124Arg],-0.0603713117125936
urn:mavedb:00000057-d-1#1179,,,p.[Gly11Val;Thr123Arg],-0.0071053315512635
urn:mavedb:00000057-d-1#1180,,,p.[Gly11Val;Arg122=],0.0
urn:mavedb:00000057-d-1#1181,,,p.[Gly11Val;Ala121Arg],-0.0329349824353095
urn:mavedb:00000057-d-1#1182,,,p.[Gly11Val;Ala120Arg],-0.0422391403568875
urn:mavedb:00000057-d-1#1183,,,p.[Gly11Val;Leu119Arg],0.0343902321198129
urn:mavedb:00000057-d-1#1184,,,p.[Gly11Val;Asp118Arg],-0.1588800010603029
urn:mavedb:00000057-d-1#1185,,,p.[Gly11Val;Cys117Arg],-0.1033824192427063
urn:mavedb:00000057-d-1#1186,,,p.[Gly11Val;Lys116Arg],0.0147005349281439
urn:mavedb:00000057-d-1#1187,,,p.[Gly11Val;Asn115Arg],-0.2316579704024543
urn:mavedb:00000057-d-1#1188,,,p.[Gly11Val;Gly114Arg],-0.1999565142523247
urn:mavedb:00000057-d-1#1189,,,p.[Gly11Val;Val113Arg],-0.2285648006291084
urn:mavedb:00000057-d-1#1190,,,p.[Gly11Val;Leu112Arg],-0.3023316388550228
urn:mavedb:00000057-d-1#1191,,,p.[Gly11Val;Val111Arg],-0.2520518011124874
urn:mavedb:00000057-d-1#1192,,,p.[Gly11Val;Met110Arg],-0.267802211426422
urn:mavedb:00000057-d-1#1193,,,p.[Gly11Val;Pro109Arg],-0.0937429395246308
urn:mavedb:00000057-d-1#1194,,,p.[Gly11Val;Val108Arg],-0.1867517344997835
urn:mavedb:00000057-d-1#1195,,,p.[Gly11Val;Asp107Arg],0.0216112475390405
urn:mavedb:00000057-d-1#1196,,,p.[Gly11Val;Asp106Arg],-0.0042934833205846
urn:mavedb:00000057-d-1#1197,,,p.[Gly11Val;Ser105Arg],-0.024630927670278
urn:mavedb:00000057-d-1#1198,,,p.[Gly11Val;Asp104Arg],0.0235221369445972
urn:mavedb:00000057-d-1#1199,,,p.[Gly11Val;Lys103Arg],0.0025803933284882
urn:mavedb:00000057-d-1#1200,,,p.[Gly11Val;Val102Arg],-0.1812975439607488
urn:mavedb:00000057-d-1#1201,,,p.[Gly11Val;Arg101=],0.0
urn:mavedb:00000057-d-1#1202,,,p.[Gly11Val;Lys100Arg],-0.0388112692237774
urn:mavedb:00000057-d-1#1203,,,p.[Gly11Val;Ile99Arg],-0.2210316236727665
urn:mavedb:00000057-d-1#1204,,,p.[Gly11Val;Gln98Arg],0.1029114606439803
urn:mavedb:00000057-d-1#1205,,,p.[Gly11Val;Glu97Arg],-0.0402869562422962
urn:mavedb:00000057-d-1#1206,,,p.[Gly11Val;Arg96=],0.0
urn:mavedb:00000057-d-1#1207,,,p.[Gly11Val;Tyr95Arg],-0.0756228197953834
urn:mavedb:00000057-d-1#1208,,,p.[Gly11Val;Gln94Arg],0.0898667266763437
urn:mavedb:00000057-d-1#1209,,,p.[Gly11Val;His93Arg],0.0561567813536268
urn:mavedb:00000057-d-1#1210,,,p.[Gly11Val;Ile92Arg],-0.2600281617030153
urn:mavedb:00000057-d-1#1211,,,p.[Gly11Val;Asp91Arg],0.0393144453274562
urn:mavedb:00000057-d-1#1212,,,p.[Gly11Val;Glu90Arg],-0.1140503369213937
urn:mavedb:00000057-d-1#1213,,,p.[Gly11Val;Phe89Arg],-0.0819111418730868
urn:mavedb:00000057-d-1#1214,,,p.[Gly11Val;Ser88Arg],-0.1971746439383572
urn:mavedb:00000057-d-1#1215,,,p.[Gly11Val;Lys87Arg],-0.07122301979903
urn:mavedb:00000057-d-1#1216,,,p.[Gly11Val;Thr86Arg],0.0039804428717588
urn:mavedb:00000057-d-1#1217,,,p.[Gly11Val;Asn85Arg],-0.1265325278880625
urn:mavedb:00000057-d-1#1218,,,p.[Gly11Val;Asn84Arg],-0.2422620868655381
urn:mavedb:00000057-d-1#1219,,,p.[Gly11Val;Ile83Arg],0.003078066656096
urn:mavedb:00000057-d-1#1220,,,p.[Gly11Val;Ala82Arg],-0.150369050434141
urn:mavedb:00000057-d-1#1221,,,p.[Gly11Val;Phe81Arg],-0.2484151288001612
urn:mavedb:00000057-d-1#1222,,,p.[Gly11Val;Val80Arg],-0.244861645581461
urn:mavedb:00000057-d-1#1223,,,p.[Gly11Val;Cys79Arg],-0.2509883332674259
urn:mavedb:00000057-d-1#1224,,,p.[Gly11Val;Leu78Arg],-0.1881842493807939
urn:mavedb:00000057-d-1#1225,,,p.[Gly11Val;Phe77Arg],-0.2228556674336063
urn:mavedb:00000057-d-1#1226,,,p.[Gly11Val;Gly76Arg],-0.2032265659387942
urn:mavedb:00000057-d-1#1227,,,p.[Gly11Val;Glu75Arg],-0.1005331374293211
urn:mavedb:00000057-d-1#1228,,,p.[Gly11Val;Gly74Arg],-0.0434215248530541
urn:mavedb:00000057-d-1#1229,,,p.[Gly11Val;Thr73Arg],-0.0084418767874574
urn:mavedb:00000057-d-1#1230,,,p.[Gly11Val;Arg72=],0.0
urn:mavedb:00000057-d-1#1231,,,p.[Gly11Val;Met71Arg],-0.0781665177200196
urn:mavedb:00000057-d-1#1232,,,p.[Gly11Val;Tyr70Arg],-0.0470600324912844
urn:mavedb:00000057-d-1#1233,,,p.[Gly11Val;Gln69Arg],-0.0208728184574973
urn:mavedb:00000057-d-1#1234,,,p.[Gly11Val;Asp68Arg],-0.1313170396903252
urn:mavedb:00000057-d-1#1235,,,p.[Gly11Val;Arg67=],0.0
urn:mavedb:00000057-d-1#1236,,,p.[Gly11Val;Met66Arg],-0.011931476695053
urn:mavedb:00000057-d-1#1237,,,p.[Gly11Val;Ala65Arg],-0.0171844202596727
urn:mavedb:00000057-d-1#1238,,,p.[Gly11Val;Ser64Arg],-0.1208568981360058
urn:mavedb:00000057-d-1#1239,,,p.[Gly11Val;Tyr63Arg],0.0536756693390614
urn:mavedb:00000057-d-1#1240,,,p.[Gly11Val;Glu62Arg],-0.0271339296194514
urn:mavedb:00000057-d-1#1241,,,p.[Gly11Val;Glu61Arg],0.0410441739741336
urn:mavedb:00000057-d-1#1242,,,p.[Gly11Val;Gln60Arg],0.0173542654047232
urn:mavedb:00000057-d-1#1243,,,p.[Gly11Val;Gly59Arg],-0.2419470141993503
urn:mavedb:00000057-d-1#1244,,,p.[Gly11Val;Ala58Arg],-0.1249057031267564
urn:mavedb:00000057-d-1#1245,,,p.[Gly11Val;Thr57Arg],-0.2159599284074492
urn:mavedb:00000057-d-1#1246,,,p.[Gly11Val;Asp56Arg],-0.2894183656580774
urn:mavedb:00000057-d-1#1247,,,p.[Gly11Val;Leu55Arg],-0.1052011756364963
urn:mavedb:00000057-d-1#1248,,,p.[Gly11Val;Ile54Arg],-0.2653628861765278
urn:mavedb:00000057-d-1#1249,,,p.[Gly11Val;Asp53Arg],-0.1138744938733699
urn:mavedb:00000057-d-1#1250,,,p.[Gly11Val;Leu52Arg],-0.1527234653622656
urn:mavedb:00000057-d-1#1251,,,p.[Gly11Val;Leu51Arg],-0.0591441610839318
urn:mavedb:00000057-d-1#1252,,,p.[Gly11Val;Cys50Arg],-0.0691312677416826
urn:mavedb:00000057-d-1#1253,,,p.[Gly11Val;Thr49Arg],0.0441886879102744
urn:mavedb:00000057-d-1#1254,,,p.[Gly11Val;Glu48Arg],-0.0106883169139199
urn:mavedb:00000057-d-1#1255,,,p.[Gly11Val;Gly47Arg],-0.0301521081168275
urn:mavedb:00000057-d-1#1256,,,p.[Gly11Val;Asp46Arg],-0.0071139655492083
urn:mavedb:00000057-d-1#1257,,,p.[Gly11Val;Ile45Arg],-0.016399068372452
urn:mavedb:00000057-d-1#1258,,,p.[Gly11Val;Val44Arg],-0.000146256650061
urn:mavedb:00000057-d-1#1259,,,p.[Gly11Val;Val43Arg],0.0411926515495777
urn:mavedb:00000057-d-1#1260,,,p.[Gly11Val;Gln42Arg],-0.0433148688475113
urn:mavedb:00000057-d-1#1261,,,p.[Gly11Val;Lys41Arg],0.006553707903701
urn:mavedb:00000057-d-1#1262,,,p.[Gly11Val;Arg40=],0.0
urn:mavedb:00000057-d-1#1263,,,p.[Gly11Val;Tyr39Arg],-0.1772726779069995
urn:mavedb:00000057-d-1#1264,,,p.[Gly11Val;Ser38Arg],-0.1490288590900972
urn:mavedb:00000057-d-1#1265,,,p.[Gly11Val;Asp37Arg],-0.1242133002715788
urn:mavedb:00000057-d-1#1266,,,p.[Gly11Val;Glu36Arg],-0.1105281818254722
urn:mavedb:00000057-d-1#1267,,,p.[Gly11Val;Ile35Arg],-0.1058618983336755
urn:mavedb:00000057-d-1#1268,,,p.[Gly11Val;Thr34Arg],-0.2038096788143961
urn:mavedb:00000057-d-1#1269,,,p.[Gly11Val;Pro33Arg],-0.0811473736840797
urn:mavedb:00000057-d-1#1270,,,p.[Gly11Val;Asp32Arg],-0.1501698494484345
urn:mavedb:00000057-d-1#1271,,,p.[Gly11Val;Tyr31Arg],-0.1810905316736232
urn:mavedb:00000057-d-1#1272,,,p.[Gly11Val;Glu30Arg],-0.1137798944249074
urn:mavedb:00000057-d-1#1273,,,p.[Gly11Val;Asp29Arg],0.0347691046356035
urn:mavedb:00000057-d-1#1274,,,p.[Gly11Val;Val28Arg],-0.1163516012417577
urn:mavedb:00000057-d-1#1275,,,p.[Gly11Val;Phe27Arg],-0.1359023573085597
urn:mavedb:00000057-d-1#1276,,,p.[Gly11Val;His26Arg],-0.0924569928501883
urn:mavedb:00000057-d-1#1277,,,p.[Gly11Val;Asn25Arg],0.010694577939325
urn:mavedb:00000057-d-1#1278,,,p.[Gly11Val;Gln24Arg],-0.0751876102458495
urn:mavedb:00000057-d-1#1279,,,p.[Gly11Val;Ile23Arg],-0.0494280743402209
urn:mavedb:00000057-d-1#1280,,,p.[Gly11Val;Leu22Arg],0.1057724466361937
urn:mavedb:00000057-d-1#1281,,,p.[Gly11Val;Gln21Arg],0.0414851675289437
urn:mavedb:00000057-d-1#1282,,,p.[Gly11Val;Ile20Arg],-0.0595318452333053
urn:mavedb:00000057-d-1#1283,,,p.[Gly11Val;Thr19Arg],-0.186264799769906
urn:mavedb:00000057-d-1#1284,,,p.[Gly11Val;Leu18Arg],-0.1786995550881641
urn:mavedb:00000057-d-1#1285,,,p.[Gly11Val;Ala17Arg],-0.2542506020501312
urn:mavedb:00000057-d-1#1286,,,p.[Gly11Val;Ser16Arg],-0.2539208991062525
urn:mavedb:00000057-d-1#1287,,,p.[Gly11Val;Lys15Arg],-0.2707564009139473
urn:mavedb:00000057-d-1#1288,,,p.[Gly11Val;Gly14Arg],-0.2353523241326382
urn:mavedb:00000057-d-1#1289,,,p.[Gly11Val;Val13Arg],-0.2026739814952914
urn:mavedb:00000057-d-1#1290,,,p.[Gly11Val;Gly12Arg],-0.1317350049445292
urn:mavedb:00000057-d-1#1291,,,p.Gly11Arg,0.0
urn:mavedb:00000057-d-1#1292,,,p.[Ala10Arg;Gly11Val],-0.0667759708708378
urn:mavedb:00000057-d-1#1293,,,p.[Gly9Arg;Gly11Val],-0.2259400217243169
urn:mavedb:00000057-d-1#1294,,,p.[Val8Arg;Gly11Val],-0.2314431614016197
urn:mavedb:00000057-d-1#1295,,,p.[Val7Arg;Gly11Val],-0.1724138909835569
urn:mavedb:00000057-d-1#1296,,,p.[Val6Arg;Gly11Val],-0.1905419273104985
urn:mavedb:00000057-d-1#1297,,,p.[Leu5Arg;Gly11Val],-0.219786512904773
urn:mavedb:00000057-d-1#1298,,,p.[Lys4Arg;Gly11Val],0.0050009625960077
urn:mavedb:00000057-d-1#1299,,,p.[Tyr3Arg;Gly11Val],0.1450490404604537
urn:mavedb:00000057-d-1#1300,,,p.[Glu2Arg;Gly11Val],-0.0719687059231335
urn:mavedb:00000057-d-1#1301,,,p.[Thr1Arg;Gly11Val],0.0606631332878877
urn:mavedb:00000057-d-1#1302,,,p.[Gly11Val;His165Gln],0.1490072640704268
urn:mavedb:00000057-d-1#1303,,,p.[Gly11Val;Gln164=],0.0
urn:mavedb:00000057-d-1#1304,,,p.[Gly11Val;Arg163Gln],0.0738022187459108
urn:mavedb:00000057-d-1#1305,,,p.[Gly11Val;Ile162Gln],-0.1464307859401827
urn:mavedb:00000057-d-1#1306,,,p.[Gly11Val;Glu161Gln],0.046079418977785
urn:mavedb:00000057-d-1#1307,,,p.[Gly11Val;Arg160Gln],-0.0981974303999609
urn:mavedb:00000057-d-1#1308,,,p.[Gly11Val;Val159Gln],-0.1628157416561817
urn:mavedb:00000057-d-1#1309,,,p.[Gly11Val;Leu158Gln],-0.3552165726370001
urn:mavedb:00000057-d-1#1310,,,p.[Gly11Val;Thr157Gln],0.1174124499872659
urn:mavedb:00000057-d-1#1311,,,p.[Gly11Val;Tyr156Gln],0.0739735913582365
urn:mavedb:00000057-d-1#1312,,,p.[Gly11Val;Phe155Gln],-0.2667001442020094
urn:mavedb:00000057-d-1#1313,,,p.[Gly11Val;Ala154Gln],-0.1017659541733511
urn:mavedb:00000057-d-1#1314,,,p.[Gly11Val;Asp153Gln],-0.038819107601739
urn:mavedb:00000057-d-1#1315,,,p.[Gly11Val;Glu152Gln],0.1244359729479353
urn:mavedb:00000057-d-1#1316,,,p.[Gly11Val;Val151Gln],-0.2175218581861581
urn:mavedb:00000057-d-1#1317,,,p.[Gly11Val;Gly150Gln],-0.0200039043482633
urn:mavedb:00000057-d-1#1318,,,p.[Gly11Val;Gln149=],0.0
urn:mavedb:00000057-d-1#1319,,,p.[Gly11Val;Arg148Gln],0.0478290234488328
urn:mavedb:00000057-d-1#1320,,,p.[Gly11Val;Thr147Gln],-0.0774926079201095
urn:mavedb:00000057-d-1#1321,,,p.[Gly11Val;Lys146Gln],-0.0445131285218767
urn:mavedb:00000057-d-1#1322,,,p.[Gly11Val;Ala145Gln],-0.2094903292212252
urn:mavedb:00000057-d-1#1323,,,p.[Gly11Val;Ser144Gln],-0.1364375466020376
urn:mavedb:00000057-d-1#1324,,,p.[Gly11Val;Thr143Gln],-0.1989763277160021
urn:mavedb:00000057-d-1#1325,,,p.[Gly11Val;Glu142Gln],-0.1241697665096789
urn:mavedb:00000057-d-1#1326,,,p.[Gly11Val;Ile141Gln],-0.1114076292685825
urn:mavedb:00000057-d-1#1327,,,p.[Gly11Val;Tyr140Gln],-0.0928792719994964
urn:mavedb:00000057-d-1#1328,,,p.[Gly11Val;Pro139Gln],0.0121328590742869
urn:mavedb:00000057-d-1#1329,,,p.[Gly11Val;Ile138Gln],-0.3185084717994886
urn:mavedb:00000057-d-1#1330,,,p.[Gly11Val;Gly137Gln],-0.1771618895701301
urn:mavedb:00000057-d-1#1331,,,p.[Gly11Val;Tyr136Gln],-0.0864694435838775
urn:mavedb:00000057-d-1#1332,,,p.[Gly11Val;Ser135Gln],-0.0556237117172336
urn:mavedb:00000057-d-1#1333,,,p.[Gly11Val;Arg134Gln],0.028648317018664
urn:mavedb:00000057-d-1#1334,,,p.[Gly11Val;Ala133Gln],-0.1018107215628865
urn:mavedb:00000057-d-1#1335,,,p.[Gly11Val;Leu132Gln],-0.0720951172374819
urn:mavedb:00000057-d-1#1336,,,p.[Gly11Val;Asp131Gln],-0.1017217772294055
urn:mavedb:00000057-d-1#1337,,,p.[Gly11Val;Gln130=],0.0
urn:mavedb:00000057-d-1#1338,,,p.[Gly11Val;Ala129Gln],-0.1711497790677969
urn:mavedb:00000057-d-1#1339,,,p.[Gly11Val;Gln128=],0.0
urn:mavedb:00000057-d-1#1340,,,p.[Gly11Val;Arg127Gln],-0.0393966228089069
urn:mavedb:00000057-d-1#1341,,,p.[Gly11Val;Ser126Gln],-0.0237235565832078
urn:mavedb:00000057-d-1#1342,,,p.[Gly11Val;Glu125Gln],-0.0317248865792157
urn:mavedb:00000057-d-1#1343,,,p.[Gly11Val;Val124Gln],-0.0126549950414474
urn:mavedb:00000057-d-1#1344,,,p.[Gly11Val;Thr123Gln],0.002170484242643
urn:mavedb:00000057-d-1#1345,,,p.[Gly11Val;Arg122Gln],-0.0368688450962002
urn:mavedb:00000057-d-1#1346,,,p.[Gly11Val;Ala121Gln],-0.0469344886854827
urn:mavedb:00000057-d-1#1347,,,p.[Gly11Val;Ala120Gln],0.1153030894688322
urn:mavedb:00000057-d-1#1348,,,p.[Gly11Val;Leu119Gln],0.1344689206540692
urn:mavedb:00000057-d-1#1349,,,p.[Gly11Val;Asp118Gln],-0.2180039490246559
urn:mavedb:00000057-d-1#1350,,,p.[Gly11Val;Cys117Gln],-0.0118942155392458
urn:mavedb:00000057-d-1#1351,,,p.[Gly11Val;Lys116Gln],0.0600985321608676
urn:mavedb:00000057-d-1#1352,,,p.[Gly11Val;Asn115Gln],0.0958293693219331
urn:mavedb:00000057-d-1#1353,,,p.[Gly11Val;Gly114Gln],-0.2257965290045688
urn:mavedb:00000057-d-1#1354,,,p.[Gly11Val;Val113Gln],-0.2511794281502083
urn:mavedb:00000057-d-1#1355,,,p.[Gly11Val;Leu112Gln],-0.1221791804219525
urn:mavedb:00000057-d-1#1356,,,p.[Gly11Val;Val111Gln],-0.2685085950967505
urn:mavedb:00000057-d-1#1357,,,p.[Gly11Val;Met110Gln],-0.2517329842271761
urn:mavedb:00000057-d-1#1358,,,p.[Gly11Val;Pro109Gln],-0.172601842626125
urn:mavedb:00000057-d-1#1359,,,p.[Gly11Val;Val108Gln],-0.1597087178443203
urn:mavedb:00000057-d-1#1360,,,p.[Gly11Val;Asp107Gln],0.0060322071335616
urn:mavedb:00000057-d-1#1361,,,p.[Gly11Val;Asp106Gln],0.03886060740032
urn:mavedb:00000057-d-1#1362,,,p.[Gly11Val;Ser105Gln],0.0155809590413219
urn:mavedb:00000057-d-1#1363,,,p.[Gly11Val;Asp104Gln],0.1144281854395233
urn:mavedb:00000057-d-1#1364,,,p.[Gly11Val;Lys103Gln],-0.0475919418895728
urn:mavedb:00000057-d-1#1365,,,p.[Gly11Val;Val102Gln],-0.1344171471651066
urn:mavedb:00000057-d-1#1366,,,p.[Gly11Val;Arg101Gln],-0.0013483449761894
urn:mavedb:00000057-d-1#1367,,,p.[Gly11Val;Lys100Gln],-0.0711805398629528
urn:mavedb:00000057-d-1#1368,,,p.[Gly11Val;Ile99Gln],-0.1404992352065731
urn:mavedb:00000057-d-1#1369,,,p.[Gly11Val;Glu48Gln],0.0499684190442873
urn:mavedb:00000057-d-1#1370,,,p.[Gly11Val;Gly47Gln],-0.0108920110610872
urn:mavedb:00000057-d-1#1371,,,p.[Gly11Val;Asp46Gln],-0.0712332927200607
urn:mavedb:00000057-d-1#1372,,,p.[Gly11Val;Ile45Gln],-0.1210907050473275
urn:mavedb:00000057-d-1#1373,,,p.[Gly11Val;Val44Gln],0.0571408827958567
urn:mavedb:00000057-d-1#1374,,,p.[Gly11Val;Val43Gln],0.0045817746724449
urn:mavedb:00000057-d-1#1375,,,p.[Gly11Val;Gln42=],0.0
urn:mavedb:00000057-d-1#1376,,,p.[Gly11Val;Lys41Gln],0.0068878659828076
urn:mavedb:00000057-d-1#1377,,,p.[Gly11Val;Arg40Gln],-0.0187611091387079
urn:mavedb:00000057-d-1#1378,,,p.[Gly11Val;Tyr39Gln],-0.0877301677873257
urn:mavedb:00000057-d-1#1379,,,p.[Gly11Val;Ser38Gln],0.014873306455327
urn:mavedb:00000057-d-1#1380,,,p.[Gly11Val;Asp37Gln],-0.2170546691811964
urn:mavedb:00000057-d-1#1381,,,p.[Gly11Val;Glu36Gln],-0.0727508402068749
urn:mavedb:00000057-d-1#1382,,,p.[Gly11Val;Ile35Gln],-0.1547697693511215
urn:mavedb:00000057-d-1#1383,,,p.[Gly11Val;Thr34Gln],-0.1904003665006813
urn:mavedb:00000057-d-1#1384,,,p.[Gly11Val;Pro33Gln],-0.0909661739781803
urn:mavedb:00000057-d-1#1385,,,p.[Gly11Val;Asp32Gln],-0.0930908801822284
urn:mavedb:00000057-d-1#1386,,,p.[Gly11Val;Tyr31Gln],-0.1312851761066939
urn:mavedb:00000057-d-1#1387,,,p.[Gly11Val;Glu30Gln],-0.0699166411790746
urn:mavedb:00000057-d-1#1388,,,p.[Gly11Val;Asp29Gln],0.3537902614625452
urn:mavedb:00000057-d-1#1389,,,p.[Gly11Val;Val28Gln],-0.0322384742304182
urn:mavedb:00000057-d-1#1390,,,p.[Gly11Val;Phe27Gln],-0.1425386561389633
urn:mavedb:00000057-d-1#1391,,,p.[Gly11Val;His26Gln],0.0377787482694888
urn:mavedb:00000057-d-1#1392,,,p.[Gly11Val;Asn25Gln],0.1564064865870219
urn:mavedb:00000057-d-1#1393,,,p.[Gly11Val;Gln24=],0.0
urn:mavedb:00000057-d-1#1394,,,p.[Gly11Val;Ile23Gln],0.1064934134359428
urn:mavedb:00000057-d-1#1395,,,p.[Gly11Val;Leu22Gln],0.1674642343064357
urn:mavedb:00000057-d-1#1396,,,p.[Gly11Val;Gln21=],0.0
urn:mavedb:00000057-d-1#1397,,,p.[Gly11Val;Ile20Gln],-0.0075635403068983
urn:mavedb:00000057-d-1#1398,,,p.[Gly11Val;Thr19Gln],-0.0831001648655505
urn:mavedb:00000057-d-1#1399,,,p.[Gly11Val;Leu18Gln],0.1287002080078467
urn:mavedb:00000057-d-1#1400,,,p.[Gly11Val;Ala17Gln],-0.16866498672994
urn:mavedb:00000057-d-1#1401,,,p.[Gly11Val;Ser16Gln],-0.3052423843124229
urn:mavedb:00000057-d-1#1402,,,p.[Gly11Val;Lys15Gln],-0.2593402019070732
urn:mavedb:00000057-d-1#1403,,,p.[Gly11Val;Gly14Gln],-0.1652635356702466
urn:mavedb:00000057-d-1#1404,,,p.[Gly11Val;Val13Gln],-0.0168260023761621
urn:mavedb:00000057-d-1#1405,,,p.[Gly11Val;Gly12Gln],0.0086908816883312
urn:mavedb:00000057-d-1#1406,,,p.Gly11Gln,0.0
urn:mavedb:00000057-d-1#1407,,,p.[Ala10Gln;Gly11Val],-0.009911856616179
urn:mavedb:00000057-d-1#1408,,,p.[Gly9Gln;Gly11Val],-0.1818606861689453
urn:mavedb:00000057-d-1#1409,,,p.[Val8Gln;Gly11Val],-0.1157365609900242
urn:mavedb:00000057-d-1#1410,,,p.[Val7Gln;Gly11Val],-0.1475851165329791
urn:mavedb:00000057-d-1#1411,,,p.[Val6Gln;Gly11Val],-0.0772697590076811
urn:mavedb:00000057-d-1#1412,,,p.[Leu5Gln;Gly11Val],-0.2082124120463932
urn:mavedb:00000057-d-1#1413,,,p.[Lys4Gln;Gly11Val],-0.1144866277527198
urn:mavedb:00000057-d-1#1414,,,p.[Tyr3Gln;Gly11Val],0.0993690163593744
urn:mavedb:00000057-d-1#1415,,,p.[Glu2Gln;Gly11Val],-0.0712905015901291
urn:mavedb:00000057-d-1#1416,,,p.[Thr1Gln;Gly11Val],-0.0155390651712942
urn:mavedb:00000057-d-1#1417,,,p.[Gly11Val;His165Pro],0.0553481320104784
urn:mavedb:00000057-d-1#1418,,,p.[Gly11Val;Gln164Pro],-0.0872162333806267
urn:mavedb:00000057-d-1#1419,,,p.[Gly11Val;Arg163Pro],-0.0801221547734685
urn:mavedb:00000057-d-1#1420,,,p.[Gly11Val;Ile162Pro],-0.1905467114061259
urn:mavedb:00000057-d-1#1421,,,p.[Gly11Val;Glu161Pro],-0.1570602724321105
urn:mavedb:00000057-d-1#1422,,,p.[Gly11Val;Arg160Pro],-0.2896394345447004
urn:mavedb:00000057-d-1#1423,,,p.[Gly11Val;Val159Pro],-0.2365263645257383
urn:mavedb:00000057-d-1#1424,,,p.[Gly11Val;Leu158Pro],-0.2208837884186946
urn:mavedb:00000057-d-1#1425,,,p.[Gly11Val;Thr157Pro],-0.0660324039050353
urn:mavedb:00000057-d-1#1426,,,p.[Gly11Val;Tyr156Pro],-0.1652570072847641
urn:mavedb:00000057-d-1#1427,,,p.[Gly11Val;Phe155Pro],-0.219343117784436
urn:mavedb:00000057-d-1#1428,,,p.[Gly11Val;Ala154Pro],-0.102104610406929
urn:mavedb:00000057-d-1#1429,,,p.[Gly11Val;Asp153Pro],-0.136782163525512
urn:mavedb:00000057-d-1#1430,,,p.[Gly11Val;Glu152Pro],-0.1844808791973566
urn:mavedb:00000057-d-1#1431,,,p.[Gly11Val;Val151Pro],-0.1109578153060366
urn:mavedb:00000057-d-1#1432,,,p.[Gly11Val;Gly150Pro],-0.1101763352519494
urn:mavedb:00000057-d-1#1433,,,p.[Gly11Val;Gln149Pro],-0.0850647093345165
urn:mavedb:00000057-d-1#1434,,,p.[Gly11Val;Arg148Pro],-0.0312229552932511
urn:mavedb:00000057-d-1#1435,,,p.[Gly11Val;Thr147Pro],-0.1009026384676932
urn:mavedb:00000057-d-1#1436,,,p.[Gly11Val;Lys146Pro],-0.018249743335153
urn:mavedb:00000057-d-1#1437,,,p.[Gly11Val;Ala145Pro],-0.0292968821745587
urn:mavedb:00000057-d-1#1438,,,p.[Gly11Val;Ser144Pro],-0.2207970145036712
urn:mavedb:00000057-d-1#1439,,,p.[Gly11Val;Thr143Pro],-0.156146558492499
urn:mavedb:00000057-d-1#1440,,,p.[Gly11Val;Glu142Pro],-0.1117330855718728
urn:mavedb:00000057-d-1#1441,,,p.[Gly11Val;Ile141Pro],-0.2260596300543044
urn:mavedb:00000057-d-1#1442,,,p.[Gly11Val;Tyr140Pro],-0.1864260120287707
urn:mavedb:00000057-d-1#1443,,,p.[Gly11Val;Pro139=],0.0
urn:mavedb:00000057-d-1#1444,,,p.[Gly11Val;Ile138Pro],-0.2769043896364416
urn:mavedb:00000057-d-1#1445,,,p.[Gly11Val;Gly137Pro],-0.197758731720084
urn:mavedb:00000057-d-1#1446,,,p.[Gly11Val;Tyr136Pro],-0.1826248909838648
urn:mavedb:00000057-d-1#1447,,,p.[Gly11Val;Ser135Pro],-0.1781292769796464
urn:mavedb:00000057-d-1#1448,,,p.[Gly11Val;Arg134Pro],-0.1686303786014322
urn:mavedb:00000057-d-1#1449,,,p.[Gly11Val;Ala133Pro],-0.2243832519564246
urn:mavedb:00000057-d-1#1450,,,p.[Gly11Val;Leu132Pro],-0.1667762213010421
urn:mavedb:00000057-d-1#1451,,,p.[Gly11Val;Asp131Pro],-0.241414193228098
urn:mavedb:00000057-d-1#1452,,,p.[Gly11Val;Gln130Pro],-0.1525292370973244
urn:mavedb:00000057-d-1#1453,,,p.[Gly11Val;Ala129Pro],-0.1696571617340473
urn:mavedb:00000057-d-1#1454,,,p.[Gly11Val;Gln128Pro],-0.0666531763798149
urn:mavedb:00000057-d-1#1455,,,p.[Gly11Val;Arg127Pro],-0.0753795453538993
urn:mavedb:00000057-d-1#1456,,,p.[Gly11Val;Ser126Pro],-0.0361131088445824
urn:mavedb:00000057-d-1#1457,,,p.[Gly11Val;Glu125Pro],6.633779427139483e-05
urn:mavedb:00000057-d-1#1458,,,p.[Gly11Val;Val124Pro],-0.0143050379026783
urn:mavedb:00000057-d-1#1459,,,p.[Gly11Val;Thr123Pro],-0.0320153141474676
urn:mavedb:00000057-d-1#1460,,,p.[Gly11Val;Arg122Pro],-0.0287812960508805
urn:mavedb:00000057-d-1#1461,,,p.[Gly11Val;Ala121Pro],0.0697970338651999
urn:mavedb:00000057-d-1#1462,,,p.[Gly11Val;Ala120Pro],-0.0224259525926587
urn:mavedb:00000057-d-1#1463,,,p.[Gly11Val;Leu119Pro],-0.0280625915383609
urn:mavedb:00000057-d-1#1464,,,p.[Gly11Val;Asp118Pro],-0.2850981152408223
urn:mavedb:00000057-d-1#1465,,,p.[Gly11Val;Cys117Pro],-0.1464075210946797
urn:mavedb:00000057-d-1#1466,,,p.[Gly11Val;Lys116Pro],-0.2346492054951082
urn:mavedb:00000057-d-1#1467,,,p.[Gly11Val;Asn115Pro],-0.2073308995059424
urn:mavedb:00000057-d-1#1468,,,p.[Gly11Val;Gly114Pro],-0.2437724654156162
urn:mavedb:00000057-d-1#1469,,,p.[Gly11Val;Val113Pro],-0.3008758732363104
urn:mavedb:00000057-d-1#1470,,,p.[Gly11Val;Leu112Pro],-0.2915991772410203
urn:mavedb:00000057-d-1#1471,,,p.[Gly11Val;Val111Pro],-0.2999940195489767
urn:mavedb:00000057-d-1#1472,,,p.[Gly11Val;Met110Pro],-0.2618339346917428
urn:mavedb:00000057-d-1#1473,,,p.[Gly11Val;Pro109=],0.0
urn:mavedb:00000057-d-1#1474,,,p.[Gly11Val;Val108Pro],-0.0789176709914698
urn:mavedb:00000057-d-1#1475,,,p.[Gly11Val;Asp107Pro],-0.0636876758167733
urn:mavedb:00000057-d-1#1476,,,p.[Gly11Val;Asp106Pro],-0.0404017497639786
urn:mavedb:00000057-d-1#1477,,,p.[Gly11Val;Ser105Pro],-0.1665554494289603
urn:mavedb:00000057-d-1#1478,,,p.[Gly11Val;Asp104Pro],-0.0787852095014555
urn:mavedb:00000057-d-1#1479,,,p.[Gly11Val;Lys103Pro],-0.1915628141737088
urn:mavedb:00000057-d-1#1480,,,p.[Gly11Val;Val102Pro],-0.1642709804650735
urn:mavedb:00000057-d-1#1481,,,p.[Gly11Val;Arg101Pro],-0.2524069765523628
urn:mavedb:00000057-d-1#1482,,,p.[Gly11Val;Lys100Pro],-0.2143308592325778
urn:mavedb:00000057-d-1#1483,,,p.[Gly11Val;Ile99Pro],-0.2263286456294425
urn:mavedb:00000057-d-1#1484,,,p.[Gly11Val;Gln98Pro],-0.1523774093199598
urn:mavedb:00000057-d-1#1485,,,p.[Gly11Val;Glu97Pro],-0.2279189351033685
urn:mavedb:00000057-d-1#1486,,,p.[Gly11Val;Arg96Pro],-0.1790297016689216
urn:mavedb:00000057-d-1#1487,,,p.[Gly11Val;Tyr95Pro],-0.1564228458093165
urn:mavedb:00000057-d-1#1488,,,p.[Gly11Val;Gln94Pro],-0.2261079324983507
urn:mavedb:00000057-d-1#1489,,,p.[Gly11Val;His93Pro],-0.0454070363774761
urn:mavedb:00000057-d-1#1490,,,p.[Gly11Val;Ile92Pro],-0.2710415828681077
urn:mavedb:00000057-d-1#1491,,,p.[Gly11Val;Asp91Pro],-0.1195697546684602
urn:mavedb:00000057-d-1#1492,,,p.[Gly11Val;Glu90Pro],-0.1149227921948467
urn:mavedb:00000057-d-1#1493,,,p.[Gly11Val;Phe89Pro],-0.196194039973713
urn:mavedb:00000057-d-1#1494,,,p.[Gly11Val;Ser88Pro],-0.107612704392455
urn:mavedb:00000057-d-1#1495,,,p.[Gly11Val;Lys87Pro],-0.018890685529613
urn:mavedb:00000057-d-1#1496,,,p.[Gly11Val;Thr86Pro],0.0568470987819691
urn:mavedb:00000057-d-1#1497,,,p.[Gly11Val;Asn85Pro],-0.2543197166820554
urn:mavedb:00000057-d-1#1498,,,p.[Gly11Val;Asn84Pro],-0.0937610994867472
urn:mavedb:00000057-d-1#1499,,,p.[Gly11Val;Ile83Pro],-0.0114969174835698
urn:mavedb:00000057-d-1#1500,,,p.[Gly11Val;Ala82Pro],-0.1592861932262374
urn:mavedb:00000057-d-1#1501,,,p.[Gly11Val;Phe81Pro],-0.2693004588916409
urn:mavedb:00000057-d-1#1502,,,p.[Gly11Val;Val80Pro],-0.2058182911666689
urn:mavedb:00000057-d-1#1503,,,p.[Gly11Val;Cys79Pro],-0.2491715561517169
urn:mavedb:00000057-d-1#1504,,,p.[Gly11Val;Leu78Pro],-0.2368517118545998
urn:mavedb:00000057-d-1#1505,,,p.[Gly11Val;Phe77Pro],-0.2489816965060406
urn:mavedb:00000057-d-1#1506,,,p.[Gly11Val;Gly76Pro],-0.2318242885148549
urn:mavedb:00000057-d-1#1507,,,p.[Gly11Val;Glu75Pro],-0.1910696406132497
urn:mavedb:00000057-d-1#1508,,,p.[Gly11Val;Gly74Pro],-0.1244449981558377
urn:mavedb:00000057-d-1#1509,,,p.[Gly11Val;Thr73Pro],-0.0304751101545558
urn:mavedb:00000057-d-1#1510,,,p.[Gly11Val;Arg72Pro],-0.0999429747814647
urn:mavedb:00000057-d-1#1511,,,p.[Gly11Val;Met71Pro],-0.0694418712974891
urn:mavedb:00000057-d-1#1512,,,p.[Gly11Val;Tyr70Pro],-0.0819118754614013
urn:mavedb:00000057-d-1#1513,,,p.[Gly11Val;Gln69Pro],-0.0925100741711712
urn:mavedb:00000057-d-1#1514,,,p.[Gly11Val;Asp68Pro],-0.0927642472196512
urn:mavedb:00000057-d-1#1515,,,p.[Gly11Val;Arg67Pro],-0.0040296500894829
urn:mavedb:00000057-d-1#1516,,,p.[Gly11Val;Met66Pro],-0.0442538526507571
urn:mavedb:00000057-d-1#1517,,,p.[Gly11Val;Ala65Pro],-0.0349454992328354
urn:mavedb:00000057-d-1#1518,,,p.[Gly11Val;Ser64Pro],0.0012996817066839
urn:mavedb:00000057-d-1#1519,,,p.[Gly11Val;Tyr63Pro],-0.0204761372965495
urn:mavedb:00000057-d-1#1520,,,p.[Gly11Val;Glu62Pro],0.0410911631447197
urn:mavedb:00000057-d-1#1521,,,p.[Gly11Val;Glu61Pro],-0.0029746393688935
urn:mavedb:00000057-d-1#1522,,,p.[Gly11Val;Gln60Pro],-0.0319742928962058
urn:mavedb:00000057-d-1#1523,,,p.[Gly11Val;Gly59Pro],-0.1798678214156782
urn:mavedb:00000057-d-1#1524,,,p.[Gly11Val;Ala58Pro],-0.1296499075360549
urn:mavedb:00000057-d-1#1525,,,p.[Gly11Val;Thr57Pro],-0.2413853684103313
urn:mavedb:00000057-d-1#1526,,,p.[Gly11Val;Asp56Pro],-0.2724980887439111
urn:mavedb:00000057-d-1#1527,,,p.[Gly11Val;Leu55Pro],-0.190227601696434
urn:mavedb:00000057-d-1#1528,,,p.[Gly11Val;Ile54Pro],-0.1326717240425991
urn:mavedb:00000057-d-1#1529,,,p.[Gly11Val;Asp53Pro],-0.0760944862973437
urn:mavedb:00000057-d-1#1530,,,p.[Gly11Val;Leu52Pro],-0.1376022567181431
urn:mavedb:00000057-d-1#1531,,,p.[Gly11Val;Leu51Pro],-0.0774129674614738
urn:mavedb:00000057-d-1#1532,,,p.[Gly11Val;Cys50Pro],-0.0875196480242843
urn:mavedb:00000057-d-1#1533,,,p.[Gly11Val;Thr49Pro],0.0773832508043798
urn:mavedb:00000057-d-1#1534,,,p.[Gly11Val;Glu48Pro],-0.043989548013631
urn:mavedb:00000057-d-1#1535,,,p.[Gly11Val;Gly47Pro],-0.0535255189559718
urn:mavedb:00000057-d-1#1536,,,p.[Gly11Val;Asp46Pro],-0.1065529014625918
urn:mavedb:00000057-d-1#1537,,,p.[Gly11Val;Ile45Pro],-0.0767586240355166
urn:mavedb:00000057-d-1#1538,,,p.[Gly11Val;Val44Pro],0.0335452040600533
urn:mavedb:00000057-d-1#1539,,,p.[Gly11Val;Val43Pro],-0.0560843587957578
urn:mavedb:00000057-d-1#1540,,,p.[Gly11Val;Gln42Pro],0.0973372496774866
urn:mavedb:00000057-d-1#1541,,,p.[Gly11Val;Lys41Pro],0.0174385793928506
urn:mavedb:00000057-d-1#1542,,,p.[Gly11Val;Arg40Pro],-0.2196210155419237
urn:mavedb:00000057-d-1#1543,,,p.[Gly11Val;Tyr39Pro],-0.1814007058394028
urn:mavedb:00000057-d-1#1544,,,p.[Gly11Val;Ser38Pro],-0.2255273030586509
urn:mavedb:00000057-d-1#1545,,,p.[Gly11Val;Asp37Pro],-0.2286886276688836
urn:mavedb:00000057-d-1#1546,,,p.[Gly11Val;Glu36Pro],-0.2426368160082321
urn:mavedb:00000057-d-1#1547,,,p.[Gly11Val;Ile35Pro],-0.2094274943510879
urn:mavedb:00000057-d-1#1548,,,p.[Gly11Val;Thr34Pro],-0.120418452252457
urn:mavedb:00000057-d-1#1549,,,p.[Gly11Val;Pro33=],0.0
urn:mavedb:00000057-d-1#1550,,,p.[Gly11Val;Asp32Pro],-0.1532646097264376
urn:mavedb:00000057-d-1#1551,,,p.[Gly11Val;Tyr31Pro],-0.1784168587378675
urn:mavedb:00000057-d-1#1552,,,p.[Gly11Val;Glu30Pro],-0.1355937815328134
urn:mavedb:00000057-d-1#1553,,,p.[Gly11Val;Asp29Pro],-0.5269314334352264
urn:mavedb:00000057-d-1#1554,,,p.[Gly11Val;Val28Pro],-0.0436659429068682
urn:mavedb:00000057-d-1#1555,,,p.[Gly11Val;Phe27Pro],-0.1472150451734015
urn:mavedb:00000057-d-1#1556,,,p.[Gly11Val;His26Pro],-0.1593306817456575
urn:mavedb:00000057-d-1#1557,,,p.[Gly11Val;Asn25Pro],-0.0737996740846166
urn:mavedb:00000057-d-1#1558,,,p.[Gly11Val;Gln24Pro],-0.1786262359134325
urn:mavedb:00000057-d-1#1559,,,p.[Gly11Val;Arg101Val],-0.1726327360433749
urn:mavedb:00000057-d-1#1560,,,p.[Gly11Val;Lys100Val],-0.1431885626200589
urn:mavedb:00000057-d-1#1561,,,p.[Gly11Val;Ile99Val],-0.0653091241319708
urn:mavedb:00000057-d-1#1562,,,p.[Gly11Val;Gln98Val],-0.1815712290710306
urn:mavedb:00000057-d-1#1563,,,p.[Gly11Val;Glu97Val],-0.2364220278714961
urn:mavedb:00000057-d-1#1564,,,p.[Gly11Val;Arg96Val],0.3012230452421542
urn:mavedb:00000057-d-1#1565,,,p.[Gly11Val;Tyr95Val],0.032451366425955
urn:mavedb:00000057-d-1#1566,,,p.[Gly11Val;Gln94Val],-0.0360242974618938
urn:mavedb:00000057-d-1#1567,,,p.[Gly11Val;His93Val],0.0638258959215028
urn:mavedb:00000057-d-1#1568,,,p.[Gly11Val;Ile92Val],-0.0997491503177497
urn:mavedb:00000057-d-1#1569,,,p.[Gly11Val;Asp91Val],0.0187762411417492
urn:mavedb:00000057-d-1#1570,,,p.[Gly11Val;Glu90Val],-0.0596721932431985
urn:mavedb:00000057-d-1#1571,,,p.[Gly11Val;Phe89Val],-0.1027179566445262
urn:mavedb:00000057-d-1#1572,,,p.[Gly11Val;Ser88Val],-0.1247151701461829
urn:mavedb:00000057-d-1#1573,,,p.[Gly11Val;Lys87Val],-0.1514639554827221
urn:mavedb:00000057-d-1#1574,,,p.[Gly11Val;Thr86Val],0.0147335400663948
urn:mavedb:00000057-d-1#1575,,,p.[Gly9Ser;Gly11Val],-0.1959606990997695
urn:mavedb:00000057-d-1#1576,,,p.[Val8Ser;Gly11Val],-0.0876921559555369
urn:mavedb:00000057-d-1#1577,,,p.[Val7Ser;Gly11Val],-0.1396433127165695
urn:mavedb:00000057-d-1#1578,,,p.[Val6Ser;Gly11Val],-0.1189420775487154
urn:mavedb:00000057-d-1#1579,,,p.[Leu5Ser;Gly11Val],-0.1748704003623006
urn:mavedb:00000057-d-1#1580,,,p.[Lys4Ser;Gly11Val],-0.0645917936302369
urn:mavedb:00000057-d-1#1581,,,p.[Tyr3Ser;Gly11Val],0.0806147542135609
urn:mavedb:00000057-d-1#1582,,,p.[Glu2Ser;Gly11Val],-0.0277441185400583
urn:mavedb:00000057-d-1#1583,,,p.[Thr1Ser;Gly11Val],-0.0011713495040242
urn:mavedb:00000057-d-1#1584,,,p.[Gly11Val;His165Arg],0.1160226930082225
urn:mavedb:00000057-d-1#1585,,,p.[Gly11Val;Gln164Arg],0.0162019513735477
urn:mavedb:00000057-d-1#1586,,,p.[Gly11Val;Arg163=],0.0
urn:mavedb:00000057-d-1#1587,,,p.[Gly11Val;Ile162Arg],-0.1050908798000685
urn:mavedb:00000057-d-1#1588,,,p.[Gly11Val;Glu161Arg],0.0282503250834933
urn:mavedb:00000057-d-1#1589,,,p.[Gly11Val;Arg160=],0.0
urn:mavedb:00000057-d-1#1590,,,p.[Gly11Val;Val159Arg],-0.130641484332969
urn:mavedb:00000057-d-1#1591,,,p.[Gly11Val;Leu158Arg],-0.2419988746762541
urn:mavedb:00000057-d-1#1592,,,p.[Gly11Val;Thr157Arg],0.012891103743605
urn:mavedb:00000057-d-1#1593,,,p.[Gly11Val;Tyr156Arg],0.078612225227268
urn:mavedb:00000057-d-1#1594,,,p.[Gly11Val;Phe155Arg],-0.2129119684479246
urn:mavedb:00000057-d-1#1595,,,p.[Gly11Val;Ala154Arg],-0.2758526815605116
urn:mavedb:00000057-d-1#1596,,,p.[Gly11Val;Asp153Arg],-0.0825622775486532
urn:mavedb:00000057-d-1#1597,,,p.[Gly11Val;Glu152Arg],-0.0399995314802817
urn:mavedb:00000057-d-1#1598,,,p.[Gly11Val;Val151Arg],-0.1744914752709669
urn:mavedb:00000057-d-1#1599,,,p.[Gly11Val;Gly150Arg],-0.1285620718601146
urn:mavedb:00000057-d-1#1600,,,p.[Gly11Val;Arg96Leu],0.2707372054941006
urn:mavedb:00000057-d-1#1601,,,p.[Gly11Val;Tyr95Leu],0.1921176762183407
urn:mavedb:00000057-d-1#1602,,,p.[Gly11Val;Gln94Leu],0.0147709476252396
urn:mavedb:00000057-d-1#1603,,,p.[Gly11Val;His93Leu],0.0772850427510023
urn:mavedb:00000057-d-1#1604,,,p.[Gly11Val;Ile92Leu],-0.0557554829850627
urn:mavedb:00000057-d-1#1605,,,p.[Gly11Val;Asp91Leu],0.1378435176264485
urn:mavedb:00000057-d-1#1606,,,p.[Gly11Val;Glu90Leu],-0.0700481076651068
urn:mavedb:00000057-d-1#1607,,,p.[Gly11Val;Phe89Leu],-0.0034321022931567
urn:mavedb:00000057-d-1#1608,,,p.[Gly11Val;Ser88Leu],-0.1616598423161481
urn:mavedb:00000057-d-1#1609,,,p.[Gly11Val;Lys87Leu],-0.0637191421525283
urn:mavedb:00000057-d-1#1610,,,p.[Gly11Val;Thr86Leu],0.0422610076216563
urn:mavedb:00000057-d-1#1611,,,p.[Gly11Val;Asn85Leu],-0.220363520286241
urn:mavedb:00000057-d-1#1612,,,p.[Gly11Val;Asn84Leu],-0.1784352140660842
urn:mavedb:00000057-d-1#1613,,,p.[Gly11Val;Ile83Leu],0.0989767566578732
urn:mavedb:00000057-d-1#1614,,,p.[Gly11Val;Ala82Leu],-0.2951477927856386
urn:mavedb:00000057-d-1#1615,,,p.[Gly11Val;Phe81Leu],-0.0398019283946248
urn:mavedb:00000057-d-1#1616,,,p.[Gly11Val;Val80Leu],-0.0526664909291838
urn:mavedb:00000057-d-1#1617,,,p.[Gly11Val;Cys79Leu],0.1379856459613327
urn:mavedb:00000057-d-1#1618,,,p.[Gly11Val;Leu78=],0.0
urn:mavedb:00000057-d-1#1619,,,p.[Gly11Val;Phe77Leu],-0.13105946143613
urn:mavedb:00000057-d-1#1620,,,p.[Gly11Val;Gly76Leu],-0.0146625109262962
urn:mavedb:00000057-d-1#1621,,,p.[Gly11Val;Glu75Leu],-0.1092679130009434
urn:mavedb:00000057-d-1#1622,,,p.[Gly11Val;Gly74Leu],-0.1495109623180596
urn:mavedb:00000057-d-1#1623,,,p.[Gly11Val;Thr73Leu],-0.0672438578231743
urn:mavedb:00000057-d-1#1624,,,p.[Gly11Val;Arg72Leu],-0.0853545865341679
urn:mavedb:00000057-d-1#1625,,,p.[Gly11Val;Met71Leu],0.0324258936584268
urn:mavedb:00000057-d-1#1626,,,p.[Gly11Val;Tyr70Leu],0.1156676235403677
urn:mavedb:00000057-d-1#1627,,,p.[Gly11Val;Gln69Leu],-0.114874130180671
urn:mavedb:00000057-d-1#1628,,,p.[Gly11Val;Asp68Leu],-0.1414762240936776
urn:mavedb:00000057-d-1#1629,,,p.[Gly11Val;Arg67Leu],-0.0230462580616509
urn:mavedb:00000057-d-1#1630,,,p.[Gly11Val;Met66Leu],0.0011921800134064
urn:mavedb:00000057-d-1#1631,,,p.[Gly11Val;Ala65Leu],-0.0087894828823537
urn:mavedb:00000057-d-1#1632,,,p.[Gly11Val;Ser64Leu],-0.0721352601017169
urn:mavedb:00000057-d-1#1633,,,p.[Gly11Val;Tyr63Leu],-0.1097144271180518
urn:mavedb:00000057-d-1#1634,,,p.[Gly11Val;Glu62Leu],-0.0109637101752309
urn:mavedb:00000057-d-1#1635,,,p.[Gly11Val;Glu61Leu],0.0521080398464727
urn:mavedb:00000057-d-1#1636,,,p.[Gly11Val;Gln60Leu],-0.0476676068552698
urn:mavedb:00000057-d-1#1637,,,p.[Gly11Val;Gly59Leu],-0.2996178343778348
urn:mavedb:00000057-d-1#1638,,,p.[Gly11Val;Ala58Leu],-0.2248351924733604
urn:mavedb:00000057-d-1#1639,,,p.[Gly11Val;Thr57Leu],-0.0884100646783544
urn:mavedb:00000057-d-1#1640,,,p.[Gly11Val;Asp56Leu],-0.2469447333309328
urn:mavedb:00000057-d-1#1641,,,p.[Gly11Val;Leu55=],0.0
urn:mavedb:00000057-d-1#1642,,,p.[Gly11Val;Ile54Leu],-0.0118360767755236
urn:mavedb:00000057-d-1#1643,,,p.[Gly11Val;Asp53Leu],-0.1491053930773799
urn:mavedb:00000057-d-1#1644,,,p.[Gly11Val;Leu52=],0.0
urn:mavedb:00000057-d-1#1645,,,p.[Gly11Val;Leu51=],0.0
urn:mavedb:00000057-d-1#1646,,,p.[Gly11Val;Cys50Leu],0.0647512574802953
urn:mavedb:00000057-d-1#1647,,,p.[Gly11Val;Thr49Leu],-0.0747996332324715
urn:mavedb:00000057-d-1#1648,,,p.[Gly11Val;Glu48Leu],-0.0908866272309684
urn:mavedb:00000057-d-1#1649,,,p.[Gly11Val;Gly47Leu],-0.1101907682187168
urn:mavedb:00000057-d-1#1650,,,p.[Gly11Val;Asp46Leu],-0.0376604063180669
urn:mavedb:00000057-d-1#1651,,,p.[Gly11Val;Ile45Leu],0.0278873013777313
urn:mavedb:00000057-d-1#1652,,,p.[Gly11Val;Val44Leu],0.0403548016850424
urn:mavedb:00000057-d-1#1653,,,p.[Gly11Val;Val43Leu],0.01128991848591
urn:mavedb:00000057-d-1#1654,,,p.[Gly11Val;Gln42Leu],-0.0138934726501689
urn:mavedb:00000057-d-1#1655,,,p.[Gly11Val;Lys41Leu],-0.0563804846236292
urn:mavedb:00000057-d-1#1656,,,p.[Gly11Val;Arg40Leu],-0.0437947635391382
urn:mavedb:00000057-d-1#1657,,,p.[Gly11Val;Tyr39Leu],-0.2275908130457481
urn:mavedb:00000057-d-1#1658,,,p.[Gly11Val;Ser38Leu],0.0290706168220072
urn:mavedb:00000057-d-1#1659,,,p.[Gly11Val;Asp37Leu],-0.1665420810048694
urn:mavedb:00000057-d-1#1660,,,p.[Gly11Val;Glu36Leu],-0.0813704542734331
urn:mavedb:00000057-d-1#1661,,,p.[Gly11Val;Ile35Leu],-0.0597428160084189
urn:mavedb:00000057-d-1#1662,,,p.[Gly11Val;Thr34Leu],-0.1775421760776414
urn:mavedb:00000057-d-1#1663,,,p.[Gly11Val;Pro33Leu],-0.1401729772630194
urn:mavedb:00000057-d-1#1664,,,p.[Gly11Val;Asp32Leu],-0.0806297523863349
urn:mavedb:00000057-d-1#1665,,,p.[Gly11Val;Tyr31Leu],-0.0759678997056717
urn:mavedb:00000057-d-1#1666,,,p.[Gly11Val;Glu30Leu],-0.0241114315937022
urn:mavedb:00000057-d-1#1667,,,p.[Gly11Val;Asp29Leu],-0.0903352990506973
urn:mavedb:00000057-d-1#1668,,,p.[Gly11Val;Val28Leu],-0.0111942283722934
urn:mavedb:00000057-d-1#1669,,,p.[Gly11Val;Phe27Leu],-0.105046115087464
urn:mavedb:00000057-d-1#1670,,,p.[Gly11Val;His26Leu],0.1506760571225444
urn:mavedb:00000057-d-1#1671,,,p.[Gly11Val;Asn25Leu],-0.0891434530851936
urn:mavedb:00000057-d-1#1672,,,p.[Gly11Val;Gln24Leu],-0.1005229757245317
urn:mavedb:00000057-d-1#1673,,,p.[Gly11Val;Ile23Leu],0.1819604353631041
urn:mavedb:00000057-d-1#1674,,,p.[Gly11Val;Leu22=],0.0
urn:mavedb:00000057-d-1#1675,,,p.[Gly11Val;Gln21Leu],-0.1192172074861571
urn:mavedb:00000057-d-1#1676,,,p.[Gly11Val;Ile20Leu],0.0770145241439934
urn:mavedb:00000057-d-1#1677,,,p.[Gly11Val;Thr19Leu],-0.0566908582069025
urn:mavedb:00000057-d-1#1678,,,p.[Gly11Val;Leu18=],0.0
urn:mavedb:00000057-d-1#1679,,,p.[Gly11Val;Ala17Leu],-0.2322634957678109
urn:mavedb:00000057-d-1#1680,,,p.[Gly11Val;Ile92Lys],-0.2903325071304465
urn:mavedb:00000057-d-1#1681,,,p.[Gly11Val;Asp91Lys],0.107745151315225
urn:mavedb:00000057-d-1#1682,,,p.[Gly11Val;Glu90Lys],-0.1492618280724738
urn:mavedb:00000057-d-1#1683,,,p.[Gly11Val;Phe89Lys],-0.067275797961151
urn:mavedb:00000057-d-1#1684,,,p.[Gly11Val;Ser88Lys],-0.2083531950231416
urn:mavedb:00000057-d-1#1685,,,p.[Gly11Val;Lys87=],0.0
urn:mavedb:00000057-d-1#1686,,,p.[Gly11Val;Thr86Lys],0.1538312372730793
urn:mavedb:00000057-d-1#1687,,,p.[Gly11Val;Asn85Lys],-0.2518077533007712
urn:mavedb:00000057-d-1#1688,,,p.[Gly11Val;Asn84Lys],-0.1854775692347704
urn:mavedb:00000057-d-1#1689,,,p.[Gly11Val;Ile83Lys],-0.1065992437227566
urn:mavedb:00000057-d-1#1690,,,p.[Gly11Val;Ala82Lys],-0.2255340053272967
urn:mavedb:00000057-d-1#1691,,,p.[Gly11Val;Phe81Lys],-0.2314921739059708
urn:mavedb:00000057-d-1#1692,,,p.[Gly11Val;Val80Lys],-0.217154370300023
urn:mavedb:00000057-d-1#1693,,,p.[Gly11Val;Cys79Lys],-0.1243586964046443
urn:mavedb:00000057-d-1#1694,,,p.[Gly11Val;Leu78Lys],-0.2039774505778108
urn:mavedb:00000057-d-1#1695,,,p.[Gly11Val;Phe77Lys],-0.1375231991578913
urn:mavedb:00000057-d-1#1696,,,p.[Gly11Val;Gly76Lys],-0.1685590873277155
urn:mavedb:00000057-d-1#1697,,,p.[Gly11Val;Glu75Lys],-0.1013556943216608
urn:mavedb:00000057-d-1#1698,,,p.[Gly11Val;Gly74Lys],-0.1182756826781421
urn:mavedb:00000057-d-1#1699,,,p.[Gly11Val;Thr73Lys],-0.0137003619348973
urn:mavedb:00000057-d-1#1700,,,p.[Gly11Val;Arg72Lys],-0.0139848639884166
urn:mavedb:00000057-d-1#1701,,,p.[Gly11Val;Met71Lys],0.0015481624302478
urn:mavedb:00000057-d-1#1702,,,p.[Gly11Val;Tyr70Lys],-0.0961575468174718
urn:mavedb:00000057-d-1#1703,,,p.[Gly11Val;Gln69Lys],0.0194802347618198
urn:mavedb:00000057-d-1#1704,,,p.[Gly11Val;Asp68Lys],-0.1283158760206884
urn:mavedb:00000057-d-1#1705,,,p.[Gly11Val;Arg67Lys],-0.0919610572645212
urn:mavedb:00000057-d-1#1706,,,p.[Gly11Val;Met66Lys],-0.1403291239993284
urn:mavedb:00000057-d-1#1707,,,p.[Gly11Val;Ala65Lys],-0.01384559641527
urn:mavedb:00000057-d-1#1708,,,p.[Gly11Val;Ser64Lys],-0.1362712960886093
urn:mavedb:00000057-d-1#1709,,,p.[Gly11Val;Tyr63Lys],-0.1377655410684083
urn:mavedb:00000057-d-1#1710,,,p.[Gly11Val;Glu62Lys],-0.0680477228964786
urn:mavedb:00000057-d-1#1711,,,p.[Gly11Val;Glu61Lys],0.0390068232734942
urn:mavedb:00000057-d-1#1712,,,p.[Gly11Val;Gln60Lys],0.0820391152498649
urn:mavedb:00000057-d-1#1713,,,p.[Gly11Val;Gly59Lys],-0.1912007522773766
urn:mavedb:00000057-d-1#1714,,,p.[Gly11Val;Ala58Lys],-0.1733337094208974
urn:mavedb:00000057-d-1#1715,,,p.[Gly11Val;Thr57Lys],-0.2287297681919993
urn:mavedb:00000057-d-1#1716,,,p.[Gly11Val;Asp56Lys],-0.2426452034415729
urn:mavedb:00000057-d-1#1717,,,p.[Gly11Val;Leu55Lys],-0.1302325277361504
urn:mavedb:00000057-d-1#1718,,,p.[Gly11Val;Ile54Lys],-0.1334900170286147
urn:mavedb:00000057-d-1#1719,,,p.[Gly11Val;Asp53Lys],-0.1759040299156481
urn:mavedb:00000057-d-1#1720,,,p.[Gly11Val;Leu52Lys],-0.1537671778750245
urn:mavedb:00000057-d-1#1721,,,p.[Gly11Val;Leu51Lys],0.0338757228133645
urn:mavedb:00000057-d-1#1722,,,p.[Gly11Val;Cys50Lys],0.0890378979799275
urn:mavedb:00000057-d-1#1723,,,p.[Gly11Val;Thr49Lys],0.0412155886482871
urn:mavedb:00000057-d-1#1724,,,p.[Gly11Val;Glu48Lys],0.0401335292851526
urn:mavedb:00000057-d-1#1725,,,p.[Gly11Val;Gly47Lys],0.0311800033423913
urn:mavedb:00000057-d-1#1726,,,p.[Gly11Val;Asp46Lys],-0.0171148977795412
urn:mavedb:00000057-d-1#1727,,,p.[Gly11Val;Ile45Lys],-0.0596492781166097
urn:mavedb:00000057-d-1#1728,,,p.[Gly11Val;Val44Lys],0.1635837803061393
urn:mavedb:00000057-d-1#1729,,,p.[Gly11Val;Val43Lys],0.0712238769836277
urn:mavedb:00000057-d-1#1730,,,p.[Gly11Val;Gln42Lys],0.0900219393923322
urn:mavedb:00000057-d-1#1731,,,p.[Gly11Val;Lys41=],0.0
urn:mavedb:00000057-d-1#1732,,,p.[Gly11Val;Arg40Lys],-0.118688424048116
urn:mavedb:00000057-d-1#1733,,,p.[Gly11Val;Tyr39Lys],-0.1324141654359781
urn:mavedb:00000057-d-1#1734,,,p.[Gly11Val;Ser38Lys],-0.0469908661009772
urn:mavedb:00000057-d-1#1735,,,p.[Gly11Val;Asp37Lys],-0.0986738699764336
urn:mavedb:00000057-d-1#1736,,,p.[Gly11Val;Glu36Lys],-0.1797452113750736
urn:mavedb:00000057-d-1#1737,,,p.[Gly11Val;Ile35Lys],-0.0759621817198977
urn:mavedb:00000057-d-1#1738,,,p.[Gly11Val;Thr34Lys],-0.1944045610009916
urn:mavedb:00000057-d-1#1739,,,p.[Gly11Val;Pro33Lys],0.0649933312500556
urn:mavedb:00000057-d-1#1740,,,p.[Gly11Val;Asp32Lys],-0.2513910685286815
urn:mavedb:00000057-d-1#1741,,,p.[Gly11Val;Tyr31Lys],-0.2302566306335623
urn:mavedb:00000057-d-1#1742,,,p.[Gly11Val;Glu30Lys],-0.1024473221285577
urn:mavedb:00000057-d-1#1743,,,p.[Gly11Val;Asp29Lys],0.0123341257336913
urn:mavedb:00000057-d-1#1744,,,p.[Gly11Val;Val28Lys],-0.1704742907645811
urn:mavedb:00000057-d-1#1745,,,p.[Gly11Val;Phe27Lys],-0.0844150459505245
urn:mavedb:00000057-d-1#1746,,,p.[Gly11Val;His26Lys],-0.0581072465036651
urn:mavedb:00000057-d-1#1747,,,p.[Gly11Val;Asn25Lys],0.0265220019168007
urn:mavedb:00000057-d-1#1748,,,p.[Gly11Val;Gln24Lys],-0.0488843132762657
urn:mavedb:00000057-d-1#1749,,,p.[Gly11Val;Ile23Lys],0.1054671948859771
urn:mavedb:00000057-d-1#1750,,,p.[Gly11Val;Leu22Lys],0.017836799149512
urn:mavedb:00000057-d-1#1751,,,p.[Gly11Val;Gln21Lys],0.0301806245068645
urn:mavedb:00000057-d-1#1752,,,p.[Gly11Val;Ile20Lys],-0.0856178094820169
urn:mavedb:00000057-d-1#1753,,,p.[Gly11Val;Thr19Lys],-0.1281084883101916
urn:mavedb:00000057-d-1#1754,,,p.[Gly11Val;Leu18Lys],0.0361703298485166
urn:mavedb:00000057-d-1#1755,,,p.[Gly11Val;Ala17Lys],-0.0704551451347472
urn:mavedb:00000057-d-1#1756,,,p.[Gly11Val;Ser16Lys],-0.1891646485818672
urn:mavedb:00000057-d-1#1757,,,p.[Gly11Val;Lys15=],0.0
urn:mavedb:00000057-d-1#1758,,,p.[Gly11Val;Gly14Lys],-0.2184851282135886
urn:mavedb:00000057-d-1#1759,,,p.[Gly11Val;Val13Lys],-0.1388189681897079
urn:mavedb:00000057-d-1#1760,,,p.[Gly11Val;Gly12Lys],-0.0985327933202863
urn:mavedb:00000057-d-1#1761,,,p.Gly11Lys,0.0
urn:mavedb:00000057-d-1#1762,,,p.[Ala10Lys;Gly11Val],-0.0464994289188397
urn:mavedb:00000057-d-1#1763,,,p.[Gly9Lys;Gly11Val],-0.200938679941373
urn:mavedb:00000057-d-1#1764,,,p.[Val8Lys;Gly11Val],-0.0579959175035554
urn:mavedb:00000057-d-1#1765,,,p.[Val7Lys;Gly11Val],-0.1495870561592328
urn:mavedb:00000057-d-1#1766,,,p.[Val6Lys;Gly11Val],-0.2073963808678765
urn:mavedb:00000057-d-1#1767,,,p.[Leu5Lys;Gly11Val],-0.3053090662843122
urn:mavedb:00000057-d-1#1768,,,p.[Lys4=;Gly11Val],0.0
urn:mavedb:00000057-d-1#1769,,,p.[Tyr3Lys;Gly11Val],0.0610638055889648
urn:mavedb:00000057-d-1#1770,,,p.[Glu2Lys;Gly11Val],-0.0422139478166617
urn:mavedb:00000057-d-1#1771,,,p.[Thr1Lys;Gly11Val],-0.0376930329579829
urn:mavedb:00000057-d-1#1772,,,p.[Gly11Val;His165Ile],0.2253988259338954
urn:mavedb:00000057-d-1#1773,,,p.[Gly11Val;Gln164Ile],-0.1968210988115844
urn:mavedb:00000057-d-1#1774,,,p.[Gly11Val;Arg163Ile],0.0606122899864423
urn:mavedb:00000057-d-1#1775,,,p.[Gly11Val;Ile162=],0.0
urn:mavedb:00000057-d-1#1776,,,p.[Gly11Val;Glu161Ile],-0.0430410627936326
urn:mavedb:00000057-d-1#1777,,,p.[Gly11Val;Arg160Ile],-0.1797147518357006
urn:mavedb:00000057-d-1#1778,,,p.[Gly11Val;Val159Ile],-0.0243598937302387
urn:mavedb:00000057-d-1#1779,,,p.[Gly11Val;Leu158Ile],-0.0597359140930836
urn:mavedb:00000057-d-1#1780,,,p.[Gly11Val;Thr157Ile],-0.0493709011249494
urn:mavedb:00000057-d-1#1781,,,p.[Gly11Val;Tyr156Ile],0.0851671834608856
urn:mavedb:00000057-d-1#1782,,,p.[Gly11Val;Phe155Ile],0.2038639416444762
urn:mavedb:00000057-d-1#1783,,,p.[Gly11Val;Ala154Ile],0.0147290071354399
urn:mavedb:00000057-d-1#1784,,,p.[Gly11Val;Asp153Ile],-0.2117480141251018
urn:mavedb:00000057-d-1#1785,,,p.[Gly11Val;Glu152Ile],-0.0753219549686405
urn:mavedb:00000057-d-1#1786,,,p.[Gly11Val;Val151Ile],0.0765446358021626
urn:mavedb:00000057-d-1#1787,,,p.[Gly11Val;Gly150Ile],0.0119224046312954
urn:mavedb:00000057-d-1#1788,,,p.[Gly11Val;Gln149Ile],-0.0211254441999413
urn:mavedb:00000057-d-1#1789,,,p.[Gly11Val;Arg148Ile],-0.1062577166939424
urn:mavedb:00000057-d-1#1790,,,p.[Gly11Val;Thr147Ile],-0.040842597948129
urn:mavedb:00000057-d-1#1791,,,p.[Gly11Val;Lys146Ile],0.0732150871375281
urn:mavedb:00000057-d-1#1792,,,p.[Gly11Val;Ala145Ile],-0.2243016278570269
urn:mavedb:00000057-d-1#1793,,,p.[Gly11Val;Ser144Ile],-0.125447398587863
urn:mavedb:00000057-d-1#1794,,,p.[Gly11Val;Thr143Ile],0.0990617440002421
urn:mavedb:00000057-d-1#1795,,,p.[Gly11Val;Glu142Ile],-0.1131545243545395
urn:mavedb:00000057-d-1#1796,,,p.[Gly11Val;Ile141=],0.0
urn:mavedb:00000057-d-1#1797,,,p.[Gly11Val;Tyr140Ile],0.0062336515402114
urn:mavedb:00000057-d-1#1798,,,p.[Gly11Val;Pro139Ile],-0.0361469998810781
urn:mavedb:00000057-d-1#1799,,,p.[Gly11Val;Ile138=],0.0
urn:mavedb:00000057-d-1#1800,,,p.[Gly11Val;Gly137Ile],-0.1534070498159602
urn:mavedb:00000057-d-1#1801,,,p.[Gly11Val;Tyr136Ile],0.1233154473601803
urn:mavedb:00000057-d-1#1802,,,p.[Gly11Val;Ser135Ile],-0.1805719696185228
urn:mavedb:00000057-d-1#1803,,,p.[Gly11Val;Arg134Ile],0.0140180193540059
urn:mavedb:00000057-d-1#1804,,,p.[Gly11Val;Ala133Ile],-0.1439499639484025
urn:mavedb:00000057-d-1#1805,,,p.[Gly11Val;Leu132Ile],-0.0247955299821822
urn:mavedb:00000057-d-1#1806,,,p.[Gly11Val;Asp131Ile],0.0060390842906801
urn:mavedb:00000057-d-1#1807,,,p.[Gly11Val;Gln130Ile],-0.0527383019694553
urn:mavedb:00000057-d-1#1808,,,p.[Gly11Val;Ala129Ile],0.0412424109640325
urn:mavedb:00000057-d-1#1809,,,p.[Gly11Val;Gln128Ile],-0.014971200630649
urn:mavedb:00000057-d-1#1810,,,p.[Gly11Val;Arg127Ile],0.0537986403471356
urn:mavedb:00000057-d-1#1811,,,p.[Gly11Val;Ser126Ile],-0.0555509240688162
urn:mavedb:00000057-d-1#1812,,,p.[Gly11Val;Glu125Ile],-0.0108033793629247
urn:mavedb:00000057-d-1#1813,,,p.[Gly11Val;Val124Ile],0.0631454256300818
urn:mavedb:00000057-d-1#1814,,,p.[Gly11Val;Thr123Ile],-0.1032257549990174
urn:mavedb:00000057-d-1#1815,,,p.[Gly11Val;Arg122Ile],-0.1009996147026821
urn:mavedb:00000057-d-1#1816,,,p.[Gly11Val;Gln98=],0.0
urn:mavedb:00000057-d-1#1817,,,p.[Gly11Val;Glu97Gln],-0.0983037484518754
urn:mavedb:00000057-d-1#1818,,,p.[Gly11Val;Arg96Gln],-0.0229624377131158
urn:mavedb:00000057-d-1#1819,,,p.[Gly11Val;Tyr95Gln],-0.0141226972076721
urn:mavedb:00000057-d-1#1820,,,p.[Gly11Val;Gln94=],0.0
urn:mavedb:00000057-d-1#1821,,,p.[Gly11Val;His93Gln],0.0783570916158199
urn:mavedb:00000057-d-1#1822,,,p.[Gly11Val;Ile92Gln],-0.1604799643679179
urn:mavedb:00000057-d-1#1823,,,p.[Gly11Val;Asp91Gln],0.0332430200821216
urn:mavedb:00000057-d-1#1824,,,p.[Gly11Val;Glu90Gln],-0.0065848455401842
urn:mavedb:00000057-d-1#1825,,,p.[Gly11Val;Phe89Gln],-0.1982563722383198
urn:mavedb:00000057-d-1#1826,,,p.[Gly11Val;Ser88Gln],-0.0810948632078802
urn:mavedb:00000057-d-1#1827,,,p.[Gly11Val;Lys87Gln],0.0198041400236058
urn:mavedb:00000057-d-1#1828,,,p.[Gly11Val;Thr86Gln],-0.0148293205852779
urn:mavedb:00000057-d-1#1829,,,p.[Gly11Val;Asn85Gln],-0.1351314374867591
urn:mavedb:00000057-d-1#1830,,,p.[Gly11Val;Asn84Gln],-0.05400152067302
urn:mavedb:00000057-d-1#1831,,,p.[Gly11Val;Ile83Gln],0.0815776623990845
urn:mavedb:00000057-d-1#1832,,,p.[Gly11Val;Ala82Gln],0.0699697751693999
urn:mavedb:00000057-d-1#1833,,,p.[Gly11Val;Phe81Gln],-0.306486449517615
urn:mavedb:00000057-d-1#1834,,,p.[Gly11Val;Val80Gln],-0.0871722065544479
urn:mavedb:00000057-d-1#1835,,,p.[Gly11Val;Cys79Gln],-0.2560628146662708
urn:mavedb:00000057-d-1#1836,,,p.[Gly11Val;Leu78Gln],-0.2812130225706886
urn:mavedb:00000057-d-1#1837,,,p.[Gly11Val;Phe77Gln],-0.1867968086845799
urn:mavedb:00000057-d-1#1838,,,p.[Gly11Val;Gly76Gln],-0.2583552550808198
urn:mavedb:00000057-d-1#1839,,,p.[Gly11Val;Glu75Gln],-0.0516346486917831
urn:mavedb:00000057-d-1#1840,,,p.[Gly11Val;Gly74Gln],-0.1263545718890553
urn:mavedb:00000057-d-1#1841,,,p.[Gly11Val;Thr73Gln],-0.0222239858997541
urn:mavedb:00000057-d-1#1842,,,p.[Gly11Val;Arg72Gln],-0.036887598868578
urn:mavedb:00000057-d-1#1843,,,p.[Gly11Val;Met71Gln],-0.0534280589076803
urn:mavedb:00000057-d-1#1844,,,p.[Gly11Val;Tyr70Gln],-0.0349316896279212
urn:mavedb:00000057-d-1#1845,,,p.[Gly11Val;Gln69=],0.0
urn:mavedb:00000057-d-1#1846,,,p.[Gly11Val;Asp68Gln],-0.042667764385741
urn:mavedb:00000057-d-1#1847,,,p.[Gly11Val;Arg67Gln],-0.0195169168745277
urn:mavedb:00000057-d-1#1848,,,p.[Gly11Val;Met66Gln],0.0397418268584152
urn:mavedb:00000057-d-1#1849,,,p.[Gly11Val;Ala65Gln],-0.0057977981741304
urn:mavedb:00000057-d-1#1850,,,p.[Gly11Val;Ser64Gln],-0.0298747764391605
urn:mavedb:00000057-d-1#1851,,,p.[Gly11Val;Tyr63Gln],0.0334851724713551
urn:mavedb:00000057-d-1#1852,,,p.[Gly11Val;Glu62Gln],0.0314333682778705
urn:mavedb:00000057-d-1#1853,,,p.[Gly11Val;Glu61Gln],-0.0859908912888958
urn:mavedb:00000057-d-1#1854,,,p.[Gly11Val;Gln60=],0.0
urn:mavedb:00000057-d-1#1855,,,p.[Gly11Val;Gly59Gln],-0.1927797390089345
urn:mavedb:00000057-d-1#1856,,,p.[Gly11Val;Ala58Gln],-0.2258998897868545
urn:mavedb:00000057-d-1#1857,,,p.[Gly11Val;Thr57Gln],-0.1608658302668579
urn:mavedb:00000057-d-1#1858,,,p.[Gly11Val;Asp56Gln],-0.3067618076199844
urn:mavedb:00000057-d-1#1859,,,p.[Gly11Val;Leu55Gln],0.0873312027466563
urn:mavedb:00000057-d-1#1860,,,p.[Gly11Val;Ile54Gln],-0.1424584923623502
urn:mavedb:00000057-d-1#1861,,,p.[Gly11Val;Asp53Gln],-0.1441635733256953
urn:mavedb:00000057-d-1#1862,,,p.[Gly11Val;Leu52Gln],-0.1938013736104678
urn:mavedb:00000057-d-1#1863,,,p.[Gly11Val;Leu51Gln],0.1270811192246047
urn:mavedb:00000057-d-1#1864,,,p.[Gly11Val;Cys50Gln],-0.028577385170633
urn:mavedb:00000057-d-1#1865,,,p.[Gly11Val;Thr49Gln],0.0738509323344042
urn:mavedb:00000057-d-1#1866,,,p.[Gly11Val;Gly137Met],-0.0177643339565015
urn:mavedb:00000057-d-1#1867,,,p.[Gly11Val;Tyr136Met],0.1333013651193696
urn:mavedb:00000057-d-1#1868,,,p.[Gly11Val;Ser135Met],0.1181597360445039
urn:mavedb:00000057-d-1#1869,,,p.[Gly11Val;Arg134Met],-0.0427442914025371
urn:mavedb:00000057-d-1#1870,,,p.[Gly11Val;Ala133Met],-0.2352745480576895
urn:mavedb:00000057-d-1#1871,,,p.[Gly11Val;Leu132Met],-0.2079108481159498
urn:mavedb:00000057-d-1#1872,,,p.[Gly11Val;Asp131Met],-0.0419957053410742
urn:mavedb:00000057-d-1#1873,,,p.[Gly11Val;Gln130Met],-0.0262856455007263
urn:mavedb:00000057-d-1#1874,,,p.[Gly11Val;Ala129Met],0.0143975757892707
urn:mavedb:00000057-d-1#1875,,,p.[Gly11Val;Gln128Met],-0.0404304619420855
urn:mavedb:00000057-d-1#1876,,,p.[Gly11Val;Arg127Met],-0.0031701555749369
urn:mavedb:00000057-d-1#1877,,,p.[Gly11Val;Ser126Met],-0.0841970045251213
urn:mavedb:00000057-d-1#1878,,,p.[Gly11Val;Glu125Met],-0.2610502220160468
urn:mavedb:00000057-d-1#1879,,,p.[Gly11Val;Val124Met],-0.0697322905716376
urn:mavedb:00000057-d-1#1880,,,p.[Gly11Val;Thr123Met],0.0240330936127553
urn:mavedb:00000057-d-1#1881,,,p.[Gly11Val;Arg122Met],-0.0600822701731525
urn:mavedb:00000057-d-1#1882,,,p.[Gly11Val;Ala121Met],0.011906136853988
urn:mavedb:00000057-d-1#1883,,,p.[Gly11Val;Ala120Met],0.0214074762317596
urn:mavedb:00000057-d-1#1884,,,p.[Gly11Val;Leu119Met],0.0797136730948161
urn:mavedb:00000057-d-1#1885,,,p.[Gly11Val;Asp118Met],-0.1516297099287357
urn:mavedb:00000057-d-1#1886,,,p.[Gly11Val;Cys117Met],0.0276677575595486
urn:mavedb:00000057-d-1#1887,,,p.[Gly11Val;Lys116Met],0.1137168509231546
urn:mavedb:00000057-d-1#1888,,,p.[Gly11Val;Asn115Met],0.2615295177305099
urn:mavedb:00000057-d-1#1889,,,p.[Gly11Val;Gly114Met],0.0142511686976416
urn:mavedb:00000057-d-1#1890,,,p.[Gly11Val;Val113Met],-0.0710767400302025
urn:mavedb:00000057-d-1#1891,,,p.[Gly11Val;Leu112Met],-0.0501377906251959
urn:mavedb:00000057-d-1#1892,,,p.[Gly11Val;Val111Met],-0.2089297704140947
urn:mavedb:00000057-d-1#1893,,,p.[Gly11Val;Met110=],0.0
urn:mavedb:00000057-d-1#1894,,,p.[Gly11Val;Pro109Met],-0.10016308953935
urn:mavedb:00000057-d-1#1895,,,p.[Gly11Val;Val108Met],-0.0313707655076078
urn:mavedb:00000057-d-1#1896,,,p.[Gly11Val;Asp107Met],-0.1365164910681647
urn:mavedb:00000057-d-1#1897,,,p.[Gly11Val;Asp106Met],-0.0716655512613834
urn:mavedb:00000057-d-1#1898,,,p.[Gly11Val;Ser105Met],-0.0443707377571099
urn:mavedb:00000057-d-1#1899,,,p.[Gly11Val;Asp104Met],0.1366239371421667
urn:mavedb:00000057-d-1#1900,,,p.[Gly11Val;Lys103Met],-0.0467562957823122
urn:mavedb:00000057-d-1#1901,,,p.[Gly11Val;Val102Met],0.0158141453854651
urn:mavedb:00000057-d-1#1902,,,p.[Gly11Val;Arg101Met],-0.1643523716556505
urn:mavedb:00000057-d-1#1903,,,p.[Gly11Val;Lys100Met],0.0269434743861802
urn:mavedb:00000057-d-1#1904,,,p.[Gly11Val;Ile99Met],-0.1016856969689542
urn:mavedb:00000057-d-1#1905,,,p.[Gly11Val;Gln98Met],-0.0123575933425224
urn:mavedb:00000057-d-1#1906,,,p.[Gly11Val;Glu97Met],-0.1692332011960431
urn:mavedb:00000057-d-1#1907,,,p.[Gly11Val;Arg96Met],0.1795555029406534
urn:mavedb:00000057-d-1#1908,,,p.[Gly11Val;Tyr95Met],0.01292461111029
urn:mavedb:00000057-d-1#1909,,,p.[Gly11Val;Gln94Met],0.0070441293781582
urn:mavedb:00000057-d-1#1910,,,p.[Gly11Val;His93Met],0.0470247395402743
urn:mavedb:00000057-d-1#1911,,,p.[Gly11Val;Ile92Met],-0.1370153153196918
urn:mavedb:00000057-d-1#1912,,,p.[Gly11Val;Asp91Met],0.1573609816598042
urn:mavedb:00000057-d-1#1913,,,p.[Gly11Val;Glu90Met],-0.1134441722561259
urn:mavedb:00000057-d-1#1914,,,p.[Gly11Val;Phe89Met],-0.0997912561871614
urn:mavedb:00000057-d-1#1915,,,p.[Gly11Val;Ser88Met],-0.0666771820545914
urn:mavedb:00000057-d-1#1916,,,p.[Gly11Val;Lys87Met],-0.0083576590755094
urn:mavedb:00000057-d-1#1917,,,p.[Gly11Val;Thr86Met],0.0535617239678481
urn:mavedb:00000057-d-1#1918,,,p.[Gly11Val;Asn85Met],-0.3006196151440933
urn:mavedb:00000057-d-1#1919,,,p.[Gly11Val;Asn84Met],-0.1769771830065469
urn:mavedb:00000057-d-1#1920,,,p.[Gly11Val;Ile83Met],-0.0285319344068408
urn:mavedb:00000057-d-1#1921,,,p.[Gly11Val;Ala82Met],-0.0890045755090632
urn:mavedb:00000057-d-1#1922,,,p.[Gly11Val;Phe81Met],-0.0559285294250088
urn:mavedb:00000057-d-1#1923,,,p.[Gly11Val;Val80Met],0.0698552465989083
urn:mavedb:00000057-d-1#1924,,,p.[Gly11Val;Cys79Met],0.0944602154013724
urn:mavedb:00000057-d-1#1925,,,p.[Gly11Val;Leu78Met],-0.0431663842434235
urn:mavedb:00000057-d-1#1926,,,p.[Gly11Val;Phe77Met],-0.0907154119213288
urn:mavedb:00000057-d-1#1927,,,p.[Gly11Val;Gly76Met],-0.0838297311482949
urn:mavedb:00000057-d-1#1928,,,p.[Gly11Val;Glu75Met],-0.0548853802592395
urn:mavedb:00000057-d-1#1929,,,p.[Gly11Val;Gly74Met],-0.025784319499957
urn:mavedb:00000057-d-1#1930,,,p.[Gly11Val;Thr73Met],-0.072806887819811
urn:mavedb:00000057-d-1#1931,,,p.[Gly11Val;Arg72Met],-0.0575581502041
urn:mavedb:00000057-d-1#1932,,,p.[Gly11Val;Met71=],0.0
urn:mavedb:00000057-d-1#1933,,,p.[Gly11Val;Tyr70Met],0.136403497215546
urn:mavedb:00000057-d-1#1934,,,p.[Gly11Val;Gln69Met],0.0703372677347262
urn:mavedb:00000057-d-1#1935,,,p.[Gly11Val;Asp68Met],-0.1647194577657695
urn:mavedb:00000057-d-1#1936,,,p.[Gly11Val;Ala121Ile],-0.1024866736715668
urn:mavedb:00000057-d-1#1937,,,p.[Gly11Val;Ala120Ile],-0.0409165346020236
urn:mavedb:00000057-d-1#1938,,,p.[Gly11Val;Leu119Ile],-0.0795120157142513
urn:mavedb:00000057-d-1#1939,,,p.[Gly11Val;Asp118Ile],-0.2651272442700355
urn:mavedb:00000057-d-1#1940,,,p.[Gly11Val;Cys117Ile],-0.0502830400960312
urn:mavedb:00000057-d-1#1941,,,p.[Gly11Val;Lys116Ile],0.0584908660996687
urn:mavedb:00000057-d-1#1942,,,p.[Gly11Val;Asn115Ile],-0.1808958071039752
urn:mavedb:00000057-d-1#1943,,,p.[Gly11Val;Gly114Ile],-0.22361767855165
urn:mavedb:00000057-d-1#1944,,,p.[Gly11Val;Val113Ile],-0.0438657596333699
urn:mavedb:00000057-d-1#1945,,,p.[Gly11Val;Leu112Ile],-0.0795399643145953
urn:mavedb:00000057-d-1#1946,,,p.[Gly11Val;Val111Ile],-0.0248078551006417
urn:mavedb:00000057-d-1#1947,,,p.[Gly11Val;Met110Ile],-0.0360275351170665
urn:mavedb:00000057-d-1#1948,,,p.[Gly11Val;Pro109Ile],-0.0573770962025595
urn:mavedb:00000057-d-1#1949,,,p.[Gly11Val;Val108Ile],-0.0245186293940336
urn:mavedb:00000057-d-1#1950,,,p.[Gly11Val;Asp107Ile],-0.0487414058975693
urn:mavedb:00000057-d-1#1951,,,p.[Gly11Val;Asp106Ile],0.0195885382850074
urn:mavedb:00000057-d-1#1952,,,p.[Gly11Val;Ser105Ile],-0.0470389723531752
urn:mavedb:00000057-d-1#1953,,,p.[Gly11Val;Asp104Ile],-0.1120141708227633
urn:mavedb:00000057-d-1#1954,,,p.[Gly11Val;Lys103Ile],-0.0456581297778904
urn:mavedb:00000057-d-1#1955,,,p.[Gly11Val;Val102Ile],0.0690060804174844
urn:mavedb:00000057-d-1#1956,,,p.[Gly11Val;Arg101Ile],-0.1275253629887414
urn:mavedb:00000057-d-1#1957,,,p.[Gly11Val;Lys100Ile],-0.1231852378184922
urn:mavedb:00000057-d-1#1958,,,p.[Gly11Val;Ile99=],0.0
urn:mavedb:00000057-d-1#1959,,,p.[Gly11Val;Gln98Ile],0.1934596592223979
urn:mavedb:00000057-d-1#1960,,,p.[Gly11Val;Glu97Ile],-0.1026090418392868
urn:mavedb:00000057-d-1#1961,,,p.[Gly11Val;Arg96Ile],0.4080204726146036
urn:mavedb:00000057-d-1#1962,,,p.[Gly11Val;Tyr95Ile],0.1676958045711156
urn:mavedb:00000057-d-1#1963,,,p.[Gly11Val;Gln94Ile],-0.0403107110520848
urn:mavedb:00000057-d-1#1964,,,p.[Gly11Val;His93Ile],-0.0194383671821298
urn:mavedb:00000057-d-1#1965,,,p.[Gly11Val;Ile92=],0.0
urn:mavedb:00000057-d-1#1966,,,p.[Gly11Val;Asp91Ile],-0.0113453123944116
urn:mavedb:00000057-d-1#1967,,,p.[Gly11Val;Glu90Ile],-0.0849245697527374
urn:mavedb:00000057-d-1#1968,,,p.[Gly11Val;Phe89Ile],-0.1126116445561826
urn:mavedb:00000057-d-1#1969,,,p.[Gly11Val;Ser88Ile],-0.2236419223415586
urn:mavedb:00000057-d-1#1970,,,p.[Gly11Val;Lys87Ile],-0.1166608224570371
urn:mavedb:00000057-d-1#1971,,,p.[Gly11Val;Thr86Ile],-0.0834307273887213
urn:mavedb:00000057-d-1#1972,,,p.[Gly11Val;Asn85Ile],-0.1305193960715986
urn:mavedb:00000057-d-1#1973,,,p.[Gly11Val;Asn84Ile],-0.2515500012851547
urn:mavedb:00000057-d-1#1974,,,p.[Gly11Val;Ile83=],0.0
urn:mavedb:00000057-d-1#1975,,,p.[Gly11Val;Ala82Ile],-0.1430412472928801
urn:mavedb:00000057-d-1#1976,,,p.[Gly11Val;Phe81Ile],-0.1753079040362225
urn:mavedb:00000057-d-1#1977,,,p.[Gly11Val;Val80Ile],-0.0042178899672057
urn:mavedb:00000057-d-1#1978,,,p.[Gly11Val;Cys79Ile],0.1148141591455618
urn:mavedb:00000057-d-1#1979,,,p.[Gly11Val;Leu78Ile],0.1157062003377895
urn:mavedb:00000057-d-1#1980,,,p.[Gly11Val;Phe77Ile],-0.0858560329376495
urn:mavedb:00000057-d-1#1981,,,p.[Gly11Val;Gly76Ile],-0.0272717443147039
urn:mavedb:00000057-d-1#1982,,,p.[Gly11Val;Glu75Ile],-0.0660834752759475
urn:mavedb:00000057-d-1#1983,,,p.[Gly11Val;Gly74Ile],-0.0234818582179691
urn:mavedb:00000057-d-1#1984,,,p.[Gly11Val;Thr73Ile],-0.0368512005296911
urn:mavedb:00000057-d-1#1985,,,p.[Gly11Val;Arg72Ile],-0.1162790126536588
urn:mavedb:00000057-d-1#1986,,,p.[Gly11Val;Met71Ile],0.1956585232600773
urn:mavedb:00000057-d-1#1987,,,p.[Gly11Val;Tyr70Ile],0.0651036252458469
urn:mavedb:00000057-d-1#1988,,,p.[Gly11Val;Gln69Ile],-0.1768885096079467
urn:mavedb:00000057-d-1#1989,,,p.[Gly11Val;Asp68Ile],-0.215931183306903
urn:mavedb:00000057-d-1#1990,,,p.[Gly11Val;Arg67Ile],-0.0347030879945666
urn:mavedb:00000057-d-1#1991,,,p.[Gly11Val;Met66Ile],0.0954132756105042
urn:mavedb:00000057-d-1#1992,,,p.[Gly11Val;Ala65Ile],-0.0676431362160524
urn:mavedb:00000057-d-1#1993,,,p.[Gly11Val;Ser64Ile],-0.0400489942185157
urn:mavedb:00000057-d-1#1994,,,p.[Gly11Val;Tyr63Ile],-0.0483169503127582
urn:mavedb:00000057-d-1#1995,,,p.[Gly11Val;Glu62Ile],-0.1580135135937023
urn:mavedb:00000057-d-1#1996,,,p.[Gly11Val;Glu61Ile],0.0344583911549988
urn:mavedb:00000057-d-1#1997,,,p.[Gly11Val;Gln60Ile],0.0588494429952395
urn:mavedb:00000057-d-1#1998,,,p.[Gly11Val;Gly59Ile],-0.2901189624048449
urn:mavedb:00000057-d-1#1999,,,p.[Gly11Val;Ala58Ile],-0.2471605481012337
urn:mavedb:00000057-d-1#2000,,,p.[Gly11Val;Thr57Ile],-0.0205225115772864
urn:mavedb:00000057-d-1#2001,,,p.[Gly11Val;Asp56Ile],-0.2506743156824431
urn:mavedb:00000057-d-1#2002,,,p.[Gly11Val;Leu55Ile],-0.0110121876771536
urn:mavedb:00000057-d-1#2003,,,p.[Gly11Val;Ile54=],0.0
urn:mavedb:00000057-d-1#2004,,,p.[Gly11Val;Asp53Ile],-0.2264228554976704
urn:mavedb:00000057-d-1#2005,,,p.[Gly11Val;Leu52Ile],0.0747926692116823
urn:mavedb:00000057-d-1#2006,,,p.[Gly11Val;Leu51Ile],0.1058504155111678
urn:mavedb:00000057-d-1#2007,,,p.[Gly11Val;Cys50Ile],0.0605553245546315
urn:mavedb:00000057-d-1#2008,,,p.[Gly11Val;Thr49Ile],-0.0663493354008603
urn:mavedb:00000057-d-1#2009,,,p.[Gly11Val;Glu48Ile],-0.0139953861101626
urn:mavedb:00000057-d-1#2010,,,p.[Gly11Val;Gly47Ile],-0.0874361518719756
urn:mavedb:00000057-d-1#2011,,,p.[Gly11Val;Asp46Ile],-0.1996453932617373
urn:mavedb:00000057-d-1#2012,,,p.[Gly11Val;Ile45=],0.0
urn:mavedb:00000057-d-1#2013,,,p.[Gly11Val;Val44Ile],0.1204003739587997
urn:mavedb:00000057-d-1#2014,,,p.[Gly11Val;Val43Ile],0.0407712193741027
urn:mavedb:00000057-d-1#2015,,,p.[Gly11Val;Gln42Ile],-0.0045007833129539
urn:mavedb:00000057-d-1#2016,,,p.[Gly11Val;Asp53Gly],-0.1084336069109018
urn:mavedb:00000057-d-1#2017,,,p.[Gly11Val;Leu52Gly],-0.1394641723112528
urn:mavedb:00000057-d-1#2018,,,p.[Gly11Val;Leu51Gly],0.0414639372864975
urn:mavedb:00000057-d-1#2019,,,p.[Gly11Val;Cys50Gly],-0.0569686060662475
urn:mavedb:00000057-d-1#2020,,,p.[Gly11Val;Thr49Gly],0.0003229336509318
urn:mavedb:00000057-d-1#2021,,,p.[Gly11Val;Glu48Gly],-0.0414891873993946
urn:mavedb:00000057-d-1#2022,,,p.[Gly11Val;Gly47=],0.0
urn:mavedb:00000057-d-1#2023,,,p.[Gly11Val;Asp46Gly],0.0568629924957463
urn:mavedb:00000057-d-1#2024,,,p.[Gly11Val;Ile45Gly],-0.0606088018772154
urn:mavedb:00000057-d-1#2025,,,p.[Gly11Val;Val44Gly],0.0338375467915505
urn:mavedb:00000057-d-1#2026,,,p.[Gly11Val;Val43Gly],0.0404953045702419
urn:mavedb:00000057-d-1#2027,,,p.[Gly11Val;Gln42Gly],0.1034509891923512
urn:mavedb:00000057-d-1#2028,,,p.[Gly11Val;Lys41Gly],0.0471157307787898
urn:mavedb:00000057-d-1#2029,,,p.[Gly11Val;Arg40Gly],-0.0690435694775351
urn:mavedb:00000057-d-1#2030,,,p.[Gly11Val;Tyr39Gly],-0.2224845246896184
urn:mavedb:00000057-d-1#2031,,,p.[Gly11Val;Ser38Gly],-0.0467524135357193
urn:mavedb:00000057-d-1#2032,,,p.[Gly11Val;Asp37Gly],-0.1920783172560493
urn:mavedb:00000057-d-1#2033,,,p.[Gly11Val;Glu36Gly],-0.1502339745733514
urn:mavedb:00000057-d-1#2034,,,p.[Gly11Val;Ile35Gly],-0.226994640865831
urn:mavedb:00000057-d-1#2035,,,p.[Gly11Val;Thr34Gly],-0.1744945103608031
urn:mavedb:00000057-d-1#2036,,,p.[Gly11Val;Pro33Gly],-0.1212901158706446
urn:mavedb:00000057-d-1#2037,,,p.[Gly11Val;Asp32Gly],-0.1624021823017264
urn:mavedb:00000057-d-1#2038,,,p.[Gly11Val;Tyr31Gly],-0.2238011689275997
urn:mavedb:00000057-d-1#2039,,,p.[Gly11Val;Glu30Gly],-0.0040702756115051
urn:mavedb:00000057-d-1#2040,,,p.[Gly11Val;Asp29Gly],-0.0483170288976522
urn:mavedb:00000057-d-1#2041,,,p.[Gly11Val;Val28Gly],-0.0599478349114621
urn:mavedb:00000057-d-1#2042,,,p.[Gly11Val;Phe27Gly],-0.1214754211859717
urn:mavedb:00000057-d-1#2043,,,p.[Gly11Val;His26Gly],0.0654007494983674
urn:mavedb:00000057-d-1#2044,,,p.[Gly11Val;Asn25Gly],-0.033955427083419
urn:mavedb:00000057-d-1#2045,,,p.[Gly11Val;Gln24Gly],0.1819350111661152
urn:mavedb:00000057-d-1#2046,,,p.[Gly11Val;Ile23Gly],0.1716916625197544
urn:mavedb:00000057-d-1#2047,,,p.[Gly11Val;Leu22Gly],0.1023550648941083
urn:mavedb:00000057-d-1#2048,,,p.[Gly11Val;Gln21Gly],0.0778102345510638
urn:mavedb:00000057-d-1#2049,,,p.[Gly11Val;Ile20Gly],0.006746383492117
urn:mavedb:00000057-d-1#2050,,,p.[Gly11Val;Thr19Gly],0.008860402785272
urn:mavedb:00000057-d-1#2051,,,p.[Gly11Val;Leu18Gly],0.0146709541538391
urn:mavedb:00000057-d-1#2052,,,p.[Gly11Val;Ala17Gly],0.0682200065703044
urn:mavedb:00000057-d-1#2053,,,p.[Gly11Val;Ser16Gly],-0.2695063748996116
urn:mavedb:00000057-d-1#2054,,,p.[Gly11Val;Lys15Gly],-0.2703787306981695
urn:mavedb:00000057-d-1#2055,,,p.[Gly11Val;Gly14=],0.0
urn:mavedb:00000057-d-1#2056,,,p.[Gly11Val;Val13Gly],-0.0380445039440555
urn:mavedb:00000057-d-1#2057,,,p.[Gly11Val;Gly12=],0.0
urn:mavedb:00000057-d-1#2058,,,p.Gly11=,0.0
urn:mavedb:00000057-d-1#2059,,,p.[Ala10Gly;Gly11Val],0.0702011457354372
urn:mavedb:00000057-d-1#2060,,,p.[Gly9=;Gly11Val],0.0
urn:mavedb:00000057-d-1#2061,,,p.[Val8Gly;Gly11Val],-0.1121327516184991
urn:mavedb:00000057-d-1#2062,,,p.[Val7Gly;Gly11Val],-0.0828924059445144
urn:mavedb:00000057-d-1#2063,,,p.[Val6Gly;Gly11Val],-0.129153392649028
urn:mavedb:00000057-d-1#2064,,,p.[Leu5Gly;Gly11Val],-0.1864037741314316
urn:mavedb:00000057-d-1#2065,,,p.[Lys4Gly;Gly11Val],-0.0006872022460527
urn:mavedb:00000057-d-1#2066,,,p.[Tyr3Gly;Gly11Val],-0.08865536870166
urn:mavedb:00000057-d-1#2067,,,p.[Glu2Gly;Gly11Val],-0.0142507697185032
urn:mavedb:00000057-d-1#2068,,,p.[Thr1Gly;Gly11Val],0.0163999752696326
urn:mavedb:00000057-d-1#2069,,,p.[Gly11Val;His165Phe],-0.0167059257901541
urn:mavedb:00000057-d-1#2070,,,p.[Gly11Val;Gln164Phe],-0.0647351754983091
urn:mavedb:00000057-d-1#2071,,,p.[Gly11Val;Arg163Phe],-0.044813201132957
urn:mavedb:00000057-d-1#2072,,,p.[Gly11Val;Ile162Phe],0.0324003487724927
urn:mavedb:00000057-d-1#2073,,,p.[Gly11Val;Glu161Phe],-0.0056671186409234
urn:mavedb:00000057-d-1#2074,,,p.[Gly11Val;Arg160Phe],-0.2562045917048394
urn:mavedb:00000057-d-1#2075,,,p.[Gly11Val;Val159Phe],0.1194000684852525
urn:mavedb:00000057-d-1#2076,,,p.[Gly11Val;Leu158Phe],-0.1085066261432662
urn:mavedb:00000057-d-1#2077,,,p.[Gly11Val;Thr157Phe],-0.1161279410143759
urn:mavedb:00000057-d-1#2078,,,p.[Gly11Val;Tyr156Phe],0.0489170328257463
urn:mavedb:00000057-d-1#2079,,,p.[Gly11Val;Phe155=],0.0
urn:mavedb:00000057-d-1#2080,,,p.[Gly11Val;Ala154Phe],-0.1835441864746679
urn:mavedb:00000057-d-1#2081,,,p.[Gly11Val;Asp153Phe],-0.0842866832532421
urn:mavedb:00000057-d-1#2082,,,p.[Gly11Val;Glu152Phe],0.0911648764964372
urn:mavedb:00000057-d-1#2083,,,p.[Gly11Val;Val151Phe],-0.0055541307874351
urn:mavedb:00000057-d-1#2084,,,p.[Gly11Val;Gly150Phe],-0.0732995519654287
urn:mavedb:00000057-d-1#2085,,,p.[Gly11Val;Gln149Phe],-0.108421951329145
urn:mavedb:00000057-d-1#2086,,,p.[Gly11Val;Arg148Phe],0.0363266289088417
urn:mavedb:00000057-d-1#2087,,,p.[Gly11Val;Thr147Phe],-0.1370142167529999
urn:mavedb:00000057-d-1#2088,,,p.[Gly11Val;Lys146Phe],0.2223077379327853
urn:mavedb:00000057-d-1#2089,,,p.[Gly11Val;Ala145Phe],-0.3191092787708262
urn:mavedb:00000057-d-1#2090,,,p.[Gly11Val;Ser144Phe],-0.162562698398545
urn:mavedb:00000057-d-1#2091,,,p.[Gly11Val;Thr143Phe],-0.1271821069894037
urn:mavedb:00000057-d-1#2092,,,p.[Gly11Val;Glu142Phe],-0.0689258702984277
urn:mavedb:00000057-d-1#2093,,,p.[Gly11Val;Ile141Phe],0.0292089713659689
urn:mavedb:00000057-d-1#2094,,,p.[Gly11Val;Tyr140Phe],-0.0443450517262562
urn:mavedb:00000057-d-1#2095,,,p.[Gly11Val;Pro139Phe],-0.1832897385929148
urn:mavedb:00000057-d-1#2096,,,p.[Gly11Val;Ile138Phe],-0.3048932279932449
urn:mavedb:00000057-d-1#2097,,,p.[Gly11Val;Gly137Phe],-0.1491713833202591
urn:mavedb:00000057-d-1#2098,,,p.[Gly11Val;Tyr136Phe],0.1434881103363923
urn:mavedb:00000057-d-1#2099,,,p.[Gly11Val;Ser135Phe],-0.0384493190696995
urn:mavedb:00000057-d-1#2100,,,p.[Gly11Val;Arg134Phe],0.0071621337073252
urn:mavedb:00000057-d-1#2101,,,p.[Gly11Val;Ala133Phe],-0.2215754637609649
urn:mavedb:00000057-d-1#2102,,,p.[Gly11Val;Leu132Phe],-0.0376489031773281
urn:mavedb:00000057-d-1#2103,,,p.[Gly11Val;Asp131Phe],-0.1630160399102319
urn:mavedb:00000057-d-1#2104,,,p.[Gly11Val;Gln130Phe],0.0051629116994653
urn:mavedb:00000057-d-1#2105,,,p.[Gly11Val;Ala129Phe],-0.076364905447135
urn:mavedb:00000057-d-1#2106,,,p.[Gly11Val;Gln128Phe],-0.2469320546331345
urn:mavedb:00000057-d-1#2107,,,p.[Gly11Val;Arg127Phe],-0.0079548142592832
urn:mavedb:00000057-d-1#2108,,,p.[Gly11Val;Ser126Phe],-0.0226055261371257
urn:mavedb:00000057-d-1#2109,,,p.[Gly11Val;Glu125Phe],-0.057897438856798
urn:mavedb:00000057-d-1#2110,,,p.[Gly11Val;Val124Phe],-0.0243171842882913
urn:mavedb:00000057-d-1#2111,,,p.[Gly11Val;Thr123Phe],-0.2023355456764033
urn:mavedb:00000057-d-1#2112,,,p.[Gly11Val;Arg122Phe],0.0018801588137321
urn:mavedb:00000057-d-1#2113,,,p.[Gly11Val;Ala121Phe],-0.110325140368195
urn:mavedb:00000057-d-1#2114,,,p.[Gly11Val;Ala120Phe],-0.0266701344771
urn:mavedb:00000057-d-1#2115,,,p.[Gly11Val;Leu119Phe],0.0316607682086337
urn:mavedb:00000057-d-1#2116,,,p.[Gly11Val;Asp118Phe],-0.1616329592831067
urn:mavedb:00000057-d-1#2117,,,p.[Gly11Val;Cys117Phe],-0.030330392618923
urn:mavedb:00000057-d-1#2118,,,p.[Gly11Val;Lys116Phe],0.086431162074513
urn:mavedb:00000057-d-1#2119,,,p.[Gly11Val;Asn115Phe],-0.3287720253821344
urn:mavedb:00000057-d-1#2120,,,p.[Gly11Val;Gly114Phe],-0.0685387514052865
urn:mavedb:00000057-d-1#2121,,,p.[Gly11Val;Val113Phe],-0.3125353922724199
urn:mavedb:00000057-d-1#2122,,,p.[Gly11Val;Leu112Phe],-0.1987433115423312
urn:mavedb:00000057-d-1#2123,,,p.[Gly11Val;Val111Phe],-0.1669041336387625
urn:mavedb:00000057-d-1#2124,,,p.[Gly11Val;Met110Phe],-0.0596734262949716
urn:mavedb:00000057-d-1#2125,,,p.[Gly11Val;Pro109Phe],-0.1001520838212874
urn:mavedb:00000057-d-1#2126,,,p.[Gly11Val;Val108Phe],-0.0127560439582587
urn:mavedb:00000057-d-1#2127,,,p.[Gly11Val;Asp107Phe],-0.0051516645437357
urn:mavedb:00000057-d-1#2128,,,p.[Gly11Val;Asp106Phe],0.0257796381102805
urn:mavedb:00000057-d-1#2129,,,p.[Gly11Val;Ser105Phe],-0.0508957753731851
urn:mavedb:00000057-d-1#2130,,,p.[Gly11Val;Asp104Phe],-0.140650239757856
urn:mavedb:00000057-d-1#2131,,,p.[Gly11Val;Lys103Phe],0.0223404328282514
urn:mavedb:00000057-d-1#2132,,,p.[Gly11Val;Val102Phe],0.0088522052993396
urn:mavedb:00000057-d-1#2133,,,p.[Gly11Val;Arg101Phe],-0.1056930878241293
urn:mavedb:00000057-d-1#2134,,,p.[Gly11Val;Lys100Phe],-0.083667545040577
urn:mavedb:00000057-d-1#2135,,,p.[Gly11Val;Ile99Phe],-0.2065260099556642
urn:mavedb:00000057-d-1#2136,,,p.[Gly11Val;Gln98Phe],0.1726871098744927
urn:mavedb:00000057-d-1#2137,,,p.[Gly11Val;Glu97Phe],-0.1585625202550614
urn:mavedb:00000057-d-1#2138,,,p.[Gly11Val;Arg96Phe],0.247211651723588
urn:mavedb:00000057-d-1#2139,,,p.[Gly11Val;Tyr95Phe],0.0174448615153888
urn:mavedb:00000057-d-1#2140,,,p.[Gly11Val;Gln94Phe],-0.0447366377731823
urn:mavedb:00000057-d-1#2141,,,p.[Gly11Val;His93Phe],-0.0712922685066166
urn:mavedb:00000057-d-1#2142,,,p.[Gly11Val;Ile92Phe],0.1171234163812019
urn:mavedb:00000057-d-1#2143,,,p.[Gly11Val;Asp91Phe],0.0224190166766144
urn:mavedb:00000057-d-1#2144,,,p.[Gly11Val;Glu90Phe],-0.1038879585982182
urn:mavedb:00000057-d-1#2145,,,p.[Gly11Val;Phe89=],0.0
urn:mavedb:00000057-d-1#2146,,,p.[Gly11Val;Ser88Phe],-0.0603047859787688
urn:mavedb:00000057-d-1#2147,,,p.[Gly11Val;Lys87Phe],-0.0260333255938421
urn:mavedb:00000057-d-1#2148,,,p.[Gly11Val;Thr86Phe],-0.0395862233714017
urn:mavedb:00000057-d-1#2149,,,p.[Gly11Val;Asn85Phe],-0.1497182681070899
urn:mavedb:00000057-d-1#2150,,,p.[Gly11Val;Asn84Phe],-0.1375158967737926
urn:mavedb:00000057-d-1#2151,,,p.[Gly11Val;Ile83Phe],0.050149962379333
urn:mavedb:00000057-d-1#2152,,,p.[Gly11Val;Ser16Leu],-0.2931661220657799
urn:mavedb:00000057-d-1#2153,,,p.[Gly11Val;Lys15Leu],-0.236775077669039
urn:mavedb:00000057-d-1#2154,,,p.[Gly11Val;Gly14Leu],-0.254076567281406
urn:mavedb:00000057-d-1#2155,,,p.[Gly11Val;Val13Leu],-0.1048296338847586
urn:mavedb:00000057-d-1#2156,,,p.[Gly11Val;Gly12Leu],-0.0573102143217561
urn:mavedb:00000057-d-1#2157,,,p.Gly11Leu,0.0
urn:mavedb:00000057-d-1#2158,,,p.[Ala10Leu;Gly11Val],-0.0878012297938313
urn:mavedb:00000057-d-1#2159,,,p.[Gly9Leu;Gly11Val],-0.1890391826283848
urn:mavedb:00000057-d-1#2160,,,p.[Val8Leu;Gly11Val],0.0437068681571313
urn:mavedb:00000057-d-1#2161,,,p.[Val7Leu;Gly11Val],0.0276617192510651
urn:mavedb:00000057-d-1#2162,,,p.[Val6Leu;Gly11Val],-0.04156899305767
urn:mavedb:00000057-d-1#2163,,,p.[Leu5=;Gly11Val],0.0
urn:mavedb:00000057-d-1#2164,,,p.[Lys4Leu;Gly11Val],-0.0703570691450427
urn:mavedb:00000057-d-1#2165,,,p.[Tyr3Leu;Gly11Val],0.0586325081251201
urn:mavedb:00000057-d-1#2166,,,p.[Glu2Leu;Gly11Val],0.0488116105937038
urn:mavedb:00000057-d-1#2167,,,p.[Thr1Leu;Gly11Val],0.0065368680007202
urn:mavedb:00000057-d-1#2168,,,p.[Gly11Val;His165Lys],0.1659810075909732
urn:mavedb:00000057-d-1#2169,,,p.[Gly11Val;Gln164Lys],-0.0555333154265284
urn:mavedb:00000057-d-1#2170,,,p.[Gly11Val;Arg163Lys],0.1069199971281074
urn:mavedb:00000057-d-1#2171,,,p.[Gly11Val;Ile162Lys],0.0268429771235861
urn:mavedb:00000057-d-1#2172,,,p.[Gly11Val;Glu161Lys],0.1276301063392309
urn:mavedb:00000057-d-1#2173,,,p.[Gly11Val;Arg160Lys],0.0347772248849013
urn:mavedb:00000057-d-1#2174,,,p.[Gly11Val;Val159Lys],-0.0889314535370615
urn:mavedb:00000057-d-1#2175,,,p.[Gly11Val;Leu158Lys],-0.2906514857361769
urn:mavedb:00000057-d-1#2176,,,p.[Gly11Val;Thr157Lys],0.2080552381072761
urn:mavedb:00000057-d-1#2177,,,p.[Gly11Val;Tyr156Lys],-0.01712800960516
urn:mavedb:00000057-d-1#2178,,,p.[Gly11Val;Phe155Lys],-0.062166409288256
urn:mavedb:00000057-d-1#2179,,,p.[Gly11Val;Ala154Lys],-0.2842603228994304
urn:mavedb:00000057-d-1#2180,,,p.[Gly11Val;Asp153Lys],-0.092704471061318
urn:mavedb:00000057-d-1#2181,,,p.[Gly11Val;Glu152Lys],-0.0172747806610643
urn:mavedb:00000057-d-1#2182,,,p.[Gly11Val;Val151Lys],-0.1864808486011576
urn:mavedb:00000057-d-1#2183,,,p.[Gly11Val;Gly150Lys],-0.0739532403533885
urn:mavedb:00000057-d-1#2184,,,p.[Gly11Val;Gln149Lys],0.0016207722801567
urn:mavedb:00000057-d-1#2185,,,p.[Gly11Val;Arg148Lys],0.0414906652708957
urn:mavedb:00000057-d-1#2186,,,p.[Gly11Val;Thr147Lys],-0.0789103919128073
urn:mavedb:00000057-d-1#2187,,,p.[Gly11Val;Lys146=],0.0
urn:mavedb:00000057-d-1#2188,,,p.[Gly11Val;Ala145Lys],-0.1817658510335848
urn:mavedb:00000057-d-1#2189,,,p.[Gly11Val;Ser144Lys],-0.0104398607944208
urn:mavedb:00000057-d-1#2190,,,p.[Gly11Val;Thr143Lys],-0.1532922546007958
urn:mavedb:00000057-d-1#2191,,,p.[Gly11Val;Glu142Lys],-0.2027538470992747
urn:mavedb:00000057-d-1#2192,,,p.[Gly11Val;Ile141Lys],-0.0113702247026454
urn:mavedb:00000057-d-1#2193,,,p.[Gly11Val;Tyr140Lys],-0.2636513229929194
urn:mavedb:00000057-d-1#2194,,,p.[Gly11Val;Pro139Lys],-0.012869744525716
urn:mavedb:00000057-d-1#2195,,,p.[Gly11Val;Ile138Lys],-0.180219581077464
urn:mavedb:00000057-d-1#2196,,,p.[Gly11Val;Gly137Lys],-0.0720542938332829
urn:mavedb:00000057-d-1#2197,,,p.[Gly11Val;Tyr136Lys],-0.0128358346834677
urn:mavedb:00000057-d-1#2198,,,p.[Gly11Val;Ser135Lys],0.0878145882867747
urn:mavedb:00000057-d-1#2199,,,p.[Gly11Val;Arg134Lys],-0.0328821255783384
urn:mavedb:00000057-d-1#2200,,,p.[Gly11Val;Ala133Lys],-0.2074902719433476
urn:mavedb:00000057-d-1#2201,,,p.[Gly11Val;Leu132Lys],-0.1267304952502886
urn:mavedb:00000057-d-1#2202,,,p.[Gly11Val;Asp131Lys],0.0258547305667596
urn:mavedb:00000057-d-1#2203,,,p.[Gly11Val;Gln130Lys],0.0131855666878938
urn:mavedb:00000057-d-1#2204,,,p.[Gly11Val;Ala129Lys],-0.1689733646280501
urn:mavedb:00000057-d-1#2205,,,p.[Gly11Val;Gln128Lys],0.0061640589008667
urn:mavedb:00000057-d-1#2206,,,p.[Gly11Val;Arg127Lys],0.02884937116359
urn:mavedb:00000057-d-1#2207,,,p.[Gly11Val;Ser126Lys],0.0680529752303452
urn:mavedb:00000057-d-1#2208,,,p.[Gly11Val;Glu125Lys],-0.1916301753343412
urn:mavedb:00000057-d-1#2209,,,p.[Gly11Val;Val124Lys],-0.0112744947551817
urn:mavedb:00000057-d-1#2210,,,p.[Gly11Val;Thr123Lys],0.0047762638515554
urn:mavedb:00000057-d-1#2211,,,p.[Gly11Val;Arg122Lys],0.0162243424754901
urn:mavedb:00000057-d-1#2212,,,p.[Gly11Val;Ala121Lys],-0.0475149331780444
urn:mavedb:00000057-d-1#2213,,,p.[Gly11Val;Ala120Lys],0.0359708313332704
urn:mavedb:00000057-d-1#2214,,,p.[Gly11Val;Leu119Lys],0.0071510701364087
urn:mavedb:00000057-d-1#2215,,,p.[Gly11Val;Asp118Lys],-0.197905456965019
urn:mavedb:00000057-d-1#2216,,,p.[Gly11Val;Cys117Lys],-0.1651466141695159
urn:mavedb:00000057-d-1#2217,,,p.[Gly11Val;Lys116=],0.0
urn:mavedb:00000057-d-1#2218,,,p.[Gly11Val;Asn115Lys],-0.1845387500386061
urn:mavedb:00000057-d-1#2219,,,p.[Gly11Val;Gly114Lys],-0.2825694113721094
urn:mavedb:00000057-d-1#2220,,,p.[Gly11Val;Val113Lys],-0.2471457033770854
urn:mavedb:00000057-d-1#2221,,,p.[Gly11Val;Leu112Lys],-0.3411489260370183
urn:mavedb:00000057-d-1#2222,,,p.[Gly11Val;Val111Lys],-0.3520587405545736
urn:mavedb:00000057-d-1#2223,,,p.[Gly11Val;Met110Lys],-0.3147413793150868
urn:mavedb:00000057-d-1#2224,,,p.[Gly11Val;Pro109Lys],-0.0663242739063457
urn:mavedb:00000057-d-1#2225,,,p.[Gly11Val;Val108Lys],-0.159738327680257
urn:mavedb:00000057-d-1#2226,,,p.[Gly11Val;Asp107Lys],-0.0279685675517692
urn:mavedb:00000057-d-1#2227,,,p.[Gly11Val;Asp106Lys],-0.0159419936667275
urn:mavedb:00000057-d-1#2228,,,p.[Gly11Val;Ser105Lys],-0.0126996651583514
urn:mavedb:00000057-d-1#2229,,,p.[Gly11Val;Asp104Lys],0.0148772573916029
urn:mavedb:00000057-d-1#2230,,,p.[Gly11Val;Lys103=],0.0
urn:mavedb:00000057-d-1#2231,,,p.[Gly11Val;Val102Lys],-0.2015792899439442
urn:mavedb:00000057-d-1#2232,,,p.[Gly11Val;Arg101Lys],0.0582027071451358
urn:mavedb:00000057-d-1#2233,,,p.[Gly11Val;Lys100=],0.0
urn:mavedb:00000057-d-1#2234,,,p.[Gly11Val;Ile99Lys],-0.4046236736990591
urn:mavedb:00000057-d-1#2235,,,p.[Gly11Val;Gln98Lys],-0.4095691874487207
urn:mavedb:00000057-d-1#2236,,,p.[Gly11Val;Glu97Lys],-0.0870882564684599
urn:mavedb:00000057-d-1#2237,,,p.[Gly11Val;Arg96Lys],0.0039296958481488
urn:mavedb:00000057-d-1#2238,,,p.[Gly11Val;Tyr95Lys],-0.1328391274085918
urn:mavedb:00000057-d-1#2239,,,p.[Gly11Val;Gln94Lys],0.1304386362658895
urn:mavedb:00000057-d-1#2240,,,p.[Gly11Val;His93Lys],0.0059060269126533
urn:mavedb:00000057-d-1#2241,,,p.[Gly11Val;Ala82Phe],-0.3255641336084546
urn:mavedb:00000057-d-1#2242,,,p.[Gly11Val;Phe81=],0.0
urn:mavedb:00000057-d-1#2243,,,p.[Gly11Val;Val80Phe],0.0176760440444081
urn:mavedb:00000057-d-1#2244,,,p.[Gly11Val;Cys79Phe],-0.0152830956711425
urn:mavedb:00000057-d-1#2245,,,p.[Gly11Val;Leu78Phe],-0.1025637978565999
urn:mavedb:00000057-d-1#2246,,,p.[Gly11Val;Phe77=],0.0
urn:mavedb:00000057-d-1#2247,,,p.[Gly11Val;Gly76Phe],0.3325521376135624
urn:mavedb:00000057-d-1#2248,,,p.[Gly11Val;Glu75Phe],-0.1738923543522603
urn:mavedb:00000057-d-1#2249,,,p.[Gly11Val;Gly74Phe],-0.0348986752807507
urn:mavedb:00000057-d-1#2250,,,p.[Gly11Val;Thr73Phe],0.0171692437182559
urn:mavedb:00000057-d-1#2251,,,p.[Gly11Val;Arg72Phe],-0.1660672793569599
urn:mavedb:00000057-d-1#2252,,,p.[Gly11Val;Met71Phe],-0.0276838474325794
urn:mavedb:00000057-d-1#2253,,,p.[Gly11Val;Tyr70Phe],-0.04222610218453
urn:mavedb:00000057-d-1#2254,,,p.[Gly11Val;Gln69Phe],-0.0424925448743996
urn:mavedb:00000057-d-1#2255,,,p.[Gly11Val;Asp68Phe],-0.1724565373324029
urn:mavedb:00000057-d-1#2256,,,p.[Gly11Val;Arg67Phe],-0.0834562578990523
urn:mavedb:00000057-d-1#2257,,,p.[Gly11Val;Met66Phe],-0.0313460540178467
urn:mavedb:00000057-d-1#2258,,,p.[Gly11Val;Ala65Phe],-0.0551232508878479
urn:mavedb:00000057-d-1#2259,,,p.[Gly11Val;Ser64Phe],-0.1465069033895948
urn:mavedb:00000057-d-1#2260,,,p.[Gly11Val;Tyr63Phe],-0.000407159247233
urn:mavedb:00000057-d-1#2261,,,p.[Gly11Val;Glu62Phe],0.0583799492560512
urn:mavedb:00000057-d-1#2262,,,p.[Gly11Val;Glu61Phe],-0.0390637335839926
urn:mavedb:00000057-d-1#2263,,,p.[Gly11Val;Gln60Phe],0.0181426992035451
urn:mavedb:00000057-d-1#2264,,,p.[Gly11Val;Gly59Phe],-0.2206084122889513
urn:mavedb:00000057-d-1#2265,,,p.[Gly11Val;Ala58Phe],-0.1730149806004853
urn:mavedb:00000057-d-1#2266,,,p.[Gly11Val;Thr57Phe],-0.1915369715415419
urn:mavedb:00000057-d-1#2267,,,p.[Gly11Val;Asp56Phe],-0.2348197234834206
urn:mavedb:00000057-d-1#2268,,,p.[Gly11Val;Leu55Phe],-0.2123745125692345
urn:mavedb:00000057-d-1#2269,,,p.[Gly11Val;Ile54Phe],-0.0083151285795921
urn:mavedb:00000057-d-1#2270,,,p.[Gly11Val;Asp53Phe],-0.1238783893472008
urn:mavedb:00000057-d-1#2271,,,p.[Gly11Val;Leu52Phe],-0.0087467765626055
urn:mavedb:00000057-d-1#2272,,,p.[Gly11Val;Leu51Phe],0.0132040857431713
urn:mavedb:00000057-d-1#2273,,,p.[Gly11Val;Cys50Phe],-0.0797275458170201
urn:mavedb:00000057-d-1#2274,,,p.[Gly11Val;Thr49Phe],0.0154388899895617
urn:mavedb:00000057-d-1#2275,,,p.[Gly11Val;Glu48Phe],-0.0715478680750507
urn:mavedb:00000057-d-1#2276,,,p.[Gly11Val;Gly47Phe],-0.1508825410691541
urn:mavedb:00000057-d-1#2277,,,p.[Gly11Val;Asp46Phe],-0.1092076666777566
urn:mavedb:00000057-d-1#2278,,,p.[Gly11Val;Ile45Phe],-0.155082662967751
urn:mavedb:00000057-d-1#2279,,,p.[Gly11Val;Val44Phe],-0.0548910856499372
urn:mavedb:00000057-d-1#2280,,,p.[Gly11Val;Val43Phe],0.0161873633831405
urn:mavedb:00000057-d-1#2281,,,p.[Gly11Val;Gln42Phe],-0.0056334373616196
urn:mavedb:00000057-d-1#2282,,,p.[Gly11Val;Lys41Phe],-0.1152748910029571
urn:mavedb:00000057-d-1#2283,,,p.[Gly11Val;Arg40Phe],-0.0982925845289357
urn:mavedb:00000057-d-1#2284,,,p.[Gly11Val;Tyr39Phe],-0.0242240351761476
urn:mavedb:00000057-d-1#2285,,,p.[Gly11Val;Ser38Phe],-0.0143300219853809
urn:mavedb:00000057-d-1#2286,,,p.[Gly11Val;Asp37Phe],-0.2827808039534648
urn:mavedb:00000057-d-1#2287,,,p.[Gly11Val;Glu36Phe],-0.0644729907474868
urn:mavedb:00000057-d-1#2288,,,p.[Gly11Val;Ile35Phe],-0.1146831447066372
urn:mavedb:00000057-d-1#2289,,,p.[Gly11Val;Thr34Phe],-0.1833520518571564
urn:mavedb:00000057-d-1#2290,,,p.[Gly11Val;Pro33Phe],-0.0835625553645779
urn:mavedb:00000057-d-1#2291,,,p.[Gly11Val;Asp32Phe],-0.0224731836176547
urn:mavedb:00000057-d-1#2292,,,p.[Gly11Val;Tyr31Phe],-0.1552334289427145
urn:mavedb:00000057-d-1#2293,,,p.[Gly11Val;Glu30Phe],-0.0989348781269596
urn:mavedb:00000057-d-1#2294,,,p.[Gly11Val;Asp29Phe],-0.0003699726409115
urn:mavedb:00000057-d-1#2295,,,p.[Gly11Val;Val28Phe],0.0970847044436427
urn:mavedb:00000057-d-1#2296,,,p.[Gly11Val;Phe27=],0.0
urn:mavedb:00000057-d-1#2297,,,p.[Gly11Val;His26Phe],0.1648809003913823
urn:mavedb:00000057-d-1#2298,,,p.[Gly11Val;Asn25Phe],-0.0799318886059939
urn:mavedb:00000057-d-1#2299,,,p.[Gly11Val;Gln24Phe],-0.1432996228363201
urn:mavedb:00000057-d-1#2300,,,p.[Gly11Val;Ile23Phe],0.0541199885151256
urn:mavedb:00000057-d-1#2301,,,p.[Gly11Val;Leu22Phe],0.0465020079618036
urn:mavedb:00000057-d-1#2302,,,p.[Gly11Val;Gln21Phe],-0.1348077810075481
urn:mavedb:00000057-d-1#2303,,,p.[Gly11Val;Ile20Phe],-0.1181541807033814
urn:mavedb:00000057-d-1#2304,,,p.[Gly11Val;Thr19Phe],-0.1987941244236986
urn:mavedb:00000057-d-1#2305,,,p.[Gly11Val;Leu18Phe],-0.0462875339385603
urn:mavedb:00000057-d-1#2306,,,p.[Gly11Val;Ala17Phe],-0.3089168572703904
urn:mavedb:00000057-d-1#2307,,,p.[Gly11Val;Ser16Phe],-0.2498682284887892
urn:mavedb:00000057-d-1#2308,,,p.[Gly11Val;Lys15Phe],-0.1551474164231885
urn:mavedb:00000057-d-1#2309,,,p.[Gly11Val;Gly14Phe],-0.2221984243238073
urn:mavedb:00000057-d-1#2310,,,p.[Gly11Val;Val13Phe],-0.2123746096739821
urn:mavedb:00000057-d-1#2311,,,p.[Gly11Val;Gly12Phe],-0.2044349261564637
urn:mavedb:00000057-d-1#2312,,,p.Gly11Phe,0.0
urn:mavedb:00000057-d-1#2313,,,p.[Ala10Phe;Gly11Val],-0.101990872094343
urn:mavedb:00000057-d-1#2314,,,p.[Gly9Phe;Gly11Val],-0.225578612818178
urn:mavedb:00000057-d-1#2315,,,p.[Val8Phe;Gly11Val],0.1709051915042863
urn:mavedb:00000057-d-1#2316,,,p.[Val7Phe;Gly11Val],-0.1211379111997051
urn:mavedb:00000057-d-1#2317,,,p.[Val6Phe;Gly11Val],-0.1093846786837643
urn:mavedb:00000057-d-1#2318,,,p.[Leu5Phe;Gly11Val],-0.001420278903894
urn:mavedb:00000057-d-1#2319,,,p.[Lys4Phe;Gly11Val],-0.1373437292057754
urn:mavedb:00000057-d-1#2320,,,p.[Tyr3Phe;Gly11Val],-0.0240443531779234
urn:mavedb:00000057-d-1#2321,,,p.[Gly11Val;Arg148Glu],-0.0248478267117568
urn:mavedb:00000057-d-1#2322,,,p.[Gly11Val;Thr147Glu],-0.0294370048973677
urn:mavedb:00000057-d-1#2323,,,p.[Gly11Val;Lys146Glu],0.0358619407134832
urn:mavedb:00000057-d-1#2324,,,p.[Gly11Val;Ala145Glu],-0.131515355118559
urn:mavedb:00000057-d-1#2325,,,p.[Gly11Val;Ser144Glu],0.0420924920187253
urn:mavedb:00000057-d-1#2326,,,p.[Gly11Val;Thr143Glu],-0.1852669701647885
urn:mavedb:00000057-d-1#2327,,,p.[Gly11Val;Glu142=],0.0
urn:mavedb:00000057-d-1#2328,,,p.[Gly11Val;Ile141Glu],-0.2046848451719182
urn:mavedb:00000057-d-1#2329,,,p.[Gly11Val;Tyr140Glu],-0.1989795405648148
urn:mavedb:00000057-d-1#2330,,,p.[Gly11Val;Pro139Glu],-0.0427496851167026
urn:mavedb:00000057-d-1#2331,,,p.[Gly11Val;Ile138Glu],-0.2241059896593855
urn:mavedb:00000057-d-1#2332,,,p.[Gly11Val;Gly137Glu],-0.1378857886905164
urn:mavedb:00000057-d-1#2333,,,p.[Gly11Val;Tyr136Glu],-0.1841487977490691
urn:mavedb:00000057-d-1#2334,,,p.[Gly11Val;Ser135Glu],0.0664590885492247
urn:mavedb:00000057-d-1#2335,,,p.[Gly11Val;Arg134Glu],0.0367737831739874
urn:mavedb:00000057-d-1#2336,,,p.[Gly11Val;Ala133Glu],-0.1856821253415055
urn:mavedb:00000057-d-1#2337,,,p.[Gly11Val;Leu132Glu],-0.0706072625837038
urn:mavedb:00000057-d-1#2338,,,p.[Gly11Val;Asp131Glu],-0.0313813521800217
urn:mavedb:00000057-d-1#2339,,,p.[Gly11Val;Gln130Glu],0.0257170434995339
urn:mavedb:00000057-d-1#2340,,,p.[Gly11Val;Ala129Glu],-0.2178748357791212
urn:mavedb:00000057-d-1#2341,,,p.[Gly11Val;Gln128Glu],0.0107097963241158
urn:mavedb:00000057-d-1#2342,,,p.[Gly11Val;Arg127Glu],0.0375572340613955
urn:mavedb:00000057-d-1#2343,,,p.[Gly11Val;Ser126Glu],-0.0174918889594915
urn:mavedb:00000057-d-1#2344,,,p.[Gly11Val;Glu125=],0.0
urn:mavedb:00000057-d-1#2345,,,p.[Gly11Val;Val124Glu],-0.0709092177827084
urn:mavedb:00000057-d-1#2346,,,p.[Gly11Val;Thr123Glu],-0.011713598600193
urn:mavedb:00000057-d-1#2347,,,p.[Gly11Val;Arg122Glu],-0.0963122720480842
urn:mavedb:00000057-d-1#2348,,,p.[Gly11Val;Ala121Glu],0.0753987024851538
urn:mavedb:00000057-d-1#2349,,,p.[Gly11Val;Ala120Glu],-0.0531902698480347
urn:mavedb:00000057-d-1#2350,,,p.[Gly11Val;Leu119Glu],0.1715615863229346
urn:mavedb:00000057-d-1#2351,,,p.[Gly11Val;Asp118Glu],0.0056696942124777
urn:mavedb:00000057-d-1#2352,,,p.[Gly11Val;Cys117Glu],0.0377472394870914
urn:mavedb:00000057-d-1#2353,,,p.[Gly11Val;Lys116Glu],-0.0811216616986881
urn:mavedb:00000057-d-1#2354,,,p.[Gly11Val;Asn115Glu],-0.188987954196476
urn:mavedb:00000057-d-1#2355,,,p.[Gly11Val;Gly114Glu],-0.2771576920889183
urn:mavedb:00000057-d-1#2356,,,p.[Gly11Val;Val113Glu],-0.3470933768610271
urn:mavedb:00000057-d-1#2357,,,p.[Gly11Val;Leu112Glu],-0.1533327915724021
urn:mavedb:00000057-d-1#2358,,,p.[Gly11Val;Val111Glu],-0.2125001708298768
urn:mavedb:00000057-d-1#2359,,,p.[Gly11Val;Met110Glu],-0.2479066583908608
urn:mavedb:00000057-d-1#2360,,,p.[Gly11Val;Pro109Glu],-0.1809259796507381
urn:mavedb:00000057-d-1#2361,,,p.[Gly11Val;Val108Glu],-0.1658850333907477
urn:mavedb:00000057-d-1#2362,,,p.[Gly11Val;Asp107Glu],-0.0759672944147601
urn:mavedb:00000057-d-1#2363,,,p.[Gly11Val;Asp106Glu],-0.0084898354271328
urn:mavedb:00000057-d-1#2364,,,p.[Gly11Val;Ser105Glu],-0.0932520752726092
urn:mavedb:00000057-d-1#2365,,,p.[Gly11Val;Asp104Glu],-0.1480068293058631
urn:mavedb:00000057-d-1#2366,,,p.[Gly11Val;Lys103Glu],-0.0773128720360145
urn:mavedb:00000057-d-1#2367,,,p.[Gly11Val;Val102Glu],-0.0568345253752833
urn:mavedb:00000057-d-1#2368,,,p.[Gly11Val;Arg101Glu],-0.1007468965608878
urn:mavedb:00000057-d-1#2369,,,p.[Gly11Val;Lys100Glu],-0.1439073889625373
urn:mavedb:00000057-d-1#2370,,,p.[Gly11Val;Ile99Glu],-0.2021510456896244
urn:mavedb:00000057-d-1#2371,,,p.[Gly11Val;Gln98Glu],0.0556879257291004
urn:mavedb:00000057-d-1#2372,,,p.[Gly11Val;Glu97=],0.0
urn:mavedb:00000057-d-1#2373,,,p.[Gly11Val;Arg96Glu],-0.1965955848912433
urn:mavedb:00000057-d-1#2374,,,p.[Gly11Val;Tyr95Glu],-0.2399321315825118
urn:mavedb:00000057-d-1#2375,,,p.[Gly11Val;Gln94Glu],-0.055471247175322
urn:mavedb:00000057-d-1#2376,,,p.[Gly11Val;His93Glu],-0.0538493182595719
urn:mavedb:00000057-d-1#2377,,,p.[Gly11Val;Ile92Glu],-0.2189779596251895
urn:mavedb:00000057-d-1#2378,,,p.[Gly11Val;Asp91Glu],-0.0030988113174484
urn:mavedb:00000057-d-1#2379,,,p.[Gly11Val;Glu90=],0.0
urn:mavedb:00000057-d-1#2380,,,p.[Gly11Val;Phe89Glu],-0.1416569333076453
urn:mavedb:00000057-d-1#2381,,,p.[Gly11Val;Ser88Glu],-0.1315297637560625
urn:mavedb:00000057-d-1#2382,,,p.[Gly11Val;Lys87Glu],0.0428855674993056
urn:mavedb:00000057-d-1#2383,,,p.[Gly11Val;Thr86Glu],0.0660086773540591
urn:mavedb:00000057-d-1#2384,,,p.[Gly11Val;Asn85Glu],0.0450174782526011
urn:mavedb:00000057-d-1#2385,,,p.[Gly11Val;Asn84Glu],0.0558999070273832
urn:mavedb:00000057-d-1#2386,,,p.[Gly11Val;Ile83Glu],-0.0268138027967025
urn:mavedb:00000057-d-1#2387,,,p.[Gly11Val;Ala82Glu],0.0824957737874051
urn:mavedb:00000057-d-1#2388,,,p.[Gly11Val;Phe81Glu],-0.2551141833269468
urn:mavedb:00000057-d-1#2389,,,p.[Gly11Val;Val80Glu],-0.2678112231915387
urn:mavedb:00000057-d-1#2390,,,p.[Gly11Val;Cys79Glu],-0.1826401246292177
urn:mavedb:00000057-d-1#2391,,,p.[Gly11Val;Leu78Glu],-0.1678475508308195
urn:mavedb:00000057-d-1#2392,,,p.[Gly11Val;Phe77Glu],-0.1721888777549881
urn:mavedb:00000057-d-1#2393,,,p.[Gly11Val;Gly76Glu],-0.2732998252618208
urn:mavedb:00000057-d-1#2394,,,p.[Gly11Val;Glu75=],0.0
urn:mavedb:00000057-d-1#2395,,,p.[Gly11Val;Gly74Glu],-0.1365775158205591
urn:mavedb:00000057-d-1#2396,,,p.[Gly11Val;Thr73Glu],0.1762461440803545
urn:mavedb:00000057-d-1#2397,,,p.[Gly11Val;Arg72Glu],-0.0165278446539613
urn:mavedb:00000057-d-1#2398,,,p.[Gly11Val;Met71Glu],-0.1493059981442919
urn:mavedb:00000057-d-1#2399,,,p.[Gly11Val;Tyr70Glu],0.0351751392966179
urn:mavedb:00000057-d-1#2400,,,p.[Gly11Val;Gln69Glu],0.0566480250371584
urn:mavedb:00000057-d-1#2401,,,p.[Gly11Val;Asp68Glu],0.0445822235429863
urn:mavedb:00000057-d-1#2402,,,p.[Gly11Val;Arg67Glu],0.0346151543116843
urn:mavedb:00000057-d-1#2403,,,p.[Gly11Val;Met66Glu],-0.0052215884278103
urn:mavedb:00000057-d-1#2404,,,p.[Gly11Val;Ala65Glu],-0.0696503263198532
urn:mavedb:00000057-d-1#2405,,,p.[Gly11Val;Ser64Glu],0.0027855924297573
urn:mavedb:00000057-d-1#2406,,,p.[Gly11Val;Tyr63Glu],-0.0098734449132744
urn:mavedb:00000057-d-1#2407,,,p.[Gly11Val;Glu62=],0.0
urn:mavedb:00000057-d-1#2408,,,p.[Gly11Val;Glu61=],0.0
urn:mavedb:00000057-d-1#2409,,,p.[Gly11Val;Gln60Glu],0.0549204073363068
urn:mavedb:00000057-d-1#2410,,,p.[Gly11Val;Gly59Glu],-0.217718711981569
urn:mavedb:00000057-d-1#2411,,,p.[Gly11Val;Ala58Glu],-0.180304751970476
urn:mavedb:00000057-d-1#2412,,,p.[Gly11Val;Thr57Glu],-0.1906596161070456
urn:mavedb:00000057-d-1#2413,,,p.[Gly11Val;Asp56Glu],-0.2217702675848331
urn:mavedb:00000057-d-1#2414,,,p.[Gly11Val;Leu55Glu],0.1879474485056599
urn:mavedb:00000057-d-1#2415,,,p.[Gly11Val;Ile54Glu],-0.1543199132570812
urn:mavedb:00000057-d-1#2416,,,p.[Gly11Val;Asp53Glu],-0.0284108863893468
urn:mavedb:00000057-d-1#2417,,,p.[Gly11Val;Leu52Glu],-0.2890138143402242
urn:mavedb:00000057-d-1#2418,,,p.[Gly11Val;Leu51Glu],0.1967449180604349
urn:mavedb:00000057-d-1#2419,,,p.[Gly11Val;Cys50Glu],-0.0820621430048088
urn:mavedb:00000057-d-1#2420,,,p.[Gly11Val;Thr49Glu],-0.0556322493122247
urn:mavedb:00000057-d-1#2421,,,p.[Gly11Val;Glu48=],0.0
urn:mavedb:00000057-d-1#2422,,,p.[Gly11Val;Gly47Glu],0.0350167734968179
urn:mavedb:00000057-d-1#2423,,,p.[Gly11Val;Asp46Glu],0.2137822314369252
urn:mavedb:00000057-d-1#2424,,,p.[Gly11Val;Ile45Glu],-0.0234059683362185
urn:mavedb:00000057-d-1#2425,,,p.[Gly11Val;Val44Glu],0.0354196405062631
urn:mavedb:00000057-d-1#2426,,,p.[Gly11Val;Val43Glu],0.1027119476030585
urn:mavedb:00000057-d-1#2427,,,p.[Gly11Val;Gln42Glu],0.1223018575977675
urn:mavedb:00000057-d-1#2428,,,p.[Gly11Val;Lys41Glu],0.0889983205594959
urn:mavedb:00000057-d-1#2429,,,p.[Gly11Val;Arg40Glu],-0.1286577559898449
urn:mavedb:00000057-d-1#2430,,,p.[Gly11Val;Tyr39Glu],-0.1600653107203778
urn:mavedb:00000057-d-1#2431,,,p.[Gly11Val;Ser38Glu],-0.1486606134632701
urn:mavedb:00000057-d-1#2432,,,p.[Gly11Val;Asp37Glu],-0.0693496563156475
urn:mavedb:00000057-d-1#2433,,,p.[Gly11Val;Glu36=],0.0
urn:mavedb:00000057-d-1#2434,,,p.[Gly11Val;Ile35Glu],-0.1967675331094952
urn:mavedb:00000057-d-1#2435,,,p.[Gly11Val;Thr34Glu],-0.1239266232580865
urn:mavedb:00000057-d-1#2436,,,p.[Gly11Val;Pro33Glu],-0.0835327525972529
urn:mavedb:00000057-d-1#2437,,,p.[Gly11Val;Asp32Glu],0.0729926356363427
urn:mavedb:00000057-d-1#2438,,,p.[Gly11Val;Tyr31Glu],-0.2230684274603407
urn:mavedb:00000057-d-1#2439,,,p.[Gly11Val;Glu30=],0.0
urn:mavedb:00000057-d-1#2440,,,p.[Gly11Val;Asp29Glu],0.0185732960275363
urn:mavedb:00000057-d-1#2441,,,p.[Gly11Val;Val28Glu],0.1615504468185968
urn:mavedb:00000057-d-1#2442,,,p.[Gly11Val;Phe27Glu],-0.1059400656957562
urn:mavedb:00000057-d-1#2443,,,p.[Gly11Val;His26Glu],0.1613680225010109
urn:mavedb:00000057-d-1#2444,,,p.[Gly11Val;Asn25Glu],0.0441573993175439
urn:mavedb:00000057-d-1#2445,,,p.[Gly11Val;Gln24Glu],-0.1304866973365759
urn:mavedb:00000057-d-1#2446,,,p.[Gly11Val;Ile23Glu],0.0019865949589931
urn:mavedb:00000057-d-1#2447,,,p.[Gly11Val;Leu22Glu],0.221478813542979
urn:mavedb:00000057-d-1#2448,,,p.[Gly11Val;Gln21Glu],0.0097455563025617
urn:mavedb:00000057-d-1#2449,,,p.[Gly11Val;Ile20Glu],-0.1429901911423068
urn:mavedb:00000057-d-1#2450,,,p.[Gly11Val;Thr19Glu],-0.1200253452854164
urn:mavedb:00000057-d-1#2451,,,p.[Gly11Val;Leu18Glu],-0.0748636343252343
urn:mavedb:00000057-d-1#2452,,,p.[Gly11Val;Ala17Glu],-0.207644064120185
urn:mavedb:00000057-d-1#2453,,,p.[Gly11Val;Ser16Glu],-0.2525492396281893
urn:mavedb:00000057-d-1#2454,,,p.[Gly11Val;Lys15Glu],-0.3769279820750892
urn:mavedb:00000057-d-1#2455,,,p.[Gly11Val;Gly14Glu],-0.2603542300771959
urn:mavedb:00000057-d-1#2456,,,p.[Gly11Val;Val13Glu],-0.0700014049262096
urn:mavedb:00000057-d-1#2457,,,p.[Gly11Val;Lys41Ile],-0.011254346237039
urn:mavedb:00000057-d-1#2458,,,p.[Gly11Val;Arg40Ile],-0.010836601429603
urn:mavedb:00000057-d-1#2459,,,p.[Gly11Val;Tyr39Ile],-0.1735086282314636
urn:mavedb:00000057-d-1#2460,,,p.[Gly11Val;Ser38Ile],0.0608469593380548
urn:mavedb:00000057-d-1#2461,,,p.[Gly11Val;Asp37Ile],-0.2183534589833134
urn:mavedb:00000057-d-1#2462,,,p.[Gly11Val;Glu36Ile],-0.1004328154305399
urn:mavedb:00000057-d-1#2463,,,p.[Gly11Val;Ile35=],0.0
urn:mavedb:00000057-d-1#2464,,,p.[Gly11Val;Thr34Ile],-0.1857278874137228
urn:mavedb:00000057-d-1#2465,,,p.[Gly11Val;Pro33Ile],-0.0786635676736642
urn:mavedb:00000057-d-1#2466,,,p.[Gly11Val;Asp32Ile],-0.1587051254080206
urn:mavedb:00000057-d-1#2467,,,p.[Gly11Val;Tyr31Ile],-0.1743682984424961
urn:mavedb:00000057-d-1#2468,,,p.[Gly11Val;Glu30Ile],0.0036673830422272
urn:mavedb:00000057-d-1#2469,,,p.[Gly11Val;Asp29Ile],-0.034498278813994
urn:mavedb:00000057-d-1#2470,,,p.[Gly11Val;Val28Ile],-0.0357606417601297
urn:mavedb:00000057-d-1#2471,,,p.[Gly11Val;Phe27Ile],-0.1666511307540638
urn:mavedb:00000057-d-1#2472,,,p.[Gly11Val;His26Ile],0.092321139755346
urn:mavedb:00000057-d-1#2473,,,p.[Gly11Val;Asn25Ile],-0.1474567963817594
urn:mavedb:00000057-d-1#2474,,,p.[Gly11Val;Gln24Ile],-0.0888202874862596
urn:mavedb:00000057-d-1#2475,,,p.[Gly11Val;Ile23=],0.0
urn:mavedb:00000057-d-1#2476,,,p.[Gly11Val;Leu22Ile],-0.0292714214841797
urn:mavedb:00000057-d-1#2477,,,p.[Gly11Val;Gln21Ile],-0.1550951972447288
urn:mavedb:00000057-d-1#2478,,,p.[Gly11Val;Ile20=],0.0
urn:mavedb:00000057-d-1#2479,,,p.[Gly11Val;Thr19Ile],0.0186766501192954
urn:mavedb:00000057-d-1#2480,,,p.[Gly11Val;Leu18Ile],-0.0065494955048579
urn:mavedb:00000057-d-1#2481,,,p.[Gly11Val;Ala17Ile],-0.3323107776332943
urn:mavedb:00000057-d-1#2482,,,p.[Gly11Val;Ser16Ile],-0.225220715804249
urn:mavedb:00000057-d-1#2483,,,p.[Gly11Val;Lys15Ile],-0.2137938087548632
urn:mavedb:00000057-d-1#2484,,,p.[Gly11Val;Gly14Ile],-0.2257262904972
urn:mavedb:00000057-d-1#2485,,,p.[Gly11Val;Val13Ile],-0.0251025921037936
urn:mavedb:00000057-d-1#2486,,,p.[Gly11Val;Gly12Ile],-0.1228391545080548
urn:mavedb:00000057-d-1#2487,,,p.Gly11Ile,0.0
urn:mavedb:00000057-d-1#2488,,,p.[Ala10Ile;Gly11Val],-0.113033190278125
urn:mavedb:00000057-d-1#2489,,,p.[Gly9Ile;Gly11Val],-0.1553438276644655
urn:mavedb:00000057-d-1#2490,,,p.[Val8Ile;Gly11Val],-0.0680221903811663
urn:mavedb:00000057-d-1#2491,,,p.[Val7Ile;Gly11Val],0.0356841225439086
urn:mavedb:00000057-d-1#2492,,,p.[Val6Ile;Gly11Val],0.050314166032044
urn:mavedb:00000057-d-1#2493,,,p.[Leu5Ile;Gly11Val],0.0167170133941024
urn:mavedb:00000057-d-1#2494,,,p.[Lys4Ile;Gly11Val],-0.1723012358996204
urn:mavedb:00000057-d-1#2495,,,p.[Tyr3Ile;Gly11Val],0.0483906856277656
urn:mavedb:00000057-d-1#2496,,,p.[Glu2Ile;Gly11Val],-0.0996673230300361
urn:mavedb:00000057-d-1#2497,,,p.[Thr1Ile;Gly11Val],-0.0051264993878629
urn:mavedb:00000057-d-1#2498,,,p.[Gly11Val;His165=],0.0
urn:mavedb:00000057-d-1#2499,,,p.[Gly11Val;Gln164His],-0.0691068955742762
urn:mavedb:00000057-d-1#2500,,,p.[Gly11Val;Arg163His],0.1643562139853562
urn:mavedb:00000057-d-1#2501,,,p.[Gly11Val;Ile162His],-0.2468970721661289
urn:mavedb:00000057-d-1#2502,,,p.[Gly11Val;Glu161His],0.0469399972600371
urn:mavedb:00000057-d-1#2503,,,p.[Gly11Val;Arg160His],-0.170599285306304
urn:mavedb:00000057-d-1#2504,,,p.[Gly11Val;Val159His],-0.1476527777072079
urn:mavedb:00000057-d-1#2505,,,p.[Gly11Val;Leu158His],-0.296557269339518
urn:mavedb:00000057-d-1#2506,,,p.[Gly11Val;Thr157His],0.0442543790619104
urn:mavedb:00000057-d-1#2507,,,p.[Gly11Val;Tyr156His],-0.0458332207671763
urn:mavedb:00000057-d-1#2508,,,p.[Gly11Val;Phe155His],-0.2425813053797184
urn:mavedb:00000057-d-1#2509,,,p.[Gly11Val;Ala154His],-0.2434159556238777
urn:mavedb:00000057-d-1#2510,,,p.[Gly11Val;Asp153His],0.0883169090200633
urn:mavedb:00000057-d-1#2511,,,p.[Gly11Val;Glu152His],-0.0680367981019551
urn:mavedb:00000057-d-1#2512,,,p.[Gly11Val;Val151His],-0.0320150626974618
urn:mavedb:00000057-d-1#2513,,,p.[Gly11Val;Gly150His],-0.0968801614949127
urn:mavedb:00000057-d-1#2514,,,p.[Gly11Val;Gln149His],-0.0192398408799396
urn:mavedb:00000057-d-1#2515,,,p.[Gly11Val;Arg148His],0.047977087891857
urn:mavedb:00000057-d-1#2516,,,p.[Gly11Val;Thr147His],-0.0759413451196561
urn:mavedb:00000057-d-1#2517,,,p.[Gly11Val;Lys146His],-0.0320449700535038
urn:mavedb:00000057-d-1#2518,,,p.[Gly11Val;Ala145His],-0.2768141152836105
urn:mavedb:00000057-d-1#2519,,,p.[Gly11Val;Ser144His],-0.0906067440957973
urn:mavedb:00000057-d-1#2520,,,p.[Gly11Val;Thr143His],-0.134219709661146
urn:mavedb:00000057-d-1#2521,,,p.[Gly11Val;Glu142His],-0.1524974345205502
urn:mavedb:00000057-d-1#2522,,,p.[Gly11Val;Ile141His],-0.1624439245378043
urn:mavedb:00000057-d-1#2523,,,p.[Gly11Val;Tyr140His],-0.044956180207943
urn:mavedb:00000057-d-1#2524,,,p.[Gly11Val;Pro139His],0.0373185536631431
urn:mavedb:00000057-d-1#2525,,,p.[Gly11Val;Ile138His],-0.2112302632088718
urn:mavedb:00000057-d-1#2526,,,p.[Gly11Val;Gly137His],-0.1921616474216622
urn:mavedb:00000057-d-1#2527,,,p.[Gly11Val;Tyr136His],-0.1131715243630411
urn:mavedb:00000057-d-1#2528,,,p.[Gly11Val;Ser135His],-0.0094848141514089
urn:mavedb:00000057-d-1#2529,,,p.[Gly11Val;Arg134His],-0.0516974527771128
urn:mavedb:00000057-d-1#2530,,,p.[Gly11Val;Ala133His],-0.1939005907032894
urn:mavedb:00000057-d-1#2531,,,p.[Gly11Val;Leu132His],-0.1632120269711452
urn:mavedb:00000057-d-1#2532,,,p.[Gly11Val;Asp131His],-0.0655105240510692
urn:mavedb:00000057-d-1#2533,,,p.[Gly11Val;Gln130His],-0.0558465325258374
urn:mavedb:00000057-d-1#2534,,,p.[Gly11Val;Ala129His],-0.1188236642103649
urn:mavedb:00000057-d-1#2535,,,p.[Gly11Val;Gln128His],-0.0789312478698467
urn:mavedb:00000057-d-1#2536,,,p.[Gly11Val;Arg127His],0.0418056623264886
urn:mavedb:00000057-d-1#2537,,,p.[Gly11Val;Ser126His],0.0637617161337855
urn:mavedb:00000057-d-1#2538,,,p.[Gly11Val;Glu125His],0.0102222426313355
urn:mavedb:00000057-d-1#2539,,,p.[Gly11Val;Val124His],-0.0826587098152422
urn:mavedb:00000057-d-1#2540,,,p.[Gly11Val;Thr123His],-0.0459141642915846
urn:mavedb:00000057-d-1#2541,,,p.[Gly11Val;Arg122His],-0.0477437177600949
urn:mavedb:00000057-d-1#2542,,,p.[Gly11Val;Ala121His],-0.0085633729938466
urn:mavedb:00000057-d-1#2543,,,p.[Gly11Val;Ala120His],0.0091649898550532
urn:mavedb:00000057-d-1#2544,,,p.[Gly11Val;Leu119His],0.064195588834838
urn:mavedb:00000057-d-1#2545,,,p.[Gly11Val;Asp118His],-0.2292321887321668
urn:mavedb:00000057-d-1#2546,,,p.[Gly11Val;Cys117His],0.0029238878710495
urn:mavedb:00000057-d-1#2547,,,p.[Gly11Val;Lys116His],0.0182094387424389
urn:mavedb:00000057-d-1#2548,,,p.[Gly11Val;Asn115His],0.0610413675387654
urn:mavedb:00000057-d-1#2549,,,p.[Gly11Val;Gly114His],-0.216161935687725
urn:mavedb:00000057-d-1#2550,,,p.[Gly11Val;Val113His],-0.2847713199096546
urn:mavedb:00000057-d-1#2551,,,p.[Gly11Val;Leu112His],-0.2478966331135617
urn:mavedb:00000057-d-1#2552,,,p.[Gly11Val;Val111His],-0.2487721291713957
urn:mavedb:00000057-d-1#2553,,,p.[Gly11Val;Met110His],-0.3038458803769801
urn:mavedb:00000057-d-1#2554,,,p.[Gly11Val;Pro109His],-0.0743091603416763
urn:mavedb:00000057-d-1#2555,,,p.[Gly11Val;Val108His],-0.1982081662056651
urn:mavedb:00000057-d-1#2556,,,p.[Gly11Val;Asp107His],0.0056379168634553
urn:mavedb:00000057-d-1#2557,,,p.[Gly11Val;Asp106His],-0.0421760638706545
urn:mavedb:00000057-d-1#2558,,,p.[Gly11Val;Ser105His],0.0091625866525968
urn:mavedb:00000057-d-1#2559,,,p.[Gly11Val;Asp104His],-0.0782027241927194
urn:mavedb:00000057-d-1#2560,,,p.[Gly11Val;Lys103His],-0.0135558469604406
urn:mavedb:00000057-d-1#2561,,,p.[Gly11Val;Val102His],0.0105256464513085
urn:mavedb:00000057-d-1#2562,,,p.[Gly11Val;Arg101His],-0.0952526659762557
urn:mavedb:00000057-d-1#2563,,,p.[Gly11Val;Lys100His],-0.0692359425947762
urn:mavedb:00000057-d-1#2564,,,p.[Gly11Val;Leu78His],-0.2254095654243346
urn:mavedb:00000057-d-1#2565,,,p.[Gly11Val;Phe77His],-0.1688819783062061
urn:mavedb:00000057-d-1#2566,,,p.[Gly11Val;Gly76His],-0.2562094776877131
urn:mavedb:00000057-d-1#2567,,,p.[Gly11Val;Glu75His],0.0394136749858388
urn:mavedb:00000057-d-1#2568,,,p.[Gly11Val;Gly74His],-0.115886535100066
urn:mavedb:00000057-d-1#2569,,,p.[Gly11Val;Thr73His],-0.006146065005657
urn:mavedb:00000057-d-1#2570,,,p.[Gly11Val;Arg72His],-0.0940938738483318
urn:mavedb:00000057-d-1#2571,,,p.[Gly11Val;Met71His],-0.0008322199638037
urn:mavedb:00000057-d-1#2572,,,p.[Gly11Val;Tyr70His],0.0234847092514461
urn:mavedb:00000057-d-1#2573,,,p.[Gly11Val;Gln69His],-0.0607393253689832
urn:mavedb:00000057-d-1#2574,,,p.[Gly11Val;Asp68His],-0.1264908083971758
urn:mavedb:00000057-d-1#2575,,,p.[Gly11Val;Arg67His],-0.0776800332346535
urn:mavedb:00000057-d-1#2576,,,p.[Gly11Val;Met66His],-0.0340207672003936
urn:mavedb:00000057-d-1#2577,,,p.[Gly11Val;Ala65His],-0.0409687178840989
urn:mavedb:00000057-d-1#2578,,,p.[Gly11Val;Ser64His],0.0092916548484379
urn:mavedb:00000057-d-1#2579,,,p.[Gly11Val;Tyr63His],-0.0039125679955595
urn:mavedb:00000057-d-1#2580,,,p.[Gly11Val;Glu62His],0.0613670239587125
urn:mavedb:00000057-d-1#2581,,,p.[Gly11Val;Glu61His],0.0583829149614513
urn:mavedb:00000057-d-1#2582,,,p.[Gly11Val;Gln60His],-0.0040079064615056
urn:mavedb:00000057-d-1#2583,,,p.[Gly11Val;Gly59His],-0.2587467792095977
urn:mavedb:00000057-d-1#2584,,,p.[Gly11Val;Ala58His],-0.1309492332028096
urn:mavedb:00000057-d-1#2585,,,p.[Gly11Val;Thr57His],-0.1725180839852743
urn:mavedb:00000057-d-1#2586,,,p.[Gly11Val;Asp56His],-0.2926940027288888
urn:mavedb:00000057-d-1#2587,,,p.[Gly11Val;Leu55His],-0.0888907461636299
urn:mavedb:00000057-d-1#2588,,,p.[Gly11Val;Ile54His],-0.1551127051676969
urn:mavedb:00000057-d-1#2589,,,p.[Gly11Val;Asp53His],0.0912029887675711
urn:mavedb:00000057-d-1#2590,,,p.[Gly11Val;Leu52His],-0.0741212268286511
urn:mavedb:00000057-d-1#2591,,,p.[Gly11Val;Leu51His],0.0370237220038159
urn:mavedb:00000057-d-1#2592,,,p.[Gly11Val;Cys50His],0.0133628290430996
urn:mavedb:00000057-d-1#2593,,,p.[Gly11Val;Thr49His],-0.0108803472250657
urn:mavedb:00000057-d-1#2594,,,p.[Gly11Val;Glu48His],0.0370453675725279
urn:mavedb:00000057-d-1#2595,,,p.[Gly11Val;Gly47His],-0.0576974093483178
urn:mavedb:00000057-d-1#2596,,,p.[Gly11Val;Asp46His],-0.0107879650842053
urn:mavedb:00000057-d-1#2597,,,p.[Gly11Val;Ile45His],0.0210449739576056
urn:mavedb:00000057-d-1#2598,,,p.[Gly11Val;Val44His],0.0356742429597368
urn:mavedb:00000057-d-1#2599,,,p.[Gly11Val;Val43His],0.0114763724460065
urn:mavedb:00000057-d-1#2600,,,p.[Gly11Val;Gln42His],0.0634608462188103
urn:mavedb:00000057-d-1#2601,,,p.[Gly11Val;Lys41His],0.0581686023598178
urn:mavedb:00000057-d-1#2602,,,p.[Gly11Val;Arg40His],-0.0709769754299969
urn:mavedb:00000057-d-1#2603,,,p.[Gly11Val;Tyr39His],-0.0667990925491441
urn:mavedb:00000057-d-1#2604,,,p.[Gly11Val;Ser38His],-0.021544025817199
urn:mavedb:00000057-d-1#2605,,,p.[Gly11Val;Asp37His],-0.1498088760631284
urn:mavedb:00000057-d-1#2606,,,p.[Gly11Val;Glu36His],-0.025013799234607
urn:mavedb:00000057-d-1#2607,,,p.[Gly11Val;Ile35His],-0.1256690696307044
urn:mavedb:00000057-d-1#2608,,,p.[Gly11Val;Thr34His],-0.2287802246691358
urn:mavedb:00000057-d-1#2609,,,p.[Gly11Val;Pro33His],-0.0649574221843104
urn:mavedb:00000057-d-1#2610,,,p.[Gly11Val;Asp32His],-0.0842902310977802
urn:mavedb:00000057-d-1#2611,,,p.[Gly11Val;Tyr31His],-0.0689651347221198
urn:mavedb:00000057-d-1#2612,,,p.[Gly11Val;Glu30His],-0.0242314055540688
urn:mavedb:00000057-d-1#2613,,,p.[Gly11Val;Asp29His],-0.4190514373418237
urn:mavedb:00000057-d-1#2614,,,p.[Gly11Val;Val28His],0.0121280423195519
urn:mavedb:00000057-d-1#2615,,,p.[Gly11Val;Phe27His],-0.1168006684026299
urn:mavedb:00000057-d-1#2616,,,p.[Gly11Val;His26=],0.0
urn:mavedb:00000057-d-1#2617,,,p.[Gly11Val;Asn25His],0.0121856566554768
urn:mavedb:00000057-d-1#2618,,,p.[Gly11Val;Gln24His],0.0086581928581508
urn:mavedb:00000057-d-1#2619,,,p.[Gly11Val;Ile23His],0.0332692682712952
urn:mavedb:00000057-d-1#2620,,,p.[Gly11Val;Leu22His],0.2112480143782781
urn:mavedb:00000057-d-1#2621,,,p.[Gly11Val;Gln21His],-0.0096300747598841
urn:mavedb:00000057-d-1#2622,,,p.[Gly11Val;Ile20His],0.0997776806560866
urn:mavedb:00000057-d-1#2623,,,p.[Gly11Val;Thr19His],-0.2351226011527625
urn:mavedb:00000057-d-1#2624,,,p.[Gly11Val;Leu18His],-0.1896579565370762
urn:mavedb:00000057-d-1#2625,,,p.[Gly11Val;Ala17His],-0.2160678007779865
urn:mavedb:00000057-d-1#2626,,,p.[Gly11Val;Ser16His],-0.3043593911180341
urn:mavedb:00000057-d-1#2627,,,p.[Gly11Val;Lys15His],-0.2530025192120997
urn:mavedb:00000057-d-1#2628,,,p.[Gly11Val;Gly14His],-0.2988335987088719
urn:mavedb:00000057-d-1#2629,,,p.[Gly11Val;Val13His],-0.207307520515703
urn:mavedb:00000057-d-1#2630,,,p.[Gly11Val;Gly12His],-0.1036336689678837
urn:mavedb:00000057-d-1#2631,,,p.Gly11His,0.0
urn:mavedb:00000057-d-1#2632,,,p.[Ala10His;Gly11Val],-0.0644037078662913
urn:mavedb:00000057-d-1#2633,,,p.[Gly9His;Gly11Val],-0.2113237125112704
urn:mavedb:00000057-d-1#2634,,,p.[Val8His;Gly11Val],-0.0865884225854133
urn:mavedb:00000057-d-1#2635,,,p.[Val7His;Gly11Val],-0.1801297977310634
urn:mavedb:00000057-d-1#2636,,,p.[Val6His;Gly11Val],-0.0581192916281311
urn:mavedb:00000057-d-1#2637,,,p.[Leu5His;Gly11Val],-0.1371942175852037
urn:mavedb:00000057-d-1#2638,,,p.[Lys4His;Gly11Val],0.0051342615560401
urn:mavedb:00000057-d-1#2639,,,p.[Tyr3His;Gly11Val],0.0896987174766749
urn:mavedb:00000057-d-1#2640,,,p.[Glu2His;Gly11Val],-0.0311751611979624
urn:mavedb:00000057-d-1#2641,,,p.[Thr1His;Gly11Val],0.0353861768454469
urn:mavedb:00000057-d-1#2642,,,p.[Gly11Val;His165Gly],0.0899170503692789
urn:mavedb:00000057-d-1#2643,,,p.[Gly11Val;Gln164Gly],0.1421763128546592
urn:mavedb:00000057-d-1#2644,,,p.[Gly11Val;Arg163Gly],-0.0300878351555804
urn:mavedb:00000057-d-1#2645,,,p.[Gly11Val;Ile162Gly],-0.1588118460293907
urn:mavedb:00000057-d-1#2646,,,p.[Gly11Val;Glu161Gly],-0.0153688623575589
urn:mavedb:00000057-d-1#2647,,,p.[Gly11Val;Arg160Gly],-0.1109466843748916
urn:mavedb:00000057-d-1#2648,,,p.[Gly11Val;Val159Gly],-0.2192009444374634
urn:mavedb:00000057-d-1#2649,,,p.[Gly11Val;Leu158Gly],-0.2391020054070506
urn:mavedb:00000057-d-1#2650,,,p.[Gly11Val;Thr157Gly],-0.1423655867418027
urn:mavedb:00000057-d-1#2651,,,p.[Gly11Val;Tyr156Gly],0.0191133381093275
urn:mavedb:00000057-d-1#2652,,,p.[Gly11Val;Phe155Gly],-0.2082828065392551
urn:mavedb:00000057-d-1#2653,,,p.[Gly11Val;Ala154Gly],-0.1576099773378281
urn:mavedb:00000057-d-1#2654,,,p.[Gly11Val;Asp153Gly],-0.110007215267691
urn:mavedb:00000057-d-1#2655,,,p.[Gly11Val;Glu152Gly],-0.145963889287163
urn:mavedb:00000057-d-1#2656,,,p.[Gly11Val;Val151Gly],-0.0154610584275466
urn:mavedb:00000057-d-1#2657,,,p.[Gly11Val;Gly150=],0.0
urn:mavedb:00000057-d-1#2658,,,p.[Gly11Val;Gln149Gly],0.0558455112469191
urn:mavedb:00000057-d-1#2659,,,p.[Gly11Val;Arg148Gly],0.0807607503292333
urn:mavedb:00000057-d-1#2660,,,p.[Gly11Val;Thr147Gly],-0.0313600766770307
urn:mavedb:00000057-d-1#2661,,,p.[Gly11Val;Lys146Gly],-0.0015883905726833
urn:mavedb:00000057-d-1#2662,,,p.[Gly11Val;Ala145Gly],-0.0213486733093906
urn:mavedb:00000057-d-1#2663,,,p.[Gly11Val;Ser144Gly],0.0076912265565509
urn:mavedb:00000057-d-1#2664,,,p.[Gly11Val;Thr143Gly],-0.0630412936313588
urn:mavedb:00000057-d-1#2665,,,p.[Gly11Val;Glu142Gly],-0.1226036417801286
urn:mavedb:00000057-d-1#2666,,,p.[Gly11Val;Ile141Gly],-0.1760636334037821
urn:mavedb:00000057-d-1#2667,,,p.[Gly11Val;Tyr140Gly],-0.199157620727299
urn:mavedb:00000057-d-1#2668,,,p.[Gly11Val;Pro139Gly],-0.1236214286939888
urn:mavedb:00000057-d-1#2669,,,p.[Gly11Val;Ile138Gly],-0.1669530528014985
urn:mavedb:00000057-d-1#2670,,,p.[Gly11Val;Gly137=],0.0
urn:mavedb:00000057-d-1#2671,,,p.[Gly11Val;Tyr136Gly],-0.1472912826712059
urn:mavedb:00000057-d-1#2672,,,p.[Gly11Val;Ser135Gly],-0.0637913122783047
urn:mavedb:00000057-d-1#2673,,,p.[Gly11Val;Arg134Gly],-0.061923195845881
urn:mavedb:00000057-d-1#2674,,,p.[Gly11Val;Ala133Gly],-0.2265345784010123
urn:mavedb:00000057-d-1#2675,,,p.[Gly11Val;Leu132Gly],-0.1954247363121043
urn:mavedb:00000057-d-1#2676,,,p.[Gly11Val;Asp131Gly],-0.0713805246359475
urn:mavedb:00000057-d-1#2677,,,p.[Gly11Val;Gln130Gly],-0.0704659626087252
urn:mavedb:00000057-d-1#2678,,,p.[Gly11Val;Ala129Gly],-0.049976737353341
urn:mavedb:00000057-d-1#2679,,,p.[Gly11Val;Gln128Gly],-0.1092483083972918
urn:mavedb:00000057-d-1#2680,,,p.[Gly11Val;Arg127Gly],-0.0234305714708677
urn:mavedb:00000057-d-1#2681,,,p.[Gly11Val;Ser126Gly],-0.0226582747084303
urn:mavedb:00000057-d-1#2682,,,p.[Gly11Val;Glu125Gly],0.0325562272415711
urn:mavedb:00000057-d-1#2683,,,p.[Gly11Val;Val124Gly],-0.0001509770960687
urn:mavedb:00000057-d-1#2684,,,p.[Gly11Val;Thr123Gly],-0.0052074543097301
urn:mavedb:00000057-d-1#2685,,,p.[Gly11Val;Arg122Gly],0.0054938866848077
urn:mavedb:00000057-d-1#2686,,,p.[Gly11Val;Ala121Gly],-0.0506990203604639
urn:mavedb:00000057-d-1#2687,,,p.[Gly11Val;Ala120Gly],0.0324606958557661
urn:mavedb:00000057-d-1#2688,,,p.[Gly11Val;Leu119Gly],0.0873201692332417
urn:mavedb:00000057-d-1#2689,,,p.[Gly11Val;Asp118Gly],-0.0600917477690092
urn:mavedb:00000057-d-1#2690,,,p.[Gly11Val;Cys117Gly],0.0029460264982519
urn:mavedb:00000057-d-1#2691,,,p.[Gly11Val;Lys116Gly],0.0966448042277834
urn:mavedb:00000057-d-1#2692,,,p.[Gly11Val;Asn115Gly],-0.0539253147112348
urn:mavedb:00000057-d-1#2693,,,p.[Gly11Val;Gly114=],0.0
urn:mavedb:00000057-d-1#2694,,,p.[Gly11Val;Val113Gly],-0.2542372895998582
urn:mavedb:00000057-d-1#2695,,,p.[Gly11Val;Leu112Gly],-0.2549990113924617
urn:mavedb:00000057-d-1#2696,,,p.[Gly11Val;Val111Gly],-0.2538458483935993
urn:mavedb:00000057-d-1#2697,,,p.[Gly11Val;Met110Gly],-0.2423979411197084
urn:mavedb:00000057-d-1#2698,,,p.[Gly11Val;Pro109Gly],-0.2358232730720432
urn:mavedb:00000057-d-1#2699,,,p.[Gly11Val;Val108Gly],-0.1795747248078243
urn:mavedb:00000057-d-1#2700,,,p.[Gly11Val;Asp107Gly],-0.053678063156861
urn:mavedb:00000057-d-1#2701,,,p.[Gly11Val;Asp106Gly],-0.0383665699982925
urn:mavedb:00000057-d-1#2702,,,p.[Gly11Val;Ser105Gly],0.0013388530519269
urn:mavedb:00000057-d-1#2703,,,p.[Gly11Val;Asp104Gly],0.0857535952540518
urn:mavedb:00000057-d-1#2704,,,p.[Gly11Val;Lys103Gly],-0.1317063456973634
urn:mavedb:00000057-d-1#2705,,,p.[Gly11Val;Val102Gly],-0.1190341968938951
urn:mavedb:00000057-d-1#2706,,,p.[Gly11Val;Arg101Gly],-0.1046741944580096
urn:mavedb:00000057-d-1#2707,,,p.[Gly11Val;Lys100Gly],-0.2059264204118757
urn:mavedb:00000057-d-1#2708,,,p.[Gly11Val;Ile99Gly],-0.2722627940134747
urn:mavedb:00000057-d-1#2709,,,p.[Gly11Val;Gln98Gly],0.079981949857198
urn:mavedb:00000057-d-1#2710,,,p.[Gly11Val;Glu97Gly],-0.1990702196795138
urn:mavedb:00000057-d-1#2711,,,p.[Gly11Val;Arg96Gly],-0.1524688146148436
urn:mavedb:00000057-d-1#2712,,,p.[Gly11Val;Tyr95Gly],-0.1933684153337616
urn:mavedb:00000057-d-1#2713,,,p.[Gly11Val;Gln94Gly],-0.1179307006037852
urn:mavedb:00000057-d-1#2714,,,p.[Gly11Val;His93Gly],-0.045928969869779
urn:mavedb:00000057-d-1#2715,,,p.[Gly11Val;Ile92Gly],-0.1911678540882673
urn:mavedb:00000057-d-1#2716,,,p.[Gly11Val;Asp91Gly],-0.0389970102505811
urn:mavedb:00000057-d-1#2717,,,p.[Gly11Val;Glu90Gly],-0.1087169315709008
urn:mavedb:00000057-d-1#2718,,,p.[Gly11Val;Phe89Gly],-0.218073938368223
urn:mavedb:00000057-d-1#2719,,,p.[Gly11Val;Ser88Gly],-0.0946944671486307
urn:mavedb:00000057-d-1#2720,,,p.[Gly11Val;Lys87Gly],-0.034177097857625
urn:mavedb:00000057-d-1#2721,,,p.[Gly11Val;Thr86Gly],-0.0424679402540782
urn:mavedb:00000057-d-1#2722,,,p.[Gly11Val;Asn85Gly],-0.0507756556230181
urn:mavedb:00000057-d-1#2723,,,p.[Gly11Val;Asn84Gly],0.0009256093284534
urn:mavedb:00000057-d-1#2724,,,p.[Gly11Val;Ile83Gly],0.0163115158850606
urn:mavedb:00000057-d-1#2725,,,p.[Gly11Val;Ala82Gly],0.0366907106629213
urn:mavedb:00000057-d-1#2726,,,p.[Gly11Val;Phe81Gly],-0.1154919154383824
urn:mavedb:00000057-d-1#2727,,,p.[Gly11Val;Val80Gly],-0.2283069274623075
urn:mavedb:00000057-d-1#2728,,,p.[Gly11Val;Cys79Gly],-0.1566044168949094
urn:mavedb:00000057-d-1#2729,,,p.[Gly11Val;Leu78Gly],-0.2811655811721288
urn:mavedb:00000057-d-1#2730,,,p.[Gly11Val;Phe77Gly],-0.2222032326463636
urn:mavedb:00000057-d-1#2731,,,p.[Gly11Val;Gly76=],0.0
urn:mavedb:00000057-d-1#2732,,,p.[Gly11Val;Glu75Gly],-0.1060367929952587
urn:mavedb:00000057-d-1#2733,,,p.[Gly11Val;Gly74=],0.0
urn:mavedb:00000057-d-1#2734,,,p.[Gly11Val;Thr73Gly],0.0286719479270783
urn:mavedb:00000057-d-1#2735,,,p.[Gly11Val;Arg72Gly],-0.0854580744914477
urn:mavedb:00000057-d-1#2736,,,p.[Gly11Val;Met71Gly],-0.0468083861197687
urn:mavedb:00000057-d-1#2737,,,p.[Gly11Val;Tyr70Gly],-0.003759741323226
urn:mavedb:00000057-d-1#2738,,,p.[Gly11Val;Gln69Gly],-0.00919807592382
urn:mavedb:00000057-d-1#2739,,,p.[Gly11Val;Asp68Gly],-0.1113632171298326
urn:mavedb:00000057-d-1#2740,,,p.[Gly11Val;Arg67Gly],-0.0637047553181758
urn:mavedb:00000057-d-1#2741,,,p.[Gly11Val;Met66Gly],-0.0520199734665649
urn:mavedb:00000057-d-1#2742,,,p.[Gly11Val;Ala65Gly],-0.0473479460429395
urn:mavedb:00000057-d-1#2743,,,p.[Gly11Val;Ser64Gly],0.0909550263288618
urn:mavedb:00000057-d-1#2744,,,p.[Gly11Val;Tyr63Gly],-0.0216996783030172
urn:mavedb:00000057-d-1#2745,,,p.[Gly11Val;Glu62Gly],0.1038131619473151
urn:mavedb:00000057-d-1#2746,,,p.[Gly11Val;Glu61Gly],0.0238098926965442
urn:mavedb:00000057-d-1#2747,,,p.[Gly11Val;Gln60Gly],-0.0113808533978588
urn:mavedb:00000057-d-1#2748,,,p.[Gly11Val;Gly59=],0.0
urn:mavedb:00000057-d-1#2749,,,p.[Gly11Val;Ala58Gly],-0.0255970994415081
urn:mavedb:00000057-d-1#2750,,,p.[Gly11Val;Thr57Gly],-0.2029926239380396
urn:mavedb:00000057-d-1#2751,,,p.[Gly11Val;Asp56Gly],-0.2533303068207728
urn:mavedb:00000057-d-1#2752,,,p.[Gly11Val;Leu55Gly],-0.0300469784287694
urn:mavedb:00000057-d-1#2753,,,p.[Gly11Val;Ile54Gly],-0.1536612992561414
urn:mavedb:00000057-d-1#2754,,,p.[Gly11Val;Gly12Glu],0.0853277506540357
urn:mavedb:00000057-d-1#2755,,,p.Gly11Glu,0.0
urn:mavedb:00000057-d-1#2756,,,p.[Ala10Glu;Gly11Val],0.0068855850766541
urn:mavedb:00000057-d-1#2757,,,p.[Gly9Glu;Gly11Val],-0.2337951826977071
urn:mavedb:00000057-d-1#2758,,,p.[Val8Glu;Gly11Val],-0.1862939493541713
urn:mavedb:00000057-d-1#2759,,,p.[Val7Glu;Gly11Val],-0.138629562554145
urn:mavedb:00000057-d-1#2760,,,p.[Val6Glu;Gly11Val],-0.1442233927235465
urn:mavedb:00000057-d-1#2761,,,p.[Leu5Glu;Gly11Val],-0.2850474412157133
urn:mavedb:00000057-d-1#2762,,,p.[Lys4Glu;Gly11Val],-0.0264829671352754
urn:mavedb:00000057-d-1#2763,,,p.[Tyr3Glu;Gly11Val],-0.1347155306134412
urn:mavedb:00000057-d-1#2764,,,p.[Glu2=;Gly11Val],0.0
urn:mavedb:00000057-d-1#2765,,,p.[Thr1Glu;Gly11Val],-0.0689465983920416
urn:mavedb:00000057-d-1#2766,,,p.[Gly11Val;His165Asp],0.1904339442629439
urn:mavedb:00000057-d-1#2767,,,p.[Gly11Val;Gln164Asp],0.042679229028813
urn:mavedb:00000057-d-1#2768,,,p.[Gly11Val;Arg163Asp],0.0521923281874754
urn:mavedb:00000057-d-1#2769,,,p.[Gly11Val;Ile162Asp],-0.2694899594838169
urn:mavedb:00000057-d-1#2770,,,p.[Gly11Val;Glu161Asp],0.0380018436680708
urn:mavedb:00000057-d-1#2771,,,p.[Gly11Val;Arg160Asp],-0.04571045503407
urn:mavedb:00000057-d-1#2772,,,p.[Gly11Val;Val159Asp],-0.2877511254695258
urn:mavedb:00000057-d-1#2773,,,p.[Gly11Val;Leu158Asp],-0.16257496996748
urn:mavedb:00000057-d-1#2774,,,p.[Gly11Val;Thr157Asp],-0.0756387613825617
urn:mavedb:00000057-d-1#2775,,,p.[Gly11Val;Tyr156Asp],0.0263608658203666
urn:mavedb:00000057-d-1#2776,,,p.[Gly11Val;Phe155Asp],-0.1663486250931844
urn:mavedb:00000057-d-1#2777,,,p.[Gly11Val;Ala154Asp],-0.2203296453498928
urn:mavedb:00000057-d-1#2778,,,p.[Gly11Val;Asp153=],0.0
urn:mavedb:00000057-d-1#2779,,,p.[Gly11Val;Glu152Asp],0.0232037509779255
urn:mavedb:00000057-d-1#2780,,,p.[Gly11Val;Val151Asp],-0.2053249402498601
urn:mavedb:00000057-d-1#2781,,,p.[Gly11Val;Gly150Asp],0.0017459314202403
urn:mavedb:00000057-d-1#2782,,,p.[Gly11Val;Gln149Asp],-0.0046429283126848
urn:mavedb:00000057-d-1#2783,,,p.[Gly11Val;Arg148Asp],0.0191581697196242
urn:mavedb:00000057-d-1#2784,,,p.[Gly11Val;Thr147Asp],0.0965211771684712
urn:mavedb:00000057-d-1#2785,,,p.[Gly11Val;Lys146Asp],0.0009101995515251
urn:mavedb:00000057-d-1#2786,,,p.[Gly11Val;Ala145Asp],-0.2715105882174123
urn:mavedb:00000057-d-1#2787,,,p.[Gly11Val;Ser144Asp],-0.0280056926196493
urn:mavedb:00000057-d-1#2788,,,p.[Gly11Val;Thr143Asp],-0.2340191560245612
urn:mavedb:00000057-d-1#2789,,,p.[Gly11Val;Glu142Asp],-0.1193062877065302
urn:mavedb:00000057-d-1#2790,,,p.[Gly11Val;Ile141Asp],-0.2337534952702199
urn:mavedb:00000057-d-1#2791,,,p.[Gly11Val;Tyr140Asp],-0.2479552350966997
urn:mavedb:00000057-d-1#2792,,,p.[Gly11Val;Pro139Asp],-0.096421091311974
urn:mavedb:00000057-d-1#2793,,,p.[Gly11Val;Ile138Asp],-0.2304091858329196
urn:mavedb:00000057-d-1#2794,,,p.[Gly11Val;Gly137Asp],-0.2045548572137668
urn:mavedb:00000057-d-1#2795,,,p.[Gly11Val;Tyr136Asp],-0.0155739349971017
urn:mavedb:00000057-d-1#2796,,,p.[Gly11Val;Ser135Asp],0.0020467701063119
urn:mavedb:00000057-d-1#2797,,,p.[Gly11Val;Arg134Asp],-0.0069623977271883
urn:mavedb:00000057-d-1#2798,,,p.[Gly11Val;Ala133Asp],-0.2064894415599764
urn:mavedb:00000057-d-1#2799,,,p.[Gly11Val;Leu132Asp],-0.0867662822506499
urn:mavedb:00000057-d-1#2800,,,p.[Gly11Val;Asp131=],0.0
urn:mavedb:00000057-d-1#2801,,,p.[Gly11Val;Gln130Asp],-0.113016403838039
urn:mavedb:00000057-d-1#2802,,,p.[Gly11Val;Ala129Asp],-0.2562712828553227
urn:mavedb:00000057-d-1#2803,,,p.[Gly11Val;Gln128Asp],-0.0179325584566855
urn:mavedb:00000057-d-1#2804,,,p.[Gly11Val;Arg127Asp],0.0218585422488034
urn:mavedb:00000057-d-1#2805,,,p.[Gly11Val;Ser126Asp],0.1314687468778803
urn:mavedb:00000057-d-1#2806,,,p.[Gly11Val;Glu125Asp],0.0432642622507226
urn:mavedb:00000057-d-1#2807,,,p.[Gly11Val;Val124Asp],-0.0176244502441022
urn:mavedb:00000057-d-1#2808,,,p.[Gly11Val;Thr123Asp],-0.1124355844628584
urn:mavedb:00000057-d-1#2809,,,p.[Gly11Val;Arg122Asp],0.0286394687208317
urn:mavedb:00000057-d-1#2810,,,p.[Gly11Val;Ala121Asp],0.042568996015661
urn:mavedb:00000057-d-1#2811,,,p.[Gly11Val;Ala120Asp],0.0593053740940769
urn:mavedb:00000057-d-1#2812,,,p.[Gly11Val;Leu119Asp],0.2298788416351209
urn:mavedb:00000057-d-1#2813,,,p.[Gly11Val;Asp118=],0.0
urn:mavedb:00000057-d-1#2814,,,p.[Gly11Val;Cys117Asp],-0.034826592507866
urn:mavedb:00000057-d-1#2815,,,p.[Gly11Val;Lys116Asp],-0.2404188693987736
urn:mavedb:00000057-d-1#2816,,,p.[Gly11Val;Asn115Asp],-0.1489737800614913
urn:mavedb:00000057-d-1#2817,,,p.[Gly11Val;Gly114Asp],-0.2338785628314256
urn:mavedb:00000057-d-1#2818,,,p.[Gly11Val;Val113Asp],-0.3592843981240575
urn:mavedb:00000057-d-1#2819,,,p.[Gly11Val;Leu112Asp],-0.286185092647058
urn:mavedb:00000057-d-1#2820,,,p.[Gly11Val;Val111Asp],-0.2668673032505497
urn:mavedb:00000057-d-1#2821,,,p.[Gly11Val;Met110Asp],-0.3170018283041373
urn:mavedb:00000057-d-1#2822,,,p.[Gly11Val;Pro109Asp],-0.2302955610490879
urn:mavedb:00000057-d-1#2823,,,p.[Gly11Val;Val108Asp],-0.2550952693259161
urn:mavedb:00000057-d-1#2824,,,p.[Gly11Val;Asp107=],0.0
urn:mavedb:00000057-d-1#2825,,,p.[Gly11Val;Asp106=],0.0
urn:mavedb:00000057-d-1#2826,,,p.[Gly11Val;Ser105Asp],-0.0767597100004423
urn:mavedb:00000057-d-1#2827,,,p.[Gly11Val;Asp104=],0.0
urn:mavedb:00000057-d-1#2828,,,p.[Gly11Val;Lys103Asp],-0.1993275678479223
urn:mavedb:00000057-d-1#2829,,,p.[Gly11Val;Val102Asp],-0.1757888144476526
urn:mavedb:00000057-d-1#2830,,,p.[Gly11Val;Arg101Asp],-0.0539822966583005
urn:mavedb:00000057-d-1#2831,,,p.[Gly11Val;Lys100Asp],-0.2710316286513908
urn:mavedb:00000057-d-1#2832,,,p.[Gly11Val;Ile99Asp],-0.2592972474856014
urn:mavedb:00000057-d-1#2833,,,p.[Gly11Val;Gln98Asp],-0.1050598611352824
urn:mavedb:00000057-d-1#2834,,,p.[Gly11Val;Ser64Asp],-0.0884848576156279
urn:mavedb:00000057-d-1#2835,,,p.[Gly11Val;Tyr63Asp],-0.0747903502016856
urn:mavedb:00000057-d-1#2836,,,p.[Gly11Val;Glu62Asp],0.0887560437819534
urn:mavedb:00000057-d-1#2837,,,p.[Gly11Val;Glu61Asp],-0.062722538774933
urn:mavedb:00000057-d-1#2838,,,p.[Gly11Val;Gln60Asp],-0.0631883136732998
urn:mavedb:00000057-d-1#2839,,,p.[Gly11Val;Gly59Asp],-0.1284484094126296
urn:mavedb:00000057-d-1#2840,,,p.[Gly11Val;Ala58Asp],-0.1435608292682598
urn:mavedb:00000057-d-1#2841,,,p.[Gly11Val;Thr57Asp],-0.251050821578323
urn:mavedb:00000057-d-1#2842,,,p.[Gly11Val;Asp56=],0.0
urn:mavedb:00000057-d-1#2843,,,p.[Gly11Val;Leu55Asp],0.0615655463473632
urn:mavedb:00000057-d-1#2844,,,p.[Gly11Val;Ile54Asp],-0.2204701794019365
urn:mavedb:00000057-d-1#2845,,,p.[Gly11Val;Asp53=],0.0
urn:mavedb:00000057-d-1#2846,,,p.[Gly11Val;Leu52Asp],-0.168739658045034
urn:mavedb:00000057-d-1#2847,,,p.[Gly11Val;Leu51Asp],0.1566921747373116
urn:mavedb:00000057-d-1#2848,,,p.[Gly11Val;Cys50Asp],-0.022235798286144
urn:mavedb:00000057-d-1#2849,,,p.[Gly11Val;Thr49Asp],0.0777182737733256
urn:mavedb:00000057-d-1#2850,,,p.[Gly11Val;Glu48Asp],0.0747767972060048
urn:mavedb:00000057-d-1#2851,,,p.[Gly11Val;Gly47Asp],0.1073278732365971
urn:mavedb:00000057-d-1#2852,,,p.[Gly11Val;Asp46=],0.0
urn:mavedb:00000057-d-1#2853,,,p.[Gly11Val;Ile45Asp],-0.0282327979351023
urn:mavedb:00000057-d-1#2854,,,p.[Gly11Val;Val44Asp],0.0583562266508424
urn:mavedb:00000057-d-1#2855,,,p.[Gly11Val;Val43Asp],-0.0437212035957193
urn:mavedb:00000057-d-1#2856,,,p.[Gly11Val;Gln42Asp],0.0293591415043239
urn:mavedb:00000057-d-1#2857,,,p.[Gly11Val;Lys41Asp],0.0776105440767659
urn:mavedb:00000057-d-1#2858,,,p.[Gly11Val;Arg40Asp],-0.1552466779712218
urn:mavedb:00000057-d-1#2859,,,p.[Gly11Val;Tyr39Asp],-0.1847625382037734
urn:mavedb:00000057-d-1#2860,,,p.[Gly11Val;Ser38Asp],-0.1401446437704143
urn:mavedb:00000057-d-1#2861,,,p.[Gly11Val;Asp37=],0.0
urn:mavedb:00000057-d-1#2862,,,p.[Gly11Val;Glu36Asp],0.1095052479347127
urn:mavedb:00000057-d-1#2863,,,p.[Gly11Val;Ile35Asp],-0.0871573381677143
urn:mavedb:00000057-d-1#2864,,,p.[Gly11Val;Thr34Asp],-0.1638129793716079
urn:mavedb:00000057-d-1#2865,,,p.[Gly11Val;Pro33Asp],-0.1110930781669143
urn:mavedb:00000057-d-1#2866,,,p.[Gly11Val;Asp32=],0.0
urn:mavedb:00000057-d-1#2867,,,p.[Gly11Val;Tyr31Asp],-0.0953413496450808
urn:mavedb:00000057-d-1#2868,,,p.[Gly11Val;Glu30Asp],-0.0302965443321648
urn:mavedb:00000057-d-1#2869,,,p.[Gly11Val;Asp29=],0.0
urn:mavedb:00000057-d-1#2870,,,p.[Gly11Val;Val28Asp],0.0590028569168766
urn:mavedb:00000057-d-1#2871,,,p.[Gly11Val;Phe27Asp],-0.2383261154888682
urn:mavedb:00000057-d-1#2872,,,p.[Gly11Val;His26Asp],0.1337772103052912
urn:mavedb:00000057-d-1#2873,,,p.[Gly11Val;Asn25Asp],0.1016764338148185
urn:mavedb:00000057-d-1#2874,,,p.[Gly11Val;Gln24Asp],-0.0016130055924025
urn:mavedb:00000057-d-1#2875,,,p.[Gly11Val;Ile23Asp],-0.0444331137363292
urn:mavedb:00000057-d-1#2876,,,p.[Gly11Val;Leu22Asp],-0.1548179605044836
urn:mavedb:00000057-d-1#2877,,,p.[Gly11Val;Gln21Asp],0.0916855565709486
urn:mavedb:00000057-d-1#2878,,,p.[Gly11Val;Ile20Asp],-0.2025082869653232
urn:mavedb:00000057-d-1#2879,,,p.[Gly11Val;Thr19Asp],-0.094179738462737
urn:mavedb:00000057-d-1#2880,,,p.[Gly11Val;Leu18Asp],-0.1281329660302983
urn:mavedb:00000057-d-1#2881,,,p.[Gly11Val;Ala17Asp],-0.1983836440621554
urn:mavedb:00000057-d-1#2882,,,p.[Gly11Val;Ser16Asp],-0.2135314652690581
urn:mavedb:00000057-d-1#2883,,,p.[Gly11Val;Lys15Asp],-0.2523893145224225
urn:mavedb:00000057-d-1#2884,,,p.[Gly11Val;Gly14Asp],-0.2391021209826931
urn:mavedb:00000057-d-1#2885,,,p.[Gly11Val;Val13Asp],-0.2149503878427858
urn:mavedb:00000057-d-1#2886,,,p.[Gly11Val;Gly12Asp],0.061068610926529
urn:mavedb:00000057-d-1#2887,,,p.Gly11Asp,0.0
urn:mavedb:00000057-d-1#2888,,,p.[Ala10Asp;Gly11Val],0.1779989662135412
urn:mavedb:00000057-d-1#2889,,,p.[Gly9Asp;Gly11Val],-0.1919653105614042
urn:mavedb:00000057-d-1#2890,,,p.[Val8Asp;Gly11Val],-0.0844098650597221
urn:mavedb:00000057-d-1#2891,,,p.[Val7Asp;Gly11Val],-0.1163920857378313
urn:mavedb:00000057-d-1#2892,,,p.[Val6Asp;Gly11Val],-0.2360160384764111
urn:mavedb:00000057-d-1#2893,,,p.[Leu5Asp;Gly11Val],-0.1239462677328282
urn:mavedb:00000057-d-1#2894,,,p.[Lys4Asp;Gly11Val],-0.0816036363479212
urn:mavedb:00000057-d-1#2895,,,p.[Tyr3Asp;Gly11Val],-0.083764984655289
urn:mavedb:00000057-d-1#2896,,,p.[Glu2Asp;Gly11Val],0.0592216913878735
urn:mavedb:00000057-d-1#2897,,,p.[Thr1Asp;Gly11Val],-0.0748699734969518
urn:mavedb:00000057-d-1#2898,,,p.[Gly11Val;His165Cys],0.1281256088294092
urn:mavedb:00000057-d-1#2899,,,p.[Gly11Val;Gln164Cys],-0.1454656160758371
urn:mavedb:00000057-d-1#2900,,,p.[Gly11Val;Arg163Cys],-0.098681836681468
urn:mavedb:00000057-d-1#2901,,,p.[Gly11Val;Ile162Cys],-0.1100381039182665
urn:mavedb:00000057-d-1#2902,,,p.[Gly11Val;Glu161Cys],0.0753696310452922
urn:mavedb:00000057-d-1#2903,,,p.[Gly11Val;Arg160Cys],-0.1042403233032249
urn:mavedb:00000057-d-1#2904,,,p.[Gly11Val;Val159Cys],-0.180246931638235
urn:mavedb:00000057-d-1#2905,,,p.[Gly11Val;Leu158Cys],-0.2544406806773665
urn:mavedb:00000057-d-1#2906,,,p.[Gly11Val;Thr157Cys],-0.0973364723681083
urn:mavedb:00000057-d-1#2907,,,p.[Gly11Val;Tyr156Cys],0.1095681265147676
urn:mavedb:00000057-d-1#2908,,,p.[Gly11Val;Phe155Cys],0.0010343369220639
urn:mavedb:00000057-d-1#2909,,,p.[Gly11Val;Ala154Cys],-0.0954325267365598
urn:mavedb:00000057-d-1#2910,,,p.[Gly11Val;Asp153Cys],-0.0921752909467395
urn:mavedb:00000057-d-1#2911,,,p.[Gly11Val;Glu152Cys],-0.0796172147145414
urn:mavedb:00000057-d-1#2912,,,p.[Gly11Val;Val151Cys],-0.1089182131544724
urn:mavedb:00000057-d-1#2913,,,p.[Gly11Val;Gly150Cys],-0.1064480470081356
urn:mavedb:00000057-d-1#2914,,,p.[Gly11Val;Gln149Cys],-0.1052864933748978
urn:mavedb:00000057-d-1#2915,,,p.[Gly11Val;Arg148Cys],-0.0702379863444009
urn:mavedb:00000057-d-1#2916,,,p.[Gly11Val;Thr147Cys],0.0392366486714066
urn:mavedb:00000057-d-1#2917,,,p.[Gly11Val;Lys146Cys],0.0738274617518142
urn:mavedb:00000057-d-1#2918,,,p.[Gly11Val;Ala145Cys],0.0708794721786462
urn:mavedb:00000057-d-1#2919,,,p.[Gly11Val;Ser144Cys],0.1078604613284018
urn:mavedb:00000057-d-1#2920,,,p.[Gly11Val;Thr143Cys],-0.0565547566285545
urn:mavedb:00000057-d-1#2921,,,p.[Gly11Val;Glu142Cys],-0.0313282613655411
urn:mavedb:00000057-d-1#2922,,,p.[Gly11Val;Ile141Cys],0.0378449142599419
urn:mavedb:00000057-d-1#2923,,,p.[Gly11Val;Tyr140Cys],-0.1743231977336673
urn:mavedb:00000057-d-1#2924,,,p.[Gly11Val;Pro139Cys],-0.0954369428445859
urn:mavedb:00000057-d-1#2925,,,p.[Gly11Val;Ile138Cys],-0.082621195605913
urn:mavedb:00000057-d-1#2926,,,p.[Gly11Val;Gly137Cys],-0.1415831506037888
urn:mavedb:00000057-d-1#2927,,,p.[Gly11Val;Tyr136Cys],-0.0430882530995814
urn:mavedb:00000057-d-1#2928,,,p.[Gly11Val;Ser135Cys],-0.1363515543981296
urn:mavedb:00000057-d-1#2929,,,p.[Gly11Val;Arg134Cys],-0.1375580905482773
urn:mavedb:00000057-d-1#2930,,,p.[Gly11Val;Ala133Cys],-0.1868123434626768
urn:mavedb:00000057-d-1#2931,,,p.[Gly11Val;Leu132Cys],-0.2097113152478781
urn:mavedb:00000057-d-1#2932,,,p.[Gly11Val;Asp131Cys],-0.0241085747065044
urn:mavedb:00000057-d-1#2933,,,p.[Gly11Val;Gln130Cys],-0.1638844715923453
urn:mavedb:00000057-d-1#2934,,,p.[Gly11Val;Ala129Cys],-0.1116419499163578
urn:mavedb:00000057-d-1#2935,,,p.[Gly11Val;Gln128Cys],0.0117767509591351
urn:mavedb:00000057-d-1#2936,,,p.[Gly11Val;Arg127Cys],-0.0413136683765355
urn:mavedb:00000057-d-1#2937,,,p.[Gly11Val;Ser126Cys],0.0074025535600173
urn:mavedb:00000057-d-1#2938,,,p.[Gly11Val;Glu125Cys],0.0156691013569689
urn:mavedb:00000057-d-1#2939,,,p.[Gly11Val;Val124Cys],-0.0828650223661342
urn:mavedb:00000057-d-1#2940,,,p.[Gly11Val;Thr123Cys],-0.0987479677536498
urn:mavedb:00000057-d-1#2941,,,p.[Gly11Val;Arg122Cys],0.0088265700847119
urn:mavedb:00000057-d-1#2942,,,p.[Gly11Val;Ala121Cys],-0.081995057276459
urn:mavedb:00000057-d-1#2943,,,p.[Gly11Val;Ala120Cys],-0.0751742933446738
urn:mavedb:00000057-d-1#2944,,,p.[Gly11Val;Leu119Cys],0.0847443299582381
urn:mavedb:00000057-d-1#2945,,,p.[Gly11Val;Asp118Cys],-0.0832601865461693
urn:mavedb:00000057-d-1#2946,,,p.[Gly11Val;Cys117=],0.0
urn:mavedb:00000057-d-1#2947,,,p.[Gly11Val;Lys116Cys],0.0645983236307275
urn:mavedb:00000057-d-1#2948,,,p.[Gly11Val;Asn115Cys],0.1564055876542189
urn:mavedb:00000057-d-1#2949,,,p.[Gly11Val;Gly114Cys],-0.1664631854146163
urn:mavedb:00000057-d-1#2950,,,p.[Gly11Val;Val113Cys],-0.1483378009308943
urn:mavedb:00000057-d-1#2951,,,p.[Gly11Val;Leu112Cys],-0.2064947752290388
urn:mavedb:00000057-d-1#2952,,,p.[Gly11Val;Val111Cys],-0.1031683656678221
urn:mavedb:00000057-d-1#2953,,,p.[Gly11Val;Met110Cys],-0.2903732867855734
urn:mavedb:00000057-d-1#2954,,,p.[Gly11Val;Pro109Cys],-0.0145966744412044
urn:mavedb:00000057-d-1#2955,,,p.[Gly11Val;Val108Cys],-0.1626373188508363
urn:mavedb:00000057-d-1#2956,,,p.[Gly11Val;Asp107Cys],-0.079450908207406
urn:mavedb:00000057-d-1#2957,,,p.[Gly11Val;Asp106Cys],0.0193093588556612
urn:mavedb:00000057-d-1#2958,,,p.[Gly11Val;Ser105Cys],-0.0219303197646018
urn:mavedb:00000057-d-1#2959,,,p.[Gly11Val;Asp104Cys],0.0952081283341385
urn:mavedb:00000057-d-1#2960,,,p.[Gly11Val;Lys103Cys],-0.0553260572927331
urn:mavedb:00000057-d-1#2961,,,p.[Gly11Val;Val102Cys],0.0089338164550267
urn:mavedb:00000057-d-1#2962,,,p.[Gly11Val;Arg101Cys],-0.1173644045022882
urn:mavedb:00000057-d-1#2963,,,p.[Gly11Val;Lys100Cys],-0.0715133757079001
urn:mavedb:00000057-d-1#2964,,,p.[Gly11Val;Ile99Cys],-0.138929440057541
urn:mavedb:00000057-d-1#2965,,,p.[Gly11Val;Gln98Cys],0.3863046887377526
urn:mavedb:00000057-d-1#2966,,,p.[Gly11Val;Glu97Cys],-0.1759342518692996
urn:mavedb:00000057-d-1#2967,,,p.[Gly11Val;Arg96Cys],0.0734570718895717
urn:mavedb:00000057-d-1#2968,,,p.[Gly11Val;Tyr95Cys],0.0036071986045614
urn:mavedb:00000057-d-1#2969,,,p.[Gly11Val;Gln94Cys],-0.0674248293462927
urn:mavedb:00000057-d-1#2970,,,p.[Gly11Val;Ile99His],-0.2110644340192645
urn:mavedb:00000057-d-1#2971,,,p.[Gly11Val;Gln98His],0.1529976546458994
urn:mavedb:00000057-d-1#2972,,,p.[Gly11Val;Glu97His],-0.0653854755878268
urn:mavedb:00000057-d-1#2973,,,p.[Gly11Val;Arg96His],-0.0978431251689037
urn:mavedb:00000057-d-1#2974,,,p.[Gly11Val;Tyr95His],-0.0530059252403398
urn:mavedb:00000057-d-1#2975,,,p.[Gly11Val;Gln94His],0.0050809642180299
urn:mavedb:00000057-d-1#2976,,,p.[Gly11Val;His93=],0.0
urn:mavedb:00000057-d-1#2977,,,p.[Gly11Val;Ile92His],-0.1133150989322188
urn:mavedb:00000057-d-1#2978,,,p.[Gly11Val;Asp91His],0.0042436655741845
urn:mavedb:00000057-d-1#2979,,,p.[Gly11Val;Glu90His],-0.0279915729343928
urn:mavedb:00000057-d-1#2980,,,p.[Gly11Val;Phe89His],-0.173109161042455
urn:mavedb:00000057-d-1#2981,,,p.[Gly11Val;Ser88His],-0.1639809505451928
urn:mavedb:00000057-d-1#2982,,,p.[Gly11Val;Lys87His],-0.0868571522797755
urn:mavedb:00000057-d-1#2983,,,p.[Gly11Val;Thr86His],-0.0790743317896636
urn:mavedb:00000057-d-1#2984,,,p.[Gly11Val;Asn85His],-0.0790741302805857
urn:mavedb:00000057-d-1#2985,,,p.[Gly11Val;Asn84His],-0.1414638723847385
urn:mavedb:00000057-d-1#2986,,,p.[Gly11Val;Ile83His],0.0674274826838129
urn:mavedb:00000057-d-1#2987,,,p.[Gly11Val;Ala82His],-0.0824135986173872
urn:mavedb:00000057-d-1#2988,,,p.[Gly11Val;Phe81His],-0.2555788599123818
urn:mavedb:00000057-d-1#2989,,,p.[Gly11Val;Val80His],-0.2584878399909052
urn:mavedb:00000057-d-1#2990,,,p.[Gly11Val;Cys79His],-0.1426541544589127
urn:mavedb:00000057-d-1#2991,,,p.[Glu2Phe;Gly11Val],0.0441315769442901
urn:mavedb:00000057-d-1#2992,,,p.[Thr1Phe;Gly11Val],-0.0572605705717106
urn:mavedb:00000057-d-1#2993,,,p.[Gly11Val;His165Glu],0.0097567909965513
urn:mavedb:00000057-d-1#2994,,,p.[Gly11Val;Gln164Glu],-0.0417870317607716
urn:mavedb:00000057-d-1#2995,,,p.[Gly11Val;Arg163Glu],-0.0294538262547375
urn:mavedb:00000057-d-1#2996,,,p.[Gly11Val;Ile162Glu],-0.1536303490974003
urn:mavedb:00000057-d-1#2997,,,p.[Gly11Val;Glu161=],0.0
urn:mavedb:00000057-d-1#2998,,,p.[Gly11Val;Arg160Glu],-0.0531157332184345
urn:mavedb:00000057-d-1#2999,,,p.[Gly11Val;Val159Glu],-0.1979762631049988
urn:mavedb:00000057-d-1#3000,,,p.[Gly11Val;Leu158Glu],-0.2350732426087297
urn:mavedb:00000057-d-1#3001,,,p.[Gly11Val;Thr157Glu],-0.0223567559799344
urn:mavedb:00000057-d-1#3002,,,p.[Gly11Val;Tyr156Glu],0.135940345706647
urn:mavedb:00000057-d-1#3003,,,p.[Gly11Val;Phe155Glu],-0.2653153587330293
urn:mavedb:00000057-d-1#3004,,,p.[Gly11Val;Ala154Glu],-0.367576813984028
urn:mavedb:00000057-d-1#3005,,,p.[Gly11Val;Asp153Glu],0.1149588681775918
urn:mavedb:00000057-d-1#3006,,,p.[Gly11Val;Glu152=],0.0
urn:mavedb:00000057-d-1#3007,,,p.[Gly11Val;Val151Glu],-0.124268910642328
urn:mavedb:00000057-d-1#3008,,,p.[Gly11Val;Gly150Glu],0.1183831000504737
urn:mavedb:00000057-d-1#3009,,,p.[Gly11Val;Gln149Glu],0.0736873412077345
urn:mavedb:00000057-d-1#3010,,,p.[Gly11Val;His93Cys],0.0477052604755324
urn:mavedb:00000057-d-1#3011,,,p.[Gly11Val;Ile92Cys],-0.1142097452558853
urn:mavedb:00000057-d-1#3012,,,p.[Gly11Val;Asp91Cys],-0.037871941343513
urn:mavedb:00000057-d-1#3013,,,p.[Gly11Val;Glu90Cys],-0.0954062041302528
urn:mavedb:00000057-d-1#3014,,,p.[Gly11Val;Phe89Cys],-0.1569066778340094
urn:mavedb:00000057-d-1#3015,,,p.[Gly11Val;Ser88Cys],-0.0705052991812496
urn:mavedb:00000057-d-1#3016,,,p.[Gly11Val;Lys87Cys],-0.0259331432044643
urn:mavedb:00000057-d-1#3017,,,p.[Gly11Val;Thr86Cys],-0.1387142226633277
urn:mavedb:00000057-d-1#3018,,,p.[Gly11Val;Asn85Cys],-0.0652370898809126
urn:mavedb:00000057-d-1#3019,,,p.[Gly11Val;Asn84Cys],-0.2479562651981278
urn:mavedb:00000057-d-1#3020,,,p.[Gly11Val;Ile83Cys],0.1703716447721249
urn:mavedb:00000057-d-1#3021,,,p.[Gly11Val;Ala82Cys],-0.0413856809116467
urn:mavedb:00000057-d-1#3022,,,p.[Gly11Val;Phe81Cys],-0.0856307355107236
urn:mavedb:00000057-d-1#3023,,,p.[Gly11Val;Val80Cys],0.006581892797007
urn:mavedb:00000057-d-1#3024,,,p.[Gly11Val;Cys79=],0.0
urn:mavedb:00000057-d-1#3025,,,p.[Gly11Val;Leu78Cys],-0.112518875023098
urn:mavedb:00000057-d-1#3026,,,p.[Gly11Val;Phe77Cys],-0.2228180494948077
urn:mavedb:00000057-d-1#3027,,,p.[Gly11Val;Gly76Cys],-0.0842958664108473
urn:mavedb:00000057-d-1#3028,,,p.[Gly11Val;Glu75Cys],-0.1126046720293226
urn:mavedb:00000057-d-1#3029,,,p.[Gly11Val;Gly74Cys],-0.0071165338458685
urn:mavedb:00000057-d-1#3030,,,p.[Gly11Val;Thr73Cys],-0.08560488484776
urn:mavedb:00000057-d-1#3031,,,p.[Gly11Val;Arg72Cys],-0.0982997127781368
urn:mavedb:00000057-d-1#3032,,,p.[Gly11Val;Met71Cys],-0.0500640944358456
urn:mavedb:00000057-d-1#3033,,,p.[Gly11Val;Tyr70Cys],0.0742483951114658
urn:mavedb:00000057-d-1#3034,,,p.[Gly11Val;Gln69Cys],-0.0087210632847483
urn:mavedb:00000057-d-1#3035,,,p.[Gly11Val;Asp68Cys],-0.1434407750758575
urn:mavedb:00000057-d-1#3036,,,p.[Gly11Val;Arg67Cys],-0.1740585854869079
urn:mavedb:00000057-d-1#3037,,,p.[Gly11Val;Met66Cys],-0.0482771878005473
urn:mavedb:00000057-d-1#3038,,,p.[Gly11Val;Ala65Cys],-0.0885881427820894
urn:mavedb:00000057-d-1#3039,,,p.[Gly11Val;Ser64Cys],-0.012503302217224
urn:mavedb:00000057-d-1#3040,,,p.[Gly11Val;Tyr63Cys],0.0167411305812984
urn:mavedb:00000057-d-1#3041,,,p.[Gly11Val;Glu62Cys],-0.0069660278680843
urn:mavedb:00000057-d-1#3042,,,p.[Gly11Val;Glu61Cys],0.0163509139505118
urn:mavedb:00000057-d-1#3043,,,p.[Gly11Val;Gln60Cys],-0.0432435067795015
urn:mavedb:00000057-d-1#3044,,,p.[Gly11Val;Gly59Cys],-0.2050681923369864
urn:mavedb:00000057-d-1#3045,,,p.[Gly11Val;Ala58Cys],-0.0922462896587559
urn:mavedb:00000057-d-1#3046,,,p.[Gly11Val;Thr57Cys],-0.1330995013340655
urn:mavedb:00000057-d-1#3047,,,p.[Gly11Val;Asp56Cys],-0.28359386655166
urn:mavedb:00000057-d-1#3048,,,p.[Gly11Val;Leu55Cys],0.0112342213453684
urn:mavedb:00000057-d-1#3049,,,p.[Gly11Val;Ile54Cys],-0.0726040399921555
urn:mavedb:00000057-d-1#3050,,,p.[Gly11Val;Asp53Cys],-0.1173509242711579
urn:mavedb:00000057-d-1#3051,,,p.[Gly11Val;Leu52Cys],-0.0273847094670518
urn:mavedb:00000057-d-1#3052,,,p.[Gly11Val;Leu51Cys],0.1356075090962379
urn:mavedb:00000057-d-1#3053,,,p.[Gly11Val;Cys50=],0.0
urn:mavedb:00000057-d-1#3054,,,p.[Gly11Val;Thr49Cys],0.0573065749391951
urn:mavedb:00000057-d-1#3055,,,p.[Gly11Val;Glu48Cys],-0.1949782636238779
urn:mavedb:00000057-d-1#3056,,,p.[Gly11Val;Gly47Cys],-0.0224316236342339
urn:mavedb:00000057-d-1#3057,,,p.[Gly11Val;Asp46Cys],-0.0234066265290607
urn:mavedb:00000057-d-1#3058,,,p.[Gly11Val;Ile45Cys],-0.0362873428097986
urn:mavedb:00000057-d-1#3059,,,p.[Gly11Val;Val44Cys],0.0831906301281842
urn:mavedb:00000057-d-1#3060,,,p.[Gly11Val;Val43Cys],0.0389276194459355
urn:mavedb:00000057-d-1#3061,,,p.[Gly11Val;Gln42Cys],-0.0350185812782638
urn:mavedb:00000057-d-1#3062,,,p.[Gly11Val;Lys41Cys],0.099761310612762
urn:mavedb:00000057-d-1#3063,,,p.[Gly11Val;Arg40Cys],0.0627775216633814
urn:mavedb:00000057-d-1#3064,,,p.[Gly11Val;Tyr39Cys],-0.2802687793104103
urn:mavedb:00000057-d-1#3065,,,p.[Gly11Val;Ser38Cys],0.0517596437736651
urn:mavedb:00000057-d-1#3066,,,p.[Gly11Val;Asp37Cys],-0.1937606980654248
urn:mavedb:00000057-d-1#3067,,,p.[Gly11Val;Glu36Cys],-0.1845898491587224
urn:mavedb:00000057-d-1#3068,,,p.[Gly11Val;Ile35Cys],-0.1377132580255333
urn:mavedb:00000057-d-1#3069,,,p.[Gly11Val;Thr34Cys],-0.1774777508257208
urn:mavedb:00000057-d-1#3070,,,p.[Gly11Val;Pro33Cys],-0.2300081345835229
urn:mavedb:00000057-d-1#3071,,,p.[Gly11Val;Asp32Cys],-0.0757158406417311
urn:mavedb:00000057-d-1#3072,,,p.[Gly11Val;Tyr31Cys],-0.0982708924885038
urn:mavedb:00000057-d-1#3073,,,p.[Gly11Val;Glu30Cys],-0.0690625788121245
urn:mavedb:00000057-d-1#3074,,,p.[Gly11Val;Asp29Cys],0.0142854698715181
urn:mavedb:00000057-d-1#3075,,,p.[Gly11Val;Val28Cys],0.0107390156651884
urn:mavedb:00000057-d-1#3076,,,p.[Gly11Val;Phe27Cys],-0.1335024398625766
urn:mavedb:00000057-d-1#3077,,,p.[Gly11Val;His26Cys],0.0558001559058839
urn:mavedb:00000057-d-1#3078,,,p.[Gly11Val;Asn25Cys],-0.0630148564863122
urn:mavedb:00000057-d-1#3079,,,p.[Gly11Val;Gln24Cys],0.0275258152454924
urn:mavedb:00000057-d-1#3080,,,p.[Gly11Val;Ile23Cys],0.1064033750970418
urn:mavedb:00000057-d-1#3081,,,p.[Gly11Val;Leu22Cys],0.2204793597482176
urn:mavedb:00000057-d-1#3082,,,p.[Gly11Val;Gln21Cys],-0.1167217362550193
urn:mavedb:00000057-d-1#3083,,,p.[Gly11Val;Ile20Cys],-0.0069235684038763
urn:mavedb:00000057-d-1#3084,,,p.[Gly11Val;Thr19Cys],-0.0178286118434845
urn:mavedb:00000057-d-1#3085,,,p.[Gly11Val;Leu18Cys],0.0994972844809272
urn:mavedb:00000057-d-1#3086,,,p.[Gly11Val;Ala17Cys],-0.0475210526151085
urn:mavedb:00000057-d-1#3087,,,p.[Gly11Val;Ser16Cys],-0.2406757882049303
urn:mavedb:00000057-d-1#3088,,,p.[Gly11Val;Lys15Cys],-0.2197396859111181
urn:mavedb:00000057-d-1#3089,,,p.[Gly11Val;Gly14Cys],-0.1912666077628497
urn:mavedb:00000057-d-1#3090,,,p.[Gly11Val;Val13Cys],0.0345730616651073
urn:mavedb:00000057-d-1#3091,,,p.[Gly11Val;Gly12Cys],0.0958354843580202
urn:mavedb:00000057-d-1#3092,,,p.Gly11Cys,0.0
urn:mavedb:00000057-d-1#3093,,,p.[Ala10Cys;Gly11Val],-0.0544080668718358
urn:mavedb:00000057-d-1#3094,,,p.[Gly9Cys;Gly11Val],-0.2585588092464219
urn:mavedb:00000057-d-1#3095,,,p.[Val8Cys;Gly11Val],0.1118798382978885
urn:mavedb:00000057-d-1#3096,,,p.[Val7Cys;Gly11Val],0.0175478570678566
urn:mavedb:00000057-d-1#3097,,,p.[Val6Cys;Gly11Val],-0.0106837769315409
urn:mavedb:00000057-d-1#3098,,,p.[Leu5Cys;Gly11Val],-0.0841468195065382
urn:mavedb:00000057-d-1#3099,,,p.[Lys4Cys;Gly11Val],-0.1830418912270555
urn:mavedb:00000057-d-1#3100,,,p.[Tyr3Cys;Gly11Val],-0.0081369010214571
urn:mavedb:00000057-d-1#3101,,,p.[Glu2Cys;Gly11Val],0.1022808208122472
urn:mavedb:00000057-d-1#3102,,,p.[Thr1Cys;Gly11Val],0.0423291708228836
urn:mavedb:00000057-d-1#3103,,,p.[Gly11Val;His165Ala],0.0391125630572221
urn:mavedb:00000057-d-1#3104,,,p.[Gly11Val;Gln164Ala],-0.0171205068645547
urn:mavedb:00000057-d-1#3105,,,p.[Gly11Val;Arg163Ala],-0.0429813562443661
urn:mavedb:00000057-d-1#3106,,,p.[Gly11Val;Ile162Ala],-0.115429558941138
urn:mavedb:00000057-d-1#3107,,,p.[Gly11Val;Glu161Ala],0.0487024636355377
urn:mavedb:00000057-d-1#3108,,,p.[Gly11Val;Arg160Ala],0.0221993546505807
urn:mavedb:00000057-d-1#3109,,,p.[Gly11Val;Val159Ala],-0.1444770428428257
urn:mavedb:00000057-d-1#3110,,,p.[Gly11Val;Leu158Ala],-0.1016025631530343
urn:mavedb:00000057-d-1#3111,,,p.[Gly11Val;Thr157Ala],0.0462573408785923
urn:mavedb:00000057-d-1#3112,,,p.[Gly11Val;Tyr156Ala],0.0962135264953702
urn:mavedb:00000057-d-1#3113,,,p.[Gly11Val;Phe155Ala],-0.1627140258333273
urn:mavedb:00000057-d-1#3114,,,p.[Gly11Val;Ala154=],0.0
urn:mavedb:00000057-d-1#3115,,,p.[Gly11Val;Asp153Ala],-0.0473210268517599
urn:mavedb:00000057-d-1#3116,,,p.[Gly11Val;Glu152Ala],-0.063336822861618
urn:mavedb:00000057-d-1#3117,,,p.[Gly11Val;Val151Ala],0.0116695169646284
urn:mavedb:00000057-d-1#3118,,,p.[Gly11Val;Gly150Ala],0.0228702572117916
urn:mavedb:00000057-d-1#3119,,,p.[Gly11Val;Gln149Ala],-0.02778799242565
urn:mavedb:00000057-d-1#3120,,,p.[Gly11Val;Arg148Ala],-0.0273049767500478
urn:mavedb:00000057-d-1#3121,,,p.[Gly11Val;Thr147Ala],-0.0435044964929648
urn:mavedb:00000057-d-1#3122,,,p.[Gly11Val;Lys146Ala],0.0455495490867026
urn:mavedb:00000057-d-1#3123,,,p.[Gly11Val;Ala145=],0.0
urn:mavedb:00000057-d-1#3124,,,p.[Gly11Val;Ser144Ala],-0.0356776524676557
urn:mavedb:00000057-d-1#3125,,,p.[Gly11Val;Thr143Ala],0.0560838430494484
urn:mavedb:00000057-d-1#3126,,,p.[Gly11Val;Glu142Ala],-0.084860935534576
urn:mavedb:00000057-d-1#3127,,,p.[Gly11Val;Ile141Ala],-0.101116695506302
urn:mavedb:00000057-d-1#3128,,,p.[Gly11Val;Tyr140Ala],-0.2077110328095647
urn:mavedb:00000057-d-1#3129,,,p.[Gly11Val;Pro139Ala],-0.1558055135821364
urn:mavedb:00000057-d-1#3130,,,p.[Gly11Val;Ile138Ala],-0.1422501100848983
urn:mavedb:00000057-d-1#3131,,,p.[Gly11Val;Gly137Ala],-0.1690836902239736
urn:mavedb:00000057-d-1#3132,,,p.[Gly11Val;Tyr136Ala],0.0179746577155161
urn:mavedb:00000057-d-1#3133,,,p.[Gly11Val;Ser135Ala],-0.0034245800945135
urn:mavedb:00000057-d-1#3134,,,p.[Gly11Val;Arg134Ala],0.0440700418510458
urn:mavedb:00000057-d-1#3135,,,p.[Gly11Val;Ala133=],0.0
urn:mavedb:00000057-d-1#3136,,,p.[Gly11Val;Leu132Ala],-0.0631347159204315
urn:mavedb:00000057-d-1#3137,,,p.[Gly11Val;Asp131Ala],-0.0297665958083712
urn:mavedb:00000057-d-1#3138,,,p.[Gly11Val;Gln130Ala],0.0501104456178774
urn:mavedb:00000057-d-1#3139,,,p.[Gly11Val;Ala129=],0.0
urn:mavedb:00000057-d-1#3140,,,p.[Gly11Val;Gln128Ala],-0.0348211529133007
urn:mavedb:00000057-d-1#3141,,,p.[Gly11Val;Arg127Ala],-0.0183544031134176
urn:mavedb:00000057-d-1#3142,,,p.[Gly11Val;Ser126Ala],-0.0156964138533056
urn:mavedb:00000057-d-1#3143,,,p.[Gly11Val;Glu125Ala],-0.019179627983747
urn:mavedb:00000057-d-1#3144,,,p.[Gly11Val;Val124Ala],-0.0416988385612915
urn:mavedb:00000057-d-1#3145,,,p.[Gly11Val;Thr123Ala],0.0309577493354423
urn:mavedb:00000057-d-1#3146,,,p.[Gly11Val;Arg122Ala],0.0449820303363615
urn:mavedb:00000057-d-1#3147,,,p.[Gly11Val;Ala121=],0.0
urn:mavedb:00000057-d-1#3148,,,p.[Gly11Val;Ala120=],0.0
urn:mavedb:00000057-d-1#3149,,,p.[Gly11Val;Leu119Ala],0.0998274568574009
urn:mavedb:00000057-d-1#3150,,,p.[Gly11Val;Asp118Ala],-0.195317790375165
urn:mavedb:00000057-d-1#3151,,,p.[Gly11Val;Cys117Ala],0.0814215047129106
urn:mavedb:00000057-d-1#3152,,,p.[Gly11Val;Lys116Ala],0.0311273046092532
urn:mavedb:00000057-d-1#3153,,,p.[Gly11Val;Asn115Ala],0.075264333953455
urn:mavedb:00000057-d-1#3154,,,p.[Gly11Val;Gly114Ala],-0.0750987119854029
urn:mavedb:00000057-d-1#3155,,,p.[Gly11Val;Val113Ala],-0.1866395519913742
urn:mavedb:00000057-d-1#3156,,,p.[Gly11Val;Leu112Ala],-0.1787006270091278
urn:mavedb:00000057-d-1#3157,,,p.[Gly11Val;Val111Ala],-0.1658584842036609
urn:mavedb:00000057-d-1#3158,,,p.[Gly11Val;Met110Ala],-0.1660325409957505
urn:mavedb:00000057-d-1#3159,,,p.[Gly11Val;Pro109Ala],-0.0892624168994325
urn:mavedb:00000057-d-1#3160,,,p.[Gly11Val;Val108Ala],-0.1130446246739377
urn:mavedb:00000057-d-1#3161,,,p.[Gly11Val;Asp107Ala],-0.0012030793126712
urn:mavedb:00000057-d-1#3162,,,p.[Gly11Val;Asp106Ala],0.0260006415537664
urn:mavedb:00000057-d-1#3163,,,p.[Gly11Val;Ser105Ala],-0.1612762558938267
urn:mavedb:00000057-d-1#3164,,,p.[Gly11Val;Asp104Ala],0.0425169983152402
urn:mavedb:00000057-d-1#3165,,,p.[Gly11Val;Lys103Ala],-0.1304197474568414
urn:mavedb:00000057-d-1#3166,,,p.[Gly11Val;Val102Ala],-0.005882160177738
urn:mavedb:00000057-d-1#3167,,,p.[Gly11Val;Arg101Ala],-0.1108680522288003
urn:mavedb:00000057-d-1#3168,,,p.[Gly11Val;Lys100Ala],-0.063001089233056
urn:mavedb:00000057-d-1#3169,,,p.[Gly11Val;Ile99Ala],-0.1848662385676178
urn:mavedb:00000057-d-1#3170,,,p.[Gly11Val;Gln98Ala],-0.1150657267950466
urn:mavedb:00000057-d-1#3171,,,p.[Gly11Val;Glu97Ala],-0.087641046781444
urn:mavedb:00000057-d-1#3172,,,p.[Gly11Val;Arg96Ala],0.0448244344199292
urn:mavedb:00000057-d-1#3173,,,p.[Gly11Val;Tyr95Ala],-0.0850871147802765
urn:mavedb:00000057-d-1#3174,,,p.[Gly11Val;Gln94Ala],-0.010194589994099
urn:mavedb:00000057-d-1#3175,,,p.[Gly11Val;His93Ala],0.0257544807402471
urn:mavedb:00000057-d-1#3176,,,p.[Gly11Val;Ile92Ala],-0.1006420193521636
urn:mavedb:00000057-d-1#3177,,,p.[Gly11Val;Asp91Ala],0.0732818315735637
urn:mavedb:00000057-d-1#3178,,,p.[Gly11Val;Glu90Ala],-0.1125446813574309
urn:mavedb:00000057-d-1#3179,,,p.[Gly11Val;Phe89Ala],-0.1150361540213528
urn:mavedb:00000057-d-1#3180,,,p.[Gly11Val;Ser88Ala],-0.0219995873438473
urn:mavedb:00000057-d-1#3181,,,p.[Gly11Val;Lys87Ala],-0.0084920497057486
urn:mavedb:00000057-d-1#3182,,,p.[Gly11Val;Thr86Ala],0.0553471132117748
urn:mavedb:00000057-d-1#3183,,,p.[Gly11Val;Asn85Ala],-0.1660064656301013
urn:mavedb:00000057-d-1#3184,,,p.[Gly11Val;Asn84Ala],-0.0507098824024274
urn:mavedb:00000057-d-1#3185,,,p.[Gly11Val;Ile83Ala],0.0203014005936883
urn:mavedb:00000057-d-1#3186,,,p.[Gly11Val;Ala82=],0.0
urn:mavedb:00000057-d-1#3187,,,p.[Gly11Val;Phe81Ala],-0.04447534323879
urn:mavedb:00000057-d-1#3188,,,p.[Gly11Val;Val80Ala],-0.1480679280465627
urn:mavedb:00000057-d-1#3189,,,p.[Gly11Val;Cys79Ala],-0.0774661762925869
urn:mavedb:00000057-d-1#3190,,,p.[Gly11Val;Leu78Ala],-0.0728000108753924
urn:mavedb:00000057-d-1#3191,,,p.[Gly11Val;Phe77Ala],-0.2600173796773244
urn:mavedb:00000057-d-1#3192,,,p.[Gly11Val;Gly76Ala],0.0001482823414426
urn:mavedb:00000057-d-1#3193,,,p.[Gly11Val;Glu75Ala],-0.0515719314643451
urn:mavedb:00000057-d-1#3194,,,p.[Gly11Val;Gly74Ala],0.1224056303711423
urn:mavedb:00000057-d-1#3195,,,p.[Gly11Val;Thr73Ala],0.0385370454940596
urn:mavedb:00000057-d-1#3196,,,p.[Gly11Val;Arg72Ala],-0.0624978170163691
urn:mavedb:00000057-d-1#3197,,,p.[Gly11Val;Met71Ala],-0.0625095554491831
urn:mavedb:00000057-d-1#3198,,,p.[Gly11Val;Tyr70Ala],-0.0200849260688114
urn:mavedb:00000057-d-1#3199,,,p.[Gly11Val;Gln69Ala],-0.0133535638652391
urn:mavedb:00000057-d-1#3200,,,p.[Gly11Val;Asp68Ala],-0.1910000697804881
urn:mavedb:00000057-d-1#3201,,,p.[Gly11Val;Arg67Ala],0.0035933857898501
urn:mavedb:00000057-d-1#3202,,,p.[Gly11Val;Met66Ala],0.0143503417342782
urn:mavedb:00000057-d-1#3203,,,p.[Gly11Val;Ala65=],0.0
urn:mavedb:00000057-d-1#3204,,,p.[Gly11Val;Ser64Ala],0.0135143620393832
urn:mavedb:00000057-d-1#3205,,,p.[Gly11Val;Tyr63Ala],0.0126053398301793
urn:mavedb:00000057-d-1#3206,,,p.[Gly11Val;Glu62Ala],-0.0124859257736954
urn:mavedb:00000057-d-1#3207,,,p.[Gly11Val;Glu61Ala],-0.0451615391646818
urn:mavedb:00000057-d-1#3208,,,p.[Gly11Val;Gln60Ala],0.1048527949112355
urn:mavedb:00000057-d-1#3209,,,p.[Gly11Val;Gly59Ala],-0.2452548881093052
urn:mavedb:00000057-d-1#3210,,,p.[Gly11Val;Ala58=],0.0
urn:mavedb:00000057-d-1#3211,,,p.[Gly11Val;Thr57Ala],-0.1902931177704012
urn:mavedb:00000057-d-1#3212,,,p.[Gly11Val;Asp56Ala],-0.1888267979685173
urn:mavedb:00000057-d-1#3213,,,p.[Gly11Val;Leu55Ala],0.0307834879772336
urn:mavedb:00000057-d-1#3214,,,p.[Gly11Val;Ile54Ala],-0.1283170284629784
urn:mavedb:00000057-d-1#3215,,,p.[Gly11Val;Asp53Ala],-0.1599304339926731
urn:mavedb:00000057-d-1#3216,,,p.[Gly11Val;Leu52Ala],-0.0684448560133167
urn:mavedb:00000057-d-1#3217,,,p.[Gly11Val;Leu51Ala],0.0435893383501793
urn:mavedb:00000057-d-1#3218,,,p.[Gly11Val;Cys50Ala],0.1004572596803627
urn:mavedb:00000057-d-1#3219,,,p.[Gly11Val;Thr49Ala],0.0457176411872116
urn:mavedb:00000057-d-1#3220,,,p.[Gly11Val;Glu48Ala],0.0373983142530224
urn:mavedb:00000057-d-1#3221,,,p.[Gly11Val;Gly47Ala],0.090172726033798
urn:mavedb:00000057-d-1#3222,,,p.[Gly11Val;Asp46Ala],0.0362402373993055
urn:mavedb:00000057-d-1#3223,,,p.[Gly11Val;Ile45Ala],0.0554296487544742
urn:mavedb:00000057-d-1#3224,,,p.[Gly11Val;Val44Ala],0.038410961663977
urn:mavedb:00000057-d-1#3225,,,p.[Gly11Val;Val43Ala],0.0331660852524788
urn:mavedb:00000057-d-1#3226,,,p.[Gly11Val;Glu97Asp],-0.0812952544961073
urn:mavedb:00000057-d-1#3227,,,p.[Gly11Val;Arg96Asp],-0.1251787627593347
urn:mavedb:00000057-d-1#3228,,,p.[Gly11Val;Tyr95Asp],-0.1569457952883772
urn:mavedb:00000057-d-1#3229,,,p.[Gly11Val;Gln94Asp],-0.0907945443534513
urn:mavedb:00000057-d-1#3230,,,p.[Gly11Val;His93Asp],-0.09831795483241
urn:mavedb:00000057-d-1#3231,,,p.[Gly11Val;Ile92Asp],-0.1926965385535737
urn:mavedb:00000057-d-1#3232,,,p.[Gly11Val;Asp91=],0.0
urn:mavedb:00000057-d-1#3233,,,p.[Gly11Val;Glu90Asp],-0.0534229567135516
urn:mavedb:00000057-d-1#3234,,,p.[Gly11Val;Phe89Asp],-0.1742833992208998
urn:mavedb:00000057-d-1#3235,,,p.[Gly11Val;Ser88Asp],-0.2198714761718254
urn:mavedb:00000057-d-1#3236,,,p.[Gly11Val;Lys87Asp],0.0043504290462251
urn:mavedb:00000057-d-1#3237,,,p.[Gly11Val;Thr86Asp],0.041265871891675
urn:mavedb:00000057-d-1#3238,,,p.[Gly11Val;Asn85Asp],0.1350101316912501
urn:mavedb:00000057-d-1#3239,,,p.[Gly11Val;Asn84Asp],0.1146315763081761
urn:mavedb:00000057-d-1#3240,,,p.[Gly11Val;Ile83Asp],-0.0760630810072951
urn:mavedb:00000057-d-1#3241,,,p.[Gly11Val;Ala82Asp],0.2479288947774409
urn:mavedb:00000057-d-1#3242,,,p.[Gly11Val;Phe81Asp],-0.1804246675543606
urn:mavedb:00000057-d-1#3243,,,p.[Gly11Val;Val80Asp],-0.2820004448903056
urn:mavedb:00000057-d-1#3244,,,p.[Gly11Val;Cys79Asp],-0.183763659005402
urn:mavedb:00000057-d-1#3245,,,p.[Gly11Val;Leu78Asp],-0.1329621797744646
urn:mavedb:00000057-d-1#3246,,,p.[Gly11Val;Phe77Asp],-0.2450894049806485
urn:mavedb:00000057-d-1#3247,,,p.[Gly11Val;Gly76Asp],-0.2390670095159655
urn:mavedb:00000057-d-1#3248,,,p.[Gly11Val;Glu75Asp],0.1162453568100886
urn:mavedb:00000057-d-1#3249,,,p.[Gly11Val;Gly74Asp],-0.0939705685631986
urn:mavedb:00000057-d-1#3250,,,p.[Gly11Val;Thr73Asp],0.1304108473426558
urn:mavedb:00000057-d-1#3251,,,p.[Gly11Val;Arg72Asp],-0.1256673754192263
urn:mavedb:00000057-d-1#3252,,,p.[Gly11Val;Met71Asp],0.0126317810787971
urn:mavedb:00000057-d-1#3253,,,p.[Gly11Val;Tyr70Asp],0.079367939723871
urn:mavedb:00000057-d-1#3254,,,p.[Gly11Val;Gln69Asp],0.031384011973801
urn:mavedb:00000057-d-1#3255,,,p.[Gly11Val;Asp68=],0.0
urn:mavedb:00000057-d-1#3256,,,p.[Gly11Val;Arg67Asp],-0.0449528529904984
urn:mavedb:00000057-d-1#3257,,,p.[Gly11Val;Met66Asp],0.0290038179005902
urn:mavedb:00000057-d-1#3258,,,p.[Gly11Val;Ala65Asp],-0.1089029325684448
urn:mavedb:00000057-d-1#3259,,,p.[Gly11Val;Gln42Ala],0.0359457576637748
urn:mavedb:00000057-d-1#3260,,,p.[Gly11Val;Lys41Ala],0.0656243818112794
urn:mavedb:00000057-d-1#3261,,,p.[Gly11Val;Arg40Ala],0.0314234170848642
urn:mavedb:00000057-d-1#3262,,,p.[Gly11Val;Tyr39Ala],-0.2413605067941399
urn:mavedb:00000057-d-1#3263,,,p.[Gly11Val;Ser38Ala],-0.0012291042905723
urn:mavedb:00000057-d-1#3264,,,p.[Gly11Val;Asp37Ala],-0.1354776541628199
urn:mavedb:00000057-d-1#3265,,,p.[Gly11Val;Glu36Ala],-0.2082453706874447
urn:mavedb:00000057-d-1#3266,,,p.[Gly11Val;Ile35Ala],-0.0671822045104865
urn:mavedb:00000057-d-1#3267,,,p.[Gly11Val;Thr34Ala],-0.2245668157732324
urn:mavedb:00000057-d-1#3268,,,p.[Gly11Val;Pro33Ala],0.0139392147082649
urn:mavedb:00000057-d-1#3269,,,p.[Gly11Val;Asp32Ala],-0.0456839410258904
urn:mavedb:00000057-d-1#3270,,,p.[Gly11Val;Tyr31Ala],-0.1557861986358017
urn:mavedb:00000057-d-1#3271,,,p.[Gly11Val;Glu30Ala],0.0097332275136596
urn:mavedb:00000057-d-1#3272,,,p.[Gly11Val;Asp29Ala],0.0344557537366529
urn:mavedb:00000057-d-1#3273,,,p.[Gly11Val;Val28Ala],-0.0063385268959495
urn:mavedb:00000057-d-1#3274,,,p.[Gly11Val;Phe27Ala],-0.1013650211075693
urn:mavedb:00000057-d-1#3275,,,p.[Gly11Val;His26Ala],0.1300624767318179
urn:mavedb:00000057-d-1#3276,,,p.[Gly11Val;Asn25Ala],0.0031101320970672
urn:mavedb:00000057-d-1#3277,,,p.[Gly11Val;Gln24Ala],0.0055816190852029
urn:mavedb:00000057-d-1#3278,,,p.[Gly11Val;Ile23Ala],0.076506735107415
urn:mavedb:00000057-d-1#3279,,,p.[Gly11Val;Leu22Ala],0.1511495742179593
urn:mavedb:00000057-d-1#3280,,,p.[Gly11Val;Gln21Ala],-0.0805829851950713
urn:mavedb:00000057-d-1#3281,,,p.[Gly11Val;Ile20Ala],-0.0893937890395723
urn:mavedb:00000057-d-1#3282,,,p.[Gly11Val;Thr19Ala],0.0661520235889126
urn:mavedb:00000057-d-1#3283,,,p.[Gly11Val;Leu18Ala],0.1676930808642626
urn:mavedb:00000057-d-1#3284,,,p.[Gly11Val;Ala17=],0.0
urn:mavedb:00000057-d-1#3285,,,p.[Gly11Val;Ser16Ala],-0.2569394482268099
urn:mavedb:00000057-d-1#3286,,,p.[Gly11Val;Lys15Ala],-0.2672129991695736
urn:mavedb:00000057-d-1#3287,,,p.[Gly11Val;Gly14Ala],-0.1863908454000965
urn:mavedb:00000057-d-1#3288,,,p.[Gly11Val;Val13Ala],0.0520550227704517
urn:mavedb:00000057-d-1#3289,,,p.[Gly11Val;Gly12Ala],-0.0610389236262872
urn:mavedb:00000057-d-1#3290,,,p.Gly11Ala,0.0
urn:mavedb:00000057-d-1#3291,,,p.[Ala10=;Gly11Val],0.0
urn:mavedb:00000057-d-1#3292,,,p.[Gly9Ala;Gly11Val],-0.1868804550793603
urn:mavedb:00000057-d-1#3293,,,p.[Val8Ala;Gly11Val],-0.0142757748886638
urn:mavedb:00000057-d-1#3294,,,p.[Val7Ala;Gly11Val],0.0054975461397725
urn:mavedb:00000057-d-1#3295,,,p.[Val6Ala;Gly11Val],-0.0998674063802432
urn:mavedb:00000057-d-1#3296,,,p.[Leu5Ala;Gly11Val],-0.1053057509404405
urn:mavedb:00000057-d-1#3297,,,p.[Lys4Ala;Gly11Val],-0.0698967546190788
urn:mavedb:00000057-d-1#3298,,,p.[Tyr3Ala;Gly11Val],0.079954720245184
urn:mavedb:00000057-d-1#3299,,,p.[Glu2Ala;Gly11Val],-0.0534760183360572
urn:mavedb:00000057-d-1#3300,,,p.[Thr1Ala;Gly11Val],0.0600216028559212
